high heat capacity per volume (J/cm3K) and scan speed (mm/s),shap,lowess high heat capacity per volume (J/cm3K) and scan speed (mm/s),lowess shap,low heat capacity per volume (J/cm3K) and scan speed (mm/s),shap,lowess low heat capacity per volume (J/cm3K) and scan speed (mm/s),lowess shap
870.0,0.043755289167165756,50.0,-0.1727984838457146,2500.0,-0.06743323244154453,6.666666667,-0.12938374542845898
1000.0,0.041582293808460236,50.0,-0.1727984838457146,1000.0,0.030740952119231224,11.66666667,-0.12833936982896496
500.0,0.03305756486952305,80.0,-0.16205226849098708,625.0,-0.028162719681859016,50.0,-0.12031501083789051
800.0,0.04247507406398654,80.0,-0.16205226849098708,166.67,-0.08511066250503063,80.0,-0.11401370000322189
169.08,-0.11483347415924072,100.0,-0.1549012255061891,840.0,0.012538472190499306,80.0,-0.11401370000322189
700.0,0.020016144961118698,100.0,-0.1549012255061891,600.0,0.03158504143357277,80.0,-0.11401370000322189
1200.0,-0.001413883175700903,100.0,-0.1549012255061891,600.0,0.00812871940433979,80.0,-0.11401370000322189
1200.0,0.015010438859462738,100.0,-0.1549012255061891,1000.0,0.05461212620139122,89.6,-0.11199340663397436
400.0,-0.03814525343477726,100.0,-0.1549012255061891,600.0,-0.005695423111319542,100.0,-0.10980272421059598
550.0,0.03350433427840471,100.0,-0.1549012255061891,349.0,-0.06500366143882275,100.0,-0.10980272421059598
100.0,-0.0914549920707941,100.0,-0.1549012255061891,110.53303,-0.08273213915526867,100.0,-0.10980272421059598
1180.0,0.02318452298641205,100.0,-0.1549012255061891,500.0,-0.044246336445212364,100.0,-0.10980272421059598
950.0,0.04603052884340286,100.0,-0.1549012255061891,625.0,-0.00018655695021152496,100.0,-0.10980272421059598
1200.0,0.017398174852132797,100.0,-0.1549012255061891,300.0,-0.09417527727782726,100.0,-0.10980272421059598
1250.0,0.037041252478957176,100.0,-0.1549012255061891,300.0,-0.09506491757929325,100.0,-0.10980272421059598
1770.0,-0.028174880892038345,100.0,-0.1549012255061891,100.0,-0.13062288518995047,100.0,-0.10980272421059598
945.95,0.07097676396369934,100.0,-0.1549012255061891,2000.0,-0.02519806008785963,100.0,-0.10980272421059598
600.0,0.045705463737249374,100.0,-0.1549012255061891,402.7796176,-0.04636239446699619,100.0,-0.10980272421059598
200.0,-0.12518076226115227,100.0,-0.1549012255061891,1100.0,0.03956909663975239,100.0,-0.10980272421059598
1100.0,0.04852079786360264,120.0,-0.14776330707411098,400.0,-0.06554236263036728,100.0,-0.10980272421059598
1200.0,0.010310663841664791,138.9463453,-0.14101675116726983,666.6666667,0.008975602686405182,100.0,-0.10980272421059598
3209.48,-0.1286983098834753,144.0,-0.13922018194846777,800.0,0.027365930378437042,100.0,-0.10980272421059598
800.0,0.05094934441149235,150.0,-0.13708899630323887,600.0,0.013700328767299652,100.207825,-0.1097589265110581
2880.0,-0.1110388208180666,150.0,-0.13708899630323887,294.12,-0.10561218857765198,110.53303,-0.10758197902271521
200.0,-0.12491656094789505,150.0,-0.13708899630323887,1060.0,0.047081660479307175,111.070366,-0.1074686373529098
1100.0,0.03753293491899967,150.0,-0.13708899630323887,700.0,-0.0165728610008955,116.28,-0.10636951069604157
750.0,0.04934483580291271,160.0,-0.13354171171810997,1400.0,0.027530481107532978,119.05,-0.10578492253732216
300.0,-0.09247244521975517,165.09,-0.13173856403807174,1500.0,-0.011694155633449554,120.0,-0.10558440520590272
246.48,-0.16056931018829346,169.08,-0.13032630984680957,1000.0,0.05805674567818642,121.95,-0.10517277528733633
400.0,-0.049426449462771416,173.27,-0.12884446545984785,1000.0,0.040963321924209595,125.0,-0.10452883487371294
2050.0,-0.07120003644376993,173.4650127,-0.12877552758011454,1313.407036,0.031166069209575653,125.0,-0.10452883487371294
875.0,0.057715486735105515,175.0,-0.12823299978177535,600.0,0.0027212612330913544,125.295685,-0.10446640062530727
400.0,-0.08071782439947128,175.0,-0.12823299978177535,600.0,-0.010001441463828087,125.75054,-0.10437035512108872
1100.0,0.03679664619266987,182.29,-0.12565883592061922,900.0,0.034571900963783264,125.77855,-0.10436444054148836
1500.0,-0.013985535129904747,192.31,-0.12212760330750665,652.0,0.0020136758685112,128.21,-0.10385097701252341
950.0,0.06624412629753351,196.0,-0.1208293259495166,800.0,0.05285375937819481,131.58,-0.10313919017850848
1200.0,0.010977750644087791,197.74,-0.12021754909560713,312.5,-0.08874212205410004,138.89,-0.10159477793573381
900.0,0.04900003969669342,200.0,-0.11942335192189285,1050.0,0.04088457906618714,142.73251,-0.10078274084666422
800.0,0.06205003149807453,200.0,-0.11942335192189285,2600.0,-0.06254059262573719,143.37152,-0.10064768628753246
1800.0,-0.03136300574988127,200.0,-0.11942335192189285,100.0,-0.06729822605848312,145.0,-0.10030349240086771
160.0,-0.1427541896700859,200.0,-0.11942335192189285,3600.0,-0.12140570022165775,147.06,-0.09986806343752418
750.0,0.05682215094566345,200.0,-0.11942335192189285,200.0,-0.11416186951100826,147.06,-0.09986806343752418
100.0,-0.11439577490091324,200.0,-0.11942335192189285,384.62,-0.06260575726628304,150.0,-0.09924657423216779
1200.0,0.03313755244016647,200.0,-0.11942335192189285,833.33,0.061503391712903976,150.0,-0.09924657423216779
400.0,-0.036117810755968094,200.0,-0.11942335192189285,263.16,-0.10058797895908356,151.52,-0.09892523865747861
380.43,-0.06231110356748104,200.0,-0.11942335192189285,500.0,-0.002960421144962311,151.52,-0.09892523865747861
800.0,0.0636021476238966,200.0,-0.11942335192189285,700.0,0.00307617150247097,156.25,-0.09792521542721035
2800.0,-0.11027851514518261,200.0,-0.11942335192189285,1200.0,0.015706369653344154,160.0,-0.09713232087431849
1200.0,0.026744366623461246,200.0,-0.11942335192189285,400.0,-0.0584814865142107,160.0,-0.09713232087431849
300.0,-0.10284090600907803,200.0,-0.11942335192189285,80.0,-0.08489444106817245,160.4,-0.09704774300877095
750.0,0.04837144585326314,200.0,-0.11942335192189285,650.0,0.013725478202104568,161.29,-0.09685955592719037
1700.0,-0.028134820982813835,200.0,-0.11942335192189285,925.0,0.052753555588424206,161.29,-0.09685955592719037
600.0,0.04327293112874031,200.0,-0.11942335192189285,166.5546,-0.08410122618079185,166.5546,-0.09574635268774183
900.0,0.061601726338267326,200.0,-0.11942335192189285,833.3333333,0.04205265827476978,166.6666667,-0.09572265591391572
1341.463415,0.02565104141831398,200.0,-0.11942335192189285,1400.0,0.03551390301436186,166.67,-0.0957219510796098
700.0,0.03317013755440712,200.0,-0.11942335192189285,1063.457871,0.057479195296764374,166.67,-0.0957219510796098
1000.0,0.0567985437810421,200.0,-0.11942335192189285,167.22815,-0.0951094338670373,166.80914,-0.09569252959280022
800.0,0.05703804921358824,200.0,-0.11942335192189285,151.52,-0.08073361217975616,166.9702,-0.09565847307289858
700.0,0.043447162955999374,200.0,-0.11942335192189285,2000.0,-0.03374483808875084,167.22815,-0.0956039289441558
500.0,0.029921631794422865,200.0,-0.11942335192189285,1800.0,0.010660460218787193,172.41,-0.0945082288327204
197.74,-0.12390062771737576,200.0,-0.11942335192189285,2400.0,-0.05980037897825241,178.57,-0.09320579161099916
300.0,-0.10720785148441792,200.0,-0.11942335192189285,11.66666667,-0.04857426695525646,185.19,-0.0918063159191682
1000.0,0.034300459548830986,200.0,-0.11942335192189285,581.0,-0.0020343661308288574,185.19,-0.0918063159191682
1000.0,0.035333435982465744,200.0,-0.11942335192189285,142.73251,-0.07753993850201368,192.31,-0.09030154011482494
600.0,0.04600462317466736,200.0,-0.11942335192189285,1060.0,0.03765624389052391,192.31,-0.09030154011482494
1601.731602,-0.025440586730837822,200.0,-0.11942335192189285,200.0,-0.13342230021953583,192.31,-0.09030154011482494
700.0,0.045574162155389786,200.0,-0.11942335192189285,1200.0,0.03229640610516071,200.0,-0.08867695037376791
192.31,-0.1186690479516983,200.0,-0.11942335192189285,2000.0,-0.024064267054200172,200.0,-0.08867695037376791
800.0,0.06734743365086615,200.0,-0.11942335192189285,750.0,0.015016376972198486,200.0,-0.08867695037376791
1040.0,0.033826809376478195,200.0,-0.11942335192189285,500.0,0.005610538646578789,200.0,-0.08867695037376791
500.0,0.02976890653371811,200.0,-0.11942335192189285,1400.0,0.0352731104940176,200.0,-0.08867695037376791
1200.0,0.015158893540501595,203.49,-0.11819784190240365,400.0,-0.034321798011660576,200.0,-0.08867695037376791
1785.714286,-0.028864063788205385,209.58,-0.11606211587814749,500.0,0.003981133922934532,200.0,-0.08867695037376791
400.0,-0.03158502094447613,209.58,-0.11606211587814749,600.0,0.015203315764665604,200.0,-0.08867695037376791
200.0,-0.12832028046250343,216.05,-0.11379712654532088,800.0,0.040749852545559406,200.0,-0.08867695037376791
700.0,0.05245467275381088,216.05,-0.11379712654532088,918.5922967,0.055503091774880886,200.0,-0.08867695037376791
200.0,-0.12189786694943905,222.2,-0.11164813513901857,581.0,0.016376227140426636,200.0,-0.08867695037376791
265.15,-0.15004060789942741,222.93,-0.11139331567894978,800.0,0.03723346069455147,200.0,-0.08867695037376791
100.0,-0.10940276505425572,222.93,-0.11139331567894978,800.0,0.05363048054277897,200.0,-0.08867695037376791
500.0,0.017500209622085094,230.26,-0.10883783942515482,1000.0,0.05760468170046806,200.0,-0.08867695037376791
950.0,0.02559561748057604,238.1,-0.1061111672059449,2000.0,-0.008693715557456017,200.0,-0.08867695037376791
750.0,0.04370126128196716,238.1,-0.1061111672059449,1357.0,0.033777108415961266,200.0,-0.08867695037376791
312.5,-0.09555817022919655,238.1,-0.1061111672059449,700.0,0.006952764466404915,200.0,-0.08867695037376791
649.3506494,0.02745763398706913,246.48,-0.10320454537188331,700.0,0.007758610881865025,200.06618,-0.08866297272164263
1000.0,0.045524148270487785,246.48,-0.10320454537188331,200.0,-0.10093766078352928,200.5210025,-0.0885669129967661
700.0,0.021434069611132145,250.0,-0.1019861230667406,720.0,0.014811592176556587,208.33,-0.08691815027513576
250.0,-0.16147270426154137,250.0,-0.1019861230667406,1430.0,0.020582099445164204,208.33,-0.08691815027513576
800.0,0.05960590951144695,250.0,-0.1019861230667406,800.0,0.05154724302701652,217.39,-0.0850066430269202
600.0,0.05942228250205517,250.0,-0.1019861230667406,1800.0,-0.022048180922865868,217.39,-0.0850066430269202
209.58,-0.14149339869618416,250.0,-0.1019861230667406,1400.0,0.021045738831162453,217.39,-0.0850066430269202
1000.0,0.04440684337168932,250.0,-0.1019861230667406,2000.0,-0.03610146604478359,222.33015,-0.08396507303116905
1200.0,0.01247510313987732,250.0,-0.1019861230667406,400.0,-0.02077421359717846,227.27,-0.0829241273012788
1000.0,0.04775088280439377,250.0,-0.1019861230667406,128.21,-0.08285944536328316,238.1,-0.08064414933949762
1368.0,0.022026920225471258,250.0,-0.1019861230667406,333.3333333,-0.09301877021789551,240.0,-0.0802444840265248
500.0,0.019696688279509544,255.47,-0.10009572939052555,1250.0,0.02085507195442915,240.0,-0.0802444840265248
750.0,0.05362158268690109,255.47,-0.10009572939052555,300.0,-0.0664366353303194,240.0,-0.0802444840265248
277.0,-0.12319970689713955,260.0,-0.09853301052114921,160.0,-0.10554186254739761,250.0,-0.07814276036621208
1000.0,0.0656123161315918,265.15,-0.09675956596979829,357.14,-0.08308890648186207,250.0,-0.07814276036621208
800.0,0.05655636731535196,275.0,-0.09337719855803832,80.0,-0.0744892805814743,250.0,-0.07814276036621208
680.0,0.020659776404500008,275.59,-0.09317500516128832,1600.0,-0.013915764167904854,250.08052,-0.07812584993840002
238.1,-0.1424029842019081,275.59,-0.09317500516128832,320.0,-0.06813255324959755,250.45206,-0.07804782358525393
890.52,0.06208772212266922,277.0,-0.09269198503414727,1800.0,-0.0010498734191060066,250.4799,-0.07804197714379064
1200.0,0.011471827048808336,277.0,-0.09269198503414727,800.0,0.040533676743507385,263.16,-0.07538184451715711
200.0,-0.10329782590270042,277.0,-0.09269198503414727,800.0,0.053438061848282814,263.16,-0.07538184451715711
750.0,0.03500727005302906,277.0,-0.09269198503414727,1520.0,-0.019151857122778893,277.78,-0.072321966734635
500.0,0.032695282250642776,277.0,-0.09269198503414727,208.33,-0.098613191395998,277.78,-0.072321966734635
1200.0,0.022415760904550552,277.0,-0.09269198503414727,1200.0,0.04535791277885437,277.78,-0.072321966734635
875.0,0.044782018288969994,277.0,-0.09269198503414727,747.4233864,0.007521710358560085,286.42026,-0.07051757988991307
1400.0,0.02527385763823986,277.3352218,-0.09257718800431798,800.0,0.056578781455755234,294.12,-0.06891225777601878
1300.0,0.012478308752179146,277.78,-0.09242489648181425,1600.0,0.017848314717411995,294.12,-0.06891225777601878
380.43,-0.07829205691814423,286.89,-0.08931150791476893,900.0,0.03454843536019325,299.4454677,-0.06780347147923926
1750.0,-0.024608776904642582,299.15,-0.08513951214702084,600.0,-0.001215912401676178,300.0,-0.06768808864341946
2300.0,-0.07840617559850216,299.15,-0.08513951214702084,500.0,-0.02937421901151538,300.0,-0.06768808864341946
1180.0,0.032534848898649216,299.15,-0.08513951214702084,250.0,-0.11105157807469368,300.0,-0.06768808864341946
1000.0,0.04284932650625706,300.0,-0.08485103596097476,800.0,0.030604996718466282,300.0,-0.06768808864341946
400.0,-0.020769301801919937,300.0,-0.08485103596097476,1666.67,0.0192212276160717,300.0,-0.06768808864341946
800.0,0.05536239221692085,300.0,-0.08485103596097476,300.0,-0.0949795376509428,300.0,-0.06768808864341946
400.0,-0.026386489160358906,300.0,-0.08485103596097476,1025.0,0.04627684969455004,300.0,-0.06768808864341946
1400.0,0.012169910594820976,300.0,-0.08485103596097476,400.0,-0.05936289206147194,300.0,-0.06768808864341946
750.0,0.05015522614121437,300.0,-0.08485103596097476,1200.0,0.03550505079329014,300.0,-0.06768808864341946
440.0,0.026232870295643806,300.0,-0.08485103596097476,400.0,-0.003164133056998253,300.0,-0.06768808864341946
850.0,0.05978695675730705,300.0,-0.08485103596097476,333.14865,-0.08628231100738049,300.0,-0.06768808864341946
450.0,0.03846305259503424,300.0,-0.08485103596097476,400.0,-0.054972268640995026,300.0,-0.06768808864341946
600.0,0.04946466535329819,300.0,-0.08485103596097476,800.0,0.03662147466093302,300.0,-0.06768808864341946
400.0,-0.045622318983078,300.0,-0.08485103596097476,1400.0,0.05103645101189613,300.0,-0.06768808864341946
800.0,0.055244989693164825,300.0,-0.08485103596097476,100.0,-0.09738650918006897,300.0,-0.06768808864341946
700.0,0.020451424876227975,300.0,-0.08485103596097476,900.0,0.03455561399459839,300.6517978,-0.06755248540289172
2050.0,-0.057098571211099625,300.0,-0.08485103596097476,600.0,-0.0060554612427949905,312.5,-0.0650909263965822
1680.0,-0.017047977074980736,300.0,-0.08485103596097476,1010.451488,0.06341326329857111,312.5,-0.0650909263965822
560.0,0.028658661991357803,300.0,-0.08485103596097476,166.67,-0.08612114749848843,312.5,-0.0650909263965822
1080.0,0.03546140156686306,300.0,-0.08485103596097476,2000.0,-0.01453159935772419,312.5,-0.0650909263965822
200.0,-0.11521726846694946,300.0,-0.08485103596097476,600.0,0.01862199790775776,320.0,-0.06353611954081906
500.0,0.023506054654717445,300.0,-0.08485103596097476,1000.0,0.01732653984799981,320.0,-0.06353611954081906
800.0,0.07342764548957348,300.0,-0.08485103596097476,2000.0,-0.03303561918437481,325.0,-0.06250105470302741
330.0,-0.12780933640897274,300.0,-0.08485103596097476,200.0,-0.12079226598143578,333.14865,-0.060816717832251864
1500.0,-0.02459529193583876,300.0,-0.08485103596097476,500.0,0.025263739749789238,333.33,-0.06077926841059195
1500.0,-0.019461908377707005,300.0,-0.08485103596097476,833.33,0.07077762112021446,333.33,-0.06077926841059195
375.0,-0.06660933420062065,300.0,-0.08485103596097476,2138.989401,-0.047401437535881996,333.33,-0.06077926841059195
600.0,0.05257250554859638,300.0,-0.08485103596097476,1250.0,0.02386458497494459,333.3333333,-0.0607785800868796
165.09,-0.12097441777586937,300.0,-0.08485103596097476,800.0,0.03480574116110802,333.3333333,-0.0607785800868796
560.0,0.04046400263905525,300.0,-0.08485103596097476,250.45206,-0.12913203611969948,333.3333333,-0.0607785800868796
400.0,-0.040641529485583305,300.0,-0.08485103596097476,400.0,-0.053778741508722305,349.0,-0.057549222561414946
600.0,0.04373430460691452,300.0,-0.08485103596097476,600.0,0.011070993728935719,349.0,-0.057549222561414946
1046.511628,0.040030199103057384,300.0,-0.08485103596097476,1250.0,0.02082617301493883,350.0,-0.05734348364374153
2200.0,-0.05878308229148388,300.0,-0.08485103596097476,450.0,0.01709915231913328,357.14,-0.055875846612538936
277.0,-0.1319566499441862,300.0,-0.08485103596097476,1297.888849,0.031587161123752594,357.14,-0.055875846612538936
1060.0,0.04801721777766943,300.0,-0.08485103596097476,500.0,-0.010648644529283047,357.14,-0.055875846612538936
426.83,0.008822874980978668,300.0,-0.08485103596097476,400.0,-0.0446394719183445,360.0,-0.05528862144374268
600.0,0.04113464057445526,300.0,-0.08485103596097476,1600.0,-0.0009924229234457016,360.0,-0.05528862144374268
1000.0,0.0585797056555748,300.0,-0.08485103596097476,1000.0,0.04083118727430701,384.62,-0.050248205587560296
300.0,-0.1089869998395443,300.0,-0.08485103596097476,121.95,-0.07936269417405128,384.62,-0.050248205587560296
1750.0,-0.042259156703948975,312.5,-0.0806203917774229,800.0,0.015494598541408777,384.62,-0.050248205587560296
560.0,0.017800962552428246,312.5,-0.0806203917774229,2000.0,-0.02082631178200245,400.0,-0.0471115849398846
200.0,-0.11225656047463417,312.5,-0.0806203917774229,1270.0,0.027787405997514725,400.0,-0.0471115849398846
1000.0,0.05052725085988641,325.0,-0.0764114390662223,800.0,0.029596461448818445,400.0,-0.0471115849398846
900.0,0.04611451178789139,325.0,-0.0764114390662223,799.3209839,0.03565222769975662,400.0,-0.0471115849398846
500.0,0.014558972790837288,327.1,-0.07570644218136242,1200.0,0.032881470397114754,400.0,-0.0471115849398846
875.0,0.06505623646080494,327.1,-0.07570644218136242,1000.0,0.044865094125270844,400.0,-0.0471115849398846
100.0,-0.11543682217597961,330.0,-0.07473386244015238,1250.0,0.022885779850184917,400.0,-0.0471115849398846
700.0,0.03842308558523655,333.33,-0.07361847712862739,400.0,-0.042510755360126495,400.0,-0.0471115849398846
600.0,0.04031296260654926,343.14,-0.07034122427258316,750.0,0.024587329477071762,400.0,-0.0471115849398846
850.0,0.04771573934704065,343.14,-0.07034122427258316,800.0,0.0401154849678278,400.0,-0.0471115849398846
600.0,0.04743636213243008,343.14,-0.07034122427258316,1400.0,0.016499816440045834,400.0,-0.0471115849398846
1700.0,0.006967345252633095,347.802802,-0.06878794060237636,500.0,-0.040372009854763746,400.0,-0.0471115849398846
200.0,-0.13441096618771553,350.0,-0.06805697559678742,1600.0,0.004273268161341548,400.0,-0.0471115849398846
277.0,-0.13061677291989326,350.0,-0.06805697559678742,89.6,-0.06755924597382545,400.0,-0.0471115849398846
1050.0,0.0416035782545805,350.0,-0.06805697559678742,200.0,-0.1259744893759489,400.0,-0.0471115849398846
1500.0,-0.03947252593934536,350.0,-0.06805697559678742,1200.0,0.027604668401181698,400.0,-0.0471115849398846
300.0,-0.10228626988828182,350.0,-0.06805697559678742,200.0,-0.11547308415174484,400.0,-0.0471115849398846
300.0,-0.09177345782518387,350.0,-0.06805697559678742,1000.0,0.05407508835196495,400.0,-0.0471115849398846
2980.0,-0.11439705453813076,350.0,-0.06805697559678742,600.0,0.030784789472818375,400.0,-0.0471115849398846
1600.0,-0.01517553348094225,350.0,-0.06805697559678742,100.0,-0.05754313711076975,400.0,-0.0471115849398846
1000.0,0.04227459989488125,360.82,-0.06446621583786351,1250.0,0.041492316871881485,400.0,-0.0471115849398846
800.0,0.04736144840717316,375.0,-0.05978158609326516,800.0,0.04343931004405022,400.0,-0.0471115849398846
800.0,0.0705508291721344,375.0,-0.05978158609326516,600.0,0.02184928022325039,400.0,-0.0471115849398846
800.0,0.05285622924566269,375.0,-0.05978158609326516,300.0,-0.1114435363560915,400.0,-0.0471115849398846
500.0,0.021763031370937824,375.0,-0.05978158609326516,143.37152,-0.09468609653413296,400.0,-0.0471115849398846
1719.57672,-0.026171050500124693,380.0,-0.05813509358824895,500.0,-0.003297969698905945,400.0,-0.0471115849398846
1900.0,-0.03497113101184368,380.0,-0.05813509358824895,400.0,-0.08468313328921795,400.0,-0.0471115849398846
900.0,0.059572501108050346,380.43,-0.05799361839721292,1000.0,0.05210209731012583,400.0,-0.0471115849398846
450.0,0.036994414404034615,380.43,-0.05799361839721292,800.7980689,0.05074397660791874,400.0,-0.0471115849398846
1600.0,-0.021104704588651657,380.43,-0.05799361839721292,1100.0,0.0372178815305233,400.0,-0.0471115849398846
400.0,-0.037400275468826294,400.0,-0.05157359505535402,714.29,0.0005615279078483582,400.0,-0.0471115849398846
1060.0,0.04832233325578272,400.0,-0.05157359505535402,300.0,-0.1015993058681488,400.33603,-0.047043145737261365
333.33,-0.07385659404098988,400.0,-0.05157359505535402,1398.998612,0.02027686219662428,402.7796176,-0.04654556867430813
950.0,0.0660640075802803,400.0,-0.05157359505535402,1125.0,0.03938193619251251,416.67,-0.04372041221415488
246.48,-0.15517227724194527,400.0,-0.05157359505535402,1049.275485,0.06742355227470398,416.67,-0.04372041221415488
1000.0,0.05729861930012703,400.0,-0.05157359505535402,1400.0,0.04284887621179223,416.67,-0.04372041221415488
300.0,-0.10466642864048481,400.0,-0.05157359505535402,1800.0,-0.018829841166734695,416.67,-0.04372041221415488
454.55,0.0239077340811491,400.0,-0.05157359505535402,600.0,0.0019955355674028397,450.0,-0.036955556563583715
1300.0,0.017816932871937752,400.0,-0.05157359505535402,160.0,-0.10075453668832779,450.0,-0.036955556563583715
800.0,0.05397723615169525,400.0,-0.05157359505535402,666.6666667,0.009134016931056976,454.55,-0.036032356183448716
500.0,0.03262317553162575,400.0,-0.05157359505535402,600.0,0.029319893568754196,454.55,-0.036032356183448716
700.0,0.02977737970650196,400.0,-0.05157359505535402,1800.0,-0.030980927869677544,454.55,-0.036032356183448716
255.47,-0.1536116674542427,400.0,-0.05157359505535402,200.0,-0.11367106437683105,455.0,-0.03594103940795989
100.0,-0.09718236234039068,400.0,-0.05157359505535402,960.0,0.026263849809765816,475.0,-0.031878234350379675
275.0,-0.1553799007087946,400.0,-0.05157359505535402,1000.0,0.05103124864399433,480.0,-0.030860424565726453
560.0,0.024314256384968758,400.0,-0.05157359505535402,1950.0,-0.03076018113642931,480.0,-0.030860424565726453
1920.0,-0.045095695182681084,400.0,-0.05157359505535402,1600.0,-0.0028788987547159195,480.0,-0.030860424565726453
277.0,-0.14403681457042694,400.0,-0.05157359505535402,480.0,0.027743407525122166,480.0,-0.030860424565726453
1100.0,0.044630374759435654,400.0,-0.05157359505535402,3000.0,-0.1152487201616168,500.0,-0.026773706049364465
100.0,-0.1056712232530117,400.0,-0.05157359505535402,1000.0,0.09125562198460102,500.0,-0.026773706049364465
500.0,0.021023934707045555,400.0,-0.05157359505535402,1050.0,0.046468645334243774,500.0,-0.026773706049364465
1200.0,0.029535798355937004,400.0,-0.05157359505535402,1125.0,0.050445158034563065,500.0,-0.026773706049364465
1000.0,0.04682959523051977,400.0,-0.05157359505535402,1250.0,0.024045167490839958,500.0,-0.026773706049364465
1800.0,-0.01875685714185238,400.0,-0.05157359505535402,185.19,-0.08670435845851898,500.0,-0.026773706049364465
2200.0,-0.05795079097151756,400.0,-0.05157359505535402,625.0,-0.00490245595574379,500.0,-0.026773706049364465
1680.0,0.0027888230979442596,400.0,-0.05157359505535402,1200.0,0.021285819821059704,500.0,-0.026773706049364465
1800.0,-0.032092802226543427,400.0,-0.05157359505535402,300.0,-0.0798313207924366,500.0,-0.026773706049364465
1428.571429,0.01850719191133976,400.0,-0.05157359505535402,1400.0,0.03319699689745903,500.0,-0.026773706049364465
1300.0,0.029433103278279305,400.0,-0.05157359505535402,400.0,-0.03396160155534744,500.0,-0.026773706049364465
1500.0,-0.021615817211568356,400.0,-0.05157359505535402,100.0,-0.06766440067440271,500.0,-0.026773706049364465
260.0,-0.1519019827246666,400.0,-0.05157359505535402,1250.0,0.042325859889388084,500.0,-0.026773706049364465
250.0,-0.13775083608925343,400.0,-0.05157359505535402,161.29,-0.07880345173180103,500.0,-0.026773706049364465
750.0,0.055646369233727455,400.0,-0.05157359505535402,1210.996506,0.0216005127876997,500.0,-0.026773706049364465
900.0,0.053163519594818354,400.0,-0.05157359505535402,700.0,-0.012130077928304672,500.0,-0.026773706049364465
600.0,0.043620768934488297,400.0,-0.05157359505535402,500.0,-0.009295853553339839,500.0,-0.026773706049364465
400.0,-0.02273891493678093,400.0,-0.05157359505535402,800.0,0.03725353628396988,500.0,-0.026773706049364465
400.0,-0.04370441986247897,400.0,-0.05157359505535402,603.646331,0.0004127414431422949,500.0,-0.026773706049364465
800.0,0.047229599207639694,400.0,-0.05157359505535402,700.0,-0.0015719607472419739,500.0,-0.026773706049364465
800.0,0.051874320954084396,400.0,-0.05157359505535402,600.0,0.0157121941447258,500.0,-0.026773706049364465
600.0,0.04233305901288986,400.0,-0.05157359505535402,1200.0,0.023941912688314915,500.0,-0.026773706049364465
600.0,0.04273139871656895,402.3,-0.05082122903011928,400.0,-0.04934903420507908,500.0,-0.026773706049364465
827.0676692,0.051051381044089794,402.3,-0.05082122903011928,800.0,0.03685737028717995,500.0,-0.026773706049364465
700.0,0.03306690603494644,415.7943455,-0.04641429453392787,2400.0,-0.05821497365832329,500.0,-0.026773706049364465
740.0,0.035191476345062256,426.83,-0.04281744054701399,400.0,-0.08874980919063091,500.0,-0.026773706049364465
299.15,-0.09320551063865423,426.83,-0.04281744054701399,119.05,-0.07816039398312569,500.0,-0.026773706049364465
1250.0,0.016829408705234528,432.9004329,-0.04084055835753841,998.541618,0.05058496817946434,500.0,-0.026773706049364465
1100.0,0.02897748537361622,440.0,-0.038529107317194215,1500.0,-0.014808601699769497,500.0,-0.026773706049364465
300.0,-0.10885533131659031,440.0,-0.038529107317194215,185.19,-0.08435795828700066,500.0,-0.026773706049364465
1000.0,0.06498855724930763,440.0,-0.038529107317194215,1400.0,0.027432020753622055,500.0,-0.026773706049364465
900.0,0.04822148196399212,440.0,-0.038529107317194215,1600.0,0.0057696010917425156,500.0,-0.026773706049364465
500.0,0.01516443770378828,450.0,-0.035272517564835605,1000.0,0.06101756729185581,500.0,-0.026773706049364465
1851.851852,-0.03750445460900664,450.0,-0.035272517564835605,700.0,0.009973209351301193,500.0,-0.026773706049364465
300.0,-0.09891470894217491,450.0,-0.035272517564835605,1200.0,0.026686834171414375,500.0,-0.026773706049364465
500.0,0.038236215710639954,450.0,-0.035272517564835605,1000.0,0.04798402450978756,500.0,-0.026773706049364465
299.15,-0.12302926927804947,454.55,-0.0337896715194791,652.0,0.001680169254541397,500.0,-0.026773706049364465
900.0,0.06032390147447586,454.55,-0.0337896715194791,1440.0,-0.011031503090634942,501.9521118,-0.026373040306952655
1750.0,-0.02898486377671361,462.3799632,-0.031234918456999283,800.0,0.04678311385214329,550.0,-0.016319903688702335
277.0,-0.13481629267334938,486.11,-0.023447973152385577,400.0,-0.043552886694669724,555.56,-0.015119971893083988
300.0,-0.10376832634210587,486.11,-0.023447973152385577,1800.0,0.010544277727603912,555.56,-0.015119971893083988
1800.0,-0.017151644453406334,486.11,-0.023447973152385577,200.0,-0.08666201401501894,581.0,-0.009474778828159211
1620.0,-0.024463454261422157,500.0,-0.018834921555173814,1200.0,0.0291233379393816,581.0,-0.009474778828159211
750.0,0.040223151445388794,500.0,-0.018834921555173814,1000.0,0.05149225890636444,598.6465722,-0.005637155250969913
400.0,-0.08025558292865753,500.0,-0.018834921555173814,80.0,-0.07841472141444683,600.0,-0.0054056994673112955
900.0,0.0465890821069479,500.0,-0.018834921555173814,1200.0,0.02594640525057912,600.0,-0.0054056994673112955
750.0,0.04021814465522766,500.0,-0.018834921555173814,400.0,-0.03832284361124039,600.0,-0.0054056994673112955
1500.0,-0.02316508861258626,500.0,-0.018834921555173814,1000.0,0.04823434539139271,600.0,-0.0054056994673112955
1053.8,0.052262476179748774,500.0,-0.018834921555173814,2400.0,-0.056045904755592346,600.0,-0.0054056994673112955
200.0,-0.11778480932116508,500.0,-0.018834921555173814,1879.813669,-0.022094566142186522,600.0,-0.0054056994673112955
1200.0,0.012237991206347942,500.0,-0.018834921555173814,300.6517978,-0.09746794030070305,600.0,-0.0054056994673112955
1200.0,0.0011997129768133163,500.0,-0.018834921555173814,500.0,0.002092510461807251,600.0,-0.0054056994673112955
900.0,0.05285552516579628,500.0,-0.018834921555173814,1320.0,0.015029598958790302,600.0,-0.0054056994673112955
522.39,0.04392365366220474,500.0,-0.018834921555173814,50.0,-0.11320201121270657,600.0,-0.0054056994673112955
300.0,-0.0842917151749134,500.0,-0.018834921555173814,1000.0,0.044939152197912335,600.0,-0.0054056994673112955
1400.0,0.016617358662188053,500.0,-0.018834921555173814,2000.0,-0.0398176833987236,600.0,-0.0054056994673112955
100.0,-0.08841131627559662,500.0,-0.018834921555173814,700.0,0.008458273485302925,600.0,-0.0054056994673112955
1400.0,0.023667354485951364,500.0,-0.018834921555173814,120.0,-0.10344886593520641,600.0,-0.0054056994673112955
3209.48,-0.1549800978973508,500.0,-0.018834921555173814,1250.0,0.03113908041268587,600.0,-0.0054056994673112955
300.0,-0.101753368973732,500.0,-0.018834921555173814,1125.0,0.03324129153043032,600.0,-0.0054056994673112955
700.0,-0.002702009864151478,500.0,-0.018834921555173814,2000.0,-0.030992052517831326,600.0,-0.0054056994673112955
80.0,-0.13124437630176544,500.0,-0.018834921555173814,116.28,-0.07843270152807236,600.0,-0.0054056994673112955
950.0,0.04888370260596275,500.0,-0.018834921555173814,250.0,-0.10556846112012863,600.0,-0.0054056994673112955
960.0,0.053961669094860554,500.0,-0.018834921555173814,145.0,-0.11434334330260754,600.0,-0.0054056994673112955
327.1,-0.10338195599615574,500.0,-0.018834921555173814,833.3333333,0.039229633286595345,600.0,-0.0054056994673112955
1180.0,0.029448957415297627,500.0,-0.018834921555173814,1250.0,0.045426784083247185,600.0,-0.0054056994673112955
343.14,-0.09307975322008133,500.0,-0.018834921555173814,161.29,-0.08158416301012039,600.0,-0.0054056994673112955
1400.0,0.02478049136698246,500.0,-0.018834921555173814,2400.0,-0.05698648653924465,600.0,-0.0054056994673112955
238.1,-0.15345038287341595,500.0,-0.018834921555173814,500.0,0.018868397921323776,600.0,-0.0054056994673112955
200.0,-0.14861362800002098,500.0,-0.018834921555173814,100.0,-0.08286781795322895,600.0,-0.0054056994673112955
1058.201058,0.052095355466008186,500.0,-0.018834921555173814,800.0,0.055391825735569,600.0,-0.0054056994673112955
80.0,-0.08565959148108959,500.0,-0.018834921555173814,500.0,0.02025003358721733,600.0,-0.0054056994673112955
100.0,-0.11407686397433281,500.0,-0.018834921555173814,300.0,-0.08368858136236668,600.0,-0.0054056994673112955
1200.0,0.005361728370189667,500.0,-0.018834921555173814,1200.0,0.03423070255666971,600.0,-0.0054056994673112955
522.39,0.038848038762807846,500.0,-0.018834921555173814,250.08052,-0.14536133408546448,600.0,-0.0054056994673112955
2200.0,-0.05354871600866318,500.0,-0.018834921555173814,1000.0,0.053858501836657524,600.0,-0.0054056994673112955
900.0,0.06002457905560732,500.0,-0.018834921555173814,600.0,0.0012883283197879791,600.0,-0.0054056994673112955
500.0,0.03756304457783699,500.0,-0.018834921555173814,1200.0,0.03492780448868871,600.0,-0.0054056994673112955
222.93,-0.14361019060015678,500.0,-0.018834921555173814,1600.0,-0.0018729660660028458,600.0,-0.0054056994673112955
700.0,0.028868768364191055,500.0,-0.018834921555173814,300.0,-0.09972519800066948,600.0,-0.0054056994673112955
2680.0,-0.08891520649194717,500.0,-0.018834921555173814,200.0,-0.103164192289114,600.0,-0.0054056994673112955
1000.0,0.024420782923698425,500.0,-0.018834921555173814,814.0,0.04447319358587265,600.0,-0.0054056994673112955
833.3333333,0.052320532500743866,500.0,-0.018834921555173814,800.0,0.023008402669802308,600.0,-0.0054056994673112955
757.5757576,0.04732726141810417,500.0,-0.018834921555173814,1400.0,0.024012346751987934,600.0,-0.0054056994673112955
800.0,0.06101247854530811,500.0,-0.018834921555173814,500.0,-0.012412898242473602,603.646331,-0.0047880467754810654
870.0,0.045724350959062576,500.0,-0.018834921555173814,1000.0,0.06112133339047432,625.0,-0.0009944663700929808
3000.0,-0.14905957132577896,500.0,-0.018834921555173814,100.0,-0.08404994755983353,625.0,-0.0009944663700929808
1300.0,0.027524320408701897,500.0,-0.018834921555173814,600.0,-0.009021548554301262,625.0,-0.0009944663700929808
700.0,0.03153359889984131,500.0,-0.018834921555173814,900.0,0.046455830335617065,625.0,-0.0009944663700929808
890.52,0.04616343602538109,500.0,-0.018834921555173814,500.0,-0.00874421326443553,650.0,0.0027483800610431926
1500.0,0.0075483135879039764,500.0,-0.018834921555173814,1200.0,0.02416183426976204,650.0,0.0027483800610431926
100.0,-0.09577367268502712,500.0,-0.018834921555173814,600.0,0.023349590599536896,652.0,0.0031732383089053064
600.0,0.06591695547103882,500.0,-0.018834921555173814,416.67,-0.03918059612624347,652.0,0.0031732383089053064
120.0,-0.11989996954798698,500.0,-0.018834921555173814,1400.0,0.02555456943809986,652.0,0.0031732383089053064
800.0,0.0656510442495346,500.0,-0.018834921555173814,750.0,0.022408083081245422,666.6666667,0.006259309075719764
900.0,0.05629858002066612,500.0,-0.018834921555173814,1600.0,0.021755173802375793,666.6666667,0.006259309075719764
343.14,-0.09337672591209412,500.0,-0.018834921555173814,600.0,-0.008688386529684067,700.0,0.011902867327073074
2000.0,-0.04178675264120102,500.0,-0.018834921555173814,1440.0,-0.010921247187070549,700.0,0.011902867327073074
350.0,-0.06485670432448387,520.0,-0.012070184157549102,1500.0,-0.0010843570344150066,700.0,0.011902867327073074
800.0,0.06207093596458435,520.7217238,-0.011822632466704062,333.3333333,-0.09046623483300209,700.0,0.011902867327073074
900.0,0.035711257718503475,522.39,-0.011249371341342736,360.0,-0.08747659251093864,700.0,0.011902867327073074
600.0,0.052165813744068146,522.39,-0.011249371341342736,950.0,0.04748838022351265,700.0,0.011902867327073074
500.0,0.031755177304148674,541.1255411,-0.00470289458081853,1400.0,0.021539893932640553,700.0,0.011902867327073074
230.26,-0.14600196108222008,545.4545455,-0.003160461288953426,400.0,-0.04407965950667858,700.0,0.011902867327073074
360.82,-0.08076481893658638,545.4545455,-0.003160461288953426,1300.0,0.07043661549687386,700.0,0.011902867327073074
620.0,0.03285617660731077,550.0,-0.0015290493937525657,1600.0,-0.0007945448160171509,700.0,0.011902867327073074
1200.0,0.001506313681602478,550.0,-0.0015290493937525657,1000.0,0.05207710340619087,700.0,0.011902867327073074
350.0,-0.06804725714027882,560.0,0.0020994015755088067,750.0,0.024491043761372566,700.0,0.011902867327073074
216.05,-0.13946886360645294,560.0,0.0020994015755088067,100.0,-0.11391283292323351,700.0,0.011902867327073074
1200.0,-0.0010559000074863434,560.0,0.0020994015755088067,350.0,-0.06727220863103867,700.0,0.011902867327073074
500.0,0.03951432462781668,560.0,0.0020994015755088067,3200.0,-0.1200184803456068,710.7151464,0.013054031236793722
666.6666667,0.039693960919976234,560.0,0.0020994015755088067,1100.0,0.0504569374024868,714.29,0.013667341508183887
1000.0,0.07909737713634968,560.0,0.0020994015755088067,600.0,0.02073080837726593,714.29,0.013667341508183887
2000.0,-0.04120358265936375,560.0,0.0020994015755088067,1600.0,0.006684418302029371,720.0,0.014694644741105852
50.0,-0.0939294807612896,564.52,0.003754812379874675,1600.0,0.002458617091178894,720.0,0.014694644741105852
1200.0,0.0442667193710804,564.52,0.003754812379874675,1000.0,0.055000364780426025,720.0,0.014694644741105852
400.0,-0.05444430932402611,590.0,0.013131189798331461,1000.0,0.018443262029904872,747.4233864,0.01735099283261325
600.0,0.049054307863116264,595.2380952,0.015036884438033462,1500.0,0.0003060530871152878,750.0,0.017521920046483633
1000.0,0.04773328639566898,598.2905983,0.016142395673982242,1175.0,0.025884040631353855,750.0,0.017521920046483633
250.0,-0.14543791860342026,600.0,0.016760809665609635,501.9521118,-0.0024533597752451897,750.0,0.017521920046483633
1368.0,0.04185548238456249,600.0,0.016760809665609635,900.0,0.028062259778380394,750.0,0.017521920046483633
700.0,0.029976687394082546,600.0,0.016760809665609635,384.62,-0.06246509402990341,750.0,0.017521920046483633
800.0,0.03488766402006149,600.0,0.016760809665609635,217.39,-0.10328853875398636,750.0,0.017521920046483633
1200.0,0.027935908176004887,600.0,0.016760809665609635,1400.0,0.040410720743238926,758.0,0.018793659356528748
1368.0,0.05036435276269913,600.0,0.016760809665609635,1300.0,0.03765597380697727,781.0,0.020591463890011735
1800.0,-0.040194645058363676,600.0,0.016760809665609635,1400.0,0.033702800050377846,799.3209839,0.021949044402198855
2000.0,-0.05655109230428934,600.0,0.016760809665609635,1400.0,0.033781420439481735,800.0,0.021979011268014836
500.0,0.01985718309879303,600.0,0.016760809665609635,1100.0,0.04253043420612812,800.0,0.021979011268014836
500.0,0.03008822724223137,600.0,0.016760809665609635,1600.0,-2.937018871307373e-05,800.0,0.021979011268014836
793.6507937,0.054146540351212025,600.0,0.016760809665609635,1100.0,0.041978731751441956,800.0,0.021979011268014836
600.0,0.04217563942074776,600.0,0.016760809665609635,800.0,0.03680222108960152,800.0,0.021979011268014836
400.0,-0.0570870041847229,600.0,0.016760809665609635,200.0,-0.14808867126703262,800.0,0.021979011268014836
200.0,-0.12223290838301182,600.0,0.016760809665609635,700.0,0.006239468231797218,800.0,0.021979011268014836
500.0,0.015511071775108576,600.0,0.016760809665609635,550.0,0.012348342686891556,800.0,0.021979011268014836
740.0,0.03012001933529973,600.0,0.016760809665609635,1400.0,0.0204915227368474,800.0,0.021979011268014836
1400.0,0.020547534339129925,600.0,0.016760809665609635,150.0,-0.08402537927031517,800.0,0.021979011268014836
600.0,0.044396745041012764,600.0,0.016760809665609635,1800.0,-0.022377850487828255,800.0,0.021979011268014836
286.89,-0.12488225474953651,600.0,0.016760809665609635,1320.0,0.02907720534130931,800.0,0.021979011268014836
700.0,0.06785081699490547,600.0,0.016760809665609635,1200.0,0.04585775174200535,800.0,0.021979011268014836
600.0,0.0456508994102478,600.0,0.016760809665609635,150.0,-0.08453349396586418,800.0,0.021979011268014836
750.0,0.05200985446572304,600.0,0.016760809665609635,333.33,-0.07920066826045513,800.0,0.021979011268014836
500.0,0.033109514974057674,600.0,0.016760809665609635,151.52,-0.08151882141828537,800.0,0.021979011268014836
2050.0,-0.028164787217974663,600.0,0.016760809665609635,200.0,-0.1245834045112133,800.0,0.021979011268014836
800.0,0.051520342007279396,600.0,0.016760809665609635,1000.0,0.04542863182723522,800.0,0.021979011268014836
2000.0,-0.037904526107013226,600.0,0.016760809665609635,2400.0,-0.06723568215966225,800.0,0.021979011268014836
750.0,0.05305963009595871,600.0,0.016760809665609635,1100.0,0.0513578811660409,800.0,0.021979011268014836
200.0,-0.13330849632620811,600.0,0.016760809665609635,814.0,0.010041848756372929,800.0,0.021979011268014836
865.8008658,0.05834206007421017,600.0,0.016760809665609635,400.0,-0.03670616075396538,800.0,0.021979011268014836
400.0,-0.038480404764413834,600.0,0.016760809665609635,400.0,-0.045788634568452835,800.0,0.021979011268014836
300.0,-0.11464967578649521,600.0,0.016760809665609635,1400.0,0.041130064986646175,800.0,0.021979011268014836
300.0,-0.08569969981908798,600.0,0.016760809665609635,111.070366,-0.08870434854179621,800.0,0.021979011268014836
500.0,0.021463828161358833,600.0,0.016760809665609635,598.6465722,0.0024047866463661194,800.0,0.021979011268014836
1060.0,0.04481060057878494,600.0,0.016760809665609635,100.0,-0.09354353323578835,800.0,0.021979011268014836
500.0,0.04886502027511597,600.0,0.016760809665609635,1200.0,0.04246360994875431,800.0,0.021979011268014836
700.0,0.042595913633704185,600.0,0.016760809665609635,1800.0,-0.014594709500670433,800.0,0.021979011268014836
1000.0,0.061407413333654404,600.0,0.016760809665609635,1000.0,0.048390528827439994,800.0,0.021979011268014836
1200.0,0.008190915454179049,600.0,0.016760809665609635,125.75054,-0.09188620559871197,800.0,0.021979011268014836
1200.0,0.022796086966991425,600.0,0.016760809665609635,325.0,-0.09886872209608555,800.0,0.021979011268014836
1200.0,0.013682034332305193,600.0,0.016760809665609635,333.33,-0.08132989332079887,800.0,0.021979011268014836
275.59,-0.13166049867868423,600.0,0.016760809665609635,286.42026,-0.10724067501723766,800.0,0.021979011268014836
500.0,0.0034654587507247925,600.0,0.016760809665609635,600.0,0.027039790526032448,800.0,0.021979011268014836
1200.0,0.008657285943627357,600.0,0.016760809665609635,166.80914,-0.10230136103928089,800.0,0.021979011268014836
1200.0,0.02265290543437004,614.04,0.019523838840256342,800.0,0.03743734024465084,800.0,0.021979011268014836
3400.0,-0.12948573380708694,614.04,0.019523838840256342,131.58,-0.0846051350235939,800.0,0.021979011268014836
800.0,0.05669202655553818,620.0,0.02062439042545548,600.0,0.02303038164973259,800.0,0.021979011268014836
1190.47619,0.025697081349790096,620.0,0.02062439042545548,1400.0,0.01909594889730215,800.0,0.021979011268014836
1000.0,0.05220278725028038,625.0,0.02151261102120055,312.5,-0.08069216832518578,800.0,0.021979011268014836
375.0,-0.07408813387155533,649.3506494,0.025428778848010657,850.0,0.03948391415178776,800.0,0.021979011268014836
800.0,0.055295880883932114,661.3756614,0.029005603775299406,933.0,0.04017949476838112,800.0,0.021979011268014836
1000.0,0.032031333073973656,663.0,0.029493439010476477,600.0,-0.01567140407860279,800.7980689,0.022014167031271833
1521.73913,-0.01660809852182865,666.6666667,0.030582829381912726,1200.0,0.03436125162988901,812.6009047,0.022529267568611122
900.0,0.04765752609819174,666.6666667,0.030582829381912726,80.0,-0.06434552930295467,814.0,0.022590107364331664
277.0,-0.15067352168262005,666.6666667,0.030582829381912726,192.31,-0.08629026263952255,814.0,0.022590107364331664
1500.0,-0.005654396489262581,673.08,0.03177797248505434,1600.0,0.02963411994278431,833.33,0.024562063368451875
400.0,-0.034691475331783295,673.08,0.03177797248505434,400.0,-0.04178851470351219,833.33,0.024562063368451875
1700.0,-0.01971406675875187,680.0,0.03259866992629992,1500.0,-0.0102743711322546,833.3333333,0.02456245439219047
200.0,-0.1265931986272335,694.7317101,0.03421558398134443,1000.0,0.043153803795576096,833.3333333,0.02456245439219047
402.3,-0.03503401391208172,700.0,0.034756189736678066,300.0,-0.07962789386510849,833.3333333,0.02456245439219047
1600.0,-0.01994726061820984,700.0,0.034756189736678066,1600.0,-0.005546091124415398,833.3333333,0.02456245439219047
500.0,0.028745383024215698,700.0,0.034756189736678066,227.27,-0.10343769192695618,840.0,0.025326827675783523
275.59,-0.14605320431292057,700.0,0.034756189736678066,100.0,-0.09258124604821205,840.0,0.025326827675783523
300.0,-0.08264053612947464,700.0,0.034756189736678066,125.0,-0.08208535984158516,840.0,0.025326827675783523
222.93,-0.1480907928198576,700.0,0.034756189736678066,1000.0,0.07572366762906313,840.0,0.025326827675783523
1475.0,0.0013182386755943298,700.0,0.034756189736678066,1400.0,0.023730194196105003,850.0,0.026408382809987974
800.0,0.07072258368134499,700.0,0.034756189736678066,1400.0,0.04706032574176788,850.0,0.026408382809987974
1000.0,0.04314963100478053,700.0,0.034756189736678066,400.0,-0.030382875353097916,900.0,0.028273066920022655
1940.0,-0.05797542631626129,700.0,0.034756189736678066,192.31,-0.09185522422194481,900.0,0.028273066920022655
216.05,-0.14474947191774845,700.0,0.034756189736678066,500.0,0.0011021271347999573,900.0,0.028273066920022655
1200.0,0.016677475534379482,700.0,0.034756189736678066,2000.0,-0.03560729697346687,900.0,0.028273066920022655
960.0,0.04625821020454168,700.0,0.034756189736678066,600.0,-0.019055616110563278,900.0,0.028273066920022655
500.0,0.02408491214737296,700.0,0.034756189736678066,416.67,-0.03047724114730954,900.0,0.028273066920022655
800.0,0.05771539639681578,700.0,0.034756189736678066,192.31,-0.08235329389572144,918.5922967,0.02931722573387076
500.0,0.020527293905615807,700.0,0.034756189736678066,2200.0,-0.05672973860055208,925.0,0.029445895150635604
800.0,0.05954769626259804,700.0,0.034756189736678066,1200.0,0.026019939221441746,926.0,0.029465347098005402
1000.0,0.033471924252808094,700.0,0.034756189736678066,800.0,0.029960792744532228,933.0,0.029948469911182864
1000.0,0.07840491645038128,700.0,0.034756189736678066,454.55,-0.01220573962200433,950.0,0.030296075076284994
673.08,0.042303139343857765,700.0,0.034756189736678066,833.3333333,0.02500433661043644,960.0,0.030448003390743456
1250.0,0.026020178571343422,700.0,0.034756189736678066,1095.650211,0.041283789090812206,960.0,0.030448003390743456
400.0,-0.04148920439183712,700.0,0.034756189736678066,600.0,-0.008367007598280907,960.0,0.030448003390743456
900.0,0.05132437124848366,700.0,0.034756189736678066,1150.0,0.026812498457729816,974.939064,0.03059480506412691
800.0,0.05614552553743124,700.0,0.034756189736678066,1300.0,0.032051609829068184,975.0,0.030595314899811942
327.1,-0.09628988988697529,700.0,0.034756189736678066,200.0,-0.10583397885784507,975.0,0.030595314899811942
200.0,-0.11407437175512314,700.0,0.034756189736678066,400.0,-0.0541809257119894,998.541618,0.03189100484901336
200.0,-0.11703294888138771,700.0,0.034756189736678066,125.295685,-0.0901739401742816,1000.0,0.03196459016130336
1200.0,0.026662934571504593,700.0,0.034756189736678066,900.0,0.032076576724648476,1000.0,0.03196459016130336
600.0,0.048817962408065796,700.0,0.034756189736678066,480.0,0.018916405737400055,1000.0,0.03196459016130336
1300.0,0.023739079013466835,700.0,0.034756189736678066,250.0,-0.13674461375921965,1000.0,0.03196459016130336
700.0,0.029519638046622276,700.0,0.034756189736678066,500.0,-0.03273361222818494,1000.0,0.03196459016130336
300.0,-0.10516094975173473,700.0,0.034756189736678066,555.56,-0.03450150601565838,1000.0,0.03196459016130336
1040.0,0.06796986772678792,700.0,0.034756189736678066,781.0,0.0015831319615244865,1000.0,0.03196459016130336
500.0,0.009461153764277697,700.0,0.034756189736678066,600.0,-0.005633806809782982,1000.0,0.03196459016130336
800.0,0.05243191588670015,700.0,0.034756189736678066,1400.0,0.03241276554763317,1000.0,0.03196459016130336
350.0,-0.07099337689578533,700.0,0.034756189736678066,138.89,-0.08519770205020905,1000.0,0.03196459016130336
1200.0,0.0193484949413687,700.0,0.034756189736678066,1200.0,0.008933639153838158,1000.0,0.03196459016130336
1250.0,0.022197280079126358,700.0,0.034756189736678066,1200.0,0.04811727628111839,1000.0,0.03196459016130336
400.0,-0.030959416180849075,700.0,0.034756189736678066,200.0,-0.0922828670591116,1000.0,0.03196459016130336
1250.0,0.04785764962434769,700.0,0.034756189736678066,974.939064,0.0522887259721756,1000.0,0.03196459016130336
694.7317101,0.05782562121748924,700.0,0.034756189736678066,700.0,0.0032144077122211456,1000.0,0.03196459016130336
500.0,0.018648927100002766,700.0,0.034756189736678066,1200.0,0.0470811165869236,1000.0,0.03196459016130336
1200.0,0.004667256958782673,700.0,0.034756189736678066,217.39,-0.09991558641195297,1000.0,0.03196459016130336
800.0,0.05192857049405575,700.0,0.034756189736678066,320.0,-0.11433535255491734,1000.0,0.03196459016130336
277.78,-0.1072355043143034,714.2857143,0.03687182833296708,3000.0,-0.10483333468437195,1000.0,0.03196459016130336
300.0,-0.09062864631414413,725.0,0.037892867500730607,400.0,-0.043458448722958565,1000.0,0.03196459016130336
1200.0,0.03076179511845112,725.0,0.037892867500730607,600.0,0.02002747729420662,1000.0,0.03196459016130336
150.0,-0.10691531375050545,729.1666667,0.038763875068711554,1400.0,0.03351976536214352,1000.0,0.03196459016130336
1000.0,0.048366980627179146,739.5,0.040722140356912344,975.0,0.03607688285410404,1000.0,0.03196459016130336
1060.0,0.053552711149677634,739.5,0.040722140356912344,714.29,-0.008337447419762611,1000.0,0.03196459016130336
800.0,0.05434354394674301,740.0,0.040809165364813174,1400.0,0.031295254826545715,1000.0,0.03196459016130336
1300.0,0.00566777354106307,740.0,0.040809165364813174,1200.0,0.022393631748855114,1000.0,0.03196459016130336
250.0,-0.12444121390581131,740.0,0.040809165364813174,475.0,0.025089718401432037,1000.0,0.03196459016130336
900.0,0.052370015531778336,744.68,0.04158908444020951,1800.0,-0.01633207406848669,1000.0,0.03196459016130336
950.0,0.04858147352933884,750.0,0.042404520505938785,600.0,0.022889409214258194,1000.0,0.03196459016130336
600.0,0.04512215591967106,750.0,0.042404520505938785,200.5210025,-0.10940369963645935,1000.0,0.03196459016130336
700.0,0.044053277000784874,750.0,0.042404520505938785,147.06,-0.0830104909837246,1000.0,0.03196459016130336
400.0,-0.02943684719502926,750.0,0.042404520505938785,500.0,0.019322138279676437,1000.0,0.03196459016130336
100.0,-0.10675417259335518,750.0,0.042404520505938785,2000.0,-0.016456025186926126,1000.0,0.03196459016130336
462.3799632,0.05005142465233803,750.0,0.042404520505938785,1604.40489,-0.02351418137550354,1010.451488,0.03197131345478763
1000.0,0.053129591047763824,750.0,0.042404520505938785,500.0,-0.022042944096028805,1025.0,0.03192219404006282
925.9259259,0.054202218540012836,750.0,0.042404520505938785,100.0,-0.08146392926573753,1049.275485,0.03168260137305604
1368.0,0.02402107371017337,750.0,0.042404520505938785,1500.0,0.010116126388311386,1050.0,0.031672833833135086
415.7943455,-0.01665003038942814,750.0,0.042404520505938785,1250.0,0.027385846711695194,1050.0,0.031672833833135086
875.0,0.06913203001022339,750.0,0.042404520505938785,500.0,-0.006533452309668064,1050.0,0.031672833833135086
700.0,0.03216857463121414,750.0,0.042404520505938785,1250.0,0.021380932070314884,1050.0,0.031672833833135086
196.0,-0.14122703904286027,750.0,0.042404520505938785,300.0,-0.11579713318496943,1060.0,0.031525472550199475
200.0,-0.11132044345140457,750.0,0.042404520505938785,240.0,-0.11745702102780342,1060.0,0.031525472550199475
200.0,-0.14462853968143463,750.0,0.042404520505938785,400.0,-0.04794340580701828,1060.0,0.031525472550199475
900.0,0.04568934068083763,750.0,0.042404520505938785,147.06,-0.08267545327544212,1063.457871,0.031469586251804106
750.0,0.048914939165115356,750.0,0.042404520505938785,238.1,-0.10534205287694931,1075.0,0.03126779700777048
1680.0,-0.01518227718770504,750.0,0.042404520505938785,840.0,0.044225901539903134,1080.0,0.031174139780540944
1042.0,0.0512606306001544,750.0,0.042404520505938785,300.0,-0.10437852144241333,1080.0,0.031174139780540944
300.0,-0.10192715004086494,757.5757576,0.042794505549178775,1000.0,0.04514438007026911,1095.650211,0.0308619983064887
800.0,0.04964717756956816,774.6478873,0.043461268740080376,2000.0,-0.04061799682676792,1100.0,0.03077103004667722
400.0,-0.03215305879712105,777.7777778,0.04354552766443094,6.666666667,-0.04935917258262634,1100.0,0.03077103004667722
663.0,0.05120181664824486,780.0,0.043598194521426464,300.0,-0.11911730468273163,1100.0,0.03077103004667722
1190.47619,0.03236724063754082,781.0,0.04361997918642964,208.33,-0.10402991622686386,1100.0,0.03077103004667722
700.0,0.04274323442950845,793.6507937,0.04379998380354849,1200.0,0.01510072685778141,1100.0,0.03077103004667722
1836.734694,-0.03391566779464483,800.0,0.04383206483766647,960.0,0.04887748969485983,1100.0,0.03077103004667722
800.0,0.055646635591983795,800.0,0.04383206483766647,200.06618,-0.11450360715389252,1100.0,0.03077103004667722
300.0,-0.08705398812890053,800.0,0.04383206483766647,812.6009047,0.03530984744429588,1100.0,0.03077103004667722
800.0,0.055356159806251526,800.0,0.04383206483766647,1300.0,0.04072808846831322,1100.0,0.03077103004667722
950.0,0.03135656751692295,800.0,0.04383206483766647,800.0,0.03542933613061905,1100.0,0.03077103004667722
2000.0,-0.03850194066762924,800.0,0.04383206483766647,1600.0,-0.009528957307338715,1100.0,0.03077103004667722
750.0,0.03470076806843281,800.0,0.04383206483766647,500.0,-0.01521826907992363,1100.0,0.03077103004667722
564.52,0.0452833566814661,800.0,0.04383206483766647,500.0,-0.009680243209004402,1125.0,0.030194027601603737
800.0,0.058666761964559555,800.0,0.04383206483766647,416.67,-0.03515686420723796,1125.0,0.030194027601603737
870.0,0.046300217509269714,800.0,0.04383206483766647,700.0,0.0009122369810938835,1125.0,0.030194027601603737
500.0,0.024703542701900005,800.0,0.04383206483766647,1250.0,0.030065220780670643,1125.0,0.030194027601603737
800.0,0.05545809166505933,800.0,0.04383206483766647,200.0,-0.1345060020685196,1150.0,0.0294855385406754
1000.0,0.04873876296915114,800.0,0.04383206483766647,1800.0,-0.009629739448428154,1170.0,0.028817722541236133
440.0,0.02653899136930704,800.0,0.04383206483766647,172.41,-0.08225978165864944,1175.0,0.028639767516282576
900.0,0.02749687060713768,800.0,0.04383206483766647,166.6666667,-0.06746840476989746,1199.602147,0.027753861815370904
375.0,-0.06792576983571053,800.0,0.04383206483766647,1200.0,0.03274744935333729,1200.0,0.027738212264546737
1666.666667,-0.02693849988281727,800.0,0.04383206483766647,1300.0,0.03763987123966217,1200.0,0.027738212264546737
600.0,0.026909537613391876,800.0,0.04383206483766647,1800.0,0.001789592206478119,1200.0,0.027738212264546737
500.0,0.03771554818376899,800.0,0.04383206483766647,10000.0,-0.12169291637837887,1200.0,0.027738212264546737
1100.0,0.03728462290018797,800.0,0.04383206483766647,1100.0,0.03297087363898754,1200.0,0.027738212264546737
300.0,-0.09912167862057686,800.0,0.04383206483766647,1000.0,0.04941684193909168,1200.0,0.027738212264546737
780.0,0.04380469210445881,800.0,0.04383206483766647,349.0,-0.08353158365935087,1200.0,0.027738212264546737
300.0,-0.1150015713647008,800.0,0.04383206483766647,960.0,0.04067450575530529,1200.0,0.027738212264546737
500.0,0.029331114143133163,800.0,0.04383206483766647,1075.0,0.03508829325437546,1200.0,0.027738212264546737
200.0,-0.1346283107995987,800.0,0.04383206483766647,500.0,-0.015535862185060978,1200.0,0.027738212264546737
614.04,0.044415706768631935,800.0,0.04383206483766647,400.0,-0.04862653277814388,1200.0,0.027738212264546737
375.0,-0.06645467691123486,800.0,0.04383206483766647,800.0,0.036231834441423416,1200.0,0.027738212264546737
300.0,-0.09905897453427315,800.0,0.04383206483766647,250.4799,-0.12936173100024462,1200.0,0.027738212264546737
400.0,-0.05701170116662979,800.0,0.04383206483766647,312.5,-0.09603939205408096,1200.0,0.027738212264546737
800.0,0.07680173963308334,800.0,0.04383206483766647,1800.0,-0.02461639977991581,1200.0,0.027738212264546737
700.0,0.05211848299950361,800.0,0.04383206483766647,166.9702,-0.09457942005246878,1200.0,0.027738212264546737
1180.0,0.041982630791608244,800.0,0.04383206483766647,1600.0,0.00030039064586162567,1200.0,0.027738212264546737
870.0,0.044630768708884716,800.0,0.04383206483766647,652.0,0.012405868619680405,1200.0,0.027738212264546737
1337.0,0.031043410301208496,800.0,0.04383206483766647,400.0,-0.06345510482788086,1200.0,0.027738212264546737
173.4650127,-0.1291713686659932,800.0,0.04383206483766647,1500.0,0.005406023934483528,1200.0,0.027738212264546737
600.0,0.017845235764980316,800.0,0.04383206483766647,800.0,0.045820413157343864,1200.0,0.027738212264546737
1200.0,0.03982294537127018,800.0,0.04383206483766647,500.0,0.03660598024725914,1200.0,0.027738212264546737
520.0,0.057952352333813906,800.0,0.04383206483766647,217.39,-0.11091118678450584,1200.0,0.027738212264546737
200.0,-0.15346032101660967,800.0,0.04383206483766647,1200.0,0.03999494947493076,1200.0,0.027738212264546737
781.0,0.054366447031497955,800.0,0.04383206483766647,1250.0,0.025141178630292416,1200.0,0.027738212264546737
300.0,-0.11664608493447304,800.0,0.04383206483766647,1080.0,0.0318624023348093,1200.0,0.027738212264546737
600.0,0.04157078266143799,800.0,0.04383206483766647,1000.0,0.0553861279040575,1200.0,0.027738212264546737
400.0,-0.06791662238538265,800.0,0.04383206483766647,500.0,0.04840417951345444,1200.0,0.027738212264546737
830.0,0.04500686563551426,800.0,0.04383206483766647,156.25,-0.07762862741947174,1200.0,0.027738212264546737
350.0,-0.06730663031339645,800.0,0.04383206483766647,1320.0,0.017849242314696312,1200.0,0.027738212264546737
3000.0,-0.11688176915049553,800.0,0.04383206483766647,384.62,-0.06349018216133118,1200.0,0.027738212264546737
200.0,-0.11173102259635925,800.0,0.04383206483766647,1000.0,0.09101698361337185,1200.0,0.027738212264546737
1200.0,0.013794021680951118,800.0,0.04383206483766647,750.0,0.04829222708940506,1200.0,0.027738212264546737
144.0,-0.15024202689528465,800.0,0.04383206483766647,1300.0,0.023911546915769577,1200.0,0.027738212264546737
300.0,-0.119618053548038,800.0,0.04383206483766647,240.0,-0.13854178506880999,1200.0,0.027738212264546737
1000.0,0.0441226102411747,800.0,0.04383206483766647,555.56,-0.018992497585713863,1200.0,0.027738212264546737
347.802802,-0.12405278906226158,800.0,0.04383206483766647,800.0,0.061173953115940094,1200.0,0.027738212264546737
1600.0,-0.014738772995769978,800.0,0.04383206483766647,1200.0,0.0043699671514332294,1200.0,0.027738212264546737
325.0,-0.08461478352546692,800.0,0.04383206483766647,454.55,-0.013038186123594642,1200.0,0.027738212264546737
800.0,0.04386116378009319,800.0,0.04383206483766647,1100.0,0.03353101573884487,1200.0,0.027738212264546737
1800.0,-0.025327366776764393,800.0,0.04383206483766647,1400.0,0.04554474353790283,1200.0,0.027738212264546737
1500.0,-0.043774284422397614,800.0,0.04383206483766647,1600.0,0.0045937430113554,1200.0,0.027738212264546737
200.0,-0.11614049598574638,800.0,0.04383206483766647,1300.0,0.04730839654803276,1201.058215,0.027696506117402656
100.0,-0.10610470012761652,800.0,0.04383206483766647,600.0,0.017244882881641388,1210.996506,0.027599773088242026
900.0,0.051179107278585434,800.0,0.04383206483766647,1500.0,0.011458953842520714,1250.0,0.026884467191452197
1180.0,0.030756342224776745,800.0,0.04383206483766647,1125.0,0.04532869532704353,1250.0,0.026884467191452197
500.0,0.029702057130634785,800.0,0.04383206483766647,1400.0,0.022615560330450535,1250.0,0.026884467191452197
1400.0,0.03642803058028221,800.0,0.04383206483766647,1250.0,0.031169917434453964,1250.0,0.026884467191452197
1040.0,0.05053473450243473,800.0,0.04383206483766647,1100.0,0.05065228417515755,1250.0,0.026884467191452197
800.0,0.058153385296463966,800.0,0.04383206483766647,800.0,0.04249446466565132,1250.0,0.026884467191452197
400.0,-0.054324690252542496,827.0676692,0.04500905484843622,750.0,0.0040755486115813255,1250.0,0.026884467191452197
500.0,0.018823410384356976,830.0,0.044952005828489565,1800.0,-0.018533285707235336,1250.0,0.026884467191452197
750.0,0.041091315913945436,833.33,0.04500243798654406,2400.0,-0.056069061160087585,1250.0,0.026884467191452197
2000.0,-0.0578432297334075,833.3333333,0.04500260271271485,1400.0,0.025537751615047455,1250.0,0.026884467191452197
744.68,0.05492477864027023,850.0,0.044936688987980776,312.5,-0.09119966626167297,1250.0,0.026884467191452197
700.0,0.033850469160825014,850.0,0.044936688987980776,800.0,0.034403882920742035,1250.0,0.026884467191452197
600.0,0.0522712804377079,865.8008658,0.044493313723970467,1199.602147,0.022593099623918533,1250.0,0.026884467191452197
740.0,0.03184051439166069,870.0,0.04434981272903992,200.0,-0.09726550430059433,1250.0,0.026884467191452197
350.0,-0.07269432581961155,870.0,0.04434981272903992,1201.058215,0.039158059284090996,1250.0,0.026884467191452197
1250.0,0.01457774918526411,870.0,0.04434981272903992,600.0,0.01497580111026764,1250.0,0.026884467191452197
1339.285714,0.039819241501390934,870.0,0.04434981272903992,758.0,0.033517468720674515,1250.0,0.026884467191452197
1300.0,0.056270137429237366,870.0,0.04434981272903992,1050.0,0.03833899833261967,1270.0,0.02580152710302679
250.0,-0.15401000156998634,870.0,0.04434981272903992,1200.0,0.031532770954072475,1275.0,0.025518691916996874
600.0,0.053743526339530945,875.0,0.04417631949224349,500.0,0.010734956711530685,1297.888849,0.024155433827769315
250.0,-0.12285006605088711,875.0,0.04417631949224349,700.0,0.005487535148859024,1300.0,0.024024503343063823
950.0,0.04043936217203736,875.0,0.04417631949224349,2400.0,-0.040762214455753565,1300.0,0.024024503343063823
1220.0,0.021263020113110542,875.0,0.04417631949224349,1000.0,0.037052787840366364,1300.0,0.024024503343063823
950.0,0.04685795586556196,890.52,0.044289090310930285,100.207825,-0.09143633022904396,1300.0,0.024024503343063823
1940.0,-0.046092668548226357,890.52,0.044289090310930285,600.0,0.009669678285717964,1300.0,0.024024503343063823
500.0,0.014094455167651176,890.52,0.044289090310930285,1490.544122,-0.033157844096422195,1300.0,0.024024503343063823
833.33,0.0682232566177845,890.52,0.044289090310930285,1800.0,-0.013301657512784004,1300.0,0.024024503343063823
203.49,-0.1425218414515257,892.8571429,0.044192234864446345,333.3333333,-0.07480356469750404,1300.0,0.024024503343063823
800.0,0.06024365685880184,900.0,0.04389540121012533,500.0,-0.010238499380648136,1313.407036,0.02317650054783468
1200.0,0.003990067634731531,900.0,0.04389540121012533,1200.0,0.01707162894308567,1320.0,0.022750642451213127
1100.0,0.03337013255804777,900.0,0.04389540121012533,357.14,-0.08065485022962093,1320.0,0.022750642451213127
700.0,0.03600482456386089,900.0,0.04389540121012533,800.0,0.03977012448012829,1320.0,0.022750642451213127
892.8571429,0.05142640694975853,900.0,0.04389540121012533,1200.0,0.021761230193078518,1357.0,0.020293544390663276
700.0,0.03657977096736431,900.0,0.04389540121012533,1400.0,0.02496296726167202,1398.998612,0.017441603819455077
1200.0,0.03136146068572998,900.0,0.04389540121012533,480.0,0.03371712286025286,1400.0,0.01737330700687177
300.0,-0.10614005569368601,900.0,0.04389540121012533,1800.0,-0.02397470735013485,1400.0,0.01737330700687177
2000.0,-0.040955694392323494,900.0,0.04389540121012533,800.0,0.040481497533619404,1400.0,0.01737330700687177
2500.0,-0.061981845647096634,900.0,0.04389540121012533,1200.0,0.025532501749694347,1400.0,0.01737330700687177
1000.0,0.03898475505411625,900.0,0.04389540121012533,1200.0,0.0250735804438591,1400.0,0.01737330700687177
138.9463453,-0.11336896568536758,900.0,0.04389540121012533,222.33015,-0.1234285719692707,1400.0,0.01737330700687177
400.0,-0.03456634841859341,900.0,0.04389540121012533,926.0,0.030708677135407925,1400.0,0.01737330700687177
800.0,0.07310063019394875,900.0,0.04389540121012533,1200.0,0.0242589944973588,1400.0,0.01737330700687177
800.0,0.06375088356435299,900.0,0.04389540121012533,600.0,0.02889227122068405,1400.0,0.01737330700687177
2800.0,-0.11613467102870345,900.0,0.04389540121012533,1050.0,0.0436580665409565,1400.0,0.01737330700687177
590.0,0.02797410637140274,900.0,0.04389540121012533,360.0,-0.045197103172540665,1400.0,0.01737330700687177
1000.0,0.05135738663375378,900.0,0.04389540121012533,1600.0,0.003810095600783825,1400.0,0.01737330700687177
1000.0,0.051396737806499004,900.0,0.04389540121012533,400.0,-0.06564584374427795,1400.0,0.01737330700687177
486.11,0.024852474220097065,900.0,0.04389540121012533,800.0,0.04487260431051254,1400.0,0.01737330700687177
50.0,-0.09235404804348946,900.0,0.04389540121012533,700.0,-0.01488344557583332,1400.0,0.01737330700687177
700.0,0.044636091217398643,900.0,0.04389540121012533,1170.0,0.03550875373184681,1400.0,0.01737330700687177
1000.0,0.05230776034295559,900.0,0.04389540121012533,480.0,0.01174177136272192,1400.0,0.01737330700687177
600.0,0.03524356335401535,900.0,0.04389540121012533,1500.0,0.015976449474692345,1400.0,0.01737330700687177
545.4545455,0.03313077986240387,925.9259259,0.04282249264286455,850.0,0.03322291933000088,1400.0,0.01737330700687177
800.0,0.0576428072527051,945.95,0.04214101595664381,2000.0,-0.02966519445180893,1400.0,0.01737330700687177
1093.75,0.05288228392601013,950.0,0.04206952566548587,1400.0,0.025546550750732422,1400.0,0.01737330700687177
400.0,-0.04457491263747215,950.0,0.04206952566548587,800.0,0.029719593934714794,1400.0,0.01737330700687177
1200.0,0.03378038480877876,950.0,0.04206952566548587,1300.0,0.05469333752989769,1400.0,0.01737330700687177
1200.0,0.019163545221090317,950.0,0.04206952566548587,700.0,0.01589861884713173,1400.0,0.01737330700687177
500.0,0.01763081643730402,950.0,0.04206952566548587,800.0,0.03706055460497737,1400.0,0.01737330700687177
300.0,-0.1169200912117958,950.0,0.04206952566548587,840.0,0.029686778783798218,1400.0,0.01737330700687177
800.0,0.061016958206892014,950.0,0.04206952566548587,1200.0,0.020724267698824406,1400.0,0.01737330700687177
545.4545455,0.0424023624509573,950.0,0.04206952566548587,1200.0,0.02316460944712162,1400.0,0.01737330700687177
673.08,0.03333635255694389,950.0,0.04206952566548587,455.0,0.0060758949257433414,1400.0,0.01737330700687177
600.0,0.04798806644976139,950.0,0.04206952566548587,833.3333333,0.03682662546634674,1400.0,0.01737330700687177
100.0,-0.08657243475317955,950.0,0.04206952566548587,1250.0,0.02989702671766281,1400.0,0.01737330700687177
890.52,0.046017780900001526,960.0,0.04163093174925315,125.0,-0.08475617691874504,1430.0,0.015325770959645239
200.0,-0.14438387379050255,960.0,0.04163093174925315,800.0,0.03875367157161236,1440.0,0.014643065825085634
800.0,0.054545123130083084,960.0,0.04163093174925315,277.78,-0.08493224531412125,1440.0,0.014643065825085634
312.5,-0.10566811449825764,960.0,0.04163093174925315,277.78,-0.10464669391512871,1490.544122,0.011160531883485252
1800.0,-0.028189323842525482,974.025974,0.04098583865082336,2000.0,-0.03158795274794102,1500.0,0.010492623429656896
1500.0,-0.0030935006216168404,1000.0,0.03964740415066892,2000.0,-0.02630535513162613,1500.0,0.010492623429656896
500.0,0.02797311171889305,1000.0,0.03964740415066892,100.0,-0.09178759716451168,1500.0,0.010492623429656896
2083.333333,-0.05641546240076423,1000.0,0.03964740415066892,800.0,0.061266399919986725,1500.0,0.010492623429656896
350.0,-0.05397321283817291,1000.0,0.03964740415066892,2400.0,-0.06495260633528233,1500.0,0.010492623429656896
300.0,-0.08692479878664017,1000.0,0.03964740415066892,500.0,0.017950890585780144,1500.0,0.010492623429656896
1200.0,0.014229945838451385,1000.0,0.03964740415066892,1000.0,0.05753622576594353,1500.0,0.010492623429656896
1500.0,-0.004239318892359734,1000.0,0.03964740415066892,100.0,-0.0838538259267807,1500.0,0.010492623429656896
1100.0,0.0448019839823246,1000.0,0.03964740415066892,500.0,0.03130359202623367,1500.0,0.010492623429656896
700.0,0.03577076271176338,1000.0,0.03964740415066892,1500.0,0.011066471226513386,1500.0,0.010492623429656896
1000.0,0.050744527485221624,1000.0,0.03964740415066892,800.0,0.03976898454129696,1500.0,0.010492623429656896
800.0,0.056244535371661186,1000.0,0.03964740415066892,200.0,-0.10586956888437271,1500.0,0.010492623429656896
1100.0,0.04563603922724724,1000.0,0.03964740415066892,1200.0,0.04944652412086725,1520.0,0.00905979312344258
1097.560976,0.06067292019724846,1000.0,0.03964740415066892,600.0,0.018256042152643204,1520.0,0.00905979312344258
1600.0,-0.01596897467970848,1000.0,0.03964740415066892,1200.0,0.026977558620274067,1560.0,0.006127069506894775
400.0,-0.04346306249499321,1000.0,0.03964740415066892,1060.0,0.03343569487333298,1600.0,0.0031430409716757
3209.48,-0.14407007955014706,1000.0,0.03964740415066892,625.0,-0.0217424388974905,1600.0,0.0031430409716757
277.3352218,-0.1675316635519266,1000.0,0.03964740415066892,500.0,-0.017893264070153236,1600.0,0.0031430409716757
1934.52381,-0.043150121346116066,1000.0,0.03964740415066892,1500.0,-0.030098624527454376,1600.0,0.0031430409716757
870.0,0.04954306036233902,1000.0,0.03964740415066892,800.0,0.030244032386690378,1600.0,0.0031430409716757
209.58,-0.14469892159104347,1000.0,0.03964740415066892,720.0,-0.023423166014254093,1600.0,0.0031430409716757
750.0,0.04962117224931717,1000.0,0.03964740415066892,1400.0,0.048533614724874496,1600.0,0.0031430409716757
1372.54902,0.019723815843462944,1000.0,0.03964740415066892,840.0,0.013528473675251007,1600.0,0.0031430409716757
500.0,0.045075125992298126,1000.0,0.03964740415066892,294.12,-0.10196459293365479,1600.0,0.0031430409716757
400.0,-0.046968117356300354,1000.0,0.03964740415066892,300.0,-0.08619298040866852,1600.0,0.0031430409716757
200.0,-0.14159388281404972,1000.0,0.03964740415066892,2000.0,-0.03868063539266586,1600.0,0.0031430409716757
800.0,0.06300337240099907,1000.0,0.03964740415066892,1800.0,-0.02082124724984169,1600.0,0.0031430409716757
500.0,0.03756079263985157,1000.0,0.03964740415066892,400.0,-0.03716791234910488,1600.0,0.0031430409716757
100.0,-0.10850706323981285,1000.0,0.03964740415066892,1100.0,0.04479483142495155,1600.0,0.0031430409716757
350.0,-0.07412866875529289,1000.0,0.03964740415066892,160.4,-0.07617412135004997,1600.0,0.0031430409716757
1000.0,0.05227728933095932,1000.0,0.03964740415066892,300.0,-0.09061734564602375,1600.0,0.0031430409716757
1200.0,0.006709239911288023,1000.0,0.03964740415066892,400.33603,-0.07038016058504581,1600.0,0.0031430409716757
200.0,-0.1143520139157772,1000.0,0.03964740415066892,500.0,-0.01801246590912342,1600.0,0.0031430409716757
700.0,0.03800540044903755,1000.0,0.03964740415066892,1250.0,0.032686684280633926,1600.0,0.0031430409716757
200.0,-0.1167992539703846,1000.0,0.03964740415066892,600.0,0.014600684866309166,1604.40489,0.0028130199995650353
598.2905983,0.044288093224167824,1000.0,0.03964740415066892,650.0,0.004685124382376671,1666.67,-0.0018540613550699964
600.0,0.026442285627126694,1000.0,0.03964740415066892,1200.0,0.02977167908102274,1800.0,-0.011794117592125774
1180.0,0.0316639628726989,1000.0,0.03964740415066892,3400.0,-0.11999196466058493,1800.0,-0.011794117592125774
1500.0,-0.010452482849359512,1000.0,0.03964740415066892,1400.0,0.03687938489019871,1800.0,-0.011794117592125774
1200.0,0.022158160340040922,1000.0,0.03964740415066892,1200.0,0.04399731196463108,1800.0,-0.011794117592125774
277.0,-0.13638542592525482,1000.0,0.03964740415066892,500.0,0.007118472829461098,1800.0,-0.011794117592125774
1400.0,0.02770784543827176,1000.0,0.03964740415066892,1500.0,-0.022667747922241688,1800.0,-0.011794117592125774
600.0,0.0622914656996727,1000.0,0.03964740415066892,400.0,-0.06589527800679207,1800.0,-0.011794117592125774
1300.0,0.024314058013260365,1000.0,0.03964740415066892,600.0,0.01726539060473442,1800.0,-0.011794117592125774
700.0,0.029330331832170486,1000.0,0.03964740415066892,1800.0,-0.011096262373030186,1800.0,-0.011794117592125774
300.0,-0.09853186085820198,1000.0,0.03964740415066892,1275.0,0.021542320027947426,1800.0,-0.011794117592125774
200.0,-0.1110830120742321,1000.0,0.03964740415066892,5000.0,-0.12171677220612764,1800.0,-0.011794117592125774
666.6666667,0.04975565895438194,1000.0,0.03964740415066892,2400.0,-0.0683241430670023,1800.0,-0.011794117592125774
300.0,-0.11834029108285904,1000.0,0.03964740415066892,800.0,0.02936258167028427,1800.0,-0.011794117592125774
432.9004329,0.004292724654078484,1014.492754,0.03881758544237029,500.0,-0.02537328191101551,1800.0,-0.011794117592125774
1600.0,-0.018651483114808798,1040.0,0.037194988540074365,975.0,0.03761101979762316,1800.0,-0.011794117592125774
1014.492754,0.04050404764711857,1040.0,0.037194988540074365,1200.0,0.03627675585448742,1800.0,-0.011794117592125774
400.0,-0.05547285685315728,1040.0,0.037194988540074365,800.0,0.04656707029789686,1800.0,-0.011794117592125774
600.0,0.041626906022429466,1041.666667,0.03708232979689221,100.0,-0.11666658334434032,1800.0,-0.011794117592125774
400.0,-0.044141435995697975,1042.0,0.03705970830667563,600.0,-0.008251303806900978,1879.813669,-0.017830046242938904
1071.428571,0.052467796951532364,1046.511628,0.03675061598673147,1520.0,-0.015259284526109695,1950.0,-0.023233051785126416
1666.666667,-0.027276335284113884,1050.0,0.03650798821014636,600.0,0.02081236243247986,2000.0,-0.027116735257394525
1000.0,0.08071446046233177,1053.8,0.036345848716666934,2000.0,-0.051658136770129204,2000.0,-0.027116735257394525
714.2857143,0.02718842774629593,1058.201058,0.036152956091997084,125.77855,-0.09241850860416889,2000.0,-0.027116735257394525
1500.0,-0.017520220950245857,1060.0,0.036072522152571306,1000.0,0.03619618900120258,2000.0,-0.027116735257394525
200.0,-0.17274026200175285,1060.0,0.036072522152571306,720.0,-0.007760496810078621,2000.0,-0.027116735257394525
800.0,0.05156329181045294,1060.0,0.036072522152571306,240.0,-0.14746304601430893,2000.0,-0.027116735257394525
182.29,-0.12019830383360386,1060.0,0.036072522152571306,333.33,-0.08260689675807953,2000.0,-0.027116735257394525
450.0,0.02162991277873516,1060.0,0.036072522152571306,800.0,0.055249955505132675,2000.0,-0.027116735257394525
1000.0,0.0476361489854753,1071.428571,0.03532089422255325,454.55,-0.015494486084207892,2000.0,-0.027116735257394525
1406.926407,0.028832710348069668,1080.0,0.03474874882559995,263.16,-0.1166742593050003,2000.0,-0.027116735257394525
1667.0,-0.015783216804265976,1093.75,0.033726103303372126,800.0,0.03225462883710861,2000.0,-0.027116735257394525
800.0,0.0553215928375721,1097.560976,0.03345194205642098,299.4454677,-0.10075456323102117,2000.0,-0.027116735257394525
700.0,0.03867147117853165,1100.0,0.033254013296452466,2000.0,-0.036022476851940155,2000.0,-0.027116735257394525
1100.0,0.028201913461089134,1100.0,0.033254013296452466,1400.0,0.03175298776477575,2000.0,-0.027116735257394525
900.0,0.050045138224959373,1100.0,0.033254013296452466,600.0,0.021864544600248337,2000.0,-0.027116735257394525
800.0,0.047970183193683624,1100.0,0.033254013296452466,2400.0,-0.06409307569265366,2000.0,-0.027116735257394525
560.0,0.04039081931114197,1100.0,0.033254013296452466,1200.0,0.01816075947135687,2000.0,-0.027116735257394525
400.0,-0.014846472069621086,1100.0,0.033254013296452466,1250.0,0.07987161353230476,2000.0,-0.027116735257394525
800.0,0.06915969029068947,1100.0,0.033254013296452466,1800.0,0.0003240518271923065,2000.0,-0.027116735257394525
380.0,-0.05677468329668045,1100.0,0.033254013296452466,357.14,-0.0860978327691555,2000.0,-0.027116735257394525
500.0,0.014099918771535158,1100.0,0.033254013296452466,1600.0,0.017767000943422318,2138.989401,-0.037899369333561014
800.0,0.054826621897518635,1100.0,0.033254013296452466,416.67,-0.03749785013496876,2200.0,-0.042564888017988516
2400.0,-0.07935609109699726,1100.0,0.033254013296452466,2000.0,-0.012336600571870804,2400.0,-0.057586649841538544
200.0,-0.10708879958838224,1100.0,0.033254013296452466,400.0,-0.03944181650876999,2400.0,-0.057586649841538544
150.0,-0.10655897110700607,1100.0,0.033254013296452466,1080.0,0.04923525359481573,2400.0,-0.057586649841538544
700.0,0.06952222436666489,1100.0,0.033254013296452466,500.0,0.029377629980444908,2400.0,-0.057586649841538544
325.0,-0.09056448191404343,1180.0,0.02694277936539146,1200.0,0.025842566043138504,2400.0,-0.057586649841538544
739.5,0.04016043245792389,1180.0,0.02694277936539146,500.0,0.030051082372665405,2400.0,-0.057586649841538544
2000.0,-0.04559269268065691,1180.0,0.02694277936539146,277.78,-0.10038035735487938,2400.0,-0.057586649841538544
500.0,0.032013227231800556,1180.0,0.02694277936539146,1560.0,-0.0358502590097487,2400.0,-0.057586649841538544
750.0,0.048131681978702545,1180.0,0.02694277936539146,710.7151464,0.003524698317050934,2400.0,-0.057586649841538544
250.0,-0.17662962153553963,1180.0,0.02694277936539146,3000.0,-0.12709212489426136,2400.0,-0.057586649841538544
300.0,-0.08915352635085583,1190.47619,0.025975349767420705,500.0,0.018403317779302597,2400.0,-0.057586649841538544
400.0,-0.05367790907621384,1190.47619,0.025975349767420705,450.0,0.009521142579615116,2400.0,-0.057586649841538544
200.0,-0.12809100560843945,1190.47619,0.025975349767420705,2400.0,-0.059511423110961914,2500.0,-0.06502671260945345
1500.0,-0.012484705075621605,1200.0,0.025094289981454507,600.0,0.006214350461959839,2600.0,-0.07245940174778374
550.0,0.06658715568482876,1200.0,0.025094289981454507,1100.0,0.05330889672040939,3000.0,-0.10227826308730488
1000.0,0.04701661877334118,1200.0,0.025094289981454507,400.0,-0.039634885266423225,3000.0,-0.10227826308730488
300.0,-0.10993339121341705,1200.0,0.025094289981454507,500.0,0.013193042017519474,3000.0,-0.10227826308730488
300.0,-0.11171578802168369,1200.0,0.025094289981454507,178.57,-0.08284362778067589,3200.0,-0.11724648740566555
960.0,0.04903614008799195,1200.0,0.025094289981454507,1200.0,0.03469424648210406,3400.0,-0.13220818149682428
300.0,-0.09179136715829372,1200.0,0.025094289981454507,200.0,-0.12292514741420746,3600.0,-0.1471236578748012
1000.0,0.0317710735835135,1200.0,0.025094289981454507,2400.0,-0.06749322451651096,5000.0,-0.2500311772359468
1000.0,0.053147606551647186,1200.0,0.025094289981454507,1100.0,0.04486660845577717,10000.0,-0.17563237021133482
300.0,-0.08520768862217665,1200.0,0.025094289981454507,,,,
500.0,0.04439601767808199,1200.0,0.025094289981454507,,,,
620.0,0.027849894016981125,1200.0,0.025094289981454507,,,,
300.0,-0.09681625291705132,1200.0,0.025094289981454507,,,,
1000.0,0.051841418258845806,1200.0,0.025094289981454507,,,,
500.0,0.022540289908647537,1200.0,0.025094289981454507,,,,
380.0,-0.06415645219385624,1200.0,0.025094289981454507,,,,
900.0,0.04113944619894028,1200.0,0.025094289981454507,,,,
500.0,0.02296745404601097,1200.0,0.025094289981454507,,,,
700.0,0.032915749587118626,1200.0,0.025094289981454507,,,,
1000.0,0.05387060530483723,1200.0,0.025094289981454507,,,,
2400.0,-0.06808944046497345,1200.0,0.025094289981454507,,,,
500.0,0.01723543182015419,1200.0,0.025094289981454507,,,,
1500.0,-0.02181676495820284,1200.0,0.025094289981454507,,,,
1200.0,0.011653391644358635,1200.0,0.025094289981454507,,,,
1000.0,0.07294781506061554,1200.0,0.025094289981454507,,,,
200.0,-0.14165667816996574,1200.0,0.025094289981454507,,,,
800.0,0.04486708249896765,1200.0,0.025094289981454507,,,,
900.0,0.04531023092567921,1200.0,0.025094289981454507,,,,
800.0,0.05130155198276043,1200.0,0.025094289981454507,,,,
400.0,-0.04523030109703541,1200.0,0.025094289981454507,,,,
600.0,0.04628997482359409,1200.0,0.025094289981454507,,,,
2202.380952,-0.0688069649040699,1200.0,0.025094289981454507,,,,
500.0,0.030338509008288383,1200.0,0.025094289981454507,,,,
800.0,0.04760819673538208,1200.0,0.025094289981454507,,,,
600.0,0.04566597938537598,1200.0,0.025094289981454507,,,,
1309.52381,0.02537316456437111,1200.0,0.025094289981454507,,,,
1304.347826,0.039769914001226425,1200.0,0.025094289981454507,,,,
560.0,0.03886309638619423,1200.0,0.025094289981454507,,,,
800.0,0.07276789471507072,1200.0,0.025094289981454507,,,,
255.47,-0.15783338993787766,1200.0,0.025094289981454507,,,,
1500.0,-0.013153336942195892,1200.0,0.025094289981454507,,,,
173.27,-0.11560506001114845,1200.0,0.025094289981454507,,,,
1600.0,-0.009209507144987583,1200.0,0.025094289981454507,,,,
400.0,-0.05890057235956192,1200.0,0.025094289981454507,,,,
700.0,0.01754976063966751,1200.0,0.025094289981454507,,,,
800.0,0.05969745898619294,1200.0,0.025094289981454507,,,,
100.0,-0.15432153083384037,1216.216216,0.023595343555191585,,,,
3000.0,-0.14297281950712204,1220.0,0.023246299496258456,,,,
500.0,0.02857966860756278,1250.0,0.02048770496106132,,,,
666.6666667,0.05459056422114372,1250.0,0.02048770496106132,,,,
800.0,0.051658522337675095,1250.0,0.02048770496106132,,,,
600.0,0.031160494778305292,1250.0,0.02048770496106132,,,,
200.0,-0.11401742650195956,1250.0,0.02048770496106132,,,,
900.0,0.05552479811012745,1250.0,0.02048770496106132,,,,
960.0,0.06767788529396057,1250.0,0.02048770496106132,,,,
2000.0,-0.0411460530012846,1250.0,0.02048770496106132,,,,
777.7777778,0.053902989253401756,1300.0,0.015911671466172353,,,,
1940.0,-0.05797622539103031,1300.0,0.015911671466172353,,,,
1000.0,0.04761719889938831,1300.0,0.015911671466172353,,,,
1100.0,0.02734970487654209,1300.0,0.015911671466172353,,,,
1300.0,0.052200157195329666,1300.0,0.015911671466172353,,,,
350.0,-0.08585978671908379,1300.0,0.015911671466172353,,,,
380.43,-0.08065046183764935,1300.0,0.015911671466172353,,,,
600.0,0.051887089386582375,1300.0,0.015911671466172353,,,,
1000.0,0.0519989300519228,1300.0,0.015911671466172353,,,,
1100.0,0.045245545450598,1300.0,0.015911671466172353,,,,
774.6478873,0.05150067247450352,1300.0,0.015911671466172353,,,,
1680.0,-0.015496658626943827,1300.0,0.015911671466172353,,,,
1200.0,0.02290026005357504,1304.347826,0.015515113665116008,,,,
564.52,0.04012628272175789,1309.52381,0.015043416517369271,,,,
900.0,0.05895761027932167,1330.0,0.013182255707984845,,,,
520.7217238,0.059613730758428574,1337.0,0.012547973452159212,,,,
700.0,0.029674921184778214,1339.285714,0.01234107386048628,,,,
2800.0,-0.10623316513374448,1341.463415,0.012144045652542837,,,,
1455.026455,-0.019804929848760366,1368.0,0.009750112829187318,,,,
1587.301587,-0.02479796251282096,1368.0,0.009750112829187318,,,,
600.0,0.038711702451109886,1368.0,0.009750112829187318,,,,
400.0,-0.03687791246920824,1368.0,0.009750112829187318,,,,
400.0,-0.022971035912632942,1372.54902,0.009341023067566564,,,,
600.0,0.035947409458458424,1400.0,0.006880561237499454,,,,
343.14,-0.06983138527721167,1400.0,0.006880561237499454,,,,
974.025974,0.05583088845014572,1400.0,0.006880561237499454,,,,
500.0,0.013691766187548637,1400.0,0.006880561237499454,,,,
700.0,0.037645844742655754,1400.0,0.006880561237499454,,,,
200.0,-0.1486013699322939,1400.0,0.006880561237499454,,,,
1547.619048,-0.02387044206261635,1400.0,0.006880561237499454,,,,
400.0,-0.049636198207736015,1400.0,0.006880561237499454,,,,
1216.216216,0.043814513832330704,1400.0,0.006880561237499454,,,,
400.0,-0.04684758372604847,1406.926407,0.006261904018475714,,,,
700.0,0.02522536925971508,1428.571429,0.004333196345411729,,,,
1200.0,0.005047676153481007,1455.026455,0.0019828151846962845,,,,
238.1,-0.14877983927726746,1475.0,0.00021176805804609284,,,,
500.0,0.014109483454376459,1500.0,-0.0020014294177337,,,,
800.0,0.0601174533367157,1500.0,-0.0020014294177337,,,,
661.3756614,0.02744233887642622,1500.0,-0.0020014294177337,,,,
600.0,0.05441765673458576,1500.0,-0.0020014294177337,,,,
486.11,0.02900508278980851,1500.0,-0.0020014294177337,,,,
2500.0,-0.06336889043450356,1500.0,-0.0020014294177337,,,,
486.11,0.023721575271338224,1500.0,-0.0020014294177337,,,,
1940.0,-0.029484714847058058,1500.0,-0.0020014294177337,,,,
700.0,0.030235065147280693,1500.0,-0.0020014294177337,,,,
1700.0,-0.022863363148644567,1500.0,-0.0020014294177337,,,,
500.0,0.01720264181494713,1500.0,-0.0020014294177337,,,,
700.0,0.04530950356274843,1500.0,-0.0020014294177337,,,,
800.0,0.05552928056567907,1500.0,-0.0020014294177337,,,,
1600.0,-0.023040339816361666,1500.0,-0.0020014294177337,,,,
2200.0,-0.052555784583091736,1500.0,-0.0020014294177337,,,,
800.0,0.05735399294644594,1500.0,-0.0020014294177337,,,,
2800.0,-0.10635310225188732,1500.0,-0.0020014294177337,,,,
1000.0,0.04928086698055267,1500.0,-0.0020014294177337,,,,
1250.0,0.03839575685560703,1521.73913,-0.003922460689676917,,,,
700.0,0.029159779485780746,1547.619048,-0.006200686220331995,,,,
1100.0,0.05012563616037369,1587.301587,-0.009671712364164625,,,,
500.0,0.02471695840358734,1600.0,-0.010777219377709615,,,,
2100.0,-0.05119972303509712,1600.0,-0.010777219377709615,,,,
890.52,0.0491349333897233,1600.0,-0.010777219377709615,,,,
1800.0,-0.018725469708442688,1600.0,-0.010777219377709615,,,,
500.0,0.03233701176941395,1600.0,-0.010777219377709615,,,,
725.0,0.050914399325847626,1600.0,-0.010777219377709615,,,,
739.5,0.03419322706758976,1600.0,-0.010777219377709615,,,,
1060.0,0.04852660885080695,1600.0,-0.010777219377709615,,,,
725.0,0.04347218759357929,1600.0,-0.010777219377709615,,,,
454.55,0.02780759520828724,1600.0,-0.010777219377709615,,,,
870.0,0.048368203453719616,1601.731602,-0.010927785995244976,,,,
625.0,0.060570359230041504,1620.0,-0.01251351093325121,,,,
250.0,-0.16218418069183826,1666.666667,-0.016542664150855525,,,,
200.0,-0.14917836152017117,1666.666667,-0.016542664150855525,,,,
800.0,0.057405523024499416,1667.0,-0.01657133606279492,,,,
700.0,0.035428570583462715,1680.0,-0.017688226961422707,,,,
400.0,-0.028723005205392838,1680.0,-0.017688226961422707,,,,
800.0,0.05488256458193064,1680.0,-0.017688226961422707,,,,
175.0,-0.08444139547646046,1680.0,-0.017688226961422707,,,,
1200.0,0.02281464170664549,1700.0,-0.0194014327698811,,,,
1000.0,0.026719333603978157,1700.0,-0.0194014327698811,,,,
1200.0,-0.003613860346376896,1700.0,-0.0194014327698811,,,,
150.0,-0.14585501607507467,1700.0,-0.0194014327698811,,,,
600.0,0.033576834946870804,1700.0,-0.0194014327698811,,,,
150.0,-0.10213970951735973,1719.57672,-0.021072210827401,,,,
729.1666667,0.03720683604478836,1750.0,-0.023656841707806586,,,,
4000.0,-0.13585798628628254,1750.0,-0.023656841707806586,,,,
2156.862745,-0.07405160740017891,1750.0,-0.023656841707806586,,,,
1300.0,0.021001577377319336,1770.0,-0.025348714174794215,,,,
600.0,0.05558296479284763,1785.714286,-0.026674836611074972,,,,
800.0,0.06596691533923149,1800.0,-0.027878657272583145,,,,
440.0,0.025882338173687458,1800.0,-0.027878657272583145,,,,
1900.0,-0.03231299947947264,1800.0,-0.027878657272583145,,,,
750.0,0.03857333306223154,1800.0,-0.027878657272583145,,,,
700.0,0.02522592805325985,1800.0,-0.027878657272583145,,,,
950.0,0.040921371430158615,1800.0,-0.027878657272583145,,,,
300.0,-0.0879705362021923,1800.0,-0.027878657272583145,,,,
299.15,-0.1119989100843668,1800.0,-0.027878657272583145,,,,
100.0,-0.12576480582356453,1800.0,-0.027878657272583145,,,,
1957.671958,-0.04071830492466688,1800.0,-0.027878657272583145,,,,
700.0,0.04675239231437445,1836.734694,-0.030970368135533236,,,,
900.0,0.05600801855325699,1851.851852,-0.03224241511860681,,,,
440.0,0.029801704920828342,1900.0,-0.03629545302758423,,,,
402.3,-0.04337885417044163,1900.0,-0.03629545302758423,,,,
250.0,-0.15038218162953854,1920.0,-0.037978750028072224,,,,
1800.0,-0.03966061118990183,1934.52381,-0.03920097914750661,,,,
426.83,0.008516552159562707,1940.0,-0.03966179740593932,,,,
175.0,-0.1580667532980442,1940.0,-0.03966179740593932,,,,
1300.0,0.0279095396399498,1940.0,-0.03966179740593932,,,,
700.0,0.04628245532512665,1940.0,-0.03966179740593932,,,,
1700.0,-0.020878460723906755,1957.671958,-0.04114883929880217,,,,
200.0,-0.12556277588009834,2000.0,-0.0447064384695744,,,,
1300.0,0.0376766980625689,2000.0,-0.0447064384695744,,,,
500.0,0.047918278723955154,2000.0,-0.0447064384695744,,,,
595.2380952,0.03395984694361687,2000.0,-0.0447064384695744,,,,
1041.666667,0.054083590395748615,2000.0,-0.0447064384695744,,,,
1000.0,0.04032536852173507,2000.0,-0.0447064384695744,,,,
950.0,0.06830111844465137,2000.0,-0.0447064384695744,,,,
400.0,-0.02823945041745901,2000.0,-0.0447064384695744,,,,
700.0,0.04427805636078119,2000.0,-0.0447064384695744,,,,
541.1255411,0.028376267291605473,2050.0,-0.04889336263648733,,,,
1400.0,0.01806668471544981,2050.0,-0.04889336263648733,,,,
600.0,0.04453181102871895,2050.0,-0.04889336263648733,,,,
1200.0,0.0018412023782730103,2083.333333,-0.05167513997325826,,,,
1600.0,-0.01711753662675619,2100.0,-0.05306365746547073,,,,
500.0,0.0301691354252398,2156.862745,-0.057792091180182185,,,,
1800.0,-0.021546605974435806,2200.0,-0.0613729406428769,,,,
1330.0,0.02124229073524475,2200.0,-0.0613729406428769,,,,
560.0,0.053182708099484444,2200.0,-0.0613729406428769,,,,
600.0,0.044334279373288155,2200.0,-0.0613729406428769,,,,
614.04,0.05118882842361927,2202.380952,-0.06157047814415047,,,,
450.0,0.029963918030261993,2300.0,-0.06966348295785124,,,,
500.0,0.03283312823623419,2400.0,-0.0779419401955075,,,,
750.0,0.04045763052999973,2400.0,-0.0779419401955075,,,,
500.0,0.048496135510504246,2500.0,-0.08620685006545381,,,,
500.0,0.036029113456606865,2500.0,-0.08620685006545381,,,,
1190.47619,0.02668838668614626,2680.0,-0.10105034608054703,,,,
3000.0,-0.1385131971910596,2800.0,-0.11092492060896042,,,,
1200.0,0.004509829916059971,2800.0,-0.11092492060896042,,,,
1250.0,0.014842076692730188,2800.0,-0.11092492060896042,,,,
600.0,0.03936777450144291,2800.0,-0.11092492060896042,,,,
700.0,0.03299190104007721,2880.0,-0.1174996486537422,,,,
1000.0,0.03808579873293638,2980.0,-0.1257097206631189,,,,
312.5,-0.07481321506202221,3000.0,-0.12735073049677664,,,,
800.0,0.04548904672265053,3000.0,-0.12735073049677664,,,,
1600.0,-0.012248670682311058,3000.0,-0.12735073049677664,,,,
1100.0,0.03793695755302906,3000.0,-0.12735073049677664,,,,
1200.0,0.015904171392321587,3209.48,-0.1445184761138099,,,,
1500.0,-0.02394306194037199,3209.48,-0.1445184761138099,,,,
1500.0,-0.02061242051422596,3209.48,-0.1445184761138099,,,,
300.0,-0.10879015922546387,3400.0,-0.16009422686527006,,,,
222.2,-0.1518987249583006,4000.0,-0.20891245134171446,,,,
