high scan speed (mm/s) and hatch spacing (mm),shap,lowess high scan speed (mm/s) and hatch spacing (mm),lowess shap,low scan speed (mm/s) and hatch spacing (mm),shap,lowess low scan speed (mm/s) and hatch spacing (mm),lowess shap
0.13,0.003157973289489746,0.01,-0.01174965320436403,0.095,-0.014950066804885864,0.02,0.028338196159403715
0.12,0.012340197339653969,0.03,-0.00916357120150862,0.08,0.0014586672186851501,0.02,0.028338196159403715
0.0975,0.022440791130065918,0.03,-0.00916357120150862,0.11,0.02843582071363926,0.02,0.028338196159403715
0.099,-0.006226534955203533,0.03,-0.00916357120150862,0.03,0.04769086465239525,0.02,0.028338196159403715
0.1,0.002930186688899994,0.03,-0.00916357120150862,0.12,-0.06527486443519592,0.03,0.029803058961903852
0.053,0.020027097314596176,0.03,-0.00916357120150862,0.09,0.013074981048703194,0.03,0.029803058961903852
0.077,-0.002708353102207184,0.03,-0.00916357120150862,0.07,-0.005143832881003618,0.03,0.029803058961903852
0.08,0.010054633021354675,0.03,-0.00916357120150862,0.09,0.005104199051856995,0.03,0.029803058961903852
0.12,0.018956774845719337,0.03,-0.00916357120150862,0.04,0.05357054993510246,0.03,0.029803058961903852
0.07,-0.0066959187388420105,0.03,-0.00916357120150862,0.12,-0.08901222050189972,0.03,0.029803058961903852
0.13,0.018199633806943893,0.03,-0.00916357120150862,0.124,0.037612393498420715,0.04,0.0303267671776539
0.13,-0.006574328988790512,0.031,-0.009035755262266474,0.065,0.09348511695861816,0.04,0.0303267671776539
0.173,-4.354584962129593e-05,0.035,-0.008527436611498011,0.095,-0.00827644020318985,0.04,0.0303267671776539
0.1,0.006643645465373993,0.036,-0.008401250698603917,0.06,0.004024922847747803,0.04,0.0303267671776539
0.11,-0.00349573977291584,0.037,-0.008275493613315258,0.12,-0.047057539224624634,0.04,0.0303267671776539
0.09,-0.008403383195400238,0.04,-0.007901199888791522,0.12,-0.0016689803451299667,0.04,0.0303267671776539
0.11,-0.0035375431180000305,0.04,-0.007901199888791522,0.07,1.3053417205810547e-05,0.04,0.0303267671776539
0.11,-0.003628857433795929,0.04,-0.007901199888791522,0.09,0.012821115553379059,0.04,0.0303267671776539
0.12,0.031179063022136688,0.04,-0.007901199888791522,0.08,-0.016284089535474777,0.04,0.0303267671776539
0.058,0.00488169863820076,0.04,-0.007901199888791522,0.065,0.08104357123374939,0.04,0.0303267671776539
0.1,0.0068121738731861115,0.04,-0.007901199888791522,0.08,0.023963678628206253,0.04,0.0303267671776539
0.13,-0.03103712573647499,0.04,-0.007901199888791522,0.05,0.05540727078914642,0.04,0.0303267671776539
0.09,-0.017688265070319176,0.04,-0.007901199888791522,0.065,0.052710603922605515,0.04,0.0303267671776539
0.04,-0.028531525284051895,0.04,-0.007901199888791522,0.04,0.055336400866508484,0.04,0.0303267671776539
0.13,0.00823443103581667,0.04,-0.007901199888791522,0.065,0.07879471778869629,0.04,0.0303267671776539
0.12,0.02116023749113083,0.04,-0.007901199888791522,0.065,0.07997594773769379,0.04,0.0303267671776539
0.117,0.02410299703478813,0.04,-0.007901199888791522,0.09,0.01065831445157528,0.04,0.0303267671776539
0.09,-0.0033717602491378784,0.04,-0.007901199888791522,0.1,-0.0025525838136672974,0.04,0.0303267671776539
0.05,0.0032803118228912354,0.04,-0.007901199888791522,0.1,0.010909728705883026,0.04,0.0303267671776539
0.157,-0.009659048169851303,0.04,-0.007901199888791522,0.065,0.07749893516302109,0.04,0.0303267671776539
0.04,-0.024417005479335785,0.04,-0.007901199888791522,0.13,-0.04946357011795044,0.04,0.0303267671776539
0.08,0.005577225238084793,0.04,-0.007901199888791522,0.08,0.013332121074199677,0.04,0.0303267671776539
0.13,0.005239404737949371,0.04,-0.007901199888791522,0.12,-0.014732114970684052,0.04,0.0303267671776539
0.1,0.005902983248233795,0.04,-0.007901199888791522,0.06,-0.005587130784988403,0.04,0.0303267671776539
0.1,0.0016524549573659897,0.04,-0.007901199888791522,0.12,-0.057422935962677,0.045,0.030238006099845016
0.14,0.007588911801576614,0.04,-0.007901199888791522,0.07,-0.012262705713510513,0.05,0.029890184860981384
0.12,0.013750753365457058,0.04,-0.007901199888791522,0.05,0.011726867407560349,0.05,0.029890184860981384
0.11,-0.006880022585391998,0.04,-0.007901199888791522,0.12,-0.013628498651087284,0.05,0.029890184860981384
0.14,0.030268065631389618,0.04,-0.007901199888791522,0.12,-0.07535094022750854,0.05,0.029890184860981384
0.04,-0.0003000367432832718,0.04,-0.007901199888791522,0.07,-0.01994439959526062,0.05,0.029890184860981384
0.12,0.016155466437339783,0.04,-0.007901199888791522,0.11,0.004861414432525635,0.05,0.029890184860981384
0.06,0.06752323359251022,0.04,-0.007901199888791522,0.1,-0.003668431658297777,0.05,0.029890184860981384
0.11,-0.00597454234957695,0.04,-0.007901199888791522,0.12,0.00205363892018795,0.05,0.029890184860981384
0.042,0.03020322322845459,0.04,-0.007901199888791522,0.14,-0.011293925344944,0.05,0.029890184860981384
0.12,0.032064393162727356,0.04,-0.007901199888791522,0.14,0.008625686168670654,0.05,0.029890184860981384
0.12,-0.009162545204162598,0.042,-0.007654482252888921,0.09,0.006964271888136864,0.05,0.029890184860981384
0.08,0.007809888571500778,0.042,-0.007654482252888921,0.065,0.0977592021226883,0.05,0.029890184860981384
0.12,0.01334768533706665,0.042,-0.007654482252888921,0.13,-0.005720996763557196,0.05,0.029890184860981384
0.08,-0.01972050964832306,0.044,-0.007409773402337496,0.14,0.010705605149269104,0.05,0.029890184860981384
0.09,0.003981627523899078,0.045,-0.007288028740951488,0.1,-0.02108772099018097,0.05,0.029890184860981384
0.09,0.009230207651853561,0.045,-0.007288028740951488,0.05,0.038551174104213715,0.05,0.029890184860981384
0.13,0.02043742686510086,0.046,-0.007166607271921125,0.08,0.007564805448055267,0.05,0.029890184860981384
0.13,0.010278657078742981,0.05,-0.006682317552669188,0.09,0.04325106739997864,0.05,0.029890184860981384
0.07,-0.003344654105603695,0.05,-0.006682317552669188,0.02,-0.03636749088764191,0.05,0.029890184860981384
0.13,0.020434826612472534,0.05,-0.006682317552669188,0.09,-0.0024536773562431335,0.05,0.029890184860981384
0.09,-0.003017852082848549,0.05,-0.006682317552669188,0.1,-0.005173251032829285,0.05,0.029890184860981384
0.01,-0.005491070449352264,0.05,-0.006682317552669188,0.09,-0.0030522197484970093,0.05,0.029890184860981384
0.088,-9.98321920633316e-05,0.05,-0.006682317552669188,0.09,0.013231972232460976,0.05,0.029890184860981384
0.12,0.05268099159002304,0.05,-0.006682317552669188,0.04,0.005437374114990234,0.05,0.029890184860981384
0.08,-0.054107915610075,0.05,-0.006682317552669188,0.11,0.01312457025051117,0.05,0.029890184860981384
0.075,-0.008237410336732864,0.05,-0.006682317552669188,0.114,-0.06232539564371109,0.05,0.029890184860981384
0.1,0.0004526004195213318,0.05,-0.006682317552669188,0.14,-0.02848934382200241,0.06,0.028095834924454
0.07,-0.005743630230426788,0.05,-0.006682317552669188,0.13,-0.01610494591295719,0.06,0.028095834924454
0.12,0.018631981685757637,0.05,-0.006682317552669188,0.11,-0.0026467368006706238,0.06,0.028095834924454
0.12,0.011964324861764908,0.05,-0.006682317552669188,0.12,-0.01809593290090561,0.06,0.028095834924454
0.13,-0.004876643419265747,0.05,-0.006682317552669188,0.06,0.0017572194337844849,0.06,0.028095834924454
0.04,-0.008559240028262138,0.05,-0.006682317552669188,0.12,-0.07588967680931091,0.06,0.028095834924454
0.13,0.010772541165351868,0.05,-0.006682317552669188,0.12,-0.054523199796676636,0.06,0.028095834924454
0.12,0.026732996106147766,0.05,-0.006682317552669188,0.12,-0.05595962703227997,0.06,0.028095834924454
0.05,-0.004391930997371674,0.05,-0.006682317552669188,0.065,0.09174329042434692,0.06,0.028095834924454
0.13,0.008098382502794266,0.05,-0.006682317552669188,0.09,0.006292376667261124,0.06,0.028095834924454
0.12,0.02936393767595291,0.05,-0.006682317552669188,0.12,-0.0600593239068985,0.06,0.028095834924454
0.11,-0.012304219417273998,0.05,-0.006682317552669188,0.276,0.027447260916233063,0.06,0.028095834924454
0.06,-0.02253001742064953,0.05,-0.006682317552669188,0.106,-0.007802266627550125,0.06,0.028095834924454
0.09,-0.008483286947011948,0.05,-0.006682317552669188,0.12,-0.07480156421661377,0.06,0.028095834924454
0.1,0.00034148991107940674,0.05,-0.006682317552669188,0.12,-0.05110703408718109,0.06,0.028095834924454
0.1,-0.018747031688690186,0.05,-0.006682317552669188,0.13,-0.03952871263027191,0.06,0.028095834924454
0.15,0.037212859839200974,0.05,-0.006682317552669188,0.05,0.056265391409397125,0.06,0.028095834924454
0.12,0.03569865971803665,0.05,-0.006682317552669188,0.13,-0.019493479281663895,0.06,0.028095834924454
0.06,-0.020792849361896515,0.05,-0.006682317552669188,0.12,-0.11016272008419037,0.06,0.028095834924454
0.08,-0.012761002406477928,0.05,-0.006682317552669188,0.11,-0.007977504283189774,0.06,0.028095834924454
0.11,-0.0052711330354213715,0.053,-0.0063175750025388465,0.08,0.03250629082322121,0.06,0.028095834924454
0.09,-0.0008122175931930542,0.055,-0.0060722865780071175,0.08,0.027531567960977554,0.06,0.028095834924454
0.13,0.01693897694349289,0.058,-0.0056991239445976305,0.09,0.008696399629116058,0.06,0.028095834924454
0.15,0.009837806224822998,0.06,-0.005445380057779183,0.04,0.03446299210190773,0.06,0.028095834924454
0.15,0.030482901260256767,0.06,-0.005445380057779183,0.12,-0.06865957379341125,0.06,0.028095834924454
0.14,0.0091099813580513,0.06,-0.005445380057779183,0.05,0.050340041518211365,0.06,0.028095834924454
0.469,-0.007869444787502289,0.06,-0.005445380057779183,0.1,-0.009659972041845322,0.06,0.028095834924454
0.1,0.002604816108942032,0.06,-0.005445380057779183,0.11,0.01178639754652977,0.06,0.028095834924454
0.08,-0.019387967884540558,0.06,-0.005445380057779183,0.065,0.07972195744514465,0.06,0.028095834924454
0.13,0.012436766177415848,0.06,-0.005445380057779183,0.09,0.0009593814611434937,0.06,0.028095834924454
0.13,0.016500484198331833,0.06,-0.005445380057779183,0.1,0.032101694494485855,0.06,0.028095834924454
0.1,-0.0013030171394348145,0.06,-0.005445380057779183,0.1,-0.036569513380527496,0.06,0.028095834924454
0.08,-0.005972124636173248,0.06,-0.005445380057779183,0.03,0.02484952285885811,0.06,0.028095834924454
0.08,-0.003660149872303009,0.06,-0.005445380057779183,0.06,-0.014893069863319397,0.06,0.028095834924454
0.14,0.0003548217937350273,0.06,-0.005445380057779183,0.07,0.0060438960790634155,0.065,0.02629260382146326
0.11,-0.026454493403434753,0.06,-0.005445380057779183,0.065,0.09040025621652603,0.065,0.02629260382146326
0.13,-0.0012036114931106567,0.06,-0.005445380057779183,0.06,0.007224023342132568,0.065,0.02629260382146326
0.11,0.007455594837665558,0.06,-0.005445380057779183,0.065,0.07433302700519562,0.065,0.02629260382146326
0.1,0.013855203986167908,0.06,-0.005445380057779183,0.12,-0.04813094437122345,0.065,0.02629260382146326
0.13,0.00799734890460968,0.06,-0.005445380057779183,0.105,0.026348717510700226,0.065,0.02629260382146326
0.1,0.0013594888150691986,0.06,-0.005445380057779183,0.551,0.02767493948340416,0.065,0.02629260382146326
0.07,-0.005047885701060295,0.06,-0.005445380057779183,0.1,0.011180344969034195,0.065,0.02629260382146326
0.08,0.008751489222049713,0.06,-0.005445380057779183,0.11,-0.003507867455482483,0.065,0.02629260382146326
0.05,-0.003299623727798462,0.06,-0.005445380057779183,0.06,-0.0038033295422792435,0.065,0.02629260382146326
0.065,-0.014288470149040222,0.06,-0.005445380057779183,0.09,-0.022352512925863266,0.065,0.02629260382146326
0.13,0.0227021723985672,0.06,-0.005445380057779183,0.14,-0.02616015076637268,0.065,0.02629260382146326
0.121,0.029038503766059875,0.06,-0.005445380057779183,0.1,-0.009902387857437134,0.065,0.02629260382146326
0.15,0.017515618354082108,0.06,-0.005445380057779183,0.14,-0.0353270024061203,0.065,0.02629260382146326
0.04,-0.030613305047154427,0.06,-0.005445380057779183,0.065,0.08438737690448761,0.065,0.02629260382146326
0.12,0.004450306296348572,0.06,-0.005445380057779183,0.065,0.07706787437200546,0.065,0.02629260382146326
0.1,-0.004010654985904694,0.06,-0.005445380057779183,0.08,-0.0026394426822662354,0.065,0.02629260382146326
0.13,-0.002002198249101639,0.06,-0.005445380057779183,0.07,0.010273225605487823,0.065,0.02629260382146326
0.05,-0.029985832050442696,0.06,-0.005445380057779183,0.065,0.11335733532905579,0.065,0.02629260382146326
0.09,0.003923509269952774,0.06,-0.005445380057779183,0.08,0.01816152222454548,0.065,0.02629260382146326
0.12,-0.004205369856208563,0.06,-0.005445380057779183,0.12,-0.05396386981010437,0.065,0.02629260382146326
0.08,-0.014061149209737778,0.06,-0.005445380057779183,0.1,-0.01505839079618454,0.065,0.02629260382146326
0.15,0.027005106210708618,0.06,-0.005445380057779183,0.065,0.07873779535293579,0.065,0.02629260382146326
0.16,0.01853621006011963,0.06,-0.005445380057779183,0.06,0.003978261258453131,0.065,0.02629260382146326
0.14,0.009873155504465103,0.06,-0.005445380057779183,0.1,-0.01319904625415802,0.065,0.02629260382146326
0.09,-0.001694604754447937,0.06,-0.005445380057779183,0.05,0.04227757453918457,0.065,0.02629260382146326
0.12,0.027422912418842316,0.06,-0.005445380057779183,0.065,0.07066049426794052,0.065,0.02629260382146326
0.14,-0.02281082049012184,0.06,-0.005445380057779183,0.12,-0.017361238598823547,0.065,0.02629260382146326
0.2,0.04316491633653641,0.06,-0.005445380057779183,0.1,0.0049199312925338745,0.065,0.02629260382146326
0.11,0.0007679387927055359,0.06,-0.005445380057779183,0.09,0.0008579418063163757,0.065,0.02629260382146326
0.1,0.001961801201105118,0.061,-0.005316618306527991,0.1,0.021606571972370148,0.065,0.02629260382146326
0.06,0.009468041360378265,0.065,-0.004786698873695858,0.12,-0.07452213764190674,0.065,0.02629260382146326
0.13,0.012767069041728973,0.065,-0.004786698873695858,0.1,0.026690486818552017,0.065,0.02629260382146326
0.11,0.0034685060381889343,0.065,-0.004786698873695858,0.11,0.013684973120689392,0.065,0.02629260382146326
0.13,-0.008398301899433136,0.065,-0.004786698873695858,0.05,0.04241624474525452,0.065,0.02629260382146326
0.08,0.00739482045173645,0.065,-0.004786698873695858,0.065,0.07413573563098907,0.065,0.02629260382146326
0.07,3.653392195701599e-05,0.065,-0.004786698873695858,0.065,0.07482151687145233,0.065,0.02629260382146326
0.08,-0.004439711570739746,0.065,-0.004786698873695858,0.12,-0.05845096707344055,0.065,0.02629260382146326
0.06,0.01870204694569111,0.065,-0.004786698873695858,0.1,-0.010363295674324036,0.065,0.02629260382146326
0.07,-0.0067685795947909355,0.065,-0.004786698873695858,0.11,0.012531625106930733,0.065,0.02629260382146326
0.06,-0.02217443473637104,0.065,-0.004786698873695858,0.15,0.008398085832595825,0.065,0.02629260382146326
0.08,-0.011038260534405708,0.065,-0.004786698873695858,0.07,0.008353658020496368,0.065,0.02629260382146326
0.14,0.01135990023612976,0.065,-0.004786698873695858,0.08,0.0088052898645401,0.065,0.02629260382146326
0.085,0.0007877051830291748,0.065,-0.004786698873695858,0.065,0.11012685298919678,0.065,0.02629260382146326
0.13,0.012597441673278809,0.065,-0.004786698873695858,0.13,-0.010716613382101059,0.065,0.02629260382146326
0.13,0.0053527578711509705,0.066,-0.004650592079201875,0.11,0.012481095269322395,0.065,0.02629260382146326
0.12,-0.026002585887908936,0.069,-0.004233369661560376,0.05,-0.016759537160396576,0.065,0.02629260382146326
0.12,0.048989519476890564,0.07,-0.004091118042784752,0.175,0.029834944754838943,0.065,0.02629260382146326
0.11,-0.0008121505379676819,0.07,-0.004091118042784752,0.03,-0.0023273229598999023,0.065,0.02629260382146326
0.157,-0.039849959313869476,0.07,-0.004091118042784752,0.126,0.05421468988060951,0.065,0.02629260382146326
0.12,0.012991048395633698,0.07,-0.004091118042784752,0.08,0.012990005314350128,0.065,0.02629260382146326
0.12,0.027163047343492508,0.07,-0.004091118042784752,0.06,0.009840697050094604,0.065,0.02629260382146326
0.15,0.04163426160812378,0.07,-0.004091118042784752,0.13,0.009720861911773682,0.065,0.02629260382146326
0.08,0.009268529713153839,0.07,-0.004091118042784752,0.05,0.01970510184764862,0.065,0.02629260382146326
0.12,0.015380151569843292,0.07,-0.004091118042784752,0.065,0.07461156696081161,0.065,0.02629260382146326
0.12,0.016727246344089508,0.07,-0.004091118042784752,0.04,-0.007407418452203274,0.065,0.02629260382146326
0.09,-0.004581846296787262,0.07,-0.004091118042784752,0.12,0.015668552368879318,0.065,0.02629260382146326
0.1,0.0035957135260105133,0.07,-0.004091118042784752,0.12,-0.00634364876896143,0.065,0.02629260382146326
0.1,0.009667836129665375,0.07,-0.004091118042784752,0.14,0.006510112434625626,0.065,0.02629260382146326
0.077,-0.005459971725940704,0.07,-0.004091118042784752,0.03,0.003876596689224243,0.065,0.02629260382146326
0.1,-0.003907237201929092,0.07,-0.004091118042784752,0.07,0.01805778034031391,0.065,0.02629260382146326
0.12,0.009404897689819336,0.07,-0.004091118042784752,0.09,-0.01790570095181465,0.065,0.02629260382146326
0.15,0.015146013349294662,0.07,-0.004091118042784752,0.08,-0.0079522505402565,0.065,0.02629260382146326
0.07,-0.003904983401298523,0.07,-0.004091118042784752,0.065,0.09092245995998383,0.065,0.02629260382146326
0.1,-0.005395322106778622,0.07,-0.004091118042784752,0.08,0.01953653246164322,0.065,0.02629260382146326
0.08,-0.020856857299804688,0.07,-0.004091118042784752,0.1,-0.009167126379907131,0.065,0.02629260382146326
0.05,0.006994929164648056,0.07,-0.004091118042784752,0.095,-0.04224134236574173,0.065,0.02629260382146326
0.1,-0.0016352459788322449,0.07,-0.004091118042784752,0.08,0.015991635620594025,0.07,0.0241667377642101
0.06,-0.024687375873327255,0.07,-0.004091118042784752,0.065,0.05320129916071892,0.07,0.0241667377642101
0.1,-0.012862101197242737,0.07,-0.004091118042784752,0.06,0.007907092571258545,0.07,0.0241667377642101
0.06,0.056937143206596375,0.07,-0.004091118042784752,0.06,0.0030560940504074097,0.07,0.0241667377642101
0.1,-0.003221612423658371,0.07,-0.004091118042784752,0.065,0.07803910225629807,0.07,0.0241667377642101
0.07,0.005906403064727783,0.07,-0.004091118042784752,0.13,-0.02579861506819725,0.07,0.0241667377642101
0.12,0.06566233932971954,0.07,-0.004091118042784752,0.065,0.10459743440151215,0.07,0.0241667377642101
0.12,0.010125413537025452,0.07,-0.004091118042784752,0.12,-0.06835567951202393,0.07,0.0241667377642101
0.04,0.005721986293792725,0.07,-0.004091118042784752,0.05,-0.005349777638912201,0.07,0.0241667377642101
0.1,0.004841631278395653,0.07,-0.004091118042784752,0.06,0.0019389986991882324,0.07,0.0241667377642101
0.105,0.001358918845653534,0.07,-0.004091118042784752,0.04,0.034785352647304535,0.07,0.0241667377642101
0.1,0.00657220184803009,0.07,-0.004091118042784752,0.11,0.029538743197917938,0.07,0.0241667377642101
0.14,0.029143251478672028,0.07,-0.004091118042784752,0.13,-0.022912099957466125,0.07,0.0241667377642101
0.1,-0.011745326220989227,0.07,-0.004091118042784752,0.075,0.015017908997833729,0.07,0.0241667377642101
0.1,-0.007516161072999239,0.07,-0.004091118042784752,0.09,0.007920697331428528,0.07,0.0241667377642101
0.075,0.009599636308848858,0.07,-0.004091118042784752,0.065,0.08375249803066254,0.07,0.0241667377642101
0.11,-0.0024706609547138214,0.07,-0.004091118042784752,0.065,0.08545956015586853,0.07,0.0241667377642101
0.15,0.044085174798965454,0.07,-0.004091118042784752,0.05,0.007087960839271545,0.07,0.0241667377642101
0.03,-0.01777227781713009,0.07,-0.004091118042784752,0.11,0.012069065123796463,0.07,0.0241667377642101
0.06,-0.027696870267391205,0.07,-0.004091118042784752,0.12,-0.059318795800209045,0.07,0.0241667377642101
0.1,-0.003190450370311737,0.07,-0.004091118042784752,0.09,0.0065016970038414,0.07,0.0241667377642101
0.14,0.028354134410619736,0.07,-0.004091118042784752,0.08,0.018216988071799278,0.07,0.0241667377642101
0.14,0.0018670009449124336,0.07,-0.004091118042784752,0.03,-0.017880238592624664,0.075,0.021583777870686157
0.2,-0.00592288002371788,0.07,-0.004091118042784752,0.12,-0.026681020855903625,0.075,0.021583777870686157
0.09,-0.010604352690279484,0.07,-0.004091118042784752,0.1,0.02806452289223671,0.075,0.021583777870686157
0.13,0.02170620858669281,0.07,-0.004091118042784752,0.065,0.07563060522079468,0.075,0.021583777870686157
0.15,0.060744695365428925,0.07,-0.004091118042784752,0.065,0.07950997352600098,0.08,0.01711627928774297
0.1,-0.0003610961139202118,0.07,-0.004091118042784752,0.15,-0.012419642880558968,0.08,0.01711627928774297
0.09,-0.0017710868269205093,0.07,-0.004091118042784752,0.065,0.08733192086219788,0.08,0.01711627928774297
0.13,0.023203164339065552,0.07,-0.004091118042784752,0.065,0.08231262862682343,0.08,0.01711627928774297
0.06,-0.029922394081950188,0.07,-0.004091118042784752,0.12,-0.0667315423488617,0.08,0.01711627928774297
0.11,-0.031356096267700195,0.07,-0.004091118042784752,0.06,0.005326216109097004,0.08,0.01711627928774297
0.12,0.017657212913036346,0.07,-0.004091118042784752,0.12,-0.005454615224152803,0.08,0.01711627928774297
0.07,-0.006730183959007263,0.07,-0.004091118042784752,0.07,0.0019555650651454926,0.08,0.01711627928774297
0.12,0.012156542390584946,0.07,-0.004091118042784752,0.126,-0.0066496506333351135,0.08,0.01711627928774297
0.12,0.016634587198495865,0.07,-0.004091118042784752,0.08,0.0028380900621414185,0.08,0.01711627928774297
0.031,0.052391186356544495,0.07,-0.004091118042784752,0.065,0.08880060911178589,0.08,0.01711627928774297
0.265,0.006572199985384941,0.07,-0.004091118042784752,0.11,0.011501811444759369,0.08,0.01711627928774297
0.12,0.008748331107199192,0.07,-0.004091118042784752,0.12,-0.0528763085603714,0.08,0.01711627928774297
0.071,-0.007664710283279419,0.07,-0.004091118042784752,0.1,0.020751621574163437,0.08,0.01711627928774297
0.12,0.022527381777763367,0.07,-0.004091118042784752,0.09,-0.006304707378149033,0.08,0.01711627928774297
0.14,0.002320844680070877,0.07,-0.004091118042784752,0.09,-0.008341562002897263,0.08,0.01711627928774297
0.13,0.010815072804689407,0.07,-0.004091118042784752,0.14,0.005339540541172028,0.08,0.01711627928774297
0.13,-0.0037595033645629883,0.071,-0.00394741486013889,0.14,0.017685145139694214,0.08,0.01711627928774297
0.11,-0.0037869978696107864,0.075,-0.0033732016924127913,0.08,0.016925951465964317,0.08,0.01711627928774297
0.08,-0.014040088281035423,0.075,-0.0033732016924127913,0.12,-0.06055733561515808,0.08,0.01711627928774297
0.08,-0.008871763944625854,0.075,-0.0033732016924127913,0.14,0.017964504659175873,0.08,0.01711627928774297
0.1,0.0006724521517753601,0.075,-0.0033732016924127913,0.1,-0.05411793291568756,0.08,0.01711627928774297
0.13,0.018478989601135254,0.075,-0.0033732016924127913,0.12,-0.06031140685081482,0.08,0.01711627928774297
0.2,0.008403470739722252,0.075,-0.0033732016924127913,0.1,-0.01889057457447052,0.08,0.01711627928774297
0.12,0.015304692089557648,0.075,-0.0033732016924127913,0.12,-0.10425135493278503,0.08,0.01711627928774297
0.2,0.04529678821563721,0.077,-0.003112652721763906,0.065,0.049557656049728394,0.08,0.01711627928774297
0.12,0.01869567483663559,0.077,-0.003112652721763906,0.06,0.003748786635696888,0.08,0.01711627928774297
0.1,-0.006244432181119919,0.077,-0.003112652721763906,0.05,0.047883424907922745,0.08,0.01711627928774297
0.1,-0.0064481161534786224,0.077,-0.003112652721763906,0.09,0.00349348783493042,0.08,0.01711627928774297
0.14,0.015324607491493225,0.077,-0.003112652721763906,0.13,-0.007195509970188141,0.08,0.01711627928774297
0.09,0.015027366578578949,0.078,-0.002998501118265118,0.1,0.01798473671078682,0.08,0.01711627928774297
0.065,-0.13143250346183777,0.078,-0.002998501118265118,0.124,0.01735064387321472,0.08,0.01711627928774297
0.07,-0.020645136013627052,0.078,-0.002998501118265118,0.12,-0.010216683149337769,0.08,0.01711627928774297
0.03,0.05296839028596878,0.08,-0.002806211761557715,0.065,0.06890671700239182,0.08,0.01711627928774297
0.13,0.013127202168107033,0.08,-0.002806211761557715,0.065,0.08708742260932922,0.08,0.01711627928774297
0.1,-0.0006967149674892426,0.08,-0.002806211761557715,0.11,0.007883131504058838,0.08,0.01711627928774297
0.13,0.0128089040517807,0.08,-0.002806211761557715,0.04,-0.0029289480298757553,0.08,0.01711627928774297
0.1,0.0039064958691596985,0.08,-0.002806211761557715,0.07,0.0037107840180397034,0.08,0.01711627928774297
0.12,0.03340311348438263,0.08,-0.002806211761557715,0.13,0.0010477975010871887,0.08,0.01711627928774297
0.09,-0.0074501801282167435,0.08,-0.002806211761557715,0.12,0.005105644464492798,0.09,0.0045966881604418254
0.12,0.019493328407406807,0.08,-0.002806211761557715,0.09,0.005912281572818756,0.09,0.0045966881604418254
0.05,-0.004667831584811211,0.08,-0.002806211761557715,0.08,-0.012552930042147636,0.09,0.0045966881604418254
0.08,-0.0025826964993029833,0.08,-0.002806211761557715,0.13,-0.00187668576836586,0.09,0.0045966881604418254
0.2,0.02208271250128746,0.08,-0.002806211761557715,0.1,0.030720693990588188,0.09,0.0045966881604418254
0.13,-0.025827651843428612,0.08,-0.002806211761557715,0.124,0.07116122543811798,0.09,0.0045966881604418254
0.1,0.0003001745790243149,0.08,-0.002806211761557715,0.09,0.005667492747306824,0.09,0.0045966881604418254
0.04,-0.029015876352787018,0.08,-0.002806211761557715,0.09,-0.021776126697659492,0.09,0.0045966881604418254
0.04,-0.029030941426753998,0.08,-0.002806211761557715,0.111,-0.036755092442035675,0.09,0.0045966881604418254
0.08,-0.0005936622619628906,0.08,-0.002806211761557715,0.075,-0.019096314907073975,0.09,0.0045966881604418254
0.13,0.01223330944776535,0.08,-0.002806211761557715,0.1,-0.016993507742881775,0.09,0.0045966881604418254
0.08,-0.009020346216857433,0.08,-0.002806211761557715,0.13,0.008862480521202087,0.09,0.0045966881604418254
0.13,-0.005370482802391052,0.08,-0.002806211761557715,0.05,0.04130345210433006,0.09,0.0045966881604418254
0.1,-0.0012037158012390137,0.08,-0.002806211761557715,0.13,-0.015635795891284943,0.09,0.0045966881604418254
0.15,0.036710284650325775,0.08,-0.002806211761557715,0.13,-0.054630570113658905,0.09,0.0045966881604418254
0.08,-0.006669431924819946,0.08,-0.002806211761557715,0.08,0.022357769310474396,0.09,0.0045966881604418254
0.12,0.009972061961889267,0.08,-0.002806211761557715,0.1,0.005554892122745514,0.09,0.0045966881604418254
0.1,-0.009384547360241413,0.08,-0.002806211761557715,0.12,0.003326933830976486,0.09,0.0045966881604418254
0.07,-0.000705815851688385,0.08,-0.002806211761557715,0.08,-0.004523459821939468,0.09,0.0045966881604418254
0.2,0.018890973180532455,0.08,-0.002806211761557715,0.04,0.009286969900131226,0.09,0.0045966881604418254
0.09,0.009676530957221985,0.08,-0.002806211761557715,0.08,0.00984194129705429,0.09,0.0045966881604418254
0.09,0.007982412353157997,0.08,-0.002806211761557715,0.12,-0.05744063854217529,0.09,0.0045966881604418254
0.09,-0.0059616342186927795,0.08,-0.002806211761557715,0.095,-0.0047312043607234955,0.09,0.0045966881604418254
0.1,0.004586987197399139,0.08,-0.002806211761557715,0.045,0.025651821866631508,0.09,0.0045966881604418254
0.129,0.016140349209308624,0.08,-0.002806211761557715,0.05,-0.00839611142873764,0.09,0.0045966881604418254
0.12,0.011601418256759644,0.08,-0.002806211761557715,0.1,0.02118794247508049,0.09,0.0045966881604418254
0.1,0.0070249661803245544,0.08,-0.002806211761557715,0.12,0.005554388742893934,0.09,0.0045966881604418254
0.06,-0.012164749205112457,0.08,-0.002806211761557715,0.06,0.02812209725379944,0.09,0.0045966881604418254
0.1,-0.0070874691009521484,0.08,-0.002806211761557715,0.04,0.029294120147824287,0.09,0.0045966881604418254
0.042,0.07785429060459137,0.08,-0.002806211761557715,0.09,0.005579855293035507,0.09,0.0045966881604418254
0.09,-0.014585117809474468,0.08,-0.002806211761557715,0.13,-0.0013217255473136902,0.09,0.0045966881604418254
0.09,-0.002165466547012329,0.08,-0.002806211761557715,0.14,-0.05939256399869919,0.09,0.0045966881604418254
0.1,-0.003919392824172974,0.08,-0.002806211761557715,0.06,0.007910959422588348,0.09,0.0045966881604418254
0.14,0.02360912412405014,0.08,-0.002806211761557715,0.1,-0.013295725919306278,0.09,0.0045966881604418254
0.04,-0.003814052790403366,0.08,-0.002806211761557715,0.12,-0.08440054953098297,0.09,0.0045966881604418254
0.06,0.02325287275016308,0.08,-0.002806211761557715,0.11,-0.003093141131103039,0.09,0.0045966881604418254
0.12,0.026242874562740326,0.08,-0.002806211761557715,0.12,-0.05880056321620941,0.09,0.0045966881604418254
0.15,0.014900674112141132,0.08,-0.002806211761557715,0.114,-0.06469985842704773,0.09,0.0045966881604418254
0.05,0.00397905707359314,0.08,-0.002806211761557715,0.12,-0.030797624960541725,0.09,0.0045966881604418254
0.13,0.008266746997833252,0.08,-0.002806211761557715,0.04,0.0160035640001297,0.09,0.0045966881604418254
0.06,0.022157685831189156,0.08,-0.002806211761557715,0.1,0.017595987766981125,0.09,0.0045966881604418254
0.12,0.010632667690515518,0.08,-0.002806211761557715,0.12,-0.0639437884092331,0.09,0.0045966881604418254
0.061,0.008386842906475067,0.08,-0.002806211761557715,0.12,-0.035154521465301514,0.09,0.0045966881604418254
0.11,0.0027507729828357697,0.08,-0.002806211761557715,0.07,0.0017456563655287027,0.09,0.0045966881604418254
0.1,0.012979595921933651,0.08,-0.002806211761557715,0.14,0.012240573763847351,0.09,0.0045966881604418254
0.12,0.02029302716255188,0.08,-0.002806211761557715,0.05,0.02740141935646534,0.09,0.0045966881604418254
0.13,0.006437494419515133,0.08,-0.002806211761557715,0.12,-0.058646559715270996,0.09,0.0045966881604418254
0.13,0.006692530587315559,0.08,-0.002806211761557715,0.13,-0.032323360443115234,0.09,0.0045966881604418254
0.14,0.003727175295352936,0.08,-0.002806211761557715,0.13,-0.003240913152694702,0.09,0.0045966881604418254
0.07,-0.006516695022583008,0.08,-0.002806211761557715,0.12,-0.026461534202098846,0.09,0.0045966881604418254
0.105,0.003298848867416382,0.08,-0.002806211761557715,0.11,0.01264319196343422,0.09,0.0045966881604418254
0.16,0.009228192269802094,0.085,-0.002324529555732441,0.1,-0.011391352862119675,0.095,0.001064411628042722
0.1,-0.0019797012209892273,0.085,-0.002324529555732441,0.07,0.006579406559467316,0.095,0.001064411628042722
0.07,0.0040288083255290985,0.085,-0.002324529555732441,0.065,0.09109818935394287,0.095,0.001064411628042722
0.1,-0.010784346610307693,0.085,-0.002324529555732441,0.12,-0.015435781329870224,0.095,0.001064411628042722
0.095,0.016621291637420654,0.085,-0.002324529555732441,0.04,0.04464482516050339,0.095,0.001064411628042722
0.1,0.0017776116728782654,0.085,-0.002324529555732441,0.09,0.008752107620239258,0.095,0.001064411628042722
0.069,0.001504344865679741,0.086,-0.0022111679152686707,0.1,-0.012160375714302063,0.095,0.001064411628042722
0.14,0.0016575604677200317,0.087,-0.002073445016081575,0.05,0.0003685951232910156,0.095,0.001064411628042722
0.15,0.01520870253443718,0.088,-0.0018928277749493299,0.1,0.03099074400961399,0.095,0.001064411628042722
0.085,-0.008927036076784134,0.09,-0.0013975699004827222,0.1,-0.012104928493499756,0.1,-0.0040594571420643644
0.1,-0.0038873106241226196,0.09,-0.0013975699004827222,0.12,-0.022901348769664764,0.1,-0.0040594571420643644
0.14,0.013995073735713959,0.09,-0.0013975699004827222,0.06,-0.00015606731176376343,0.1,-0.0040594571420643644
0.13,0.002727549523115158,0.09,-0.0013975699004827222,0.12,-0.011177441105246544,0.1,-0.0040594571420643644
0.12,0.03206565976142883,0.09,-0.0013975699004827222,0.04,0.06504718959331512,0.1,-0.0040594571420643644
0.15,0.015828382223844528,0.09,-0.0013975699004827222,0.09,0.007962767034769058,0.1,-0.0040594571420643644
0.14,0.014559216797351837,0.09,-0.0013975699004827222,0.1,-0.01425313949584961,0.1,-0.0040594571420643644
0.13,0.0011609643697738647,0.09,-0.0013975699004827222,0.1,0.016239650547504425,0.1,-0.0040594571420643644
0.12,0.007632937282323837,0.09,-0.0013975699004827222,0.12,-0.04949289560317993,0.1,-0.0040594571420643644
0.036,-0.03616241365671158,0.09,-0.0013975699004827222,0.135,-0.029756076633930206,0.1,-0.0040594571420643644
0.12,0.006728909909725189,0.09,-0.0013975699004827222,0.09,-0.0019776560366153717,0.1,-0.0040594571420643644
0.1,0.0005123019218444824,0.09,-0.0013975699004827222,0.155,-0.035358838737010956,0.1,-0.0040594571420643644
0.1,-0.013246729969978333,0.09,-0.0013975699004827222,0.12,-0.030585050582885742,0.1,-0.0040594571420643644
0.12,0.023696616291999817,0.09,-0.0013975699004827222,0.106,-4.991726018488407e-05,0.1,-0.0040594571420643644
0.13,0.011721936985850334,0.09,-0.0013975699004827222,0.12,-0.10652337968349457,0.1,-0.0040594571420643644
0.07,0.013439241796731949,0.09,-0.0013975699004827222,0.08,-0.002466857433319092,0.1,-0.0040594571420643644
0.11,-0.0017625540494918823,0.09,-0.0013975699004827222,0.09,-0.009050734341144562,0.1,-0.0040594571420643644
0.14,0.0036041056737303734,0.09,-0.0013975699004827222,0.07,0.01685601845383644,0.1,-0.0040594571420643644
0.06,-0.00023777037858963013,0.09,-0.0013975699004827222,0.065,0.1077432781457901,0.1,-0.0040594571420643644
0.2,-0.0016206614673137665,0.09,-0.0013975699004827222,0.12,-0.018142588436603546,0.1,-0.0040594571420643644
0.1,0.0015120580792427063,0.09,-0.0013975699004827222,0.12,-0.018556691706180573,0.1,-0.0040594571420643644
0.11,-0.001404639333486557,0.09,-0.0013975699004827222,0.06,0.029522785916924477,0.1,-0.0040594571420643644
0.09,-0.010399272665381432,0.09,-0.0013975699004827222,0.07,0.015767693519592285,0.1,-0.0040594571420643644
0.13,0.019777309149503708,0.09,-0.0013975699004827222,0.12,-0.004053699783980846,0.1,-0.0040594571420643644
0.1,0.0014069564640522003,0.09,-0.0013975699004827222,0.126,0.05338745191693306,0.1,-0.0040594571420643644
0.13,0.02524547278881073,0.09,-0.0013975699004827222,0.1,0.022383596748113632,0.1,-0.0040594571420643644
0.07,-0.006252877414226532,0.09,-0.0013975699004827222,0.04,0.06052244082093239,0.1,-0.0040594571420643644
0.13,0.016174685209989548,0.09,-0.0013975699004827222,0.075,0.00020067021250724792,0.1,-0.0040594571420643644
0.07,-0.00035190582275390625,0.09,-0.0013975699004827222,0.13,-0.004083223640918732,0.1,-0.0040594571420643644
0.1,-0.0070952679961919785,0.09,-0.0013975699004827222,0.12,-0.006885349750518799,0.1,-0.0040594571420643644
0.13,0.010938955470919609,0.09,-0.0013975699004827222,0.1,0.014500269666314125,0.1,-0.0040594571420643644
0.1,-0.00673598051071167,0.09,-0.0013975699004827222,0.05,0.03428053483366966,0.1,-0.0040594571420643644
0.11,-0.002711854875087738,0.09,-0.0013975699004827222,0.12,-0.017332375049591064,0.1,-0.0040594571420643644
0.14,0.015347098931670189,0.09,-0.0013975699004827222,0.095,-0.016857847571372986,0.1,-0.0040594571420643644
0.077,-0.01725483499467373,0.09,-0.0013975699004827222,0.12,-0.05270349234342575,0.1,-0.0040594571420643644
0.1,-0.002696070820093155,0.09,-0.0013975699004827222,0.106,-0.004114855080842972,0.1,-0.0040594571420643644
0.08,0.0028825365006923676,0.09,-0.0013975699004827222,0.07,-0.0019736215472221375,0.1,-0.0040594571420643644
0.1,-0.0001966431736946106,0.09,-0.0013975699004827222,0.05,-0.011763244867324829,0.1,-0.0040594571420643644
0.08,-0.028745483607053757,0.09,-0.0013975699004827222,0.1,-0.017035700380802155,0.1,-0.0040594571420643644
0.095,0.003597348928451538,0.09,-0.0013975699004827222,0.1,-0.011174526065587997,0.1,-0.0040594571420643644
0.15,0.011917408555746078,0.09,-0.0013975699004827222,0.1,-0.03681968152523041,0.1,-0.0040594571420643644
0.045,-0.026960767805576324,0.09,-0.0013975699004827222,0.11,0.019560322165489197,0.1,-0.0040594571420643644
0.06,-0.02804572507739067,0.09,-0.0013975699004827222,0.12,-0.034336306154727936,0.1,-0.0040594571420643644
0.11,0.0012807697057724,0.09,-0.0013975699004827222,0.09,0.006159000098705292,0.1,-0.0040594571420643644
0.04,-0.01115131750702858,0.09,-0.0013975699004827222,0.08,0.03725210204720497,0.1,-0.0040594571420643644
0.05,0.0016931891441345215,0.09,-0.0013975699004827222,0.11,0.005606032907962799,0.1,-0.0040594571420643644
0.12,0.03194482624530792,0.09,-0.0013975699004827222,0.14,-0.032416485249996185,0.1,-0.0040594571420643644
0.1,-0.007669460028409958,0.09,-0.0013975699004827222,0.06,-0.0006836876273155212,0.1,-0.0040594571420643644
0.09,0.011151904240250587,0.09,-0.0013975699004827222,0.11,-0.0023919371888041496,0.1,-0.0040594571420643644
0.12,0.01324007660150528,0.09,-0.0013975699004827222,0.11,0.010027555748820305,0.1,-0.0040594571420643644
0.09,0.0065150186419487,0.09,-0.0013975699004827222,0.14,-0.037032440304756165,0.1,-0.0040594571420643644
0.14,0.008109582588076591,0.09,-0.0013975699004827222,0.08,-0.002972215414047241,0.1,-0.0040594571420643644
0.1,-0.022813905030488968,0.09,-0.0013975699004827222,0.095,-0.0006716325879096985,0.1,-0.0040594571420643644
0.04,-0.013299815356731415,0.09,-0.0013975699004827222,0.095,0.021660611033439636,0.1,-0.0040594571420643644
0.11,-0.004423558712005615,0.09,-0.0013975699004827222,0.12,-0.024319663643836975,0.1,-0.0040594571420643644
0.07,0.00040445849299430847,0.09,-0.0013975699004827222,0.095,-0.046057164669036865,0.1,-0.0040594571420643644
0.1,0.010544069111347198,0.09,-0.0013975699004827222,0.115,0.0023005567491054535,0.1,-0.0040594571420643644
0.06,-0.015761233866214752,0.09,-0.0013975699004827222,0.05,-0.0013104155659675598,0.1,-0.0040594571420643644
0.13,-0.015083840116858482,0.09,-0.0013975699004827222,0.1,0.01179380714893341,0.1,-0.0040594571420643644
0.095,0.018568910658359528,0.09,-0.0013975699004827222,0.06,-0.015565529465675354,0.1,-0.0040594571420643644
0.05,0.00180894136428833,0.09,-0.0013975699004827222,0.04,0.027725033462047577,0.1,-0.0040594571420643644
0.12,0.005008410662412643,0.09,-0.0013975699004827222,0.09,0.004261024296283722,0.1,-0.0040594571420643644
0.1,0.0130973681807518,0.09,-0.0013975699004827222,0.05,0.01276411022990942,0.1,-0.0040594571420643644
0.15,0.012405242770910263,0.09,-0.0013975699004827222,0.1,0.0047791749238967896,0.1,-0.0040594571420643644
0.08,0.00067177414894104,0.09,-0.0013975699004827222,0.12,0.0015397071838378906,0.1,-0.0040594571420643644
0.1,0.0026673153042793274,0.09,-0.0013975699004827222,0.065,0.08941960334777832,0.1,-0.0040594571420643644
0.12,0.010244820266962051,0.09,-0.0013975699004827222,0.065,0.07833165675401688,0.1,-0.0040594571420643644
0.14,0.0023878617212176323,0.09,-0.0013975699004827222,0.09,-0.005673505365848541,0.105,-0.008255386433145592
0.1,-0.004393037408590317,0.09,-0.0013975699004827222,0.12,-0.013491647318005562,0.105,-0.008255386433145592
0.1,0.010989319533109665,0.09,-0.0013975699004827222,0.12,-0.0395846962928772,0.106,-0.00911329095036352
0.1,-0.006837300956249237,0.09,-0.0013975699004827222,0.065,0.08206822723150253,0.106,-0.00911329095036352
0.05,-0.00769217312335968,0.092,-0.001069508632632243,0.12,-0.017935290932655334,0.106,-0.00911329095036352
0.13,0.024098433554172516,0.094,-0.000715724377486174,0.06,0.033632293343544006,0.106,-0.00911329095036352
0.13,0.019900493323802948,0.095,-0.0005210005750835682,0.1,0.00815165787935257,0.11,-0.011983871977580877
0.1,-0.005235388875007629,0.095,-0.0005210005750835682,0.09,0.0025397147983312607,0.11,-0.011983871977580877
0.08,-0.003684692084789276,0.095,-0.0005210005750835682,0.09,0.00951983779668808,0.11,-0.011983871977580877
0.09,-0.013373925350606441,0.095,-0.0005210005750835682,0.065,0.08014870434999466,0.11,-0.011983871977580877
0.05,-0.00045252591371536255,0.095,-0.0005210005750835682,0.12,-0.060479313135147095,0.11,-0.011983871977580877
0.12,0.022412767633795738,0.095,-0.0005210005750835682,0.09,-0.0013684332370758057,0.11,-0.011983871977580877
0.12,0.007104407995939255,0.095,-0.0005210005750835682,0.14,0.013526976108551025,0.11,-0.011983871977580877
0.03,-0.019571935757994652,0.095,-0.0005210005750835682,0.07,-0.01634947955608368,0.11,-0.011983871977580877
0.1,0.0001434609293937683,0.095,-0.0005210005750835682,0.09,-0.007316721603274345,0.11,-0.011983871977580877
0.1,0.004984509199857712,0.095,-0.0005210005750835682,0.065,0.0946911871433258,0.11,-0.011983871977580877
0.13,0.008964929729700089,0.095,-0.0005210005750835682,0.06,0.032087165862321854,0.11,-0.011983871977580877
0.157,-0.020712409168481827,0.095,-0.0005210005750835682,0.065,0.0829351618885994,0.11,-0.011983871977580877
0.12,0.006642702966928482,0.095,-0.0005210005750835682,0.12,-0.03116545081138611,0.11,-0.011983871977580877
0.1,-0.00537702813744545,0.095,-0.0005210005750835682,0.04,0.02369173802435398,0.11,-0.011983871977580877
0.11,-0.0016422271728515625,0.0975,3.814454293612956e-05,0.065,0.08283621817827225,0.11,-0.011983871977580877
0.12,0.014210373163223267,0.0975,3.814454293612956e-05,0.14,-0.028192058205604553,0.11,-0.011983871977580877
0.08,-0.007831759750843048,0.0975,3.814454293612956e-05,0.08,-0.005013026297092438,0.11,-0.011983871977580877
0.05,-0.010563839226961136,0.0975,3.814454293612956e-05,0.11,0.005394048988819122,0.11,-0.011983871977580877
0.15,0.034150004386901855,0.0975,3.814454293612956e-05,0.06,0.01245533861219883,0.11,-0.011983871977580877
0.1,0.00029278919100761414,0.0975,3.814454293612956e-05,0.12,-0.006875223945826292,0.11,-0.011983871977580877
0.1,0.002076307311654091,0.0975,3.814454293612956e-05,0.065,0.08457242697477341,0.11,-0.011983871977580877
0.2,-0.0008719600737094879,0.099,0.0004652680914084994,0.065,0.07723116874694824,0.11,-0.011983871977580877
0.14,0.0038438201881945133,0.1,0.0008020501109664823,0.08,0.017824579030275345,0.11,-0.011983871977580877
0.11,0.0024338699877262115,0.1,0.0008020501109664823,0.065,0.0630664974451065,0.11,-0.011983871977580877
0.12,0.016605444252490997,0.1,0.0008020501109664823,0.06,-4.7460198402404785e-06,0.11,-0.011983871977580877
0.12,0.009894931688904762,0.1,0.0008020501109664823,0.1,-0.017026372253894806,0.11,-0.011983871977580877
0.15,0.05290548503398895,0.1,0.0008020501109664823,0.12,-0.06279516220092773,0.11,-0.011983871977580877
0.09,0.004874959588050842,0.1,0.0008020501109664823,0.12,-0.02830445021390915,0.11,-0.011983871977580877
0.1,0.006336301565170288,0.1,0.0008020501109664823,0.12,-0.03480544313788414,0.11,-0.011983871977580877
0.08,-0.013238281011581421,0.1,0.0008020501109664823,0.08,0.0179399773478508,0.11,-0.011983871977580877
0.1,0.0028924057260155678,0.1,0.0008020501109664823,0.03,-0.010222459211945534,0.11,-0.011983871977580877
0.1,-0.0007477030158042908,0.1,0.0008020501109664823,0.07,-0.002099648118019104,0.11,-0.011983871977580877
0.1,-0.0012103188782930374,0.1,0.0008020501109664823,0.04,0.03906954079866409,0.111,-0.012597156126816379
0.12,0.0035814503207802773,0.1,0.0008020501109664823,0.06,0.002122099045664072,0.114,-0.014516436209261081
0.214,0.01025315374135971,0.1,0.0008020501109664823,0.04,0.045629218220710754,0.114,-0.014516436209261081
0.07,-0.007259611040353775,0.1,0.0008020501109664823,0.06,0.0009344518184661865,0.115,-0.015217382016870793
0.078,-0.002293728291988373,0.1,0.0008020501109664823,0.08,-0.018694404512643814,0.115,-0.015217382016870793
0.13,0.02048681676387787,0.1,0.0008020501109664823,0.135,-0.04538584500551224,0.12,-0.01775654894584147
0.05,-0.014929190278053284,0.1,0.0008020501109664823,0.1,-0.020555496215820312,0.12,-0.01775654894584147
0.15,0.016675276681780815,0.1,0.0008020501109664823,0.065,0.09378205239772797,0.12,-0.01775654894584147
0.07,-0.05241959169507027,0.1,0.0008020501109664823,0.1,-0.008935290388762951,0.12,-0.01775654894584147
0.065,0.014010795392096043,0.1,0.0008020501109664823,0.12,-0.0011743400245904922,0.12,-0.01775654894584147
0.07,0.0016574710607528687,0.1,0.0008020501109664823,0.06,0.012505978345870972,0.12,-0.01775654894584147
0.14,0.001140969223342836,0.1,0.0008020501109664823,0.09,0.019647419452667236,0.12,-0.01775654894584147
0.13,0.01818736456334591,0.1,0.0008020501109664823,0.12,0.005659617483615875,0.12,-0.01775654894584147
0.12,0.022877544164657593,0.1,0.0008020501109664823,0.05,0.04414728283882141,0.12,-0.01775654894584147
0.116,0.013168564066290855,0.1,0.0008020501109664823,0.04,0.037154048681259155,0.12,-0.01775654894584147
0.14,0.013695970177650452,0.1,0.0008020501109664823,0.13,-0.048809632658958435,0.12,-0.01775654894584147
0.12,0.015324544161558151,0.1,0.0008020501109664823,0.09,0.009587675333023071,0.12,-0.01775654894584147
0.15,0.029438547790050507,0.1,0.0008020501109664823,0.09,0.0038345828652381897,0.12,-0.01775654894584147
0.1,0.010990690439939499,0.1,0.0008020501109664823,0.1,-0.0012335609644651413,0.12,-0.01775654894584147
0.12,0.03202083706855774,0.1,0.0008020501109664823,0.1,-0.0008134841918945312,0.12,-0.01775654894584147
0.04,0.008943978697061539,0.1,0.0008020501109664823,0.1,0.02459537610411644,0.12,-0.01775654894584147
0.12,0.016649939119815826,0.1,0.0008020501109664823,0.1,-0.01902833580970764,0.12,-0.01775654894584147
0.1,-0.005777215585112572,0.1,0.0008020501109664823,0.09,0.012092150747776031,0.12,-0.01775654894584147
0.09,-0.006484811194241047,0.1,0.0008020501109664823,0.12,-0.06215353310108185,0.12,-0.01775654894584147
0.03,-0.003647690638899803,0.1,0.0008020501109664823,0.12,-0.0372171476483345,0.12,-0.01775654894584147
0.09,-0.0006521046161651611,0.1,0.0008020501109664823,0.065,0.015991346910595894,0.12,-0.01775654894584147
0.09,-0.005970235913991928,0.1,0.0008020501109664823,0.065,0.06177172064781189,0.12,-0.01775654894584147
0.1,-0.016374539583921432,0.1,0.0008020501109664823,0.1,-0.0006666034460067749,0.12,-0.01775654894584147
0.12,0.011843148618936539,0.1,0.0008020501109664823,0.13,0.018399838358163834,0.12,-0.01775654894584147
0.13,0.0071171922609210014,0.1,0.0008020501109664823,0.08,0.006688706576824188,0.12,-0.01775654894584147
0.13,0.0012356322258710861,0.1,0.0008020501109664823,0.06,0.01737423986196518,0.12,-0.01775654894584147
0.14,0.026027895510196686,0.1,0.0008020501109664823,0.11,-0.0034931590780615807,0.12,-0.01775654894584147
0.15,0.010302141308784485,0.1,0.0008020501109664823,0.11,-0.00026407837867736816,0.12,-0.01775654894584147
0.133,0.013922583311796188,0.1,0.0008020501109664823,0.08,-0.0008952990174293518,0.12,-0.01775654894584147
0.12,0.021614886820316315,0.1,0.0008020501109664823,0.06,0.012428969144821167,0.12,-0.01775654894584147
0.1,0.008833274245262146,0.1,0.0008020501109664823,0.12,-0.00616241991519928,0.12,-0.01775654894584147
0.085,0.006016373634338379,0.1,0.0008020501109664823,0.12,-0.0016334587708115578,0.12,-0.01775654894584147
0.13,0.01361527107656002,0.1,0.0008020501109664823,0.12,-0.002311239019036293,0.12,-0.01775654894584147
0.12,0.006295878440141678,0.1,0.0008020501109664823,0.1,0.01323874294757843,0.12,-0.01775654894584147
0.055,-0.017706409096717834,0.1,0.0008020501109664823,0.12,-0.012584956362843513,0.12,-0.01775654894584147
0.07,-0.004588527604937553,0.1,0.0008020501109664823,0.09,-0.015199972316622734,0.12,-0.01775654894584147
0.075,0.001678861677646637,0.1,0.0008020501109664823,0.13,0.01939997263252735,0.12,-0.01775654894584147
0.08,-0.000515379011631012,0.1,0.0008020501109664823,0.12,-0.014076793566346169,0.12,-0.01775654894584147
0.08,-0.015037007629871368,0.1,0.0008020501109664823,0.12,-0.06026497483253479,0.12,-0.01775654894584147
0.11,0.0015867576003074646,0.1,0.0008020501109664823,0.09,0.001844257116317749,0.12,-0.01775654894584147
0.15,0.020917601883411407,0.1,0.0008020501109664823,0.065,0.08329828828573227,0.12,-0.01775654894584147
0.15,0.01715729385614395,0.1,0.0008020501109664823,0.1,-0.008462169207632542,0.12,-0.01775654894584147
0.1,0.0005714036524295807,0.1,0.0008020501109664823,0.04,0.018304752185940742,0.12,-0.01775654894584147
0.08,-0.0049666231498122215,0.1,0.0008020501109664823,0.08,0.024956293404102325,0.12,-0.01775654894584147
0.09,0.006452447734773159,0.1,0.0008020501109664823,0.065,0.07719287276268005,0.12,-0.01775654894584147
0.1,0.0014548152685165405,0.1,0.0008020501109664823,0.12,-0.05969397723674774,0.12,-0.01775654894584147
0.1,0.0054892972111701965,0.1,0.0008020501109664823,0.065,0.07661321014165878,0.12,-0.01775654894584147
0.14,0.01055576279759407,0.1,0.0008020501109664823,0.1,-0.0026708170771598816,0.12,-0.01775654894584147
0.13,0.010669436305761337,0.1,0.0008020501109664823,0.11,0.005792438983917236,0.12,-0.01775654894584147
0.06,0.01686536893248558,0.1,0.0008020501109664823,0.065,0.07294686138629913,0.12,-0.01775654894584147
0.21,0.00542912632226944,0.1,0.0008020501109664823,0.165,-0.03438688814640045,0.12,-0.01775654894584147
0.17,0.019494935870170593,0.1,0.0008020501109664823,0.09,0.009420730173587799,0.12,-0.01775654894584147
0.0975,0.03400640934705734,0.1,0.0008020501109664823,0.065,0.08197978138923645,0.12,-0.01775654894584147
0.15,0.020640555769205093,0.1,0.0008020501109664823,0.1,0.007574447430670261,0.12,-0.01775654894584147
0.05,-0.004073001444339752,0.1,0.0008020501109664823,0.08,0.016284018754959106,0.12,-0.01775654894584147
0.12,0.02389759197831154,0.1,0.0008020501109664823,0.13,0.0044087874703109264,0.12,-0.01775654894584147
0.04,-0.022778302431106567,0.1,0.0008020501109664823,0.12,-0.0586840957403183,0.12,-0.01775654894584147
0.13,0.022528797388076782,0.1,0.0008020501109664823,0.07,0.02136281132698059,0.12,-0.01775654894584147
0.095,-0.005412045866250992,0.1,0.0008020501109664823,0.12,-0.05962146818637848,0.12,-0.01775654894584147
0.07,-0.001654620748013258,0.1,0.0008020501109664823,0.14,-0.026954784989356995,0.12,-0.01775654894584147
0.07,-0.004559911787509918,0.1,0.0008020501109664823,0.065,0.056764353066682816,0.12,-0.01775654894584147
0.07,-0.0019876034930348396,0.1,0.0008020501109664823,0.1,-0.008158702403306961,0.12,-0.01775654894584147
0.1,0.006879851222038269,0.1,0.0008020501109664823,0.12,-0.014899254776537418,0.12,-0.01775654894584147
0.05,-0.006764080375432968,0.1,0.0008020501109664823,0.08,0.009258758276700974,0.12,-0.01775654894584147
0.1,-0.0020155012607574463,0.1,0.0008020501109664823,0.09,0.011464022099971771,0.12,-0.01775654894584147
0.05,0.0424618273973465,0.1,0.0008020501109664823,0.05,0.027940867468714714,0.12,-0.01775654894584147
0.08,0.009796254336833954,0.1,0.0008020501109664823,0.14,-0.027375705540180206,0.12,-0.01775654894584147
0.095,0.022269949316978455,0.1,0.0008020501109664823,0.12,0.002581428736448288,0.12,-0.01775654894584147
0.12,0.02071828581392765,0.1,0.0008020501109664823,0.184,0.022916946560144424,0.12,-0.01775654894584147
0.095,0.018737703561782837,0.1,0.0008020501109664823,0.1,-0.020768001675605774,0.12,-0.01775654894584147
0.07,0.01930215209722519,0.1,0.0008020501109664823,0.065,0.07766386866569519,0.12,-0.01775654894584147
0.09,-0.009824791923165321,0.1,0.0008020501109664823,0.06,-0.0012745894491672516,0.12,-0.01775654894584147
0.095,0.020257025957107544,0.1,0.0008020501109664823,0.065,0.07852525264024734,0.12,-0.01775654894584147
0.06,-0.004257749766111374,0.1,0.0008020501109664823,0.09,0.005522363819181919,0.12,-0.01775654894584147
0.0975,0.013844206929206848,0.1,0.0008020501109664823,0.1,-0.002673409879207611,0.12,-0.01775654894584147
0.13,0.02268606424331665,0.1,0.0008020501109664823,0.12,-0.04209299385547638,0.12,-0.01775654894584147
0.065,-0.0015870220959186554,0.1,0.0008020501109664823,0.11,0.012283612042665482,0.12,-0.01775654894584147
0.07,-0.006349863484501839,0.1,0.0008020501109664823,0.12,-0.0369492769241333,0.12,-0.01775654894584147
0.13,0.022558405995368958,0.1,0.0008020501109664823,0.065,0.08015464246273041,0.12,-0.01775654894584147
0.1,0.0090346559882164,0.1,0.0008020501109664823,0.1,-0.0019318312406539917,0.12,-0.01775654894584147
0.06,0.03100987710058689,0.1,0.0008020501109664823,0.08,0.004817605018615723,0.12,-0.01775654894584147
0.065,-0.004953427240252495,0.1,0.0008020501109664823,0.07,0.0032744333148002625,0.12,-0.01775654894584147
0.19,0.02603037655353546,0.1,0.0008020501109664823,0.02,-0.03904913365840912,0.12,-0.01775654894584147
0.1,-0.0035100840032100677,0.1,0.0008020501109664823,0.07,0.018766608089208603,0.12,-0.01775654894584147
0.12,0.007263237610459328,0.1,0.0008020501109664823,0.138,0.004417063668370247,0.12,-0.01775654894584147
0.1,-0.0030918531119823456,0.1,0.0008020501109664823,0.06,0.009010396897792816,0.12,-0.01775654894584147
0.065,-0.12234511971473694,0.1,0.0008020501109664823,0.02,-0.016315843909978867,0.12,-0.01775654894584147
0.095,-0.026002883911132812,0.1,0.0008020501109664823,0.115,-0.015233680605888367,0.12,-0.01775654894584147
0.06,-0.009516008198261261,0.1,0.0008020501109664823,0.09,0.00936025008559227,0.12,-0.01775654894584147
0.1,0.008933506906032562,0.1,0.0008020501109664823,0.12,-0.06268671154975891,0.12,-0.01775654894584147
0.15,0.025100043043494225,0.1,0.0008020501109664823,0.095,-0.02991345524787903,0.12,-0.01775654894584147
0.08,-0.021606873720884323,0.1,0.0008020501109664823,0.09,0.004087731242179871,0.12,-0.01775654894584147
0.04,-0.01943492516875267,0.1,0.0008020501109664823,0.12,-0.051065072417259216,0.12,-0.01775654894584147
0.13,0.004247574135661125,0.1,0.0008020501109664823,0.06,0.00752110593020916,0.12,-0.01775654894584147
0.04,-0.02995983324944973,0.1,0.0008020501109664823,0.1,-0.02015329897403717,0.12,-0.01775654894584147
0.13,0.0006497353315353394,0.1,0.0008020501109664823,0.11,0.011582138016819954,0.12,-0.01775654894584147
0.12,0.026651710271835327,0.1,0.0008020501109664823,0.124,0.04876980185508728,0.12,-0.01775654894584147
0.13,0.013534758239984512,0.1,0.0008020501109664823,0.11,0.01179247722029686,0.12,-0.01775654894584147
0.1,0.0007825195789337158,0.1,0.0008020501109664823,0.1,0.011759664863348007,0.12,-0.01775654894584147
0.15,0.014084957540035248,0.1,0.0008020501109664823,0.06,-0.001129932701587677,0.12,-0.01775654894584147
0.09,0.00016022473573684692,0.1,0.0008020501109664823,0.075,0.009708739817142487,0.12,-0.01775654894584147
0.14,0.027302324771881104,0.1,0.0008020501109664823,0.12,-0.03783933073282242,0.12,-0.01775654894584147
0.11,-0.00474453903734684,0.1,0.0008020501109664823,0.065,0.06402832269668579,0.124,-0.019789491304103325
0.13,0.021046161651611328,0.1,0.0008020501109664823,0.09,0.013412895612418652,0.124,-0.019789491304103325
0.06,0.01441219449043274,0.1,0.0008020501109664823,0.06,-0.011824414134025574,0.124,-0.019789491304103325
0.2,0.008126812987029552,0.1,0.0008020501109664823,0.13,-0.02522663027048111,0.124,-0.019789491304103325
0.07,-0.007558844983577728,0.1,0.0008020501109664823,0.1,0.02539885602891445,0.126,-0.02079670186739613
0.04,0.005706671625375748,0.1,0.0008020501109664823,0.11,0.007384008727967739,0.126,-0.02079670186739613
0.19,0.018936477601528168,0.1,0.0008020501109664823,0.11,0.01714305952191353,0.126,-0.02079670186739613
0.04,-0.03281412646174431,0.1,0.0008020501109664823,0.126,0.037517063319683075,0.126,-0.02079670186739613
0.1,0.009772997349500656,0.1,0.0008020501109664823,0.02,-0.021642185747623444,0.13,-0.022662369514976154
0.07,-0.01221419870853424,0.1,0.0008020501109664823,0.08,0.01106657087802887,0.13,-0.022662369514976154
0.06,-0.020940465852618217,0.1,0.0008020501109664823,0.06,-0.0009833797812461853,0.13,-0.022662369514976154
0.11,0.001520402729511261,0.1,0.0008020501109664823,0.11,-0.0032893363386392593,0.13,-0.022662369514976154
0.13,-0.0007426366209983826,0.1,0.0008020501109664823,0.1,-0.021859124302864075,0.13,-0.022662369514976154
0.04,-0.00632033497095108,0.1,0.0008020501109664823,0.12,0.010805081576108932,0.13,-0.022662369514976154
0.1,-0.005623355507850647,0.1,0.0008020501109664823,0.05,-0.0174814835190773,0.13,-0.022662369514976154
0.13,-0.0029016872867941856,0.1,0.0008020501109664823,0.12,-0.06106145679950714,0.13,-0.022662369514976154
0.12,0.012099534273147583,0.1,0.0008020501109664823,0.12,-0.049626387655735016,0.13,-0.022662369514976154
0.1,-0.015360798686742783,0.1,0.0008020501109664823,0.04,0.04630476236343384,0.13,-0.022662369514976154
0.07,-0.006462067365646362,0.1,0.0008020501109664823,0.13,-0.02500128746032715,0.13,-0.022662369514976154
0.15,0.035682134330272675,0.1,0.0008020501109664823,0.09,0.002338305115699768,0.13,-0.022662369514976154
0.19,0.017448075115680695,0.1,0.0008020501109664823,0.1,0.02643018774688244,0.13,-0.022662369514976154
0.03,-0.0044734664261341095,0.1,0.0008020501109664823,0.065,0.07866138964891434,0.13,-0.022662369514976154
0.1,-0.01673366129398346,0.1,0.0008020501109664823,0.1,0.015043269842863083,0.13,-0.022662369514976154
0.12,0.0068385303020477295,0.1,0.0008020501109664823,0.09,-0.017861532047390938,0.13,-0.022662369514976154
0.1,-0.001534702256321907,0.1,0.0008020501109664823,0.12,-0.04803985357284546,0.13,-0.022662369514976154
0.1,-0.0078505277633667,0.1,0.0008020501109664823,0.09,-0.009559404104948044,0.13,-0.022662369514976154
0.347,0.0067727407440543175,0.1,0.0008020501109664823,0.13,-0.04213150590658188,0.13,-0.022662369514976154
0.15,0.025755904614925385,0.1,0.0008020501109664823,0.1,0.016763761639595032,0.13,-0.022662369514976154
0.075,-0.010376526974141598,0.1,0.0008020501109664823,0.065,0.07808750867843628,0.13,-0.022662369514976154
0.1,0.0035364702343940735,0.1,0.0008020501109664823,0.065,0.08434846997261047,0.13,-0.022662369514976154
0.06,0.02366998791694641,0.1,0.0008020501109664823,0.12,-0.046748578548431396,0.13,-0.022662369514976154
0.12,0.03779638558626175,0.1,0.0008020501109664823,0.065,0.07703550159931183,0.13,-0.022662369514976154
0.13,0.009205128997564316,0.1,0.0008020501109664823,0.12,-0.1291426718235016,0.13,-0.022662369514976154
0.13,0.017759177833795547,0.1,0.0008020501109664823,0.04,0.059037744998931885,0.13,-0.022662369514976154
0.07,0.0004792921245098114,0.1,0.0008020501109664823,0.11,0.011029589921236038,0.13,-0.022662369514976154
0.12,0.040851373225450516,0.1,0.0008020501109664823,0.1,0.010419616475701332,0.13,-0.022662369514976154
0.24,0.005946438759565353,0.1,0.0008020501109664823,0.065,0.07719366997480392,0.135,-0.02442643592391945
0.06,0.0014207586646080017,0.1,0.0008020501109664823,0.13,-0.04016741365194321,0.135,-0.02442643592391945
0.04,0.0063161700963974,0.1,0.0008020501109664823,0.07,0.019176125526428223,0.138,-0.025118440004938167
0.08,-0.012363534420728683,0.1,0.0008020501109664823,0.08,-0.0034649446606636047,0.14,-0.025461574693257567
0.115,0.006779372692108154,0.1,0.0008020501109664823,0.08,0.013786207884550095,0.14,-0.025461574693257567
0.13,0.012356802821159363,0.1,0.0008020501109664823,0.04,0.009956689551472664,0.14,-0.025461574693257567
0.1,-0.0030075162649154663,0.1,0.0008020501109664823,0.05,0.007041744887828827,0.14,-0.025461574693257567
0.06,0.0380401536822319,0.1,0.0008020501109664823,0.09,-0.01751646399497986,0.14,-0.025461574693257567
0.09,0.010291464626789093,0.1,0.0008020501109664823,0.12,-0.05341072380542755,0.14,-0.025461574693257567
0.1,0.006902611814439297,0.1,0.0008020501109664823,0.065,0.08268677443265915,0.14,-0.025461574693257567
0.08,-0.04307418689131737,0.1,0.0008020501109664823,0.15,-0.016725771129131317,0.14,-0.025461574693257567
0.04,-0.030426444485783577,0.1,0.0008020501109664823,0.065,0.0823754295706749,0.14,-0.025461574693257567
0.12,0.031585901975631714,0.1,0.0008020501109664823,0.04,0.020454823970794678,0.14,-0.025461574693257567
0.09,0.0003211572766304016,0.1,0.0008020501109664823,0.07,-0.011846587061882019,0.14,-0.025461574693257567
0.12,0.01800866425037384,0.1,0.0008020501109664823,0.14,-0.027375705540180206,0.14,-0.025461574693257567
0.1,-0.0034241005778312683,0.1,0.0008020501109664823,0.08,-0.010305850766599178,0.14,-0.025461574693257567
0.065,-0.07775122672319412,0.105,0.0032940376385376053,0.106,-0.008044321089982986,0.14,-0.025461574693257567
0.12,0.014522284269332886,0.105,0.0032940376385376053,0.12,-0.009948104619979858,0.14,-0.025461574693257567
0.11,-0.0009397268295288086,0.105,0.0032940376385376053,0.12,-0.04010394215583801,0.14,-0.025461574693257567
0.1,-0.001551646739244461,0.105,0.0032940376385376053,0.05,-0.010278144851326942,0.14,-0.025461574693257567
0.12,0.027725856751203537,0.105,0.0032940376385376053,0.05,-0.02670949138700962,0.14,-0.025461574693257567
0.1,-0.0012019090354442596,0.11,0.005401038443419496,0.1,-0.007404197007417679,0.14,-0.025461574693257567
0.09,0.002870813012123108,0.11,0.005401038443419496,0.105,0.023693405091762543,0.15,-0.026357071719052903
0.1,-0.00211899820715189,0.11,0.005401038443419496,0.065,0.09344205260276794,0.15,-0.026357071719052903
0.13,0.02053595334291458,0.11,0.005401038443419496,0.12,-0.06450280547142029,0.15,-0.026357071719052903
0.1,0.025805078446865082,0.11,0.005401038443419496,0.08,-0.0022641057148575783,0.155,-0.026514196471287506
0.12,0.014098100364208221,0.11,0.005401038443419496,0.11,-0.002488633617758751,0.165,-0.026455560726810712
0.07,-0.014718062244355679,0.11,0.005401038443419496,0.12,-0.05584520101547241,0.175,-0.025904631207046676
0.08,0.00591876357793808,0.11,0.005401038443419496,0.12,-0.013725901022553444,0.184,-0.01820884221909942
0.429,-0.008253712207078934,0.11,0.005401038443419496,0.04,0.04361477494239807,0.276,0.023801244064954527
0.14,0.010703839361667633,0.11,0.005401038443419496,0.13,-0.011500302702188492,0.551,0.03284040316221717
0.1,-0.0072568319737911224,0.11,0.005401038443419496,,,,
0.11,-0.0009427554905414581,0.11,0.005401038443419496,,,,
0.04,-0.0009392686188220978,0.11,0.005401038443419496,,,,
0.14,0.0035673491656780243,0.11,0.005401038443419496,,,,
0.13,0.023532383143901825,0.11,0.005401038443419496,,,,
0.09,0.009987711906433105,0.11,0.005401038443419496,,,,
0.13,0.00871535949409008,0.11,0.005401038443419496,,,,
0.15,0.02047545090317726,0.11,0.005401038443419496,,,,
0.15,0.04768839851021767,0.11,0.005401038443419496,,,,
0.11,0.0020203590393066406,0.11,0.005401038443419496,,,,
0.1,-0.0007575750350952148,0.11,0.005401038443419496,,,,
0.13,0.015440903604030609,0.11,0.005401038443419496,,,,
0.12,0.011541338637471199,0.11,0.005401038443419496,,,,
0.11,-0.0030768215656280518,0.11,0.005401038443419496,,,,
0.1,-0.0031470907852053642,0.11,0.005401038443419496,,,,
0.12,0.022399596869945526,0.11,0.005401038443419496,,,,
0.12,-0.01297140121459961,0.11,0.005401038443419496,,,,
0.12,-0.014926746487617493,0.11,0.005401038443419496,,,,
0.07,-0.0009373724460601807,0.11,0.005401038443419496,,,,
0.095,-0.010295819491147995,0.11,0.005401038443419496,,,,
0.1,-0.004792042076587677,0.11,0.005401038443419496,,,,
0.085,0.00046156346797943115,0.11,0.005401038443419496,,,,
0.2,-0.0025984644889831543,0.11,0.005401038443419496,,,,
0.12,0.023325085639953613,0.11,0.005401038443419496,,,,
0.09,-0.004509498830884695,0.11,0.005401038443419496,,,,
0.03,-0.005984790623188019,0.11,0.005401038443419496,,,,
0.36,-0.005103979259729385,0.11,0.005401038443419496,,,,
0.13,-0.0028300583362579346,0.11,0.005401038443419496,,,,
0.1,0.004172859713435173,0.11,0.005401038443419496,,,,
0.05,0.0014475435018539429,0.11,0.005401038443419496,,,,
0.12,0.01638190820813179,0.11,0.005401038443419496,,,,
0.12,0.007254108786582947,0.11,0.005401038443419496,,,,
0.1,0.008161533623933792,0.11,0.005401038443419496,,,,
0.07,-0.00446262676268816,0.11,0.005401038443419496,,,,
0.09,-0.028078071773052216,0.11,0.005401038443419496,,,,
0.09,0.002437084913253784,0.11,0.005401038443419496,,,,
0.07,-0.026440203189849854,0.115,0.007167607030866259,,,,
0.12,-0.006745940074324608,0.116,0.007571772259723112,,,,
0.13,0.0018889382481575012,0.117,0.007980455353349137,,,,
0.194,0.014081761240959167,0.12,0.009280219010954877,,,,
0.07,-0.0024008117616176605,0.12,0.009280219010954877,,,,
0.08,-0.009604167193174362,0.12,0.009280219010954877,,,,
0.1,-0.005628645420074463,0.12,0.009280219010954877,,,,
0.09,-0.002311285585165024,0.12,0.009280219010954877,,,,
0.1,-0.006893232464790344,0.12,0.009280219010954877,,,,
0.09,0.0007016733288764954,0.12,0.009280219010954877,,,,
0.075,-0.005517557263374329,0.12,0.009280219010954877,,,,
0.0975,0.0064378902316093445,0.12,0.009280219010954877,,,,
0.09,-0.0036736801266670227,0.12,0.009280219010954877,,,,
0.08,-0.011351440101861954,0.12,0.009280219010954877,,,,
0.1,0.01720929890871048,0.12,0.009280219010954877,,,,
0.1,0.002108858898282051,0.12,0.009280219010954877,,,,
0.12,0.05641886591911316,0.12,0.009280219010954877,,,,
0.1,0.010588236153125763,0.12,0.009280219010954877,,,,
0.13,0.00461927056312561,0.12,0.009280219010954877,,,,
0.1,-0.004370700567960739,0.12,0.009280219010954877,,,,
0.15,0.03303271159529686,0.12,0.009280219010954877,,,,
0.13,0.002100503072142601,0.12,0.009280219010954877,,,,
0.08,-0.0018696542829275131,0.12,0.009280219010954877,,,,
0.05,0.00996301881968975,0.12,0.009280219010954877,,,,
0.13,0.013737902045249939,0.12,0.009280219010954877,,,,
0.07,-0.002602947875857353,0.12,0.009280219010954877,,,,
0.09,-0.015341092832386494,0.12,0.009280219010954877,,,,
0.1,-0.0012711025774478912,0.12,0.009280219010954877,,,,
0.1,-0.004359845072031021,0.12,0.009280219010954877,,,,
0.11,-0.011060881428420544,0.12,0.009280219010954877,,,,
0.095,-0.0026971222832798958,0.12,0.009280219010954877,,,,
0.095,0.005728974938392639,0.12,0.009280219010954877,,,,
0.09,-0.010815730318427086,0.12,0.009280219010954877,,,,
0.11,-0.0008112788200378418,0.12,0.009280219010954877,,,,
0.14,-0.0012875914108008146,0.12,0.009280219010954877,,,,
0.14,0.002758510410785675,0.12,0.009280219010954877,,,,
0.1,-0.026271991431713104,0.12,0.009280219010954877,,,,
0.13,0.004909254610538483,0.12,0.009280219010954877,,,,
0.11,0.0008442103862762451,0.12,0.009280219010954877,,,,
0.1,-0.003363080322742462,0.12,0.009280219010954877,,,,
0.05,-5.1800161600112915e-05,0.12,0.009280219010954877,,,,
0.14,-0.01727844588458538,0.12,0.009280219010954877,,,,
0.092,-0.004042722284793854,0.12,0.009280219010954877,,,,
0.09,-0.010705064982175827,0.12,0.009280219010954877,,,,
0.04,-0.032935526221990585,0.12,0.009280219010954877,,,,
0.12,0.037021443247795105,0.12,0.009280219010954877,,,,
0.24,-0.012991316616535187,0.12,0.009280219010954877,,,,
0.13,0.029455404728651047,0.12,0.009280219010954877,,,,
0.12,-0.008012406527996063,0.12,0.009280219010954877,,,,
0.03,-0.004184171557426453,0.12,0.009280219010954877,,,,
0.13,0.015019850805401802,0.12,0.009280219010954877,,,,
0.14,0.02168136090040207,0.12,0.009280219010954877,,,,
0.15,0.04494243115186691,0.12,0.009280219010954877,,,,
0.07,-0.0034367330372333527,0.12,0.009280219010954877,,,,
0.11,-0.0014786794781684875,0.12,0.009280219010954877,,,,
0.13,0.01663815975189209,0.12,0.009280219010954877,,,,
0.065,0.00952092930674553,0.12,0.009280219010954877,,,,
0.11,0.000651724636554718,0.12,0.009280219010954877,,,,
0.037,0.013754934072494507,0.12,0.009280219010954877,,,,
0.14,-0.00418834388256073,0.12,0.009280219010954877,,,,
0.13,0.01932492107152939,0.12,0.009280219010954877,,,,
0.13,0.03856834024190903,0.12,0.009280219010954877,,,,
0.1,-0.025361306965351105,0.12,0.009280219010954877,,,,
0.14,0.006434556096792221,0.12,0.009280219010954877,,,,
0.07,-0.005633115768432617,0.12,0.009280219010954877,,,,
0.1,-0.009400982409715652,0.12,0.009280219010954877,,,,
0.12,0.03235360234975815,0.12,0.009280219010954877,,,,
0.078,-0.02794790267944336,0.12,0.009280219010954877,,,,
0.12,-0.0006987401284277439,0.12,0.009280219010954877,,,,
0.07,-0.004188349470496178,0.12,0.009280219010954877,,,,
0.12,0.01961091160774231,0.12,0.009280219010954877,,,,
0.1,-0.007395237684249878,0.12,0.009280219010954877,,,,
0.105,-0.002988222986459732,0.12,0.009280219010954877,,,,
0.13,0.016209721565246582,0.12,0.009280219010954877,,,,
0.15,0.011534370481967926,0.12,0.009280219010954877,,,,
0.1,-0.0018778666853904724,0.12,0.009280219010954877,,,,
0.13,-0.03823727369308472,0.12,0.009280219010954877,,,,
0.1,-0.0010946840047836304,0.12,0.009280219010954877,,,,
0.13,0.003530677407979965,0.12,0.009280219010954877,,,,
0.13,0.03478118032217026,0.12,0.009280219010954877,,,,
0.07,-0.00905320793390274,0.12,0.009280219010954877,,,,
0.06,-0.004952371120452881,0.12,0.009280219010954877,,,,
0.06,-0.017658349126577377,0.12,0.009280219010954877,,,,
0.1,-0.007133167702704668,0.12,0.009280219010954877,,,,
0.07,0.0002652592957019806,0.12,0.009280219010954877,,,,
0.06,0.005901072174310684,0.12,0.009280219010954877,,,,
0.07,-0.001805812120437622,0.12,0.009280219010954877,,,,
0.05,-0.0059683658182621,0.12,0.009280219010954877,,,,
0.046,-0.012061983346939087,0.12,0.009280219010954877,,,,
0.13,0.026515379548072815,0.12,0.009280219010954877,,,,
0.15,0.016505347564816475,0.12,0.009280219010954877,,,,
0.09,0.00743228942155838,0.12,0.009280219010954877,,,,
0.09,-0.015277355909347534,0.12,0.009280219010954877,,,,
0.12,0.03513112664222717,0.12,0.009280219010954877,,,,
0.05,-0.006447702646255493,0.12,0.009280219010954877,,,,
0.09,0.005866792052984238,0.12,0.009280219010954877,,,,
0.15,0.0142314238473773,0.12,0.009280219010954877,,,,
0.1,0.009562760591506958,0.12,0.009280219010954877,,,,
0.13,0.01788344979286194,0.12,0.009280219010954877,,,,
0.09,0.0015412047505378723,0.12,0.009280219010954877,,,,
0.1,-0.004497546702623367,0.12,0.009280219010954877,,,,
0.09,-0.012722145766019821,0.12,0.009280219010954877,,,,
0.13,0.024197090417146683,0.12,0.009280219010954877,,,,
0.13,0.009449020028114319,0.12,0.009280219010954877,,,,
0.1,0.0006581395864486694,0.12,0.009280219010954877,,,,
0.1,0.006050266325473785,0.12,0.009280219010954877,,,,
0.12,0.05169203132390976,0.12,0.009280219010954877,,,,
0.13,0.007747199386358261,0.12,0.009280219010954877,,,,
0.09,-0.004143435508012772,0.12,0.009280219010954877,,,,
0.07,-0.0037729889154434204,0.12,0.009280219010954877,,,,
0.13,0.016534119844436646,0.12,0.009280219010954877,,,,
0.08,-0.00223652645945549,0.12,0.009280219010954877,,,,
0.07,-0.005025394260883331,0.12,0.009280219010954877,,,,
0.065,-0.10437299311161041,0.12,0.009280219010954877,,,,
0.08,-0.005655914545059204,0.12,0.009280219010954877,,,,
0.06,-0.007956109941005707,0.12,0.009280219010954877,,,,
0.07,-0.006618015468120575,0.12,0.009280219010954877,,,,
0.12,0.04101572930812836,0.12,0.009280219010954877,,,,
0.065,-0.007807791233062744,0.12,0.009280219010954877,,,,
0.12,0.02664857730269432,0.12,0.009280219010954877,,,,
0.13,0.02735856920480728,0.12,0.009280219010954877,,,,
0.1,-0.0048496536910533905,0.12,0.009280219010954877,,,,
0.09,-0.013852527365088463,0.12,0.009280219010954877,,,,
0.07,-0.001499905250966549,0.12,0.009280219010954877,,,,
0.077,-0.0018735118210315704,0.12,0.009280219010954877,,,,
0.04,0.009290054440498352,0.12,0.009280219010954877,,,,
0.12,0.012379609048366547,0.12,0.009280219010954877,,,,
0.08,-0.0012420378625392914,0.12,0.009280219010954877,,,,
0.156,0.015285354107618332,0.12,0.009280219010954877,,,,
0.13,0.013934213668107986,0.12,0.009280219010954877,,,,
0.08,-0.004812644794583321,0.12,0.009280219010954877,,,,
0.12,0.04057757556438446,0.12,0.009280219010954877,,,,
0.08,-0.004937797784805298,0.121,0.009598591009885436,,,,
0.13,0.015358416363596916,0.125,0.010824518143442107,,,,
0.12,-0.011739835143089294,0.129,0.011997342116034019,,,,
0.085,-0.014563530683517456,0.13,0.01227709289462869,,,,
0.13,-0.003924950957298279,0.13,0.01227709289462869,,,,
0.07,-0.007131840102374554,0.13,0.01227709289462869,,,,
0.09,-0.00035664811730384827,0.13,0.01227709289462869,,,,
0.14,0.011715630069375038,0.13,0.01227709289462869,,,,
0.13,0.02004796266555786,0.13,0.01227709289462869,,,,
0.08,0.012032486498355865,0.13,0.01227709289462869,,,,
0.105,-0.006393298506736755,0.13,0.01227709289462869,,,,
0.1,0.003934837877750397,0.13,0.01227709289462869,,,,
0.12,0.019074156880378723,0.13,0.01227709289462869,,,,
0.1,-0.01250607892870903,0.13,0.01227709289462869,,,,
0.13,0.022910460829734802,0.13,0.01227709289462869,,,,
0.08,-0.003977417945861816,0.13,0.01227709289462869,,,,
0.1,-0.00023907050490379333,0.13,0.01227709289462869,,,,
0.15,0.013708246871829033,0.13,0.01227709289462869,,,,
0.13,0.007635742425918579,0.13,0.01227709289462869,,,,
0.042,-0.04474690556526184,0.13,0.01227709289462869,,,,
0.12,0.012203112244606018,0.13,0.01227709289462869,,,,
0.13,0.02058279886841774,0.13,0.01227709289462869,,,,
0.1,0.002438914030790329,0.13,0.01227709289462869,,,,
0.09,-0.001023031771183014,0.13,0.01227709289462869,,,,
0.06,0.007654260843992233,0.13,0.01227709289462869,,,,
0.03,0.030336640775203705,0.13,0.01227709289462869,,,,
0.095,-0.0056161098182201385,0.13,0.01227709289462869,,,,
0.12,-0.0030729612335562706,0.13,0.01227709289462869,,,,
0.08,-0.0022983625531196594,0.13,0.01227709289462869,,,,
0.05,0.00046100839972496033,0.13,0.01227709289462869,,,,
0.12,0.026303596794605255,0.13,0.01227709289462869,,,,
0.09,-0.0036897175014019012,0.13,0.01227709289462869,,,,
0.1,-0.0043454840779304504,0.13,0.01227709289462869,,,,
0.0975,0.028538823127746582,0.13,0.01227709289462869,,,,
0.03,-0.00710276560857892,0.13,0.01227709289462869,,,,
0.12,0.02827947586774826,0.13,0.01227709289462869,,,,
0.1,-0.0012775957584381104,0.13,0.01227709289462869,,,,
0.07,-0.000618969090282917,0.13,0.01227709289462869,,,,
0.1,0.0036418698728084564,0.13,0.01227709289462869,,,,
0.12,0.011696120724081993,0.13,0.01227709289462869,,,,
0.15,0.017734885215759277,0.13,0.01227709289462869,,,,
0.13,0.0103015610948205,0.13,0.01227709289462869,,,,
0.06,0.0028664059937000275,0.13,0.01227709289462869,,,,
0.05,-0.004198551177978516,0.13,0.01227709289462869,,,,
0.1,-0.004736525937914848,0.13,0.01227709289462869,,,,
0.09,-0.0036069080233573914,0.13,0.01227709289462869,,,,
0.1,0.0024355649948120117,0.13,0.01227709289462869,,,,
0.13,-0.013641966506838799,0.13,0.01227709289462869,,,,
0.13,0.004570554941892624,0.13,0.01227709289462869,,,,
0.13,0.012255273759365082,0.13,0.01227709289462869,,,,
0.14,0.04312741011381149,0.13,0.01227709289462869,,,,
0.1,-0.0022475821897387505,0.13,0.01227709289462869,,,,
0.05,-0.011790350079536438,0.13,0.01227709289462869,,,,
0.1,0.004423782229423523,0.13,0.01227709289462869,,,,
0.08,-0.019628282636404037,0.13,0.01227709289462869,,,,
0.1,-0.003047328442335129,0.13,0.01227709289462869,,,,
0.12,0.024732373654842377,0.13,0.01227709289462869,,,,
0.13,0.012161172926425934,0.13,0.01227709289462869,,,,
0.15,0.014572076499462128,0.13,0.01227709289462869,,,,
0.07,0.005464671179652214,0.13,0.01227709289462869,,,,
0.07,-0.005260754376649857,0.13,0.01227709289462869,,,,
0.07,-0.004638992249965668,0.13,0.01227709289462869,,,,
0.12,0.01273435354232788,0.13,0.01227709289462869,,,,
0.14,0.003851845860481262,0.13,0.01227709289462869,,,,
0.12,0.017993144690990448,0.13,0.01227709289462869,,,,
0.077,-0.004391241818666458,0.13,0.01227709289462869,,,,
0.05,-0.008097834885120392,0.13,0.01227709289462869,,,,
0.1,0.009869284927845001,0.13,0.01227709289462869,,,,
0.12,0.018417082726955414,0.13,0.01227709289462869,,,,
0.085,-0.0010559558868408203,0.13,0.01227709289462869,,,,
0.11,-0.007153160870075226,0.13,0.01227709289462869,,,,
0.12,0.02551998198032379,0.13,0.01227709289462869,,,,
0.1,0.00433766096830368,0.13,0.01227709289462869,,,,
0.15,0.016952579841017723,0.13,0.01227709289462869,,,,
0.11,0.000597907230257988,0.13,0.01227709289462869,,,,
0.12,0.053391046822071075,0.13,0.01227709289462869,,,,
0.12,-0.0031880359165370464,0.13,0.01227709289462869,,,,
0.13,-0.004169393330812454,0.13,0.01227709289462869,,,,
0.12,0.01944465935230255,0.13,0.01227709289462869,,,,
0.12,0.026442676782608032,0.13,0.01227709289462869,,,,
0.075,-0.007038742303848267,0.13,0.01227709289462869,,,,
0.15,0.013479487039148808,0.13,0.01227709289462869,,,,
0.12,0.017136771231889725,0.13,0.01227709289462869,,,,
0.1,0.00417235866189003,0.13,0.01227709289462869,,,,
0.13,0.0005418509244918823,0.13,0.01227709289462869,,,,
0.09,-0.01813962310552597,0.13,0.01227709289462869,,,,
0.07,-0.0019132457673549652,0.13,0.01227709289462869,,,,
0.13,0.01807059347629547,0.13,0.01227709289462869,,,,
0.12,0.01532725989818573,0.13,0.01227709289462869,,,,
0.15,0.005270514637231827,0.13,0.01227709289462869,,,,
0.12,0.02061382681131363,0.13,0.01227709289462869,,,,
0.1,-0.0028781145811080933,0.13,0.01227709289462869,,,,
0.13,0.01281004399061203,0.13,0.01227709289462869,,,,
0.13,0.0010045729577541351,0.13,0.01227709289462869,,,,
0.12,0.02570302039384842,0.13,0.01227709289462869,,,,
0.1,0.002539224922657013,0.13,0.01227709289462869,,,,
0.07,0.00015916675329208374,0.13,0.01227709289462869,,,,
0.07,-0.0005411729216575623,0.13,0.01227709289462869,,,,
0.094,-0.0034233592450618744,0.13,0.01227709289462869,,,,
0.0975,0.02182556688785553,0.13,0.01227709289462869,,,,
0.13,0.01653655245900154,0.13,0.01227709289462869,,,,
0.044,0.014091651886701584,0.13,0.01227709289462869,,,,
0.1,-0.0005488516762852669,0.13,0.01227709289462869,,,,
0.13,0.012939784675836563,0.13,0.01227709289462869,,,,
0.15,0.03225182741880417,0.13,0.01227709289462869,,,,
0.13,0.007010186556726694,0.13,0.01227709289462869,,,,
0.065,0.002848799340426922,0.13,0.01227709289462869,,,,
0.05,0.0015588700771331787,0.13,0.01227709289462869,,,,
0.06,-0.01852673478424549,0.13,0.01227709289462869,,,,
0.09,-0.006088241934776306,0.13,0.01227709289462869,,,,
0.03,0.004113920032978058,0.13,0.01227709289462869,,,,
0.1,-0.0033444948494434357,0.13,0.01227709289462869,,,,
0.1,0.002241857349872589,0.13,0.01227709289462869,,,,
0.15,0.021742377430200577,0.13,0.01227709289462869,,,,
0.13,0.025199294090270996,0.13,0.01227709289462869,,,,
0.13,0.021556325256824493,0.13,0.01227709289462869,,,,
0.045,-0.02289828658103943,0.13,0.01227709289462869,,,,
0.09,-0.005780171602964401,0.13,0.01227709289462869,,,,
0.15,0.014443917199969292,0.13,0.01227709289462869,,,,
0.1,0.0015601105988025665,0.13,0.01227709289462869,,,,
0.09,0.00045087188482284546,0.13,0.01227709289462869,,,,
0.1,0.002138834446668625,0.13,0.01227709289462869,,,,
0.12,0.007278274744749069,0.13,0.01227709289462869,,,,
0.06,-0.011143182404339314,0.13,0.01227709289462869,,,,
0.07,-0.001674402505159378,0.13,0.01227709289462869,,,,
0.07,-0.007629573345184326,0.13,0.01227709289462869,,,,
0.065,0.03331878036260605,0.13,0.01227709289462869,,,,
0.11,-0.008426524698734283,0.13,0.01227709289462869,,,,
0.14,0.005048064514994621,0.13,0.01227709289462869,,,,
0.13,0.01708289235830307,0.13,0.01227709289462869,,,,
0.12,0.017041075974702835,0.13,0.01227709289462869,,,,
0.1,0.01057995855808258,0.133,0.013080019032764666,,,,
0.09,-0.021083084866404533,0.14,0.014686828038613696,,,,
0.11,-0.012400958687067032,0.14,0.014686828038613696,,,,
0.1,0.008134175091981888,0.14,0.014686828038613696,,,,
0.105,-0.007221680134534836,0.14,0.014686828038613696,,,,
0.06,-0.020554155111312866,0.14,0.014686828038613696,,,,
0.065,-0.012235790491104126,0.14,0.014686828038613696,,,,
0.087,-0.00028048455715179443,0.14,0.014686828038613696,,,,
0.05,-0.007070481777191162,0.14,0.014686828038613696,,,,
0.1,-0.008469830267131329,0.14,0.014686828038613696,,,,
0.1,-0.008679008111357689,0.14,0.014686828038613696,,,,
0.09,0.0067523568868637085,0.14,0.014686828038613696,,,,
0.1,-0.0035837367177009583,0.14,0.014686828038613696,,,,
0.08,0.006024643778800964,0.14,0.014686828038613696,,,,
0.086,-0.002906806766986847,0.14,0.014686828038613696,,,,
0.14,0.014422059059143066,0.14,0.014686828038613696,,,,
0.11,-0.03493206202983856,0.14,0.014686828038613696,,,,
0.11,-0.004249997437000275,0.14,0.014686828038613696,,,,
0.15,0.014549321494996548,0.14,0.014686828038613696,,,,
0.09,-0.005773179233074188,0.14,0.014686828038613696,,,,
0.06,0.01155729591846466,0.14,0.014686828038613696,,,,
0.12,0.037421248853206635,0.14,0.014686828038613696,,,,
0.11,0.0020543858408927917,0.14,0.014686828038613696,,,,
0.1,0.0027992059476673603,0.14,0.014686828038613696,,,,
0.066,0.02226445823907852,0.14,0.014686828038613696,,,,
0.11,-0.005303714424371719,0.14,0.014686828038613696,,,,
0.05,0.001526765525341034,0.14,0.014686828038613696,,,,
0.157,0.01167876273393631,0.14,0.014686828038613696,,,,
0.14,0.013601422309875488,0.14,0.014686828038613696,,,,
0.1,-0.002107519656419754,0.14,0.014686828038613696,,,,
0.05,-0.011094896122813225,0.14,0.014686828038613696,,,,
0.12,0.03097733110189438,0.14,0.014686828038613696,,,,
0.1,-0.00482112867757678,0.14,0.014686828038613696,,,,
0.13,0.0019079893827438354,0.14,0.014686828038613696,,,,
0.095,-0.022337770089507103,0.14,0.014686828038613696,,,,
0.065,-0.08402921259403229,0.14,0.014686828038613696,,,,
0.13,0.013686217367649078,0.14,0.014686828038613696,,,,
0.075,-0.010815951973199844,0.14,0.014686828038613696,,,,
0.12,0.011392422020435333,0.14,0.014686828038613696,,,,
0.25,0.009300578385591507,0.14,0.014686828038613696,,,,
0.14,0.01559949666261673,0.14,0.014686828038613696,,,,
0.15,0.009121933951973915,0.14,0.014686828038613696,,,,
0.12,0.025830719619989395,0.14,0.014686828038613696,,,,
0.09,0.008157707750797272,0.14,0.014686828038613696,,,,
0.09,-0.008777344599366188,0.14,0.014686828038613696,,,,
0.1,-0.03347189724445343,0.14,0.014686828038613696,,,,
0.1,-0.003538459539413452,0.15,0.016080938550550376,,,,
0.0975,0.021162889897823334,0.15,0.016080938550550376,,,,
0.12,0.029422380030155182,0.15,0.016080938550550376,,,,
0.13,0.012730633839964867,0.15,0.016080938550550376,,,,
0.07,0.004169020801782608,0.15,0.016080938550550376,,,,
0.07,-0.004149839282035828,0.15,0.016080938550550376,,,,
0.07,-0.00214471947401762,0.15,0.016080938550550376,,,,
0.157,-0.01890183612704277,0.15,0.016080938550550376,,,,
0.07,-0.005052872002124786,0.15,0.016080938550550376,,,,
0.13,-0.003541320562362671,0.15,0.016080938550550376,,,,
0.06,0.01380273699760437,0.15,0.016080938550550376,,,,
0.06,-0.0006764456629753113,0.15,0.016080938550550376,,,,
0.07,-0.0032397210597991943,0.15,0.016080938550550376,,,,
0.13,-0.01132122427225113,0.15,0.016080938550550376,,,,
0.15,0.007467352319508791,0.15,0.016080938550550376,,,,
0.09,0.00948387011885643,0.15,0.016080938550550376,,,,
0.13,0.005081877112388611,0.15,0.016080938550550376,,,,
0.04,-0.026928961277008057,0.15,0.016080938550550376,,,,
0.14,0.02378510683774948,0.15,0.016080938550550376,,,,
0.1,0.0007891654968261719,0.15,0.016080938550550376,,,,
0.11,-0.0072328029200434685,0.15,0.016080938550550376,,,,
0.12,0.011455514468252659,0.15,0.016080938550550376,,,,
0.08,-0.0012966766953468323,0.15,0.016080938550550376,,,,
0.13,0.017876330763101578,0.15,0.016080938550550376,,,,
0.04,-0.014123407192528248,0.15,0.016080938550550376,,,,
0.04,-0.020695801824331284,0.15,0.016080938550550376,,,,
0.078,-0.00873354822397232,0.15,0.016080938550550376,,,,
0.1,-0.00532463937997818,0.15,0.016080938550550376,,,,
0.14,0.003056369721889496,0.15,0.016080938550550376,,,,
0.13,0.0004871245473623276,0.15,0.016080938550550376,,,,
0.19,-0.021454764530062675,0.15,0.016080938550550376,,,,
0.07,-0.004821648821234703,0.15,0.016080938550550376,,,,
0.1,0.0056955814361572266,0.15,0.016080938550550376,,,,
0.12,0.023767216131091118,0.15,0.016080938550550376,,,,
0.125,0.001582816243171692,0.15,0.016080938550550376,,,,
0.07,0.01809522695839405,0.15,0.016080938550550376,,,,
0.09,-0.007046205922961235,0.15,0.016080938550550376,,,,
0.12,0.017079979181289673,0.15,0.016080938550550376,,,,
0.1,0.007366612553596497,0.15,0.016080938550550376,,,,
0.04,-0.026280373334884644,0.15,0.016080938550550376,,,,
0.11,0.0018713921308517456,0.15,0.016080938550550376,,,,
0.14,0.008887223899364471,0.15,0.016080938550550376,,,,
0.12,0.02612902969121933,0.15,0.016080938550550376,,,,
0.15,0.009512579999864101,0.15,0.016080938550550376,,,,
0.209,0.023986786603927612,0.15,0.016080938550550376,,,,
0.08,-0.04344402998685837,0.15,0.016080938550550376,,,,
0.1,0.0044844187796115875,0.15,0.016080938550550376,,,,
0.09,-0.002012927085161209,0.15,0.016080938550550376,,,,
0.13,0.011573415249586105,0.15,0.016080938550550376,,,,
0.13,0.0018713399767875671,0.156,0.015866521979846913,,,,
0.04,-0.014014631509780884,0.157,0.01580451500123514,,,,
0.23,0.008472874760627747,0.157,0.01580451500123514,,,,
0.09,-0.002407766878604889,0.157,0.01580451500123514,,,,
0.13,-0.005532070994377136,0.157,0.01580451500123514,,,,
0.1,-0.008757216855883598,0.157,0.01580451500123514,,,,
0.1,0.0015241429209709167,0.16,0.0156312289989734,,,,
0.08,-0.0016464442014694214,0.16,0.0156312289989734,,,,
0.06,-0.0011605899780988693,0.17,0.015202537016921595,,,,
0.1,-0.014329048804938793,0.173,0.015036616053732374,,,,
0.08,-0.0013813525438308716,0.19,0.013779426146969287,,,,
0.09,0.0029957517981529236,0.19,0.013779426146969287,,,,
0.36,4.911795258522034e-06,0.19,0.013779426146969287,,,,
0.06,-0.021438367664813995,0.19,0.013779426146969287,,,,
0.08,-0.001325555145740509,0.194,0.013490845055921375,,,,
0.06,-0.002213701605796814,0.2,0.013096895612386205,,,,
0.04,-0.01906517893075943,0.2,0.013096895612386205,,,,
0.08,0.003216087818145752,0.2,0.013096895612386205,,,,
0.035,0.015378906391561031,0.2,0.013096895612386205,,,,
0.12,0.015947183594107628,0.2,0.013096895612386205,,,,
0.11,-0.01697341352701187,0.2,0.013096895612386205,,,,
0.09,-0.008355703204870224,0.2,0.013096895612386205,,,,
0.1,-0.007945453748106956,0.2,0.013096895612386205,,,,
0.13,0.018271829932928085,0.2,0.013096895612386205,,,,
0.04,-0.003761308267712593,0.2,0.013096895612386205,,,,
0.15,0.011243567802011967,0.209,0.01257470431099939,,,,
0.13,0.006494423374533653,0.21,0.012520402805791626,,,,
0.1,0.005238562822341919,0.214,0.01230819089189382,,,,
0.08,-0.0038401558995246887,0.23,0.011431251029308455,,,,
0.12,0.008618999272584915,0.24,0.010476649799417963,,,,
0.13,0.004973467439413071,0.24,0.010476649799417963,,,,
0.1,0.0038955211639404297,0.25,0.009374548399474318,,,,
0.15,0.0136411152780056,0.265,0.007919281436097743,,,,
0.06,-0.006503798067569733,0.347,0.0008059443350085897,,,,
0.08,0.004110544919967651,0.36,-0.00014174506652599454,,,,
0.09,0.0030660107731819153,0.36,-0.00014174506652599454,,,,
0.095,0.01810116320848465,0.429,-0.005017101577716817,,,,
0.1,0.0074300095438957214,0.469,-0.007841383149200305,,,,
