high thermal conductivity (W/mK) and scan speed (mm/s),shap,lowess high thermal conductivity (W/mK) and scan speed (mm/s),lowess shap,low thermal conductivity (W/mK) and scan speed (mm/s),shap,lowess low thermal conductivity (W/mK) and scan speed (mm/s),lowess shap
2000.0,0.0016467953100800514,8.333333333,-0.12361196512880783,1800.0,-0.035893525928258896,50.0,-0.14985982020688138
1300.0,0.024537377059459686,10.0,-0.1232667768293033,349.0,-0.12062586098909378,80.0,-0.1406987866703551
400.0,-0.040135644376277924,11.66666667,-0.12292140661300432,1680.0,-0.02417157217860222,80.0,-0.1406987866703551
500.0,-0.0027688881382346153,50.0,-0.11492652031646514,700.0,0.0176597461104393,80.0,-0.1406987866703551
2000.0,0.016454309225082397,50.0,-0.11492652031646514,333.3333333,-0.10095400922000408,100.0,-0.13459489189305895
350.0,-0.07706014811992645,50.0,-0.11492652031646514,1940.0,-0.06147293001413345,100.0,-0.13459489189305895
600.0,0.009314022958278656,80.0,-0.1085987075605737,950.0,0.049077410250902176,100.0,-0.13459489189305895
300.0,-0.09790299832820892,80.0,-0.1085987075605737,1300.0,0.021910928189754486,100.0,-0.13459489189305895
2000.0,-0.008779101073741913,100.0,-0.10434479359886331,1500.0,-0.013234321027994156,100.0,-0.13459489189305895
200.0,-0.09222038090229034,100.0,-0.10434479359886331,2202.380952,-0.04396666958928108,100.0,-0.13459489189305895
500.0,-0.0067804912105202675,100.0,-0.10434479359886331,286.89,-0.13354536332190037,100.0,-0.13459489189305895
100.0,-0.08827025443315506,100.0,-0.10434479359886331,400.0,-0.03789704293012619,111.0,-0.13123965364762952
300.0,-0.0929572805762291,100.0,-0.10434479359886331,1602.936678,0.004399766214191914,119.05,-0.12878538680380078
100.0,-0.06573507189750671,100.0,-0.10434479359886331,476.1904762,0.028308124281466007,120.0,-0.12849582740838944
1000.0,0.06970586627721786,100.0,-0.10434479359886331,1680.0,-0.011794554069638252,120.0,-0.12849582740838944
1200.0,0.052081767469644547,100.0,-0.10434479359886331,900.0,0.04103350639343262,121.95,-0.12790152179525474
600.0,0.009610028937458992,100.0,-0.10434479359886331,1200.0,0.0051271067932248116,131.58,-0.12496770966584228
300.0,-0.0878257155418396,100.0,-0.10434479359886331,1000.0,0.062133871018886566,138.89,-0.12274212922018685
200.0,-0.08202841505408287,100.0,-0.10434479359886331,870.0,0.04500433802604675,142.86,-0.12153402407559227
300.0,-0.0686163417994976,100.0,-0.10434479359886331,1400.0,-0.012216250412166119,144.0,-0.12118719455971237
1000.0,0.04442162811756134,100.0,-0.10434479359886331,1680.0,-0.026338624767959118,147.06,-0.12025642123786659
450.0,7.272139191627502e-05,100.0,-0.10434479359886331,600.0,-0.0004264805465936661,147.06,-0.12025642123786659
1800.0,-0.0005898326635360718,100.0,-0.10434479359886331,80.0,-0.1353812231682241,150.0,-0.11936242030419886
400.0,-0.029696958139538765,100.0,-0.10434479359886331,666.6666667,0.047164540737867355,150.0,-0.11936242030419886
1000.0,0.06109503656625748,100.0,-0.10434479359886331,800.0,0.07642579823732376,151.52,-0.11890032449111236
2400.0,-0.05955961346626282,100.0,-0.10434479359886331,400.0,-0.06369099766016006,156.25,-0.1174628539887856
1600.0,0.03705705888569355,110.53303,-0.10209313081007729,347.802802,-0.09986811690032482,160.0,-0.11632377638948327
333.14865,-0.09452898055315018,111.070366,-0.10197805969146831,294.12,-0.07501205056905746,161.29,-0.1159320554746626
1400.0,0.027655228972434998,125.0,-0.0989883901108722,455.0,-3.827083855867386e-05,161.29,-0.1159320554746626
600.0,0.033673226833343506,125.0,-0.0989883901108722,900.0,0.07334445230662823,165.09,-0.11477852779527434
350.0,-0.06820185482501984,125.0,-0.0989883901108722,343.14,-0.07918026391416788,166.0,-0.11450237480023916
100.0,-0.07257041335105896,125.295685,-0.09892479382147255,1200.0,0.027580210007727146,166.6666667,-0.1143000866901509
400.0,-0.05456043407320976,125.77855,-0.09882092696183327,1100.0,0.04447552748024464,166.6666667,-0.1143000866901509
100.0,-0.05554414540529251,142.73251,-0.0951652631943422,800.0,0.0460633859038353,166.6666667,-0.1143000866901509
800.0,0.04352517053484917,143.03625,-0.09509962148279659,486.11,0.012294752523303032,166.6666667,-0.1143000866901509
222.33015,-0.11071890965104103,143.37152,-0.09502716000898963,833.3333333,0.04231007397174835,166.67,-0.11429907530640525
475.0,0.011938709765672684,145.0,-0.09467511327392929,1000.0,0.05093234032392502,169.08,-0.11356796092495709
700.0,0.025952845811843872,145.0,-0.09467511327392929,1368.0,0.009090963751077652,172.41,-0.11255816642572312
500.0,0.001180240884423256,145.0,-0.09467511327392929,1200.0,0.00968598946928978,173.27,-0.11229745996224288
50.0,-0.06371132284402847,150.0,-0.09359334214385177,1200.0,-0.001613241620361805,173.4650127,-0.11223834717915457
350.0,-0.06737162172794342,150.0,-0.09359334214385177,603.646331,0.023144601844251156,175.0,-0.11177311958238301
1200.0,0.03242548555135727,160.0,-0.09142611380233921,1200.0,0.028110668994486332,175.0,-0.11177311958238301
1200.0,0.020375723019242287,160.0,-0.09142611380233921,166.6666667,-0.08420654758810997,177.66,-0.1109671860196214
300.0,-0.08160310238599777,160.4,-0.09133932859881293,600.0,0.026139704510569572,178.57,-0.11069155096881407
1200.0,0.03060416504740715,166.80914,-0.08994784753249634,500.0,0.01621946692466736,185.19,-0.10868764855663952
700.0,0.023320486769080162,166.9702,-0.08991285807264762,208.33,-0.09141204506158829,187.17,-0.10808874416920979
300.0,-0.11993285082280636,167.22815,-0.08985681759549914,1600.0,-0.01118297316133976,192.31,-0.106535034706925
900.0,0.04518626816570759,199.72005,-0.0827803626945095,739.5,0.022402476519346237,192.31,-0.106535034706925
800.0,0.048928771167993546,200.0,-0.08271927483093575,1000.0,0.05287674069404602,192.31,-0.106535034706925
250.0,-0.0960092768073082,200.0,-0.08271927483093575,250.0,-0.17350771557539701,192.31,-0.106535034706925
900.0,0.04912181198596954,200.0,-0.08271927483093575,700.0,0.0493824053555727,196.0,-0.10542057724561242
1300.0,0.026088809594511986,200.0,-0.08271927483093575,1500.0,-0.00325983390212059,197.74,-0.10489534700662508
500.0,-0.006102949380874634,200.0,-0.08271927483093575,2880.0,-0.16595491394400597,200.0,-0.10421343309762185
1400.0,0.033458415418863297,200.0,-0.08271927483093575,833.3333333,0.0466398261487484,200.0,-0.10421343309762185
100.0,-0.06221368908882141,200.0,-0.08271927483093575,3209.48,-0.23002968914806843,200.0,-0.10421343309762185
400.0,-0.03776629641652107,200.0,-0.08271927483093575,800.0,0.0405549630522728,200.0,-0.10421343309762185
2000.0,-0.01707983762025833,200.0,-0.08271927483093575,454.55,-0.008022505789995193,200.0,-0.10421343309762185
160.0,-0.08971293270587921,200.0,-0.08271927483093575,2600.0,-0.1661166399717331,200.0,-0.10421343309762185
5000.0,-0.1695835255086422,200.0,-0.08271927483093575,200.0,-0.08162510395050049,200.0,-0.10421343309762185
600.0,0.01808512583374977,200.0,-0.08271927483093575,200.0,-0.08892490714788437,200.0,-0.10421343309762185
600.0,0.013970883563160896,200.0,-0.08271927483093575,1500.0,-0.03436163067817688,200.0,-0.10421343309762185
800.0,0.026183199137449265,200.0,-0.08271927483093575,625.0,0.04070184752345085,200.0,-0.10421343309762185
3600.0,-0.16878774017095566,200.0,-0.08271927483093575,250.0,-0.08407340943813324,200.0,-0.10421343309762185
800.0,0.03773898631334305,200.0,-0.08271927483093575,1500.0,-0.009289156645536423,200.0,-0.10421343309762185
400.0,-0.05469372496008873,200.0,-0.08271927483093575,1000.0,0.05716460943222046,200.0,-0.10421343309762185
800.0,0.03984207287430763,200.0,-0.08271927483093575,1500.0,-0.016733340919017792,200.0,-0.10421343309762185
800.0,0.04085336998105049,200.0,-0.08271927483093575,156.25,-0.08877263963222504,200.0,-0.10421343309762185
167.22815,-0.08366016298532486,200.0,-0.08271927483093575,1210.996506,-0.0022270716726779938,200.0,-0.10421343309762185
700.0,0.020414240658283234,200.0,-0.08271927483093575,80.0,-0.10131623968482018,200.0,-0.10421343309762185
125.77855,-0.0780525952577591,200.0,-0.08271927483093575,200.0,-0.1364612616598606,200.0,-0.10421343309762185
200.0,-0.11094626784324646,200.06618,-0.08270483349174636,800.0,0.04667816124856472,200.0,-0.10421343309762185
300.0,-0.07211822271347046,222.33015,-0.07784302927721067,1940.0,-0.03718625754117966,200.0,-0.10421343309762185
300.0,-0.06303451955318451,240.0,-0.07398195849646409,500.0,0.008362012915313244,200.0,-0.10421343309762185
1400.0,0.04650378227233887,240.0,-0.07398195849646409,800.0,0.03129943646490574,200.0,-0.10421343309762185
400.0,-0.056401755660772324,250.0,-0.07179708478977236,700.0,0.035297684371471405,200.0,-0.10421343309762185
2000.0,-0.003952335566282272,250.0,-0.07179708478977236,500.0,0.031240932643413544,200.0,-0.10421343309762185
1100.0,0.049437642097473145,250.0,-0.07179708478977236,299.15,-0.12264844588935375,200.0,-0.10421343309762185
1500.0,0.0225493423640728,250.0,-0.07179708478977236,800.0,0.04232395812869072,200.0,-0.10421343309762185
2000.0,-0.01108233630657196,250.0,-0.07179708478977236,1190.47619,0.030568476766347885,203.49,-0.10316103020235289
1200.0,0.03335787355899811,250.08052,-0.0717794948524256,1000.0,0.0720337014645338,203.49,-0.10316103020235289
400.0,-0.05729525536298752,250.45206,-0.0716983310553865,400.0,-0.029015447944402695,208.33,-0.10170286528378635
1800.0,0.023184641264379025,250.4799,-0.07169224938790959,480.0,0.0027157012373209,208.33,-0.10170286528378635
500.0,-0.002703387290239334,300.0,-0.06089345311897792,1500.0,-0.032659437507390976,208.33,-0.10170286528378635
110.53303,-0.06164759770035744,300.0,-0.06089345311897792,1000.0,0.05719446763396263,209.58,-0.10132653037728144
200.0,-0.10677836090326309,300.0,-0.06089345311897792,1200.0,-0.007223180495202541,209.58,-0.10132653037728144
350.0,-0.05917097628116608,300.0,-0.06089345311897792,454.55,0.017046770080924034,216.05,-0.09938036509503484
300.0,-0.07079096138477325,300.0,-0.06089345311897792,545.4545455,0.01786389108747244,217.39,-0.09897766913689307
1400.0,0.035798804834485054,300.0,-0.06089345311897792,1000.0,0.05853108689188957,217.39,-0.09897766913689307
2000.0,0.0028631892055273056,300.0,-0.06089345311897792,400.0,-0.038805823773145676,217.39,-0.09897766913689307
600.0,0.01910233497619629,300.0,-0.06089345311897792,800.0,0.0583086721599102,222.93,-0.09731419820948049
1200.0,0.031332215294241905,300.0,-0.06089345311897792,384.62,-0.07517585903406143,227.27,-0.09601267097265136
700.0,0.0198080874979496,300.0,-0.06089345311897792,533.5372669,0.02928783535026014,230.26,-0.09511685223668907
1600.0,0.017176494002342224,300.0,-0.06089345311897792,800.0,0.0680349301546812,231.3834536,-0.09478044386364232
400.0,-0.03989557549357414,300.0,-0.06089345311897792,500.0,0.010263420641422272,238.1,-0.09277137723412032
325.0,-0.07814523577690125,300.0,-0.06089345311897792,277.0,-0.16530277580022812,238.1,-0.09277137723412032
400.0,-0.052986010909080505,300.0,-0.06089345311897792,300.0,-0.0775541253387928,238.1,-0.09277137723412032
1200.0,0.013942550867795944,300.0,-0.06089345311897792,200.0,-0.11544358730316162,238.1,-0.09277137723412032
400.0,-0.03987956792116165,300.0,-0.06089345311897792,700.0,0.01285194419324398,240.0,-0.09220372593371684
3000.0,-0.1672774013131857,300.0,-0.06089345311897792,1200.0,0.04314709082245827,246.48,-0.09027006255280917
700.0,0.01812838576734066,300.0,-0.06089345311897792,1500.0,-0.044769881293177605,246.48,-0.09027006255280917
1000.0,0.045863695442676544,300.0,-0.06089345311897792,1000.0,0.05493851751089096,250.0,-0.0892212203444851
300.0,-0.08804652839899063,300.0,-0.06089345311897792,360.0,-0.07020717859268188,250.0,-0.0892212203444851
1200.0,0.035911908373236656,300.0,-0.06089345311897792,1400.0,-0.0001284722238779068,250.0,-0.0892212203444851
1200.0,0.017438773065805435,300.0,-0.06089345311897792,250.0,-0.17529712244868279,250.0,-0.0892212203444851
1600.0,0.03275067824870348,300.0,-0.06089345311897792,1200.0,-0.004309376701712608,250.0,-0.0892212203444851
4200.0,-0.1695743389427662,300.0,-0.06089345311897792,800.0,0.04536879248917103,250.0,-0.0892212203444851
600.0,0.016727015376091003,300.0,-0.06089345311897792,80.0,-0.09752468764781952,250.0,-0.0892212203444851
600.0,0.025991525501012802,300.0,-0.06089345311897792,166.6666667,-0.07365777902305126,250.0,-0.0892212203444851
600.0,0.03261817246675491,300.0,-0.06089345311897792,250.0,-0.1399602461606264,250.0,-0.0892212203444851
2000.0,-0.013411443680524826,300.0,-0.06089345311897792,1095.650211,0.04187683016061783,250.0,-0.0892212203444851
500.0,0.017939021810889244,300.0,-0.06089345311897792,1400.0,-0.020138220861554146,255.47,-0.08759355875316203
500.10583,-0.0030900421552360058,300.0,-0.06089345311897792,1600.0,-0.03240677947178483,255.47,-0.08759355875316203
800.0,0.049379048869013786,300.0,-0.06089345311897792,900.0,0.05236903205513954,263.16,-0.08530998848211735
2400.0,-0.06177315302193165,300.0,-0.06089345311897792,800.0,0.05946611845865846,263.16,-0.08530998848211735
125.0,-0.046680748462677,300.0,-0.06089345311897792,1500.0,-0.018280877731740475,265.15,-0.08471996151615607
1100.0,0.05220913887023926,300.0,-0.06089345311897792,1400.0,0.0181571701541543,266.3316981,-0.08436977251149061
1400.0,0.0358467698097229,300.0,-0.06089345311897792,200.0,-0.09401636756956577,275.59,-0.08163084118036236
500.0,0.018749671056866646,300.0,-0.06089345311897792,187.17,-0.13406260684132576,275.59,-0.08163084118036236
300.0,-0.06527375802397728,300.0,-0.06089345311897792,400.0,-0.04931917041540146,275.59,-0.08163084118036236
500.0,0.0012504234910011292,300.0,-0.06089345311897792,800.0,0.03700953722000122,277.0,-0.08121445756141622
1800.0,0.017677046358585358,300.0,-0.06089345311897792,1000.0,0.07123228348791599,277.0,-0.08121445756141622
1200.0,0.03519292734563351,300.0,-0.06089345311897792,666.6666667,0.020267760381102562,277.0,-0.08121445756141622
200.0,-0.08603855222463608,320.0,-0.05654877631855165,666.6666667,0.044451385736465454,277.0,-0.08121445756141622
350.0,-0.06246398203074932,320.0,-0.05654877631855165,357.14,-0.0701572597026825,277.0,-0.08121445756141622
200.0,-0.11768173426389694,325.0,-0.0554644354806262,800.0,0.07088147290050983,277.0,-0.08121445756141622
800.0,0.043175507336854935,325.0,-0.0554644354806262,1200.0,0.006348419934511185,277.0,-0.08121445756141622
400.0,-0.07012327015399933,333.14865,-0.05369880808450966,203.49,-0.1408265046775341,277.3352218,-0.08111549335863594
3200.0,-0.1634553261101246,350.0,-0.050053307329069326,960.0,0.04655582830309868,277.78,-0.08098420333330723
1100.0,0.050166498869657516,350.0,-0.050053307329069326,560.0,0.01957346498966217,277.78,-0.08098420333330723
1800.0,0.03258698806166649,350.0,-0.050053307329069326,1200.0,-0.005670972168445587,277.78,-0.08098420333330723
1800.0,0.016740625724196434,350.0,-0.050053307329069326,500.0,0.011920460499823093,286.89,-0.07829951642058047
800.0,0.044736795127391815,350.0,-0.050053307329069326,1250.0,-0.006240752525627613,286.89,-0.07829951642058047
100.0,-0.0929519459605217,350.0,-0.050053307329069326,700.0,0.046311598271131516,286.89,-0.07829951642058047
1200.0,0.01824717689305544,350.0,-0.050053307329069326,286.89,-0.12842700630426407,294.12,-0.07617493038193586
300.0,-0.057567283511161804,350.0,-0.050053307329069326,173.27,-0.13935666531324387,294.12,-0.07617493038193586
1600.0,0.022690892219543457,350.0,-0.050053307329069326,150.0,-0.11777515336871147,299.15,-0.07470004749511161
2000.0,0.004098981618881226,350.0,-0.050053307329069326,598.6465722,0.044683595187962055,299.15,-0.07470004749511161
1000.0,0.051874592900276184,375.0,-0.044656597801028784,400.0,-0.04034622386097908,299.15,-0.07470004749511161
250.0,-0.13031162321567535,375.0,-0.044656597801028784,500.0,0.011790623888373375,299.4454677,-0.07461349401986299
100.0,-0.06167322397232056,375.0,-0.044656597801028784,1180.0,0.008608249947428703,300.0,-0.07445107576555378
300.0,-0.06823422014713287,400.0,-0.03926490821804781,1053.8,0.05435739830136299,300.0,-0.07445107576555378
300.0,-0.06034310162067413,400.0,-0.03926490821804781,1800.0,-0.033190662041306496,300.0,-0.07445107576555378
3000.0,-0.14161299169063568,400.0,-0.03926490821804781,300.0,-0.11995157599449158,300.0,-0.07445107576555378
1300.0,0.033013321459293365,400.0,-0.03926490821804781,300.0,-0.11247012857347727,300.0,-0.07445107576555378
2000.0,0.005461297929286957,400.0,-0.03926490821804781,1800.0,-0.026763887144625187,300.0,-0.07445107576555378
300.0,-0.06022203713655472,400.0,-0.03926490821804781,900.0,0.05172375962138176,300.0,-0.07445107576555378
50.0,-0.09122812747955322,400.0,-0.03926490821804781,2138.989401,-0.04336534719914198,300.0,-0.07445107576555378
1400.0,0.039682090282440186,400.0,-0.03926490821804781,400.0,-0.041818249970674515,300.0,-0.07445107576555378
500.0,-0.008218560367822647,400.0,-0.03926490821804781,600.0,0.04152065888047218,300.0,-0.07445107576555378
400.0,-0.036964286118745804,400.0,-0.03926490821804781,286.89,-0.1309958640486002,300.0,-0.07445107576555378
350.0,-0.05609019659459591,400.0,-0.03926490821804781,1093.75,0.07834418304264545,300.0,-0.07445107576555378
800.0,0.022705640643835068,400.0,-0.03926490821804781,1500.0,-0.01906021824106574,300.0,-0.07445107576555378
1600.0,0.022437989711761475,400.0,-0.03926490821804781,1200.0,0.00967775471508503,300.0,-0.07445107576555378
2000.0,-0.0008263960480690002,400.0,-0.03926490821804781,800.0,0.05802670307457447,300.6517978,-0.07426021070942283
1400.0,0.04774576332420111,400.0,-0.03926490821804781,555.55,0.04044570028781891,312.5,-0.0707985369139596
1400.0,0.01902623102068901,400.0,-0.03926490821804781,138.89,-0.09086345881223679,312.5,-0.0707985369139596
1500.0,0.02517961710691452,400.0,-0.03926490821804781,900.0,0.06091642193496227,312.5,-0.0707985369139596
300.0,-0.05737116187810898,400.0,-0.03926490821804781,1750.0,-0.00776132196187973,312.5,-0.0707985369139596
600.0,0.02127722278237343,400.0,-0.03926490821804781,700.0,-0.0035109221935272217,312.5,-0.0707985369139596
300.0,-0.06967367604374886,400.0,-0.03926490821804781,800.0,0.06012056767940521,312.5,-0.0707985369139596
400.0,-0.0460180826485157,400.0,-0.03926490821804781,1500.0,-0.024120058864355087,327.1,-0.06655317267308403
500.0,0.008308350574225187,400.0,-0.03926490821804781,360.0,-0.05784118175506592,330.0,-0.06571255659192922
600.0,0.02174576371908188,400.0,-0.03926490821804781,200.0,-0.14112299866974354,333.33,-0.06474836498833617
400.0,-0.04633766319602728,400.0,-0.03926490821804781,1000.0,0.04721006378531456,333.33,-0.06474836498833617
1000.0,0.06190790235996246,400.0,-0.03926490821804781,200.0,-0.13831934332847595,333.33,-0.06474836498833617
1600.0,0.021384255960583687,400.0,-0.03926490821804781,500.0,0.007964333519339561,333.3333333,-0.06474740041045088
1200.0,0.041639529168605804,400.0,-0.03926490821804781,1200.0,-0.0063467007130384445,333.3333333,-0.06474740041045088
400.0,-0.05332706868648529,400.0,-0.03926490821804781,800.0,0.06260788254439831,333.3333333,-0.06474740041045088
400.0,-0.08666522614657879,400.0,-0.03926490821804781,700.0,0.013126526027917862,343.14,-0.06191445328519245
100.0,-0.060017842799425125,400.0,-0.03926490821804781,1100.0,0.03377029858529568,345.0,-0.06137822175984576
300.0,-0.07109303399920464,400.0,-0.03926490821804781,700.0,0.006072422489523888,347.802802,-0.060570825727890874
143.03625,-0.07904132455587387,400.0,-0.03926490821804781,900.0,0.05638986453413963,349.0,-0.06022618536170842
500.0,-0.005443621426820755,400.0,-0.03926490821804781,960.0,0.050686463713645935,349.0,-0.06022618536170842
1800.0,0.020513031631708145,400.0,-0.03926490821804781,312.5,-0.08871464431285858,349.0,-0.06022618536170842
200.0,-0.07468856871128082,400.0,-0.03926490821804781,500.0,0.011949735693633556,350.0,-0.05993841919830698
500.0,0.014197234064340591,400.0,-0.03926490821804781,166.67,-0.09400918334722519,350.0,-0.05993841919830698
200.0,-0.12482300400733948,400.0,-0.03926490821804781,400.0,-0.060954151675105095,357.14,-0.05788653767348696
100.0,-0.097905732691288,400.0,-0.03926490821804781,2600.0,-0.13553422316908836,357.14,-0.05788653767348696
600.0,0.040691882371902466,400.0,-0.03926490821804781,1000.0,0.04251010715961456,357.14,-0.05788653767348696
1100.0,0.036876825615763664,400.0,-0.03926490821804781,300.0,-0.07102245837450027,360.0,-0.05706597089788359
2000.0,0.0012928582727909088,450.0,-0.028407756680012528,680.0,0.05209541134536266,360.0,-0.05706597089788359
600.0,0.02251528576016426,450.0,-0.028407756680012528,560.0,0.030137838795781136,360.82,-0.05683084132768697
350.0,-0.052918508648872375,450.0,-0.028407756680012528,1368.0,0.029074108228087425,360.82,-0.05683084132768697
500.0,0.023763127624988556,450.0,-0.028407756680012528,1200.0,0.01529812254011631,380.0,-0.05134761900222927
500.0,0.006997434422373772,475.0,-0.022856481729338244,800.0,0.039187850430607796,380.43,-0.05122503028751919
400.0,-0.06542071141302586,500.0,-0.017134432773101053,1000.0,0.066703662276268,380.43,-0.05122503028751919
1300.0,0.03296488896012306,500.0,-0.017134432773101053,500.0,0.009702036157250404,384.62,-0.05003121699666217
400.0,-0.054949892684817314,500.0,-0.017134432773101053,500.0,0.021189328283071518,384.62,-0.05003121699666217
1000.0,0.05994333326816559,500.0,-0.017134432773101053,600.0,0.02679895982146263,384.62,-0.05003121699666217
300.0,-0.11508626863360405,500.0,-0.017134432773101053,500.0,0.03436979092657566,384.62,-0.05003121699666217
400.0,-0.06931642070412636,500.0,-0.017134432773101053,673.08,0.04105403088033199,400.0,-0.04565912900084007
1400.0,0.031372228637337685,500.0,-0.017134432773101053,700.0,0.05319761764258146,400.0,-0.04565912900084007
300.0,-0.06912310421466827,500.0,-0.017134432773101053,960.0,0.05309699848294258,400.0,-0.04565912900084007
800.0,0.03739345073699951,500.0,-0.017134432773101053,850.0,0.047364432364702225,400.0,-0.04565912900084007
2000.0,-0.0005303807556629181,500.0,-0.017134432773101053,238.1,-0.1634632870554924,400.0,-0.04565912900084007
1200.0,0.02698487415909767,500.0,-0.017134432773101053,600.0,0.0427700225263834,400.0,-0.04565912900084007
800.0,0.02655409276485443,500.0,-0.017134432773101053,1600.0,-0.05068071186542511,400.0,-0.04565912900084007
2000.0,-0.0033371485769748688,500.0,-0.017134432773101053,1298.701299,0.022305489517748356,400.0,-0.04565912900084007
1400.0,0.031384773552417755,500.0,-0.017134432773101053,1000.0,0.07705443724989891,400.0,-0.04565912900084007
300.0,-0.07196297496557236,500.0,-0.017134432773101053,1500.0,-0.0006836317479610443,400.0,-0.04565912900084007
300.0,-0.09156957268714905,500.0,-0.017134432773101053,227.27,-0.08658938109874725,400.0,-0.04565912900084007
500.0,-0.0015406850725412369,500.0,-0.017134432773101053,192.31,-0.09298375993967056,400.0,-0.04565912900084007
1600.0,0.03359218314290047,500.0,-0.017134432773101053,1500.0,-0.024942840915173292,400.0,-0.04565912900084007
2000.0,0.008725374937057495,500.0,-0.017134432773101053,384.62,-0.07446271926164627,400.0,-0.04565912900084007
240.0,-0.10843932628631592,500.0,-0.017134432773101053,800.0,0.04132338613271713,400.0,-0.04565912900084007
750.0,0.026847705245018005,500.0,-0.017134432773101053,1100.0,0.06390675902366638,400.0,-0.04565912900084007
600.0,0.006927302107214928,500.0,-0.017134432773101053,192.31,-0.12953847274184227,400.0,-0.04565912900084007
600.0,0.015904724597930908,500.0,-0.017134432773101053,2620.0,-0.14510422945022583,400.0,-0.04565912900084007
500.0,-0.0065191760659217834,500.0,-0.017134432773101053,142.86,-0.09039858728647232,400.0,-0.04565912900084007
1800.0,0.030604373663663864,500.0,-0.017134432773101053,757.5757576,0.05760261416435242,400.0,-0.04565912900084007
800.0,0.04597426578402519,500.0,-0.017134432773101053,500.0,0.02479441650211811,400.0,-0.04565912900084007
200.0,-0.12594228237867355,500.0,-0.017134432773101053,800.0,0.022559285163879395,400.0,-0.04565912900084007
700.0,0.02487337402999401,500.0,-0.017134432773101053,600.0,0.015397239476442337,400.0,-0.04565912900084007
300.0,-0.06612658500671387,500.0,-0.017134432773101053,840.0,0.05201936140656471,400.0,-0.04565912900084007
200.0,-0.08057545125484467,500.0,-0.017134432773101053,1200.0,0.013605877757072449,400.0,-0.04565912900084007
1800.0,0.02751280553638935,500.0,-0.017134432773101053,1940.0,-0.052080389112234116,400.0,-0.04565912900084007
1000.0,0.05762937664985657,500.0,-0.017134432773101053,500.0,-0.027868986129760742,400.0,-0.04565912900084007
350.0,-0.0692099779844284,500.0,-0.017134432773101053,700.0,0.049575163051486015,400.0,-0.04565912900084007
1200.0,0.02395403105765581,500.0,-0.017134432773101053,800.0,0.03602481447160244,400.0,-0.04565912900084007
1250.0,0.018180465325713158,500.0,-0.017134432773101053,800.0,0.06792644783854485,400.0,-0.04565912900084007
200.0,-0.08093388378620148,500.0,-0.017134432773101053,1040.0,0.0628516860306263,400.0,-0.04565912900084007
1800.0,0.018025005236268044,500.0,-0.017134432773101053,1200.0,0.014884773641824722,402.3,-0.04500646551444334
500.0,0.015449258964508772,500.0,-0.017134432773101053,275.59,-0.13645697385072708,402.3,-0.04500646551444334
600.0,0.011977296322584152,500.0,-0.017134432773101053,144.0,-0.13177282735705376,402.3,-0.04500646551444334
800.0,0.04696608893573284,500.0,-0.017134432773101053,400.0,-0.040994416922330856,402.7796176,-0.044870398326017136
160.0,-0.08551362156867981,500.10583,-0.017109730238903612,1200.0,0.033504236373119056,416.67,-0.04093365149051852
400.0,-0.05091159790754318,600.0,0.004902675392359363,1200.0,-0.014912381768226624,416.67,-0.04093365149051852
1600.0,0.022731068544089794,600.0,0.004902675392359363,800.0,0.03827965632081032,416.67,-0.04093365149051852
600.0,0.0033253170549869537,600.0,0.004902675392359363,950.0,0.07818667776882648,416.67,-0.04093365149051852
325.0,-0.07535871118307114,600.0,0.004902675392359363,1521.73913,-0.02877701260149479,416.67,-0.04093365149051852
1075.0,0.05316029489040375,600.0,0.004902675392359363,250.0,-0.10723202675580978,426.83,-0.038057137261502096
1400.0,0.043731506913900375,600.0,0.004902675392359363,750.0,0.055149201303720474,426.83,-0.038057137261502096
800.0,0.026155192404985428,600.0,0.004902675392359363,161.29,-0.08840400725603104,426.83,-0.038057137261502096
300.0,-0.09337498992681503,600.0,0.004902675392359363,416.67,-0.05176001414656639,440.0,-0.034327930093309866
1200.0,0.03192095551639795,600.0,0.004902675392359363,940.1709402,0.04831114783883095,450.0,-0.03149236368066
142.73251,-0.07131961733102798,600.0,0.004902675392359363,750.0,0.06391653046011925,450.0,-0.03149236368066
1950.0,0.005530480295419693,600.0,0.004902675392359363,203.49,-0.14117303118109703,450.0,-0.03149236368066
1300.0,0.03221345879137516,600.0,0.004902675392359363,2000.0,-0.0799211673438549,454.55,-0.030200015411084757
1000.0,0.05170566961169243,600.0,0.004902675392359363,2800.0,-0.20376234874129295,454.55,-0.030200015411084757
145.0,-0.09236536175012589,600.0,0.004902675392359363,500.0,0.012077686376869678,454.55,-0.030200015411084757
1200.0,0.026263678446412086,600.0,0.004902675392359363,1940.0,-0.03199078794568777,454.55,-0.030200015411084757
400.0,-0.05121392756700516,600.0,0.004902675392359363,500.0,0.011402497999370098,454.55,-0.030200015411084757
145.0,-0.09409208595752716,600.0,0.004902675392359363,2000.0,-0.061501096934080124,454.55,-0.030200015411084757
800.0,0.045574646443128586,600.0,0.004902675392359363,1060.0,0.045265913009643555,455.0,-0.030072105466261656
3000.0,-0.15190762653946877,600.0,0.004902675392359363,800.0,0.05431635305285454,455.0,-0.030072105466261656
400.0,-0.055668920278549194,600.0,0.004902675392359363,333.33,-0.07850440591573715,476.1904762,-0.024020368622433456
160.4,-0.03982347249984741,600.0,0.004902675392359363,600.0,0.02743239887058735,480.0,-0.02292439149267109
1000.0,0.06485918909311295,600.0,0.004902675392359363,400.0,-0.03144550323486328,480.0,-0.02292439149267109
100.0,-0.06057263910770416,600.0,0.004902675392359363,500.0,0.027431605383753777,480.0,-0.02292439149267109
200.0,-0.0879480168223381,600.0,0.004902675392359363,1200.0,-0.006355154328048229,480.0,-0.02292439149267109
1000.0,0.04149346798658371,600.0,0.004902675392359363,1100.0,0.060647523030638695,486.11,-0.021159568402907142
700.0,0.02157662808895111,600.0,0.004902675392359363,500.0,0.01394752785563469,500.0,-0.017107406247687914
1200.0,0.031239818781614304,600.0,0.004902675392359363,1398.998612,0.012247610371559858,500.0,-0.017107406247687914
100.0,-0.04751843214035034,600.0,0.004902675392359363,1200.0,0.0005151145160198212,500.0,-0.017107406247687914
500.0,0.003307957202196121,600.0,0.004902675392359363,200.0,-0.13813523575663567,500.0,-0.017107406247687914
3250.0,-0.17516393028199673,600.0,0.004902675392359363,175.0,-0.16998989880084991,500.0,-0.017107406247687914
2000.0,0.019280273467302322,600.0,0.004902675392359363,1500.0,-0.011785036884248257,500.0,-0.017107406247687914
250.08052,-0.12095367535948753,600.0,0.004902675392359363,700.0,-0.0028418079018592834,500.0,-0.017107406247687914
320.0,-0.10509960912168026,600.0,0.004902675392359363,1400.0,0.006391278468072414,500.0,-0.017107406247687914
50.0,-0.062278032302856445,600.0,0.004902675392359363,700.0,0.015538429841399193,500.0,-0.017107406247687914
800.0,0.050212547183036804,600.0,0.004902675392359363,666.6666667,0.008707424625754356,500.0,-0.017107406247687914
1400.0,0.03490505740046501,600.0,0.004902675392359363,1000.0,0.0775793083012104,500.0,-0.017107406247687914
3900.0,-0.17968701757490635,600.0,0.004902675392359363,1304.347826,-0.014591285958886147,500.0,-0.017107406247687914
1250.0,0.04345416743308306,600.0,0.004902675392359363,2500.0,-0.10910386219620705,500.0,-0.017107406247687914
600.0,0.03467189893126488,700.0,0.021512678816720986,750.0,0.06140252575278282,500.0,-0.017107406247687914
1000.0,0.055060721933841705,700.0,0.021512678816720986,500.0,0.007738359272480011,500.0,-0.017107406247687914
350.0,-0.05673567205667496,700.0,0.021512678816720986,1200.0,0.02501571225002408,500.0,-0.017107406247687914
2000.0,-0.0012882929295301437,700.0,0.021512678816720986,1000.0,0.06353934854269028,500.0,-0.017107406247687914
1800.0,-0.0009977221488952637,700.0,0.021512678816720986,2200.0,-0.06582680018618703,500.0,-0.017107406247687914
2000.0,0.01725555956363678,700.0,0.021512678816720986,300.6517978,-0.11948855593800545,500.0,-0.017107406247687914
300.0,-0.06947292387485504,700.0,0.021512678816720986,1250.0,-0.0014594756066799164,500.0,-0.017107406247687914
300.0,-0.0675392672419548,700.0,0.021512678816720986,400.0,-0.050239162519574165,500.0,-0.017107406247687914
1600.0,0.030496349558234215,700.0,0.021512678816720986,555.56,-0.026878412812948227,500.0,-0.017107406247687914
800.0,0.03817517310380936,700.0,0.021512678816720986,800.0,0.04920062981545925,500.0,-0.017107406247687914
200.06618,-0.10006290301680565,700.0,0.021512678816720986,500.0,0.03159134089946747,500.0,-0.017107406247687914
500.0,-0.0015477389097213745,700.0,0.021512678816720986,550.0,0.027866987511515617,500.0,-0.017107406247687914
400.0,-0.03784917388111353,700.0,0.021512678816720986,1300.0,0.03604607284069061,500.0,-0.017107406247687914
111.070366,-0.061243802309036255,700.0,0.021512678816720986,1500.0,-0.008611040189862251,500.0,-0.017107406247687914
200.0,-0.12063396722078323,700.0,0.021512678816720986,900.0,0.07288362830877304,500.0,-0.017107406247687914
600.0,0.01029713824391365,700.0,0.021512678816720986,200.0,-0.14221381768584251,500.0,-0.017107406247687914
100.0,-0.08925817161798477,750.0,0.026218556594178852,1100.0,0.06883532553911209,500.0,-0.017107406247687914
1400.0,0.02407668624073267,750.0,0.026218556594178852,1320.0,-0.0014792457222938538,500.0,-0.017107406247687914
200.0,-0.12617649510502815,750.0,0.026218556594178852,1500.0,-0.04136411473155022,500.0,-0.017107406247687914
400.0,-0.03296246565878391,800.0,0.026776459720460024,700.0,0.047771820798516273,500.0,-0.017107406247687914
2000.0,0.0014656372368335724,800.0,0.026776459720460024,1785.714286,-0.016855521127581596,500.0,-0.017107406247687914
350.0,-0.07364939153194427,800.0,0.026776459720460024,700.0,0.03339233808219433,500.0,-0.017107406247687914
400.0,-0.055344726890325546,800.0,0.026776459720460024,500.0,0.0072446176782250404,500.0,-0.017107406247687914
11.66666667,-0.044294457882642746,800.0,0.026776459720460024,333.33,-0.07316070050001144,500.0,-0.017107406247687914
800.0,0.04044573754072189,800.0,0.026776459720460024,1250.0,-0.01062661875039339,500.0,-0.017107406247687914
1800.0,0.01865759678184986,800.0,0.026776459720460024,581.0,-0.0028643086552619934,500.0,-0.017107406247687914
1200.0,0.013999388553202152,800.0,0.026776459720460024,1400.0,-0.0030788229778409004,500.0,-0.017107406247687914
1600.0,0.0397857204079628,800.0,0.026776459720460024,800.0,0.03912278637290001,500.0,-0.017107406247687914
1800.0,0.01489180326461792,800.0,0.026776459720460024,1050.0,0.06193595007061958,500.0,-0.017107406247687914
300.0,-0.0672375001013279,800.0,0.026776459720460024,1180.0,0.024152906611561775,500.0,-0.017107406247687914
1600.0,0.015081077814102173,800.0,0.026776459720460024,750.0,0.06230279803276062,500.0,-0.017107406247687914
2000.0,-0.013268638402223587,800.0,0.026776459720460024,1800.0,-0.03592921048402786,500.0,-0.017107406247687914
200.0,-0.08026224374771118,800.0,0.026776459720460024,3209.48,-0.2647095341235399,500.0,-0.017107406247687914
100.0,-0.0723925456404686,800.0,0.026776459720460024,1200.0,0.021576566621661186,500.0,-0.017107406247687914
1000.0,0.05330360680818558,800.0,0.026776459720460024,454.55,-0.010133367031812668,500.0,-0.017107406247687914
600.0,0.024392306804656982,800.0,0.026776459720460024,850.0,0.06652602134272456,500.0,-0.017107406247687914
500.0,-0.0014919247478246689,800.0,0.026776459720460024,178.57,-0.0907779186964035,500.0,-0.017107406247687914
3000.0,-0.1742456555366516,800.0,0.026776459720460024,950.0,0.05134977400302887,500.0,-0.017107406247687914
700.0,0.02176917903125286,800.0,0.026776459720460024,384.62,-0.07468762993812561,500.0,-0.017107406247687914
200.0,-0.08161036670207977,800.0,0.026776459720460024,1200.0,-0.018148956820368767,500.0,-0.017107406247687914
500.0,0.003453688696026802,800.0,0.026776459720460024,1500.0,-0.03699132241308689,500.0,-0.017107406247687914
800.0,0.04421195015311241,800.0,0.026776459720460024,1000.0,0.05643023923039436,500.0,-0.017107406247687914
700.0,0.024132702499628067,800.0,0.026776459720460024,1500.0,-0.006458635441958904,500.0,-0.017107406247687914
800.0,0.030859418213367462,800.0,0.026776459720460024,1200.0,-0.013157300651073456,500.0,-0.017107406247687914
143.37152,-0.07325869426131248,800.0,0.026776459720460024,1500.0,-0.039185723289847374,522.39,-0.010413302702727998
1025.0,0.058336954563856125,800.0,0.026776459720460024,299.15,-0.12317625060677528,522.39,-0.010413302702727998
500.0,-0.005835323128849268,800.0,0.026776459720460024,200.0,-0.11789074167609215,529.1005291,-0.008358520445251854
450.0,-0.007452820427715778,800.0,0.026776459720460024,300.0,-0.09922700002789497,533.5372669,-0.006986640338480617
900.0,0.04923374950885773,800.0,0.026776459720460024,2800.0,-0.1938924826681614,541.1255411,-0.004616184309738136
500.0,0.020829476416110992,800.0,0.026776459720460024,100.0,-0.09186717495322227,545.4545455,-0.0032512981650584137
300.0,-0.06101483851671219,800.0,0.026776459720460024,1200.0,-0.0009536948055028915,545.4545455,-0.0032512981650584137
700.0,0.036318378522992134,800.0,0.026776459720460024,300.0,-0.07430517673492432,545.4545455,-0.0032512981650584137
2000.0,0.0018658116459846497,900.0,0.03036516716218291,1560.0,-0.027914244681596756,545.4545455,-0.0032512981650584137
300.0,-0.06258168071508408,900.0,0.03036516716218291,750.0,0.04786190390586853,550.0,-0.0018098283519111206
600.0,0.008270388469099998,900.0,0.03036516716218291,1010.451488,0.07604209519922733,550.0,-0.0018098283519111206
150.0,-0.06329261511564255,933.0,0.03136289677893235,1000.0,0.07252269424498081,550.0,-0.0018098283519111206
1800.0,0.012852940708398819,1000.0,0.03292330251567476,800.0,0.05620698258280754,555.55,-4.100049455914464e-05
2400.0,-0.03259178623557091,1000.0,0.03292330251567476,400.0,-0.033621665090322495,555.56,-3.7806873908203104e-05
400.0,-0.0494685685262084,1000.0,0.03292330251567476,1700.0,-0.019496014341711998,555.56,-3.7806873908203104e-05
300.0,-0.059984708204865456,1000.0,0.03292330251567476,250.0,-0.08901530504226685,555.56,-3.7806873908203104e-05
500.0,-0.0025598108768463135,1000.0,0.03292330251567476,263.16,-0.08793947845697403,555.56,-3.7806873908203104e-05
1600.0,0.02451239340007305,1000.0,0.03292330251567476,1060.0,0.062324315309524536,560.0,0.001381558458930483
375.0,-0.07027407735586166,1000.0,0.03292330251567476,700.0,0.01629524864256382,560.0,0.001381558458930483
450.0,0.003870716318488121,1000.0,0.03292330251567476,1680.0,-0.023453135043382645,560.0,0.001381558458930483
100.0,-0.07835541293025017,1000.0,0.03292330251567476,1500.0,-0.05093505326658487,560.0,0.001381558458930483
1200.0,0.032576458528637886,1000.0,0.03292330251567476,1368.0,0.005874188616871834,560.0,0.001381558458930483
1400.0,0.018907321617007256,1000.0,0.03292330251567476,900.0,0.05191367119550705,560.0,0.001381558458930483
500.0,-0.00023942813277244568,1000.0,0.03292330251567476,800.0,0.05617581494152546,564.52,0.0024153567165361013
700.0,0.021943526342511177,1000.0,0.03292330251567476,700.0,0.021747207269072533,564.52,0.0024153567165361013
2000.0,-7.019191980361938e-05,1000.0,0.03292330251567476,246.48,-0.13982879742980003,580.0,0.006383186928491341
1600.0,0.013864947482943535,1000.0,0.03292330251567476,400.0,-0.03563295677304268,581.0,0.00659872273917345
200.0,-0.09387395530939102,1000.0,0.03292330251567476,1700.0,-0.02588643692433834,581.0,0.00659872273917345
600.0,0.041489094495773315,1000.0,0.03292330251567476,600.0,0.016860107891261578,590.0,0.008902564341821741
800.0,0.04071754589676857,1000.0,0.03292330251567476,600.0,0.04242692328989506,595.0,0.010272060557105962
2400.0,-0.030644267797470093,1000.0,0.03292330251567476,900.0,0.04549103230237961,598.2905983,0.010949037018527214
1600.0,0.013512030243873596,1025.0,0.03288958204725749,416.67,-0.050157900899648666,598.6465722,0.01105508829807977
400.0,-0.05739114433526993,1075.0,0.03275766754781403,200.0,-0.09681782871484756,600.0,0.01142210146307913
600.0,0.01651808340102434,1100.0,0.032612912172119604,600.0,0.02469971776008606,600.0,0.01142210146307913
250.0,-0.09935326129198074,1100.0,0.032612912172119604,312.5,-0.07131054252386093,600.0,0.01142210146307913
400.0,-0.05850844457745552,1100.0,0.032612912172119604,208.33,-0.0940488651394844,600.0,0.01142210146307913
1000.0,0.05235487036406994,1100.0,0.032612912172119604,312.5,-0.0878647118806839,600.0,0.01142210146307913
300.0,-0.08953291922807693,1100.0,0.032612912172119604,1000.0,0.06180890277028084,600.0,0.01142210146307913
80.0,-0.08567917719483376,1125.0,0.0324094928089646,400.0,-0.028170369565486908,600.0,0.01142210146307913
1600.0,0.006504302844405174,1150.0,0.03217485611940267,500.0,0.013986624777317047,600.0,0.01142210146307913
1200.0,0.027841782197356224,1170.0,0.032736738194189645,1666.666667,-0.05480332486331463,600.0,0.01142210146307913
2400.0,-0.04130071774125099,1200.0,0.03326032103836052,380.0,-0.07276911661028862,600.0,0.01142210146307913
1600.0,0.02311692014336586,1200.0,0.03326032103836052,750.0,0.05681359954178333,600.0,0.01142210146307913
1400.0,0.029819371178746223,1200.0,0.03326032103836052,666.6666667,0.015124263241887093,600.0,0.01142210146307913
600.0,0.011006142944097519,1200.0,0.03326032103836052,1100.0,0.04840355925261974,600.0,0.01142210146307913
320.0,-0.0644259825348854,1200.0,0.03326032103836052,950.0,0.06745319813489914,600.0,0.01142210146307913
500.0,-0.007032415829598904,1200.0,0.03326032103836052,750.0,0.05796780250966549,600.0,0.01142210146307913
375.0,-0.06974966824054718,1200.0,0.03326032103836052,1200.0,0.004567865282297134,600.0,0.01142210146307913
500.0,0.0002822643145918846,1200.0,0.03326032103836052,1000.0,0.08839979395270348,600.0,0.01142210146307913
1400.0,0.05500291287899017,1200.0,0.03326032103836052,1400.0,0.019174849614501,600.0,0.01142210146307913
700.0,0.03086131252348423,1200.0,0.03326032103836052,700.0,0.013682199642062187,600.0,0.01142210146307913
1600.0,0.024221220053732395,1200.0,0.03326032103836052,357.14,-0.07668484002351761,600.0,0.01142210146307913
166.80914,-0.08714944496750832,1200.0,0.03326032103836052,1250.0,0.010489764623343945,600.0,0.01142210146307913
500.0,0.0011431248858571053,1200.0,0.03326032103836052,925.9259259,0.0714472234249115,600.0,0.01142210146307913
3000.0,-0.18495754897594452,1200.0,0.03326032103836052,725.0,0.01833212748169899,600.0,0.01142210146307913
800.0,0.025673452764749527,1200.0,0.03326032103836052,960.0,0.05480024591088295,600.0,0.01142210146307913
500.0,-0.0031601324444636703,1200.0,0.03326032103836052,1000.0,0.07095505110919476,600.0,0.01142210146307913
1400.0,0.033468566834926605,1200.0,0.03326032103836052,600.0,0.015574455261230469,600.0,0.01142210146307913
1600.0,0.01992521435022354,1200.0,0.03326032103836052,600.0,0.026300251483917236,600.0,0.01142210146307913
1500.0,0.01619395613670349,1200.0,0.03326032103836052,1300.0,0.02257481124252081,600.0,0.01142210146307913
400.0,-0.0743836760520935,1200.0,0.03326032103836052,1100.0,0.046424299478530884,600.0,0.01142210146307913
1000.0,0.06401538848876953,1200.0,0.03326032103836052,1000.0,0.07093986310064793,600.0,0.01142210146307913
450.0,-0.004943713545799255,1200.0,0.03326032103836052,1300.0,-0.02112623304128647,600.0,0.01142210146307913
2000.0,0.01695634424686432,1200.0,0.03326032103836052,700.0,0.06625014264136553,600.0,0.01142210146307913
1000.0,0.06369896978139877,1200.0,0.03326032103836052,1050.0,0.06444635055959225,600.0,0.01142210146307913
1200.0,0.026901064440608025,1200.0,0.03326032103836052,177.66,-0.13513952866196632,600.0,0.01142210146307913
2000.0,0.010962974280118942,1200.0,0.03326032103836052,1100.0,0.047353086061775684,600.0,0.01142210146307913
375.0,-0.07376380264759064,1200.0,0.03326032103836052,900.0,0.055219866335392,600.0,0.01142210146307913
800.0,0.0330105796456337,1200.0,0.03326032103836052,595.0,0.03096126578748226,600.0,0.01142210146307913
500.0,-0.007205801084637642,1225.0,0.03276293641994582,1500.0,-0.035658564418554306,600.0,0.01142210146307913
400.0,-0.07441575452685356,1250.0,0.03212475769507861,545.4545455,0.007894899696111679,600.0,0.01142210146307913
600.0,0.019943326711654663,1250.0,0.03212475769507861,800.0,0.026058658957481384,600.0,0.01142210146307913
800.0,0.04149290546774864,1300.0,0.030540595244444305,255.47,-0.14458929747343063,600.0,0.01142210146307913
1225.0,0.021393784321844578,1300.0,0.030540595244444305,545.4545455,0.004681707359850407,600.0,0.01142210146307913
1000.0,0.04661869257688522,1300.0,0.030540595244444305,500.0,0.013021320104598999,600.0,0.01142210146307913
600.0,0.010597113519906998,1300.0,0.030540595244444305,255.47,-0.1393175646662712,603.646331,0.012447889429616499
700.0,0.019738076254725456,1300.0,0.030540595244444305,1300.0,0.012456784956157207,610.0,0.01385976349781456
2000.0,0.0016117841005325317,1300.0,0.030540595244444305,870.0,0.04739002883434296,614.04,0.014947721069425553
600.0,0.02244076505303383,1300.0,0.030540595244444305,277.0,-0.154612734913826,620.0,0.01614021338844962
800.0,0.03691483661532402,1300.0,0.030540595244444305,1761.904762,-0.015117439441382885,625.0,0.017108630974168718
3400.0,-0.1683877632021904,1400.0,0.027188190373310016,400.0,-0.04241618886590004,625.0,0.017108630974168718
200.0,-0.09875703603029251,1400.0,0.027188190373310016,840.0,0.046198341995477676,625.0,0.017108630974168718
10.0,-0.04376346990466118,1400.0,0.027188190373310016,555.56,-0.004932377487421036,652.0,0.023018029116290667
400.0,-0.04696003906428814,1400.0,0.027188190373310016,900.0,0.07212640438228846,652.0,0.023018029116290667
1000.0,0.056061308830976486,1400.0,0.027188190373310016,330.0,-0.11038947198539972,652.0,0.023018029116290667
100.0,-0.08580338954925537,1400.0,0.027188190373310016,800.7980689,0.0836982112377882,663.0,0.02467997248279062
600.0,-0.004748985171318054,1400.0,0.027188190373310016,173.4650127,-0.15140532981604338,666.6666667,0.025213103976214925
2000.0,0.015013661235570908,1400.0,0.027188190373310016,1120.0,0.04173009004443884,666.6666667,0.025213103976214925
125.0,-0.04368734359741211,1400.0,0.027188190373310016,500.0,-0.02559753507375717,666.6666667,0.025213103976214925
166.9702,-0.08259355276823044,1400.0,0.027188190373310016,1200.0,0.0028593018651008606,666.6666667,0.025213103976214925
500.0,-0.0017615400720387697,1400.0,0.027188190373310016,277.78,-0.08294452726840973,666.6666667,0.025213103976214925
300.0,-0.06333514675498009,1400.0,0.027188190373310016,1800.0,-0.019049502909183502,666.6666667,0.025213103976214925
250.0,-0.07977592200040817,1400.0,0.027188190373310016,840.0,0.04007561132311821,666.6666667,0.025213103976214925
600.0,0.03634912520647049,1400.0,0.027188190373310016,500.0,0.03394461050629616,666.6666667,0.025213103976214925
1300.0,0.03301981836557388,1400.0,0.027188190373310016,1400.0,0.0029181968420743942,673.08,0.026121613149430265
250.4799,-0.11327853053808212,1400.0,0.027188190373310016,1050.0,0.06766890734434128,673.08,0.026121613149430265
2500.0,-0.039963679388165474,1400.0,0.027188190373310016,500.0,0.007401159033179283,680.0,0.0270701661989793
500.0,0.01922355405986309,1400.0,0.027188190373310016,299.4454677,-0.14715995267033577,680.0,0.0270701661989793
750.0,0.026975661516189575,1400.0,0.027188190373310016,1320.0,0.004919236525893211,680.0,0.0270701661989793
2800.0,-0.08585478737950325,1400.0,0.027188190373310016,2200.0,-0.08556770533323288,700.0,0.029805922257119668
400.0,-0.05280402675271034,1400.0,0.027188190373310016,564.52,0.033274095505476,700.0,0.029805922257119668
400.0,-0.033658672124147415,1400.0,0.027188190373310016,600.0,0.021141203120350838,700.0,0.029805922257119668
1200.0,0.03243713267147541,1500.0,0.023660870266420737,1400.0,0.0026229098439216614,700.0,0.029805922257119668
1200.0,0.018065915443003178,1500.0,0.023660870266420737,1200.0,0.009311478585004807,700.0,0.029805922257119668
10000.0,-0.16963480412960052,1500.0,0.023660870266420737,277.3352218,-0.170901944860816,700.0,0.029805922257119668
200.0,-0.08094993233680725,1600.0,0.019455801288277848,800.0,0.04294739291071892,700.0,0.029805922257119668
800.0,0.05201231315732002,1600.0,0.019455801288277848,740.0,0.0632854662835598,700.0,0.029805922257119668
300.0,-0.09787378087639809,1600.0,0.019455801288277848,800.0,0.05086921900510788,700.0,0.029805922257119668
200.0,-0.12531736493110657,1600.0,0.019455801288277848,600.0,0.01779779978096485,700.0,0.029805922257119668
100.0,-0.07005711272358894,1600.0,0.019455801288277848,744.68,0.06094226334244013,700.0,0.029805922257119668
125.0,-0.04928477853536606,1600.0,0.019455801288277848,800.0,0.07671823911368847,700.0,0.029805922257119668
1150.0,0.04598190821707249,1600.0,0.019455801288277848,1000.0,0.050571806728839874,700.0,0.029805922257119668
1200.0,0.03448653407394886,1600.0,0.019455801288277848,1200.0,-0.00023520458489656448,700.0,0.029805922257119668
800.0,0.051017528399825096,1600.0,0.019455801288277848,500.0,0.022791954688727856,700.0,0.029805922257119668
400.0,-0.06442525237798691,1600.0,0.019455801288277848,1201.058215,0.016171982511878014,700.0,0.029805922257119668
145.0,-0.08805971592664719,1600.0,0.019455801288277848,120.0,-0.11881539598107338,700.0,0.029805922257119668
300.0,-0.08898955583572388,1600.0,0.019455801288277848,277.0,-0.1528216078877449,700.0,0.029805922257119668
400.0,-0.04341232031583786,1600.0,0.019455801288277848,266.3316981,-0.17548941262066364,700.0,0.029805922257119668
1000.0,0.059754228219389915,1600.0,0.019455801288277848,960.0,0.075474938377738,700.0,0.029805922257119668
1600.0,0.01818123459815979,1600.0,0.019455801288277848,1180.0,0.013910027220845222,700.0,0.029805922257119668
1600.0,0.023452864959836006,1600.0,0.019455801288277848,1046.511628,0.05088043957948685,700.0,0.029805922257119668
400.0,-0.03774084895849228,1600.0,0.019455801288277848,1100.0,0.05993398744612932,700.0,0.029805922257119668
1600.0,0.023998789489269257,1600.0,0.019455801288277848,1000.0,0.041881006211042404,700.0,0.029805922257119668
600.0,0.0024941335432231426,1600.0,0.019455801288277848,160.0,-0.14266586303710938,700.0,0.029805922257119668
800.0,0.03782278299331665,1600.0,0.019455801288277848,500.0,0.011013214010745287,700.0,0.029805922257119668
800.0,0.042649853974580765,1600.0,0.019455801288277848,1250.0,-0.0030022766441106796,700.0,0.029805922257119668
600.0,0.008412489667534828,1600.0,0.019455801288277848,100.0,-0.07048359699547291,700.0,0.029805922257119668
300.0,-0.05806597322225571,1800.0,0.009636353327063432,950.0,0.06863320618867874,700.0,0.029805922257119668
400.0,-0.06723376363515854,1800.0,0.009636353327063432,360.82,-0.06453056074678898,700.0,0.029805922257119668
300.0,-0.0965861938893795,1800.0,0.009636353327063432,500.0,0.009595895186066628,700.0,0.029805922257119668
80.0,-0.05570337176322937,1800.0,0.009636353327063432,450.0,-0.013540757820010185,700.0,0.029805922257119668
100.0,-0.08774291723966599,1800.0,0.009636353327063432,200.0,-0.11749713122844696,700.0,0.029805922257119668
1200.0,0.04288535937666893,1800.0,0.009636353327063432,120.0,-0.11736191809177399,700.0,0.029805922257119668
1400.0,0.02269464824348688,1800.0,0.009636353327063432,1200.0,-0.003442540764808655,700.0,0.029805922257119668
240.0,-0.13187646120786667,1800.0,0.009636353327063432,600.0,0.0268306415528059,700.0,0.029805922257119668
1400.0,0.02887298632413149,1800.0,0.009636353327063432,111.0,-0.123276611790061,700.0,0.029805922257119668
600.0,0.012663204222917557,1800.0,0.009636353327063432,800.0,0.017593253403902054,700.0,0.029805922257119668
300.0,-0.07150435447692871,1800.0,0.009636353327063432,1200.0,-0.000543525442481041,700.0,0.029805922257119668
1400.0,0.027756582014262676,1800.0,0.009636353327063432,950.0,0.046440210193395615,700.0,0.029805922257119668
200.0,-0.11589261889457703,1800.0,0.009636353327063432,1000.0,0.07891307258978486,700.0,0.029805922257119668
300.0,-0.09802801162004471,1800.0,0.009636353327063432,250.0,-0.1707050995901227,710.7151464,0.03182938659038148
1400.0,0.046694723423570395,1800.0,0.009636353327063432,400.0,-0.03299436718225479,714.0,0.03246894460720211
750.0,0.04175560176372528,1800.0,0.009636353327063432,850.0,0.0787150451214984,714.2857143,0.032523979356584694
300.0,-0.06766559183597565,1950.0,0.0012100523076771469,400.0,-0.04730459302663803,714.29,0.032524804144383024
600.0,0.0038817673921585083,2000.0,-0.0018072155044458467,1060.0,0.04602506756782532,714.29,0.032524804144383024
2600.0,-0.07229418307542801,2000.0,-0.0018072155044458467,1339.285714,0.023529058322310448,714.29,0.032524804144383024
500.0,-0.0018603410571813583,2000.0,-0.0018072155044458467,400.0,-0.06576956994831562,720.0,0.03360425542583512
800.0,0.05100521631538868,2000.0,-0.0018072155044458467,890.52,0.06681612506508827,725.0,0.0345170122377936
1100.0,0.05036795511841774,2000.0,-0.0018072155044458467,1313.407036,0.002970980480313301,725.0,0.0345170122377936
500.0,0.029542140662670135,2000.0,-0.0018072155044458467,500.0,-0.009718652814626694,725.0,0.0345170122377936
400.0,-0.06582019850611687,2000.0,-0.0018072155044458467,1250.0,0.028323037549853325,729.1666667,0.03525406105833008
250.0,-0.15273410826921463,2000.0,-0.0018072155044458467,1600.0,-0.0224852217361331,731.7073171,0.03569272109268552
100.0,-0.06444776058197021,2000.0,-0.0018072155044458467,1216.216216,0.014238975942134857,739.5,0.03698664308680473
1125.0,0.04104651138186455,2000.0,-0.0018072155044458467,625.0,0.008222702890634537,739.5,0.03698664308680473
1200.0,0.03184308111667633,2000.0,-0.0018072155044458467,714.2857143,0.04056794196367264,739.5,0.03698664308680473
400.0,-0.0621749572455883,2000.0,-0.0018072155044458467,200.0,-0.1031928826123476,739.5,0.03698664308680473
125.295685,-0.0771452896296978,2000.0,-0.0018072155044458467,216.05,-0.13405410572886467,740.0,0.03706703334696841
700.0,0.021542154252529144,2000.0,-0.0018072155044458467,175.0,-0.12313801795244217,740.0,0.03706703334696841
2400.0,-0.06019827350974083,2000.0,-0.0018072155044458467,400.0,-0.07099365815520287,744.047619,0.03770634898818473
600.0,0.019007228314876556,2000.0,-0.0018072155044458467,100.0,-0.07145509496331215,744.68,0.03780441575902463
3000.0,-0.14837895520031452,2000.0,-0.0018072155044458467,800.0,0.06156778335571289,747.4233864,0.03822432718272484
1800.0,3.6660581827163696e-05,2000.0,-0.0018072155044458467,1680.0,-0.018089493736624718,750.0,0.0386108453135756
700.0,0.022868387401103973,2000.0,-0.0018072155044458467,600.0,0.018179040402173996,750.0,0.0386108453135756
300.0,-0.06205696612596512,2000.0,-0.0018072155044458467,1400.0,0.008813259191811085,750.0,0.0386108453135756
2000.0,-0.0012225694954395294,2000.0,-0.0018072155044458467,1200.0,0.0007646903395652771,750.0,0.0386108453135756
8.333333333,-0.05169986002147198,2000.0,-0.0018072155044458467,720.0,-0.0038972673937678337,750.0,0.0386108453135756
400.0,-0.04026113450527191,2000.0,-0.0018072155044458467,1000.0,0.051761362701654434,750.0,0.0386108453135756
150.0,-0.04617326706647873,2000.0,-0.0018072155044458467,700.0,0.040746087208390236,750.0,0.0386108453135756
500.0,-0.00627891207113862,2000.0,-0.0018072155044458467,600.0,0.022634603083133698,750.0,0.0386108453135756
1400.0,0.0281703881919384,2000.0,-0.0018072155044458467,875.0,0.03924331068992615,750.0,0.0386108453135756
800.0,0.043088607490062714,2000.0,-0.0018072155044458467,875.0,0.04440525732934475,750.0,0.0386108453135756
1300.0,0.06458236277103424,2000.0,-0.0018072155044458467,312.5,-0.08845254592597485,750.0,0.0386108453135756
200.0,-0.08350636810064316,2400.0,-0.03089634602965621,200.0,-0.15273394528776407,750.0,0.0386108453135756
700.0,0.020536605268716812,2400.0,-0.03089634602965621,529.1005291,0.025438049342483282,750.0,0.0386108453135756
600.0,0.027014903724193573,2400.0,-0.03089634602965621,500.0,0.0027797408401966095,750.0,0.0386108453135756
1800.0,0.017650915309786797,2400.0,-0.03089634602965621,1100.0,0.04691023379564285,750.0,0.0386108453135756
500.0,0.005027133971452713,2400.0,-0.03089634602965621,1600.0,-0.01974106766283512,750.0,0.0386108453135756
1170.0,0.041183630004525185,2400.0,-0.03089634602965621,1200.0,0.012283608317375183,750.0,0.0386108453135756
500.0,0.01888727955520153,2500.0,-0.03932457775614983,1700.0,-0.024312112480401993,750.0,0.0386108453135756
1300.0,0.030491828452795744,2600.0,-0.047822146232418095,209.58,-0.13958566822111607,750.0,0.0386108453135756
250.45206,-0.11327853053808212,2800.0,-0.06460170119388756,800.0,0.04723963513970375,750.0,0.0386108453135756
600.0,0.007721152156591415,3000.0,-0.08111034183734503,800.0,0.06458362843841314,750.0,0.0386108453135756
199.72005,-0.10658130422234535,3000.0,-0.08111034183734503,960.0,0.046650826930999756,757.5757576,0.03926893302781637
1200.0,0.02988276816904545,3000.0,-0.08111034183734503,739.5,0.021164055913686752,774.6478873,0.04043636653437632
600.0,0.02382493019104004,3000.0,-0.08111034183734503,1200.0,0.009609410539269447,777.7777778,0.04081820730744259
500.0,0.011302608996629715,3000.0,-0.08111034183734503,614.04,0.05036869551986456,780.0,0.04110320950828349
2000.0,-0.009414475411176682,3000.0,-0.08111034183734503,1000.0,0.07340311631560326,781.0,0.0412298207280928
933.0,0.06378884054720402,3200.0,-0.09756953896089875,166.6666667,-0.08246221020817757,781.0,0.0412298207280928
800.0,0.0476008765399456,3250.0,-0.10169671367430613,750.0,0.059159962460398674,793.6507937,0.042592251676080904
1600.0,0.017777515575289726,3400.0,-0.11413331585515953,781.0,0.06205455958843231,799.3209839,0.042766165374109974
500.0,-0.0041130841709673405,3600.0,-0.13087048926678996,700.0,-0.006390858441591263,800.0,0.04278280276588329
500.0,-0.0015676635084673762,3900.0,-0.15630182002014226,1000.0,0.04839023947715759,800.0,0.04278280276588329
1800.0,0.02914649061858654,4200.0,-0.18200084657594318,480.0,0.0007553789764642715,800.0,0.04278280276588329
1200.0,0.02143695577979088,5000.0,-0.2507551965982525,700.0,0.046990010887384415,800.0,0.04278280276588329
600.0,0.009713409468531609,10000.0,-0.673107382898623,1300.0,0.005171660333871841,800.0,0.04278280276588329
,,,,700.0,0.05148286186158657,800.0,0.04278280276588329
,,,,1200.0,-0.0039037447422742844,800.0,0.04278280276588329
,,,,1080.0,0.048321645706892014,800.0,0.04278280276588329
,,,,1400.0,0.013438276946544647,800.0,0.04278280276588329
,,,,700.0,0.035413142293691635,800.0,0.04278280276588329
,,,,2300.0,-0.059730811044573784,800.0,0.04278280276588329
,,,,750.0,0.055883970111608505,800.0,0.04278280276588329
,,,,294.12,-0.07915358990430832,800.0,0.04278280276588329
,,,,1500.0,-0.016075199469923973,800.0,0.04278280276588329
,,,,400.0,-0.03819853439927101,800.0,0.04278280276588329
,,,,740.0,0.0492238774895668,800.0,0.04278280276588329
,,,,1250.0,0.01959237176924944,800.0,0.04278280276588329
,,,,200.0,-0.07458825036883354,800.0,0.04278280276588329
,,,,1500.0,-0.017085441388189793,800.0,0.04278280276588329
,,,,610.0,0.012767843902111053,800.0,0.04278280276588329
,,,,1851.851852,-0.024128944030962884,800.0,0.04278280276588329
,,,,500.0,0.00897285109385848,800.0,0.04278280276588329
,,,,2083.333333,-0.03774689440615475,800.0,0.04278280276588329
,,,,1080.0,0.03483330458402634,800.0,0.04278280276588329
,,,,1080.0,0.045331088826060295,800.0,0.04278280276588329
,,,,1060.0,0.056426238268613815,800.0,0.04278280276588329
,,,,1800.0,-0.047619935125112534,800.0,0.04278280276588329
,,,,781.0,0.04944521375000477,800.0,0.04278280276588329
,,,,666.6666667,0.008317185565829277,800.0,0.04278280276588329
,,,,402.3,-0.028651252388954163,800.0,0.04278280276588329
,,,,1200.0,0.018279269337654114,800.0,0.04278280276588329
,,,,1060.0,0.06574084609746933,800.0,0.04278280276588329
,,,,426.83,-0.011877669021487236,800.0,0.04278280276588329
,,,,1100.0,0.03476429916918278,800.0,0.04278280276588329
,,,,714.29,-0.0036984123289585114,800.0,0.04278280276588329
,,,,300.0,-0.11646193638443947,800.0,0.04278280276588329
,,,,500.0,0.00022318214178085327,800.0,0.04278280276588329
,,,,900.0,0.04692273586988449,800.0,0.04278280276588329
,,,,2050.0,-0.07260600663721561,800.0,0.04278280276588329
,,,,200.0,-0.15056488662958145,800.0,0.04278280276588329
,,,,714.29,-0.010114751756191254,800.0,0.04278280276588329
,,,,800.0,0.042704444378614426,800.0,0.04278280276588329
,,,,1000.0,0.07521450519561768,800.0,0.04278280276588329
,,,,652.0,0.02184787392616272,800.0,0.04278280276588329
,,,,1080.0,0.04982924461364746,800.0,0.04278280276588329
,,,,2000.0,-0.05660508945584297,800.0,0.04278280276588329
,,,,1000.0,0.06013956665992737,800.0,0.04278280276588329
,,,,1200.0,-0.011777771636843681,800.0,0.04278280276588329
,,,,100.0,-0.11081314831972122,800.0,0.04278280276588329
,,,,440.0,-0.0028236210346221924,800.0,0.04278280276588329
,,,,800.0,0.028116239234805107,800.0,0.04278280276588329
,,,,400.0,-0.04154535848647356,800.0,0.04278280276588329
,,,,200.0,-0.08409792184829712,800.0,0.04278280276588329
,,,,800.0,0.04844251275062561,800.0,0.04278280276588329
,,,,312.5,-0.0781095027923584,800.0,0.04278280276588329
,,,,750.0,0.04293999448418617,800.0,0.04278280276588329
,,,,1400.0,0.0040856339037418365,800.0,0.04278280276588329
,,,,1200.0,0.013325261883437634,800.0,0.04278280276588329
,,,,300.0,-0.12059303931891918,800.0,0.04278280276588329
,,,,2200.0,-0.049767548218369484,800.0,0.04278280276588329
,,,,1200.0,0.01112733781337738,800.0,0.04278280276588329
,,,,1190.47619,0.026990044862031937,800.0,0.04278280276588329
,,,,600.0,0.016859158873558044,800.0,0.04278280276588329
,,,,200.0,-0.17807197012007236,800.0,0.04278280276588329
,,,,196.0,-0.15772920101881027,800.0,0.04278280276588329
,,,,800.0,0.044498320668935776,800.0,0.04278280276588329
,,,,700.0,0.013542409986257553,800.0,0.04278280276588329
,,,,2391.304348,-0.14262909442186356,800.0,0.04278280276588329
,,,,200.0,-0.09968330711126328,800.0,0.04278280276588329
,,,,1300.0,0.038330900482833385,800.0,0.04278280276588329
,,,,1000.0,0.04696262255311012,800.0,0.04278280276588329
,,,,500.0,0.008882205933332443,800.0,0.04278280276588329
,,,,500.0,0.012233279645442963,800.0,0.04278280276588329
,,,,1100.0,0.044637005776166916,800.0,0.04278280276588329
,,,,800.0,0.043439581990242004,800.0,0.04278280276588329
,,,,150.0,-0.11265191435813904,800.0,0.04278280276588329
,,,,750.0,0.06372698023915291,800.0,0.04278280276588329
,,,,1190.47619,0.02766500599682331,800.0,0.04278280276588329
,,,,349.0,-0.11113781854510307,800.0,0.04278280276588329
,,,,1250.0,0.0008692536503076553,800.0,0.04278280276588329
,,,,360.82,-0.06609072396531701,800.0,0.04278280276588329
,,,,500.0,0.009541453793644905,800.0,0.04278280276588329
,,,,600.0,0.04331224039196968,800.0,0.04278280276588329
,,,,450.0,0.013927333056926727,800.7980689,0.04280123539008635
,,,,1680.0,-0.005004349164664745,814.0,0.04294602487602659
,,,,1400.0,-0.0005634408444166183,814.0,0.04294602487602659
,,,,700.0,0.030441485345363617,824.3581251,0.04364766661484387
,,,,416.67,-0.011758898384869099,833.33,0.043936790593284876
,,,,4000.0,-0.2318357266485691,833.33,0.043936790593284876
,,,,1250.0,-0.0019437894225120544,833.3333333,0.04393687078644986
,,,,500.0,0.013554347679018974,833.3333333,0.04393687078644986
,,,,500.0,0.014191858470439911,833.3333333,0.04393687078644986
,,,,402.3,-0.016606906428933144,833.3333333,0.04393687078644986
,,,,300.0,-0.1164486687630415,840.0,0.0439772665010194
,,,,1666.666667,-0.013025058549828827,840.0,0.0439772665010194
,,,,1200.0,0.010008499026298523,840.0,0.0439772665010194
,,,,900.0,0.05749340169131756,840.0,0.0439772665010194
,,,,500.0,0.011958458926528692,850.0,0.044635363991489485
,,,,700.0,0.03659237176179886,850.0,0.044635363991489485
,,,,700.0,0.045369528234004974,850.0,0.044635363991489485
,,,,750.0,0.06234685704112053,870.0,0.044075275021062656
,,,,710.7151464,0.018063152208924294,870.0,0.044075275021062656
,,,,1000.0,0.05597103759646416,870.0,0.044075275021062656
,,,,2400.0,-0.08494776859879494,870.0,0.044075275021062656
,,,,345.0,-0.04276469722390175,870.0,0.044075275021062656
,,,,1250.0,-0.008761059958487749,875.0,0.043846412842829814
,,,,1200.0,0.04613500088453293,875.0,0.043846412842829814
,,,,1200.0,0.0031207073479890823,875.0,0.043846412842829814
,,,,1200.0,0.012453407049179077,890.52,0.04377326113486538
,,,,600.0,0.03200269117951393,890.52,0.04377326113486538
,,,,455.0,0.009887360036373138,900.0,0.04326211420618989
,,,,800.0,0.06595564354211092,900.0,0.04326211420618989
,,,,900.0,0.05949505418539047,900.0,0.04326211420618989
,,,,833.33,0.05594257265329361,900.0,0.04326211420618989
,,,,300.0,-0.0767134353518486,900.0,0.04326211420618989
,,,,400.0,-0.06560489116236567,900.0,0.04326211420618989
,,,,581.0,0.01134546846151352,900.0,0.04326211420618989
,,,,1800.0,-0.04281936399638653,900.0,0.04326211420618989
,,,,774.6478873,0.04201234504580498,900.0,0.04326211420618989
,,,,200.0,-0.12091223523020744,900.0,0.04326211420618989
,,,,1200.0,0.008093850687146187,900.0,0.04326211420618989
,,,,800.0,0.04462117701768875,900.0,0.04326211420618989
,,,,1014.492754,0.050943080335855484,900.0,0.04326211420618989
,,,,1199.602147,0.009617874398827553,900.0,0.04326211420618989
,,,,100.0,-0.08177975192666054,900.0,0.04326211420618989
,,,,1000.0,0.041462428867816925,900.0,0.04326211420618989
,,,,600.0,0.03237121179699898,900.0,0.04326211420618989
,,,,1000.0,0.07091686874628067,900.0,0.04326211420618989
,,,,950.0,0.035652872174978256,900.0,0.04326211420618989
,,,,1060.0,0.061190932523459196,900.0,0.04326211420618989
,,,,800.0,0.058558269403874874,900.0,0.04326211420618989
,,,,454.55,0.014856306836009026,900.0,0.04326211420618989
,,,,1125.0,0.04920914210379124,900.0,0.04326211420618989
,,,,384.62,-0.07378837466239929,900.0,0.04326211420618989
,,,,600.0,0.023511331528425217,900.0,0.04326211420618989
,,,,192.31,-0.09477579593658447,918.5922967,0.04222855775516601
,,,,166.6666667,-0.07702736742794514,925.9259259,0.04180515107020269
,,,,1250.0,-0.008994645439088345,926.0,0.04180083324244756
,,,,426.83,-0.004122225102037191,940.1709402,0.040962854224265474
,,,,200.0,-0.13974854350090027,945.9459459,0.04061626305408531
,,,,1250.0,0.022117024287581444,945.95,0.040616019027529406
,,,,900.0,0.048697926104068756,950.0,0.040371820764288344
,,,,1200.0,-0.001522262580692768,950.0,0.040371820764288344
,,,,217.39,-0.0849243551492691,950.0,0.040371820764288344
,,,,400.0,-0.07511848211288452,950.0,0.040371820764288344
,,,,1800.0,-0.03531745262444019,950.0,0.040371820764288344
,,,,870.0,0.04635041952133179,950.0,0.040371820764288344
,,,,1400.0,0.006033334881067276,950.0,0.040371820764288344
,,,,3000.0,-0.22427510097622871,950.0,0.040371820764288344
,,,,3400.0,-0.2397774402052164,952.0,0.0403794945884303
,,,,400.0,-0.023846566677093506,952.3809524,0.040380722263044656
,,,,744.047619,0.0632425993680954,960.0,0.040389127802982504
,,,,652.0,0.013634596019983292,960.0,0.040389127802982504
,,,,600.0,0.02190970815718174,960.0,0.040389127802982504
,,,,1000.0,0.05280914902687073,960.0,0.040389127802982504
,,,,1200.0,0.02959580533206463,960.0,0.040389127802982504
,,,,131.58,-0.0899471864104271,960.0,0.040389127802982504
,,,,800.0,0.04927152395248413,960.0,0.040389127802982504
,,,,265.15,-0.14339293725788593,960.0,0.040389127802982504
,,,,500.0,0.008896976709365845,974.939064,0.040309694207732276
,,,,545.4545455,0.00909020658582449,975.0,0.04030909088291061
,,,,333.3333333,-0.0548202209174633,998.541618,0.039472758756714285
,,,,500.0,0.008826530305668712,1000.0,0.03943820491862046
,,,,357.14,-0.07323875278234482,1000.0,0.03943820491862046
,,,,800.0,0.05718287080526352,1000.0,0.03943820491862046
,,,,1000.0,0.05801894888281822,1000.0,0.03943820491862046
,,,,620.0,0.04283255524933338,1000.0,0.03943820491862046
,,,,1750.0,-0.03481488302350044,1000.0,0.03943820491862046
,,,,1100.0,0.062107490841299295,1000.0,0.03943820491862046
,,,,700.0,0.01459159143269062,1000.0,0.03943820491862046
,,,,121.95,-0.0854758769273758,1000.0,0.03943820491862046
,,,,2050.0,-0.037454890087246895,1000.0,0.03943820491862046
,,,,1279.069767,-0.01788098830729723,1000.0,0.03943820491862046
,,,,3000.0,-0.27110593765974045,1000.0,0.03943820491862046
,,,,1500.0,-0.02567383646965027,1000.0,0.03943820491862046
,,,,800.0,0.06166377104818821,1000.0,0.03943820491862046
,,,,217.39,-0.08953287452459335,1000.0,0.03943820491862046
,,,,1180.0,0.016427040100097656,1000.0,0.03943820491862046
,,,,700.0,0.048592427745461464,1000.0,0.03943820491862046
,,,,800.0,0.06556372623890638,1000.0,0.03943820491862046
,,,,600.0,0.019985388964414597,1000.0,0.03943820491862046
,,,,1000.0,0.046054720878601074,1000.0,0.03943820491862046
,,,,800.0,0.061091095209121704,1000.0,0.03943820491862046
,,,,1000.0,0.050251465290784836,1000.0,0.03943820491862046
,,,,580.0,0.024725360795855522,1000.0,0.03943820491862046
,,,,1000.0,0.045234136283397675,1000.0,0.03943820491862046
,,,,800.0,0.03589359670877457,1000.0,0.03943820491862046
,,,,840.0,0.035985419526696205,1000.0,0.03943820491862046
,,,,747.4233864,0.041979508474469185,1000.0,0.03943820491862046
,,,,263.16,-0.09100128710269928,1000.0,0.03943820491862046
,,,,900.0,0.0525190606713295,1000.0,0.03943820491862046
,,,,192.31,-0.08740834146738052,1000.0,0.03943820491862046
,,,,1600.0,-0.03593355417251587,1000.0,0.03943820491862046
,,,,833.3333333,0.04274893179535866,1000.0,0.03943820491862046
,,,,800.0,0.06107502244412899,1000.0,0.03943820491862046
,,,,500.0,-0.019465114921331406,1000.0,0.03943820491862046
,,,,480.0,0.01938728615641594,1000.0,0.03943820491862046
,,,,800.0,0.049590544775128365,1000.0,0.03943820491862046
,,,,275.59,-0.1398776825517416,1000.0,0.03943820491862046
,,,,1440.0,-0.023545071482658386,1000.0,0.03943820491862046
,,,,875.0,0.04633614420890808,1000.0,0.03943820491862046
,,,,1090.0,0.05864511430263519,1000.0,0.03943820491862046
,,,,400.0,-0.05965418368577957,1000.0,0.03943820491862046
,,,,814.0,0.06880933791399002,1000.0,0.03943820491862046
,,,,800.0,0.07544724643230438,1000.0,0.03943820491862046
,,,,1368.0,-0.003704019822180271,1000.0,0.03943820491862046
,,,,666.6666667,0.025966398417949677,1000.0,0.03943820491862046
,,,,1750.0,-0.05772569589316845,1000.0,0.03943820491862046
,,,,1475.0,-0.0066256290301680565,1000.0,0.03943820491862046
,,,,1071.428571,0.04403899610042572,1000.0,0.03943820491862046
,,,,1000.0,0.05725114792585373,1000.0,0.03943820491862046
,,,,680.0,0.046541014686226845,1000.0,0.03943820491862046
,,,,500.0,0.048581695184111595,1000.0,0.03943820491862046
,,,,952.0,0.06696300767362118,1000.0,0.03943820491862046
,,,,2800.0,-0.18524906039237976,1000.0,0.03943820491862046
,,,,750.0,0.0597674073651433,1000.0,0.03943820491862046
,,,,1200.0,0.006041901186108589,1000.0,0.03943820491862046
,,,,400.0,-0.03577568382024765,1000.0,0.03943820491862046
,,,,1000.0,0.0503881573677063,1000.0,0.03943820491862046
,,,,500.0,0.01602950505912304,1000.0,0.03943820491862046
,,,,1000.0,0.06915182247757912,1000.0,0.03943820491862046
,,,,1100.0,0.03852349519729614,1000.0,0.03943820491862046
,,,,1700.0,-0.01578081212937832,1000.0,0.03943820491862046
,,,,926.0,0.062309447675943375,1010.451488,0.039001176818597064
,,,,700.0,0.017952777445316315,1014.492754,0.03866410467725281
,,,,800.0,0.03504752367734909,1040.0,0.036445147356906446
,,,,1455.026455,-0.008170650340616703,1040.0,0.036445147356906446
,,,,777.7777778,0.04192597419023514,1040.0,0.036445147356906446
,,,,1063.457871,0.05132371373474598,1042.0,0.03626479719804366
,,,,600.0,0.02118128351867199,1046.511628,0.03585522492197765
,,,,960.0,0.06222706288099289,1049.275485,0.03560261426823368
,,,,2800.0,-0.18893501907587051,1050.0,0.03553619922187958
,,,,277.0,-0.16638506576418877,1050.0,0.03553619922187958
,,,,714.0,0.05133424885571003,1050.0,0.03553619922187958
,,,,333.33,-0.07775753736495972,1053.8,0.03518657662356027
,,,,1250.0,0.013540379703044891,1060.0,0.03461143916761644
,,,,600.0,0.024236110970377922,1060.0,0.03461143916761644
,,,,1082.251082,0.06359145417809486,1060.0,0.03461143916761644
,,,,1200.0,0.021561075001955032,1060.0,0.03461143916761644
,,,,800.0,0.051535891368985176,1060.0,0.03461143916761644
,,,,3209.48,-0.2404431290924549,1060.0,0.03461143916761644
,,,,945.95,0.09790767915546894,1060.0,0.03461143916761644
,,,,1000.0,0.07293664198368788,1063.457871,0.034288182526845776
,,,,454.55,0.01484674122184515,1071.428571,0.03353674026581823
,,,,600.0,0.02379939891397953,1071.428571,0.03353674026581823
,,,,300.0,-0.10020648129284382,1080.0,0.032720170468028234
,,,,800.0,0.057454101741313934,1080.0,0.032720170468028234
,,,,600.0,0.024788042530417442,1080.0,0.032720170468028234
,,,,522.39,0.016939048655331135,1080.0,0.032720170468028234
,,,,50.0,-0.10168787837028503,1080.0,0.032720170468028234
,,,,833.3333333,0.04300667671486735,1082.251082,0.032504498218398806
,,,,400.0,-0.03452718257904053,1090.0,0.03175888208383056
,,,,780.0,0.0363864041864872,1093.75,0.03139643923523058
,,,,900.0,0.07411027606576681,1095.650211,0.03121240898504402
,,,,1515.151515,-0.024713151738978922,1100.0,0.03079025856529621
,,,,700.0,0.013161346316337585,1100.0,0.03079025856529621
,,,,1000.0,0.061976075172424316,1100.0,0.03079025856529621
,,,,1200.0,-0.008731726557016373,1100.0,0.03079025856529621
,,,,2800.0,-0.1884854957461357,1100.0,0.03079025856529621
,,,,800.0,0.061246482655406,1100.0,0.03079025856529621
,,,,975.0,0.06859967112541199,1100.0,0.03079025856529621
,,,,480.0,0.010954877361655235,1100.0,0.03079025856529621
,,,,1200.0,0.027286803349852562,1100.0,0.03079025856529621
,,,,800.0,0.045025017112493515,1100.0,0.03079025856529621
,,,,166.0,-0.14169242233037949,1100.0,0.03079025856529621
,,,,1500.0,-0.006703255698084831,1100.0,0.03079025856529621
,,,,700.0,0.046605706214904785,1100.0,0.03079025856529621
,,,,1500.0,-0.02980341948568821,1100.0,0.03079025856529621
,,,,277.0,-0.15472851693630219,1100.0,0.03079025856529621
,,,,750.0,0.057746317237615585,1100.0,0.03079025856529621
,,,,974.939064,0.06116028130054474,1100.0,0.03079025856529621
,,,,700.0,0.03896446619182825,1100.0,0.03079025856529621
,,,,800.0,0.07591577433049679,1100.0,0.03079025856529621
,,,,800.0,0.04006008990108967,1100.0,0.03079025856529621
,,,,275.59,-0.14310605451464653,1120.0,0.028836309549321593
,,,,600.0,0.008367336820811033,1125.0,0.028345466797248777
,,,,1000.0,0.04499669000506401,1125.0,0.028345466797248777
,,,,1400.0,0.008380246348679066,1125.0,0.028345466797248777
,,,,731.7073171,0.02870865911245346,1180.0,0.022923100255382266
,,,,402.3,-0.024248264729976654,1180.0,0.022923100255382266
,,,,1428.571429,0.008689467795193195,1180.0,0.022923100255382266
,,,,500.0,0.017400655895471573,1180.0,0.022923100255382266
,,,,680.0,0.04277479648590088,1180.0,0.022923100255382266
,,,,1000.0,0.07279910147190094,1180.0,0.022923100255382266
,,,,555.56,-0.01843363791704178,1190.47619,0.02188889722400976
,,,,1250.0,0.026460018008947372,1190.47619,0.02188889722400976
,,,,1040.0,0.07709536142647266,1190.47619,0.02188889722400976
,,,,1071.428571,0.06550288572907448,1199.602147,0.020988294404730264
,,,,1400.0,-0.00903211161494255,1200.0,0.020949040711240617
,,,,750.0,0.0634709820151329,1200.0,0.020949040711240617
,,,,1200.0,-0.006583675742149353,1200.0,0.020949040711240617
,,,,1100.0,0.045472290366888046,1200.0,0.020949040711240617
,,,,600.0,0.01985406130552292,1200.0,0.020949040711240617
,,,,600.0,0.06147254817187786,1200.0,0.020949040711240617
,,,,1100.0,0.03588647395372391,1200.0,0.020949040711240617
,,,,600.0,0.012592051178216934,1200.0,0.020949040711240617
,,,,600.0,0.026687772944569588,1200.0,0.020949040711240617
,,,,450.0,-0.005313035100698471,1200.0,0.020949040711240617
,,,,500.0,0.0109320729970932,1200.0,0.020949040711240617
,,,,1620.0,-0.01922859437763691,1200.0,0.020949040711240617
,,,,800.0,0.04894319176673889,1200.0,0.020949040711240617
,,,,560.0,0.034830689430236816,1200.0,0.020949040711240617
,,,,1000.0,0.0508749783039093,1200.0,0.020949040711240617
,,,,1042.0,0.06520843505859375,1200.0,0.020949040711240617
,,,,3000.0,-0.24020276218652725,1200.0,0.020949040711240617
,,,,300.0,-0.10621786676347256,1200.0,0.020949040711240617
,,,,600.0,0.018641045317053795,1200.0,0.020949040711240617
,,,,1200.0,0.004955231212079525,1200.0,0.020949040711240617
,,,,1330.0,0.0022012069821357727,1200.0,0.020949040711240617
,,,,600.0,0.03379645198583603,1200.0,0.020949040711240617
,,,,500.0,0.027890503406524658,1200.0,0.020949040711240617
,,,,333.3333333,-0.10630276054143906,1200.0,0.020949040711240617
,,,,500.0,0.03388367220759392,1200.0,0.020949040711240617
,,,,1300.0,0.04093892686069012,1200.0,0.020949040711240617
,,,,1600.0,-0.020922829397022724,1200.0,0.020949040711240617
,,,,998.541618,0.0678808675147593,1200.0,0.020949040711240617
,,,,890.52,0.07464681100100279,1200.0,0.020949040711240617
,,,,600.0,0.03824251517653465,1200.0,0.020949040711240617
,,,,238.1,-0.1403920203447342,1200.0,0.020949040711240617
,,,,800.0,0.039219968020915985,1200.0,0.020949040711240617
,,,,2050.0,-0.05165330693125725,1200.0,0.020949040711240617
,,,,238.1,-0.08863020688295364,1200.0,0.020949040711240617
,,,,500.0,0.011790601536631584,1200.0,0.020949040711240617
,,,,2050.0,-0.06668747728690505,1200.0,0.020949040711240617
,,,,1520.0,-0.016583051532506943,1200.0,0.020949040711240617
,,,,663.0,0.030019253492355347,1200.0,0.020949040711240617
,,,,870.0,0.048873644322156906,1200.0,0.020949040711240617
,,,,1000.0,0.06564688868820667,1200.0,0.020949040711240617
,,,,1500.0,-0.01351078785955906,1200.0,0.020949040711240617
,,,,600.0,0.025269988924264908,1200.0,0.020949040711240617
,,,,1125.0,0.048007700592279434,1200.0,0.020949040711240617
,,,,1080.0,0.04503374174237251,1200.0,0.020949040711240617
,,,,1000.0,0.06549159903079271,1200.0,0.020949040711240617
,,,,147.06,-0.0952506810426712,1200.0,0.020949040711240617
,,,,1300.0,0.01223142072558403,1200.0,0.020949040711240617
,,,,2000.0,-0.026990709826350212,1200.0,0.020949040711240617
,,,,209.58,-0.14178448915481567,1200.0,0.020949040711240617
,,,,2333.333333,-0.10800693929195404,1200.0,0.020949040711240617
,,,,416.67,-0.05114632844924927,1200.0,0.020949040711240617
,,,,500.0,0.007862997241318226,1200.0,0.020949040711240617
,,,,598.2905983,0.008595473133027554,1200.0,0.020949040711240617
,,,,1200.0,0.024955570697784424,1200.0,0.020949040711240617
,,,,416.67,-0.04733068495988846,1200.0,0.020949040711240617
,,,,250.0,-0.15855441987514496,1200.0,0.020949040711240617
,,,,1604.40489,-0.021255072788335383,1200.0,0.020949040711240617
,,,,217.39,-0.09175820648670197,1200.0,0.020949040711240617
,,,,800.0,0.04064967483282089,1200.0,0.020949040711240617
,,,,1200.0,0.004724577069282532,1200.0,0.020949040711240617
,,,,1000.0,0.042814452201128006,1200.0,0.020949040711240617
,,,,1667.0,-0.01995552610605955,1200.0,0.020949040711240617
,,,,1400.0,0.0044174352660775185,1201.058215,0.020844637043533638
,,,,222.93,-0.14048852026462555,1210.996506,0.01986445887953218
,,,,1900.0,-0.040983294136822224,1216.216216,0.019349956636121976
,,,,1920.0,-0.035209620371460915,1250.0,0.016053820371937675
,,,,1322.751323,0.02277196291834116,1250.0,0.016053820371937675
,,,,1488.095238,-0.010316445026546717,1250.0,0.016053820371937675
,,,,246.48,-0.14614097401499748,1250.0,0.016053820371937675
,,,,454.55,-0.011273924261331558,1250.0,0.016053820371937675
,,,,700.0,0.057230787351727486,1250.0,0.016053820371937675
,,,,600.0,0.024483611807227135,1250.0,0.016053820371937675
,,,,426.83,-0.0064233820885419846,1250.0,0.016053820371937675
,,,,800.0,0.06502817198634148,1250.0,0.016053820371937675
,,,,1000.0,0.054963622242212296,1250.0,0.016053820371937675
,,,,700.0,0.013497507199645042,1250.0,0.016053820371937675
,,,,350.0,-0.057573817670345306,1250.0,0.016053820371937675
,,,,750.0,0.04861922189593315,1250.0,0.016053820371937675
,,,,800.0,0.042207151651382446,1250.0,0.016053820371937675
,,,,900.0,0.06442935764789581,1250.0,0.016053820371937675
,,,,900.0,0.0716832634061575,1250.0,0.016053820371937675
,,,,2200.0,-0.05971081927418709,1250.0,0.016053820371937675
,,,,1200.0,0.01233765296638012,1250.0,0.016053820371937675
,,,,1000.0,0.04394041374325752,1250.0,0.016053820371937675
,,,,1250.0,0.02161005511879921,1250.0,0.016053820371937675
,,,,799.3209839,0.07516296114772558,1250.0,0.016053820371937675
,,,,522.39,0.0166714359074831,1279.069767,0.013117131022964546
,,,,1400.0,0.004915982019156218,1298.701299,0.011126478638373393
,,,,1400.0,0.0011324845254421234,1300.0,0.010987526444748902
,,,,560.0,0.017856931313872337,1300.0,0.010987526444748902
,,,,2100.0,-0.058034246787428856,1300.0,0.010987526444748902
,,,,600.0,0.03900141827762127,1300.0,0.010987526444748902
,,,,277.0,-0.15758468210697174,1300.0,0.010987526444748902
,,,,161.29,-0.08997423201799393,1300.0,0.010987526444748902
,,,,1836.734694,-0.06044132634997368,1300.0,0.010987526444748902
,,,,1406.926407,0.012272718828171492,1300.0,0.010987526444748902
,,,,238.1,-0.08142606914043427,1300.0,0.010987526444748902
,,,,100.0,-0.10498661920428276,1300.0,0.010987526444748902
,,,,800.0,0.06282306462526321,1304.347826,0.010529637750201245
,,,,2400.0,-0.09916673973202705,1309.52381,0.010005969446291316
,,,,800.0,0.06122938171029091,1309.52381,0.010005969446291316
,,,,300.0,-0.10836442559957504,1313.407036,0.009613742640111318
,,,,208.33,-0.08605346828699112,1320.0,0.008949043713378757
,,,,1000.0,0.06162495445460081,1320.0,0.008949043713378757
,,,,800.0,0.04208205919712782,1320.0,0.008949043713378757
,,,,1547.619048,-0.018016867339611053,1322.751323,0.008672139000188253
,,,,541.1255411,0.028364306315779686,1330.0,0.007943930189725208
,,,,700.0,0.048422107473015785,1339.285714,0.007013928822422233
,,,,800.0,0.045167502015829086,1368.0,0.004157412731585617
,,,,560.0,0.013903969898819923,1368.0,0.004157412731585617
,,,,1940.0,-0.061569929122924805,1368.0,0.004157412731585617
,,,,600.0,0.027305610477924347,1368.0,0.004157412731585617
,,,,500.0,0.013805460184812546,1372.54902,0.0037073655673845974
,,,,1000.0,0.055697737261652946,1398.998612,0.0010705729676578498
,,,,800.0,0.05346362665295601,1400.0,0.0009724365156970459
,,,,327.1,-0.09028183482587337,1400.0,0.0009724365156970459
,,,,349.0,-0.1278683878481388,1400.0,0.0009724365156970459
,,,,714.29,-0.022738441824913025,1400.0,0.0009724365156970459
,,,,165.09,-0.1249980628490448,1400.0,0.0009724365156970459
,,,,1000.0,0.061099689453840256,1400.0,0.0009724365156970459
,,,,550.0,0.032500455155968666,1400.0,0.0009724365156970459
,,,,750.0,0.06420150538906455,1400.0,0.0009724365156970459
,,,,800.0,0.0407986156642437,1400.0,0.0009724365156970459
,,,,1000.0,0.05286327376961708,1400.0,0.0009724365156970459
,,,,750.0,0.030282463878393173,1400.0,0.0009724365156970459
,,,,2000.0,-0.057037632912397385,1400.0,0.0009724365156970459
,,,,277.0,-0.14786012470722198,1400.0,0.0009724365156970459
,,,,800.0,0.038302380591630936,1400.0,0.0009724365156970459
,,,,1700.0,-0.02569478563964367,1400.0,0.0009724365156970459
,,,,231.3834536,-0.16752447001636028,1400.0,0.0009724365156970459
,,,,673.08,0.0486809816211462,1400.0,0.0009724365156970459
,,,,700.0,0.05742807639762759,1400.0,0.0009724365156970459
,,,,1309.52381,0.025976606644690037,1400.0,0.0009724365156970459
,,,,625.0,-0.012439103797078133,1400.0,0.0009724365156970459
,,,,1200.0,0.01937961019575596,1400.0,0.0009724365156970459
,,,,666.6666667,0.009271979331970215,1406.926407,0.00029500578843641336
,,,,824.3581251,0.039435938000679016,1428.571429,-0.001806690828784362
,,,,2200.0,-0.0639362595975399,1440.0,-0.0029474243534129943
,,,,1100.0,0.03614220768213272,1455.026455,-0.004498945676039014
,,,,600.0,0.03299758769571781,1475.0,-0.006433771315691253
,,,,200.0,-0.10422685369849205,1488.095238,-0.0076841776900276
,,,,800.0,0.05446815863251686,1500.0,-0.008893583984533297
,,,,400.0,-0.04652511514723301,1500.0,-0.008893583984533297
,,,,555.56,-0.02311568334698677,1500.0,-0.008893583984533297
,,,,700.0,0.02029629610478878,1500.0,-0.008893583984533297
,,,,1000.0,0.06492383778095245,1500.0,-0.008893583984533297
,,,,900.0,0.07770953699946404,1500.0,-0.008893583984533297
,,,,800.0,0.0337415412068367,1500.0,-0.008893583984533297
,,,,1680.0,-0.02544226683676243,1500.0,-0.008893583984533297
,,,,200.0,-0.09559551253914833,1500.0,-0.008893583984533297
,,,,1500.0,0.015217815525829792,1500.0,-0.008893583984533297
,,,,725.0,0.027989979833364487,1500.0,-0.008893583984533297
,,,,945.9459459,0.048496831208467484,1500.0,-0.008893583984533297
,,,,950.0,0.04507335275411606,1500.0,-0.008893583984533297
,,,,1060.0,0.04904472455382347,1500.0,-0.008893583984533297
,,,,1929.824561,-0.06377144902944565,1500.0,-0.008893583984533297
,,,,1180.0,0.021627191454172134,1500.0,-0.008893583984533297
,,,,1500.0,-0.004940184764564037,1500.0,-0.008893583984533297
,,,,400.0,-0.03154657036066055,1500.0,-0.008893583984533297
,,,,1300.0,0.007221212610602379,1500.0,-0.008893583984533297
,,,,1250.0,-0.0050990767776966095,1500.0,-0.008893583984533297
,,,,800.0,0.06952249258756638,1500.0,-0.008893583984533297
,,,,1320.0,0.004514662548899651,1500.0,-0.008893583984533297
,,,,1940.0,-0.06051105260848999,1500.0,-0.008893583984533297
,,,,1372.54902,-0.01801333948969841,1500.0,-0.008893583984533297
,,,,1000.0,0.05618513561785221,1500.0,-0.008893583984533297
,,,,739.5,0.024406645447015762,1500.0,-0.008893583984533297
,,,,250.0,-0.1689757127314806,1500.0,-0.008893583984533297
,,,,1000.0,0.06104804947972298,1500.0,-0.008893583984533297
,,,,652.0,0.011146161705255508,1500.0,-0.008893583984533297
,,,,833.33,0.04827895760536194,1515.151515,-0.010320740502728807
,,,,800.0,0.051498498767614365,1520.0,-0.010776928550692096
,,,,277.78,-0.15358734875917435,1521.73913,-0.010940529301015984
,,,,564.52,0.028088613413274288,1547.619048,-0.013419471184211943
,,,,800.0,0.054304832592606544,1560.0,-0.014584374822488845
,,,,230.26,-0.14115838706493378,1600.0,-0.0183885031517594
,,,,380.43,-0.05934465676546097,1600.0,-0.0183885031517594
,,,,350.0,-0.04545868933200836,1600.0,-0.0183885031517594
,,,,1200.0,0.0148492231965065,1600.0,-0.0183885031517594
,,,,1900.0,-0.039797468576580286,1600.0,-0.0183885031517594
,,,,800.0,0.04569828882813454,1600.0,-0.0183885031517594
,,,,750.0,0.05418776907026768,1600.0,-0.0183885031517594
,,,,185.19,-0.0902637168765068,1600.0,-0.0183885031517594
,,,,725.0,0.024983983486890793,1601.731602,-0.01855234443353316
,,,,240.0,-0.09766434133052826,1602.936678,-0.018666397529612553
,,,,1250.0,0.022502612322568893,1604.40489,-0.018805391675304473
,,,,500.0,0.016176282428205013,1620.0,-0.020294648492944406
,,,,1000.0,0.053210511803627014,1666.666667,-0.024775946706482567
,,,,800.0,0.04888677969574928,1666.666667,-0.024775946706482567
,,,,300.0,-0.10494768619537354,1667.0,-0.02480831077843656
,,,,1601.731602,-0.019311964977532625,1680.0,-0.02607445609903502
,,,,590.0,0.010579210706055164,1680.0,-0.02607445609903502
,,,,1934.52381,-0.02766251005232334,1680.0,-0.02607445609903502
,,,,151.52,-0.08723970502614975,1680.0,-0.02607445609903502
,,,,500.0,-0.03507978841662407,1680.0,-0.02607445609903502
,,,,739.5,0.060592833906412125,1680.0,-0.02607445609903502
,,,,380.43,-0.06046570837497711,1680.0,-0.02607445609903502
,,,,952.3809524,0.06704783998429775,1700.0,-0.028036686279002077
,,,,600.0,0.01811797171831131,1700.0,-0.028036686279002077
,,,,172.41,-0.09364081919193268,1700.0,-0.028036686279002077
,,,,1100.0,0.04822291620075703,1700.0,-0.028036686279002077
,,,,793.6507937,0.06494816392660141,1700.0,-0.028036686279002077
,,,,2300.0,-0.061089346185326576,1750.0,-0.033058061906956676
,,,,400.0,-0.04598717391490936,1750.0,-0.033058061906956676
,,,,1309.52381,-0.019707921892404556,1750.0,-0.033058061906956676
,,,,800.0,0.03153591603040695,1750.0,-0.033058061906956676
,,,,1200.0,0.006936660036444664,1761.904762,-0.03429136385062048
,,,,200.0,-0.0879276730120182,1785.714286,-0.03680603130258032
,,,,1500.0,-0.005403254181146622,1800.0,-0.03834379851414281
,,,,1250.0,0.0034920647740364075,1800.0,-0.03834379851414281
,,,,1100.0,0.05574602633714676,1800.0,-0.03834379851414281
,,,,147.06,-0.09310470521450043,1800.0,-0.03834379851414281
,,,,900.0,0.06811570934951305,1800.0,-0.03834379851414281
,,,,1180.0,0.016165805980563164,1800.0,-0.03834379851414281
,,,,1250.0,-0.008473306894302368,1800.0,-0.03834379851414281
,,,,500.0,0.009739282540977001,1800.0,-0.03834379851414281
,,,,1400.0,0.01444819662719965,1800.0,-0.03834379851414281
,,,,1200.0,0.006215013563632965,1836.734694,-0.042390190452432794
,,,,750.0,0.05906245857477188,1851.851852,-0.044093048836882656
,,,,1750.0,-0.059981899335980415,1900.0,-0.049634923771835364
,,,,560.0,0.03234226908534765,1900.0,-0.049634923771835364
,,,,500.0,0.015706807374954224,1920.0,-0.05197680176509728
,,,,700.0,0.05019678734242916,1929.824561,-0.053135454777778236
,,,,1400.0,-0.00028111226856708527,1934.52381,-0.05369177390499864
,,,,800.0,0.06256488896906376,1940.0,-0.05434183445353484
,,,,169.08,-0.13318490982055664,1940.0,-0.05434183445353484
,,,,900.0,0.05455856770277023,1940.0,-0.05434183445353484
,,,,277.78,-0.07737790048122406,1940.0,-0.05434183445353484
,,,,1200.0,0.013320395722985268,1940.0,-0.05434183445353484
,,,,2000.0,-0.047271985560655594,1940.0,-0.05434183445353484
,,,,119.05,-0.08751781284809113,2000.0,-0.06158044806976386
,,,,100.0,-0.07249113544821739,2000.0,-0.06158044806976386
,,,,700.0,0.02152283862233162,2000.0,-0.06158044806976386
,,,,1250.0,0.014616708271205425,2000.0,-0.06158044806976386
,,,,600.0,0.03788413479924202,2000.0,-0.06158044806976386
,,,,1049.275485,0.07897508889436722,2000.0,-0.06158044806976386
,,,,1200.0,0.008416272699832916,2000.0,-0.06158044806976386
,,,,900.0,0.05996176414191723,2050.0,-0.06773587364328927
,,,,729.1666667,0.027158323675394058,2050.0,-0.06773587364328927
,,,,500.0,0.01135842315852642,2050.0,-0.06773587364328927
,,,,500.0,0.012049808166921139,2050.0,-0.06773587364328927
,,,,800.0,0.059854499995708466,2083.333333,-0.07187821598664713
,,,,1100.0,0.057219332084059715,2100.0,-0.07395553235834355
,,,,800.0,0.039445918053388596,2138.989401,-0.07881967943099567
,,,,800.0,0.05709651671350002,2200.0,-0.08641325756614156
,,,,960.0,0.06937394011765718,2200.0,-0.08641325756614156
,,,,1000.0,0.05610649660229683,2200.0,-0.08641325756614156
,,,,900.0,0.07802272122353315,2200.0,-0.08641325756614156
,,,,200.0,-0.15212304890155792,2200.0,-0.08641325756614156
,,,,500.0,0.028038471471518278,2200.0,-0.08641325756614156
,,,,550.0,0.04477853514254093,2202.380952,-0.08670869302984269
,,,,870.0,0.04821011424064636,2300.0,-0.09874462600658682
,,,,250.0,-0.10685645788908005,2300.0,-0.09874462600658682
,,,,312.5,-0.07763950526714325,2333.333333,-0.10281917493017306
,,,,750.0,0.05349217727780342,2391.304348,-0.10985984993867869
,,,,2000.0,-0.052222775761038065,2400.0,-0.1109110403292641
,,,,1600.0,-0.021256492473185062,2400.0,-0.1109110403292641
,,,,1200.0,0.016486242413520813,2500.0,-0.12292179976560594
,,,,1000.0,0.0692448690533638,2600.0,-0.13483582313708817
,,,,299.15,-0.12820373848080635,2600.0,-0.13483582313708817
,,,,1040.0,0.03800029680132866,2620.0,-0.13721313324591747
,,,,2200.0,-0.05201594904065132,2800.0,-0.15862927563582152
,,,,1200.0,0.024569855071604252,2800.0,-0.15862927563582152
,,,,197.74,-0.13226500526070595,2800.0,-0.15862927563582152
,,,,1125.0,0.04885065369307995,2800.0,-0.15862927563582152
,,,,400.0,-0.04691210016608238,2800.0,-0.15862927563582152
,,,,918.5922967,0.07497908943332732,2880.0,-0.16820039066220463
,,,,900.0,0.04505610838532448,3000.0,-0.18265276747350964
,,,,1800.0,-0.02986256405711174,3000.0,-0.18265276747350964
,,,,200.0,-0.15784448571503162,3000.0,-0.18265276747350964
,,,,800.0,0.051741279661655426,3209.48,-0.20818987643786505
,,,,1250.0,4.0451064705848694e-05,3209.48,-0.20818987643786505
,,,,700.0,0.04767426662147045,3209.48,-0.20818987643786505
,,,,814.0,0.05087534338235855,3400.0,-0.23173711170246922
,,,,402.7796176,-0.056404126808047295,4000.0,-0.3070978272769084
