high scan speed (mm/s) and laser power (watt),shap,lowess high scan speed (mm/s) and laser power (watt),lowess shap,medium scan speed (mm/s) and laser power (watt),shap,lowess medium scan speed (mm/s) and laser power (watt),lowess shap,low scan speed (mm/s) and laser power (watt),shap,lowess low scan speed (mm/s) and laser power (watt),lowess shap
350.0,0.038354821503162384,40.0,-0.09970641169077334,250.0,-7.968023419380188e-05,40.0,-0.004290798027546689,275.0,-0.04182080924510956,40.0,0.09225755447501477
275.0,0.049780361354351044,40.0,-0.09970641169077334,95.0,-0.026076041162014008,40.0,-0.004290798027546689,475.0,-0.04615265130996704,40.0,0.09225755447501477
200.0,0.02447805553674698,40.0,-0.09970641169077334,180.0,0.013458207249641418,40.0,-0.004290798027546689,200.0,0.02054608054459095,40.0,0.09225755447501477
350.0,0.058195795863866806,50.0,-0.09335666739967194,225.0,-0.0007750270888209343,40.0,-0.004290798027546689,200.0,0.04235758259892464,40.0,0.09225755447501477
225.0,0.04526213929057121,50.0,-0.09335666739967194,185.0,0.014401379972696304,50.0,-0.003099422247494916,200.0,-0.027585402131080627,49.86,0.08742935033356104
200.0,0.022345999255776405,50.0,-0.09335666739967194,160.0,0.06315839290618896,50.0,-0.003099422247494916,95.0,0.08664123713970184,50.0,0.08736048411921643
370.0,0.04255601391196251,50.0,-0.09335666739967194,200.0,0.008173967711627483,50.0,-0.003099422247494916,100.0,0.006556207314133644,50.0,0.08736048411921643
370.0,0.05975515395402908,50.0,-0.09335666739967194,160.0,-0.012578349560499191,50.0,-0.003099422247494916,200.0,0.00301167368888855,50.0,0.08736048411921643
250.0,0.034095488488674164,50.0,-0.09335666739967194,175.0,-2.917274832725525e-05,60.0,-0.001928022744179014,175.0,0.03863763064146042,50.0,0.08736048411921643
250.0,0.021266359835863113,70.0,-0.08049725569299465,350.0,0.005186103284358978,60.0,-0.001928022744179014,150.0,0.05224289000034332,50.0,0.08736048411921643
350.0,0.03041994944214821,70.0,-0.08049725569299465,200.0,-0.006241908296942711,60.0,-0.001928022744179014,180.0,0.07317127287387848,50.0,0.08736048411921643
200.0,0.01921255700290203,70.0,-0.08049725569299465,100.0,0.0629764199256897,60.0,-0.001928022744179014,200.0,0.042264096438884735,50.0,0.08736048411921643
200.0,-0.010081198997795582,75.0,-0.07725069618664036,200.0,0.013208527117967606,70.0,-0.0007720346921172042,187.5,0.060611505061388016,50.0,0.08736048411921643
200.0,0.06163765862584114,75.0,-0.07725069618664036,285.0,0.0008286461234092712,70.0,-0.0007720346921172042,250.0,-0.035635173320770264,50.0,0.08736048411921643
350.0,0.06801364570856094,80.0,-0.07399318082960699,225.0,-0.014872666448354721,70.0,-0.0007720346921172042,200.0,-0.005979016423225403,50.0,0.08736048411921643
155.0,-0.02966700680553913,80.0,-0.07399318082960699,200.0,-0.00825079157948494,70.0,-0.0007720346921172042,200.0,0.02068738453090191,50.0,0.08736048411921643
195.0,0.016063794493675232,80.0,-0.07399318082960699,240.0,0.020110875368118286,75.0,-0.00019786946372636074,200.0,-0.02009836584329605,60.0,0.08241949469356902
50.0,0.024878986179828644,80.0,-0.07399318082960699,380.0,-0.027608932927250862,80.0,0.00037453346601629925,150.0,0.028291866183280945,60.9,0.08197283168550576
200.0,0.014538376592099667,95.0,-0.0641803525903971,90.0,0.015818677842617035,80.0,0.00037453346601629925,105.0,-0.004789341241121292,66.48,0.0791975108902126
110.0,-0.15246881544589996,95.0,-0.0641803525903971,100.0,0.03252078592777252,80.0,0.00037453346601629925,200.0,0.03373604267835617,70.0,0.07744213092000721
200.0,0.00996352732181549,100.0,-0.060906304667691605,280.0,0.023667514324188232,80.0,0.00037453346601629925,50.0,0.13310131430625916,73.0,0.07594360237033557
270.0,0.05819716304540634,100.0,-0.060906304667691605,280.0,-0.05287148803472519,90.0,0.0015144427414381292,230.0,0.010505525395274162,75.0,0.0749435513008075
300.0,0.04260559380054474,100.0,-0.060906304667691605,200.0,0.01482713595032692,90.0,0.0015144427414381292,200.0,0.062362611293792725,75.0,0.0749435513008075
200.0,0.014449143782258034,100.0,-0.060906304667691605,135.0,-0.06096688657999039,90.0,0.0015144427414381292,150.0,0.05859389901161194,75.0,0.0749435513008075
280.0,0.02103324979543686,100.0,-0.060906304667691605,150.0,-0.005796860903501511,90.0,0.0015144427414381292,200.0,0.030988767743110657,75.0,0.0749435513008075
340.0,0.03340626880526543,100.0,-0.060906304667691605,300.0,-0.025216570124030113,95.0,0.0020817277347766616,200.0,0.03640639781951904,80.0,0.07244098553419619
350.0,0.04740364849567413,100.0,-0.060906304667691605,300.0,-0.012695426121354103,95.0,0.0020817277347766616,200.0,0.004941772669553757,80.0,0.07244098553419619
160.81,-0.021670222282409668,100.0,-0.060906304667691605,155.0,-0.01916290633380413,95.0,0.0020817277347766616,250.0,-0.036932311952114105,80.0,0.07244098553419619
200.0,-0.017935141921043396,102.0,-0.05959769418338461,200.0,0.0028961114585399628,95.0,0.0020817277347766616,175.0,0.028775133192539215,83.1,0.07088907664456545
280.0,0.08535599708557129,110.0,-0.05437459554106769,180.0,0.005910716950893402,95.0,0.0020817277347766616,200.0,0.03061024844646454,85.0,0.06993851203130119
200.0,-0.04418203979730606,120.0,-0.04788671105561402,350.0,0.0008936021476984024,95.0,0.0020817277347766616,250.0,-0.046606093645095825,85.0,0.06993851203130119
50.0,0.014194980263710022,120.0,-0.04788671105561402,175.0,0.00407605804502964,95.0,0.0020817277347766616,350.0,-0.004341583698987961,87.0,0.0689388456355192
280.0,0.04756765812635422,120.0,-0.04788671105561402,200.0,0.016873471438884735,95.0,0.0020817277347766616,480.0,0.017165809869766235,89.1,0.06789056344419217
250.0,0.033102452754974365,120.0,-0.04788671105561402,180.0,-0.005129957105964422,95.0,0.0020817277347766616,75.0,0.046452902257442474,90.0,0.06744180166572342
150.0,-0.10294844210147858,120.0,-0.04788671105561402,200.0,0.008904708549380302,95.0,0.0020817277347766616,125.0,-0.0032487809658050537,90.0,0.06744180166572342
200.0,0.036814335733652115,125.0,-0.04466631640444835,140.0,0.0022882334887981415,100.0,0.002646858756433239,465.0,-0.050406549125909805,93.0,0.06594843287525909
300.0,-0.0028092199936509132,125.0,-0.04466631640444835,160.0,-0.0014837682247161865,100.0,0.002646858756433239,170.0,0.03809881582856178,95.0,0.06495527772916923
225.0,0.012965187430381775,125.0,-0.04466631640444835,110.0,0.00999524537473917,100.0,0.002646858756433239,250.0,-0.021538952365517616,95.0,0.06495527772916923
300.0,0.06375118345022202,128.0,-0.042742452731620306,150.0,0.04429958015680313,100.0,0.002646858756433239,200.0,-0.02743750810623169,95.0,0.06495527772916923
250.0,0.045829854905605316,128.0,-0.042742452731620306,250.0,0.03605858236551285,100.0,0.002646858756433239,495.0,-0.07368707656860352,95.0,0.06495527772916923
125.0,-0.06516841053962708,130.0,-0.0414632809313443,170.0,-0.003756307065486908,100.0,0.002646858756433239,200.0,0.011093158274888992,95.0,0.06495527772916923
275.0,0.01583186164498329,135.0,-0.03827601109098418,350.0,0.011714145541191101,100.0,0.002646858756433239,80.0,0.04512268304824829,95.0,0.06495527772916923
350.0,0.022016584873199463,135.0,-0.03827601109098418,105.0,-0.03907890245318413,100.0,0.002646858756433239,200.0,0.018032172694802284,95.0,0.06495527772916923
250.0,0.04945022612810135,135.0,-0.03827601109098418,370.0,0.007488839328289032,100.0,0.002646858756433239,200.0,0.010267265141010284,95.0,0.06495527772916923
250.0,0.02584541030228138,140.0,-0.035099845389176404,195.0,0.020824015140533447,100.0,0.002646858756433239,170.0,0.003600228577852249,99.72,0.06262016048928772
350.0,0.01475503295660019,140.0,-0.035099845389176404,350.0,0.02447817474603653,100.0,0.002646858756433239,140.0,0.08931714296340942,100.0,0.06248201478724396
170.0,0.025036009028553963,140.0,-0.035099845389176404,200.0,0.011976666748523712,102.0,0.0028724578987217113,200.0,0.06992504000663757,100.0,0.06248201478724396
350.0,0.04613000527024269,145.0,-0.03192476362699495,200.0,0.012199409306049347,102.0,0.0028724578987217113,200.0,0.029776010662317276,100.0,0.06248201478724396
275.0,0.012851476669311523,145.0,-0.03192476362699495,200.0,0.024166608229279518,105.0,0.0032105532624259227,170.0,0.015565186738967896,100.0,0.06248201478724396
150.0,-0.16187594830989838,150.0,-0.028734175295535305,200.0,0.017860934138298035,105.0,0.0032105532624259227,66.48,0.10444288700819016,100.0,0.06248201478724396
200.0,0.017882568761706352,150.0,-0.028734175295535305,220.0,0.013403743505477905,110.0,0.0037738464976315588,105.0,0.1460421085357666,100.0,0.06248201478724396
200.0,0.01358233392238617,150.0,-0.028734175295535305,95.0,0.0029900968074798584,110.0,0.0037738464976315588,270.0,-0.025762997567653656,100.0,0.06248201478724396
150.0,-0.1319526731967926,150.0,-0.028734175295535305,60.0,-0.002849111333489418,120.0,0.0048960428382820885,95.0,0.15425869822502136,100.0,0.06248201478724396
170.0,0.01816605031490326,150.0,-0.028734175295535305,200.0,0.007903248071670532,120.0,0.0048960428382820885,210.0,-0.02706366777420044,100.0,0.06248201478724396
250.0,0.03375355154275894,150.0,-0.028734175295535305,300.0,0.004861302673816681,120.0,0.0048960428382820885,200.0,0.016454212367534637,100.0,0.06248201478724396
150.0,-0.10977800190448761,150.0,-0.028734175295535305,285.0,0.013179071247577667,125.0,0.005434662747114114,40.0,0.04171312600374222,100.0,0.06248201478724396
250.0,0.05082078278064728,150.0,-0.028734175295535305,350.0,-0.005428777076303959,125.0,0.005434662747114114,73.0,0.1040736734867096,100.0,0.06248201478724396
175.0,-0.0839441567659378,150.0,-0.028734175295535305,170.0,0.0247533917427063,125.0,0.005434662747114114,150.0,0.04563608020544052,100.0,0.06248201478724396
170.0,-0.007494866847991943,150.0,-0.028734175295535305,350.0,-0.007462155073881149,125.0,0.005434662747114114,75.0,0.03208746761083603,100.0,0.06248201478724396
350.0,0.04412335902452469,150.0,-0.028734175295535305,370.0,0.015903830528259277,125.0,0.005434662747114114,200.0,-0.019518226385116577,100.0,0.06248201478724396
300.0,0.04419771209359169,150.0,-0.028734175295535305,275.0,-0.019106082618236542,125.0,0.005434662747114114,100.0,0.09089698642492294,100.0,0.06248201478724396
190.0,0.009297497570514679,150.0,-0.028734175295535305,200.0,0.007493261247873306,125.0,0.005434662747114114,200.0,0.0025103166699409485,100.0,0.06248201478724396
155.0,0.004002172499895096,150.0,-0.028734175295535305,225.0,-0.02031410112977028,125.0,0.005434662747114114,250.0,-0.019590571522712708,100.0,0.06248201478724396
300.0,0.03291618824005127,150.0,-0.028734175295535305,250.0,0.011890105903148651,125.0,0.005434662747114114,300.0,-0.014776039868593216,100.0,0.06248201478724396
120.0,-0.04312247782945633,150.0,-0.028734175295535305,80.0,-0.004951506853103638,125.0,0.005434662747114114,300.0,-0.022874534130096436,100.0,0.06248201478724396
200.0,0.03855172172188759,150.0,-0.028734175295535305,95.0,-0.028553634881973267,125.0,0.005434662747114114,270.0,-0.0271340012550354,100.0,0.06248201478724396
350.0,0.05199538171291351,150.0,-0.028734175295535305,420.0,-0.011153534054756165,130.0,0.005928930283557233,125.0,0.0037974566221237183,100.0,0.06248201478724396
285.0,0.021948054432868958,150.0,-0.028734175295535305,200.0,0.02164706587791443,130.0,0.005928930283557233,200.0,-0.029216378927230835,100.0,0.06248201478724396
300.0,0.07018092274665833,150.0,-0.028734175295535305,250.0,0.015011679381132126,135.0,0.006344647971607295,200.0,-0.005966812372207642,100.0,0.06248201478724396
350.0,0.04178367555141449,150.0,-0.028734175295535305,175.0,0.02140434831380844,135.0,0.006344647971607295,200.0,0.05711444839835167,100.0,0.06248201478724396
200.0,-0.011785972863435745,153.0,-0.026803127183034615,225.0,0.024642497301101685,140.0,0.006832832267274299,200.0,0.011175870895385742,100.0,0.06248201478724396
200.0,-0.014946851879358292,153.0,-0.026803127183034615,190.0,0.011323265731334686,140.0,0.006832832267274299,200.0,-0.03151802718639374,100.0,0.06248201478724396
250.0,0.0425577238202095,153.0,-0.026803127183034615,40.0,-0.020666688680648804,145.0,0.007413625565333944,340.0,-0.014719516038894653,100.0,0.06248201478724396
370.0,0.059259429574012756,155.0,-0.02550542738594531,380.0,-0.02648554928600788,150.0,0.007912348699972928,340.0,-0.02429281175136566,100.0,0.06248201478724396
280.0,0.05414486303925514,155.0,-0.02550542738594531,340.0,0.018850058317184448,150.0,0.007912348699972928,200.0,-0.028775379061698914,105.0,0.06002083478369382
500.0,0.023215804249048233,155.0,-0.02550542738594531,50.0,-0.060070063918828964,150.0,0.007912348699972928,200.0,-0.02920946478843689,105.0,0.06002083478369382
250.0,-5.7656317949295044e-05,155.0,-0.02550542738594531,475.0,-0.034187089651823044,150.0,0.007912348699972928,87.0,0.1035178005695343,105.0,0.06002083478369382
370.0,0.07981421798467636,160.0,-0.02221837245357577,200.0,0.01734885573387146,150.0,0.007912348699972928,200.0,0.03612244874238968,105.0,0.06002083478369382
175.0,-0.08844165503978729,160.0,-0.02221837245357577,370.0,-0.016574088484048843,150.0,0.007912348699972928,150.0,0.02742464654147625,105.0,0.06002083478369382
250.0,0.0017603635787963867,160.0,-0.02221837245357577,150.0,-0.03108203411102295,150.0,0.007912348699972928,280.0,-0.09247817099094391,105.0,0.06002083478369382
170.0,0.013446781784296036,160.0,-0.02221837245357577,200.0,0.016088977456092834,150.0,0.007912348699972928,340.0,-0.024731751531362534,105.0,0.06002083478369382
280.0,0.06894992291927338,160.0,-0.02221837245357577,200.0,0.012673415243625641,150.0,0.007912348699972928,200.0,0.031948987394571304,105.0,0.06002083478369382
150.0,-0.03690632805228233,160.0,-0.02221837245357577,250.0,-0.003924481570720673,150.0,0.007912348699972928,175.0,0.0370178148150444,105.0,0.06002083478369382
250.0,0.000618956983089447,160.0,-0.02221837245357577,240.0,0.012760311365127563,150.0,0.007912348699972928,200.0,-0.01055639237165451,105.0,0.06002083478369382
350.0,-0.022091299295425415,160.0,-0.02221837245357577,250.0,-0.007513798773288727,150.0,0.007912348699972928,110.0,0.110736183822155,110.0,0.057564100934117846
280.0,0.03893318772315979,160.0,-0.02221837245357577,480.0,-0.006880566477775574,150.0,0.007912348699972928,200.0,-0.017420724034309387,110.0,0.057564100934117846
370.0,0.031725458800792694,160.0,-0.02221837245357577,280.0,-0.0076531171798706055,150.0,0.007912348699972928,200.0,0.043160997331142426,110.0,0.057564100934117846
350.0,0.0492013618350029,160.0,-0.02221837245357577,180.0,0.018085628747940063,150.0,0.007912348699972928,100.0,-0.03636600449681282,116.34,0.05442445688380153
200.0,0.010543815791606903,160.0,-0.02221837245357577,200.0,0.02216850221157074,150.0,0.007912348699972928,350.0,-0.012449052184820175,120.0,0.05256634237362109
150.0,-0.09353817254304886,160.0,-0.02221837245357577,380.0,-0.015492387115955353,150.0,0.007912348699972928,200.0,0.03348042815923691,120.0,0.05256634237362109
300.0,0.05687599629163742,160.0,-0.02221837245357577,300.0,-0.0316588468849659,150.0,0.007912348699972928,250.0,-0.02218126878142357,120.0,0.05256634237362109
100.0,-0.11536557227373123,160.0,-0.02221837245357577,170.0,0.011797979474067688,150.0,0.007912348699972928,200.0,0.017271846532821655,120.0,0.05256634237362109
225.0,-0.006976187229156494,160.0,-0.02221837245357577,195.0,0.005368538200855255,150.0,0.007912348699972928,160.0,-0.013859346508979797,120.0,0.05256634237362109
380.0,0.08091975748538971,160.81,-0.021625831689353437,250.0,-0.02431371994316578,150.0,0.007912348699972928,50.0,0.0980815440416336,120.0,0.05256634237362109
200.0,-0.015006106346845627,165.0,-0.01861478957388706,160.0,-0.009696558117866516,150.0,0.007912348699972928,175.0,-0.011020690202713013,125.0,0.04992762422037319
179.0,-0.06207863986492157,168.0,-0.016531861627227466,250.0,0.022024262696504593,150.0,0.007912348699972928,200.0,0.04054175317287445,125.0,0.04992762422037319
310.0,0.053362391889095306,170.0,-0.015204583595106732,175.0,0.040603216737508774,150.0,0.007912348699972928,200.0,0.06391516327857971,125.0,0.04992762422037319
300.0,0.04382273554801941,170.0,-0.015204583595106732,125.0,0.023186158388853073,150.0,0.007912348699972928,200.0,0.04623604938387871,125.0,0.04992762422037319
275.0,0.021092489361763,170.0,-0.015204583595106732,340.0,0.01906287670135498,150.0,0.007912348699972928,200.0,0.028398223221302032,125.0,0.04992762422037319
250.0,0.04685283079743385,170.0,-0.015204583595106732,175.0,0.01483113318681717,150.0,0.007912348699972928,125.0,0.0801926776766777,125.0,0.04992762422037319
370.0,0.06622210890054703,170.0,-0.015204583595106732,380.0,-0.0036894604563713074,150.0,0.007912348699972928,300.0,-0.010547764599323273,125.0,0.04992762422037319
280.0,0.056230224668979645,170.0,-0.015204583595106732,300.0,0.0027657728642225266,150.0,0.007912348699972928,340.0,-0.014598062261939049,125.0,0.04992762422037319
250.0,0.02785930037498474,170.0,-0.015204583595106732,280.0,0.022689126431941986,150.0,0.007912348699972928,300.0,-0.0425272099673748,125.0,0.04992762422037319
200.0,-0.030906911939382553,170.0,-0.015204583595106732,350.0,0.0002970173954963684,150.0,0.007912348699972928,300.0,-0.02189294435083866,140.0,0.04155400905565832
225.0,0.04905965179204941,170.0,-0.015204583595106732,170.0,-0.0009730812162160873,153.0,0.008102243581399632,250.0,-0.01140026468783617,140.0,0.04155400905565832
75.0,-0.0683717280626297,170.0,-0.015204583595106732,200.0,0.011522538959980011,155.0,0.008226413360500373,225.0,-0.023767661303281784,140.0,0.04155400905565832
300.0,0.03848884999752045,175.0,-0.011824222058534187,200.0,0.0010087229311466217,155.0,0.008226413360500373,200.0,-0.002365291118621826,140.0,0.04155400905565832
200.0,0.013379521667957306,175.0,-0.011824222058534187,300.0,0.012815140187740326,160.0,0.008829118822666853,100.0,0.11966676265001297,141.27,0.04098140474688171
400.0,0.01563446782529354,175.0,-0.011824222058534187,155.0,-0.022796519100666046,160.0,0.008829118822666853,200.0,-0.004591174423694611,150.0,0.036852887307855096
195.0,0.004506228491663933,175.0,-0.011824222058534187,275.0,-0.0012474656105041504,160.0,0.008829118822666853,200.0,0.03618308901786804,150.0,0.036852887307855096
250.0,0.03975152596831322,175.0,-0.011824222058534187,200.0,0.019926346838474274,160.0,0.008829118822666853,200.0,0.031761281192302704,150.0,0.036852887307855096
200.0,0.03238581493496895,175.0,-0.011824222058534187,350.0,-0.03882787376642227,160.0,0.008829118822666853,200.0,-0.017332181334495544,150.0,0.036852887307855096
250.0,0.04997329041361809,175.0,-0.011824222058534187,250.0,0.014519233256578445,160.0,0.008829118822666853,270.0,-0.02583373337984085,150.0,0.036852887307855096
275.0,0.032501209527254105,175.0,-0.011824222058534187,125.0,0.06318076699972153,160.0,0.008829118822666853,200.0,0.06661789119243622,150.0,0.036852887307855096
275.0,0.04738675057888031,179.0,-0.009111581944291848,190.0,0.012897670269012451,160.0,0.008829118822666853,370.0,-0.0021560583263635635,150.0,0.036852887307855096
160.0,-0.018713265657424927,185.0,-0.004930743836191438,190.0,0.0011672750115394592,160.0,0.008829118822666853,200.0,-0.030329853296279907,150.0,0.036852887307855096
225.0,0.020470835268497467,185.0,-0.004930743836191438,200.0,-0.006045341491699219,160.0,0.008829118822666853,300.0,-0.021180160343647003,150.0,0.036852887307855096
275.0,0.046555861830711365,185.0,-0.004930743836191438,200.0,0.010063737630844116,160.81,0.008861570867907887,200.0,0.0324762761592865,150.0,0.036852887307855096
345.0,0.02131933718919754,185.0,-0.004930743836191438,400.0,-0.0057114604860544205,160.81,0.008861570867907887,180.0,0.00828529242426157,150.0,0.036852887307855096
350.0,0.049417994916439056,187.5,-0.003162411970883312,70.0,0.0010306192561984062,169.0,0.009273977205640088,250.0,-0.023938708007335663,150.0,0.036852887307855096
350.0,-0.03681185841560364,187.5,-0.003162411970883312,175.0,0.009444095194339752,169.0,0.009273977205640088,180.0,0.03370765596628189,150.0,0.036852887307855096
195.0,0.025796029716730118,190.0,-0.0013907439957663856,195.0,-0.011506800539791584,170.0,0.009309105731038008,200.0,0.07932127267122269,150.0,0.036852887307855096
250.0,0.028505045920610428,190.0,-0.0013907439957663856,370.0,0.006931141018867493,170.0,0.009309105731038008,200.0,-0.005104035139083862,150.0,0.036852887307855096
153.0,-0.029506798833608627,190.0,-0.0013907439957663856,95.0,0.05384199693799019,170.0,0.009309105731038008,200.0,-0.014649376273155212,150.0,0.036852887307855096
250.0,0.06172584742307663,190.0,-0.0013907439957663856,200.0,0.009968426078557968,170.0,0.009309105731038008,465.0,-0.028760194778442383,150.0,0.036852887307855096
135.0,-0.0682835504412651,190.0,-0.0013907439957663856,225.0,-0.02261285111308098,170.0,0.009309105731038008,360.0,0.012459512799978256,150.0,0.036852887307855096
225.0,0.0068276673555374146,190.0,-0.0013907439957663856,240.0,0.019250698387622833,170.0,0.009309105731038008,200.0,-0.028595909476280212,150.0,0.036852887307855096
195.0,0.03664964437484741,190.0,-0.0013907439957663856,200.0,0.013389937579631805,170.0,0.009309105731038008,100.0,0.22298593819141388,150.0,0.036852887307855096
250.0,0.026771657168865204,190.0,-0.0013907439957663856,300.0,-0.04904647916555405,170.0,0.009309105731038008,140.0,0.08950774371623993,150.0,0.036852887307855096
250.0,0.0361906960606575,190.0,-0.0013907439957663856,225.0,0.01936671882867813,170.0,0.009309105731038008,105.0,0.1626899540424347,150.0,0.036852887307855096
200.0,-0.05234706401824951,195.0,0.002138066509591045,195.0,0.019330136477947235,170.0,0.009309105731038008,200.0,0.029289286583662033,150.0,0.036852887307855096
275.0,0.061887167394161224,195.0,0.002138066509591045,80.0,-0.004447869956493378,170.0,0.009309105731038008,200.0,0.07403109967708588,150.0,0.036852887307855096
380.0,0.07731008529663086,195.0,0.002138066509591045,175.0,0.0037224143743515015,170.0,0.009309105731038008,200.0,-0.028832092881202698,150.0,0.036852887307855096
350.0,0.051674410700798035,195.0,0.002138066509591045,200.0,-0.029957206919789314,175.0,0.009320803359295048,400.0,-0.03232918679714203,150.0,0.036852887307855096
250.0,0.00177089124917984,195.0,0.002138066509591045,160.0,0.005780026316642761,175.0,0.009320803359295048,350.0,-0.026639299467206,160.0,0.03166591282677295
330.0,0.06704512238502502,195.0,0.002138066509591045,400.0,-0.026552200317382812,175.0,0.009320803359295048,150.0,0.03271934390068054,160.0,0.03166591282677295
145.0,-0.03797568753361702,195.0,0.002138066509591045,180.0,-0.018220989033579826,175.0,0.009320803359295048,270.0,-0.0250852033495903,160.0,0.03166591282677295
275.0,0.05242512747645378,195.0,0.002138066509591045,400.0,0.002282809466123581,175.0,0.009320803359295048,200.0,0.0033395104110240936,166.2,0.029086185070165676
200.0,0.01044941134750843,195.0,0.002138066509591045,170.0,0.015226088464260101,175.0,0.009320803359295048,200.0,0.056569717824459076,170.0,0.027478297005388858
300.0,0.05452742800116539,195.0,0.002138066509591045,150.0,-0.021420517936348915,175.0,0.009320803359295048,200.0,0.015060759149491787,170.0,0.027478297005388858
175.0,-0.09289442747831345,195.0,0.002138066509591045,200.0,0.019957777112722397,175.0,0.009320803359295048,370.0,-0.025995496660470963,170.0,0.027478297005388858
200.0,-0.06503389775753021,195.0,0.002138066509591045,280.0,-0.05905643850564957,175.0,0.009320803359295048,105.0,-0.018991274759173393,170.0,0.027478297005388858
175.0,-0.0528373047709465,195.0,0.002138066509591045,200.0,0.0014536157250404358,175.0,0.009320803359295048,360.0,-0.02094832807779312,170.0,0.027478297005388858
250.0,-0.017628386616706848,200.0,0.005599840279923479,90.0,-0.049425628036260605,175.0,0.009320803359295048,50.0,0.11368133127689362,170.0,0.027478297005388858
80.0,-0.08334215730428696,200.0,0.005599840279923479,285.0,-0.004207693040370941,175.0,0.009320803359295048,100.0,0.17270785570144653,170.0,0.027478297005388858
250.0,0.06087937578558922,200.0,0.005599840279923479,175.0,-0.0016542039811611176,175.0,0.009320803359295048,200.0,-0.007957741618156433,170.0,0.027478297005388858
250.0,0.01920701563358307,200.0,0.005599840279923479,125.0,0.000410277396440506,175.0,0.009320803359295048,150.0,0.0290745347738266,170.0,0.027478297005388858
204.0,0.002254897728562355,200.0,0.005599840279923479,350.0,-0.028154591098427773,179.0,0.009338175133282358,100.0,0.06237691640853882,170.0,0.027478297005388858
300.0,0.07571287453174591,200.0,0.005599840279923479,225.0,0.029353074729442596,180.0,0.009337436682864806,195.0,0.0015181228518486023,170.0,0.027478297005388858
280.0,0.0916496217250824,200.0,0.005599840279923479,200.0,0.011190708726644516,180.0,0.009337436682864806,200.0,0.06549502909183502,170.0,0.027478297005388858
195.0,0.04472699761390686,200.0,0.005599840279923479,102.0,-0.01908862590789795,180.0,0.009337436682864806,180.0,0.004767781123518944,170.0,0.027478297005388858
160.0,0.008281730115413666,200.0,0.005599840279923479,105.0,-0.05860290676355362,180.0,0.009337436682864806,105.0,0.01008535549044609,170.0,0.027478297005388858
350.0,0.0477910041809082,200.0,0.005599840279923479,160.81,-0.003895442932844162,180.0,0.009337436682864806,350.0,-0.0321674682199955,175.0,0.025357986391134395
370.0,0.06954184174537659,200.0,0.005599840279923479,200.0,0.019191069528460503,180.0,0.009337436682864806,200.0,0.03648835048079491,175.0,0.025357986391134395
150.0,-0.10527393221855164,200.0,0.005599840279923479,150.0,0.06529748439788818,180.0,0.009337436682864806,90.0,0.10252015292644501,175.0,0.025357986391134395
200.0,-0.0065591540187597275,200.0,0.005599840279923479,150.0,0.04604136943817139,180.0,0.009337436682864806,89.1,0.08071756362915039,175.0,0.025357986391134395
339.19,0.02534608542919159,200.0,0.005599840279923479,190.0,0.011752128601074219,180.0,0.009337436682864806,475.0,-0.05029395967721939,175.0,0.025357986391134395
190.0,-0.006668028887361288,200.0,0.005599840279923479,160.0,0.05410145968198776,182.0,0.009320986221501536,225.0,0.016230173408985138,175.0,0.025357986391134395
150.0,-0.06696908921003342,200.0,0.005599840279923479,200.0,0.021052289754152298,182.0,0.009320986221501536,200.0,0.05483429133892059,175.0,0.025357986391134395
225.0,0.025129860267043114,200.0,0.005599840279923479,200.0,0.009776577353477478,182.0,0.009320986221501536,300.0,-0.0029730070382356644,175.0,0.025357986391134395
275.0,0.014809496700763702,200.0,0.005599840279923479,195.0,0.008659303188323975,182.0,0.009320986221501536,420.0,-0.02737869694828987,175.0,0.025357986391134395
340.0,0.03203068673610687,200.0,0.005599840279923479,182.0,-0.030879104509949684,185.0,0.009287986678464295,187.5,-0.02094864845275879,175.0,0.025357986391134395
100.0,-0.06153721362352371,200.0,0.005599840279923479,70.0,-0.008368562906980515,187.5,0.009240949841597132,300.0,-0.0038008205592632294,175.0,0.025357986391134395
250.0,-0.006442666053771973,200.0,0.005599840279923479,500.0,0.027499902993440628,187.5,0.009240949841597132,200.0,0.07016606628894806,175.0,0.025357986391134395
250.0,0.062086693942546844,200.0,0.005599840279923479,275.0,-0.02201678603887558,187.5,0.009240949841597132,495.0,-0.024749916046857834,175.0,0.025357986391134395
300.0,0.015338767319917679,200.0,0.005599840279923479,250.0,0.00835380144417286,190.0,0.00919277810893352,200.0,-0.010600633919239044,175.0,0.025357986391134395
160.0,-0.0014024749398231506,200.0,0.005599840279923479,350.0,0.005654588341712952,190.0,0.00919277810893352,200.0,0.0301221814006567,175.0,0.025357986391134395
185.0,0.017544420436024666,200.0,0.005599840279923479,150.0,-0.01889711618423462,190.0,0.00919277810893352,200.0,0.03555800020694733,180.0,0.02325057938269689
160.0,0.005895368289202452,200.0,0.005599840279923479,120.0,-0.006310418248176575,190.0,0.00919277810893352,200.0,0.06453494727611542,180.0,0.02325057938269689
250.0,0.018257256597280502,200.0,0.005599840279923479,200.0,0.009036168456077576,190.0,0.00919277810893352,200.0,-0.0199396014213562,180.0,0.02325057938269689
100.0,-0.043262653052806854,200.0,0.005599840279923479,200.0,0.013815108686685562,190.0,0.00919277810893352,70.0,0.025272078812122345,180.0,0.02325057938269689
500.0,0.030531125143170357,200.0,0.005599840279923479,120.0,0.014455599710345268,195.0,0.009122615293623867,175.0,0.03220655769109726,180.0,0.02325057938269689
250.0,0.017700880765914917,200.0,0.005599840279923479,125.0,0.06151255965232849,195.0,0.009122615293623867,110.0,0.14523492753505707,180.0,0.02325057938269689
370.0,0.050876591354608536,200.0,0.005599840279923479,150.0,0.02847784012556076,195.0,0.009122615293623867,325.0,-0.012002438306808472,180.0,0.02325057938269689
295.0,0.09196561574935913,200.0,0.005599840279923479,125.0,0.09293849766254425,195.0,0.009122615293623867,250.0,-0.05633670091629028,180.0,0.02325057938269689
250.0,0.04646863043308258,200.0,0.005599840279923479,150.0,0.039652250707149506,195.0,0.009122615293623867,95.0,0.07528006285429001,180.0,0.02325057938269689
100.0,-0.027463652193546295,200.0,0.005599840279923479,225.0,-0.011719247326254845,195.0,0.009122615293623867,150.0,0.02652287483215332,187.5,0.019761294968665112
350.0,0.061994679272174835,200.0,0.005599840279923479,125.0,0.017982956022024155,195.0,0.009122615293623867,200.0,0.04211612045764923,187.5,0.019761294968665112
450.0,0.016146361827850342,200.0,0.005599840279923479,350.0,-0.00532686710357666,195.0,0.009122615293623867,200.0,0.03880137950181961,187.5,0.019761294968665112
150.0,-0.10763124376535416,200.0,0.005599840279923479,220.0,0.011042769998311996,195.0,0.009122615293623867,100.0,0.07476763427257538,190.0,0.01854100181620823
200.0,0.02286909520626068,200.0,0.005599840279923479,100.0,0.08221002668142319,195.0,0.009122615293623867,330.0,-0.015505574643611908,190.0,0.01854100181620823
300.0,0.00491863489151001,200.0,0.005599840279923479,40.0,0.00036203209310770035,195.0,0.009122615293623867,200.0,-0.02887609601020813,190.0,0.01854100181620823
350.0,0.08084231615066528,200.0,0.005599840279923479,200.0,0.01393333449959755,195.0,0.009122615293623867,250.0,-0.025972694158554077,190.0,0.01854100181620823
350.0,-0.02639700472354889,200.0,0.005599840279923479,200.0,0.036630671471357346,195.0,0.009122615293623867,330.0,-0.005688611418008804,190.0,0.01854100181620823
325.0,0.03282001614570618,200.0,0.005599840279923479,187.5,0.022719576954841614,200.0,0.009011925516888685,50.0,-0.016477346420288086,195.0,0.015685729414389355
240.0,0.02310967445373535,200.0,0.005599840279923479,200.0,0.022121764719486237,200.0,0.009011925516888685,350.0,-0.011096164584159851,195.0,0.015685729414389355
250.0,0.044772613793611526,200.0,0.005599840279923479,200.0,-0.009113822132349014,200.0,0.009011925516888685,200.0,0.01880722865462303,195.0,0.015685729414389355
200.0,-0.009940681979060173,200.0,0.005599840279923479,90.0,-0.000561869703233242,200.0,0.009011925516888685,200.0,0.07722605764865875,200.0,0.012626744573360394
350.0,0.0930209532380104,200.0,0.005599840279923479,180.0,0.01134222000837326,200.0,0.009011925516888685,200.0,0.038097113370895386,200.0,0.012626744573360394
250.0,0.030008025467395782,200.0,0.005599840279923479,200.0,-0.002985958009958267,200.0,0.009011925516888685,150.0,0.045232489705085754,200.0,0.012626744573360394
135.0,-0.08143947273492813,200.0,0.005599840279923479,300.0,0.0031748153269290924,200.0,0.009011925516888685,200.0,0.052307311445474625,200.0,0.012626744573360394
120.0,-0.08954712748527527,200.0,0.005599840279923479,275.0,-0.056179728358983994,200.0,0.009011925516888685,200.0,0.03926647827029228,200.0,0.012626744573360394
190.0,0.01609371230006218,200.0,0.005599840279923479,250.0,0.008207939565181732,200.0,0.009011925516888685,200.0,-0.01905660331249237,200.0,0.012626744573360394
190.0,0.023287974298000336,200.0,0.005599840279923479,190.0,0.011339165270328522,200.0,0.009011925516888685,95.0,0.07919713854789734,200.0,0.012626744573360394
350.0,0.06751031428575516,200.0,0.005599840279923479,275.0,0.003753557801246643,200.0,0.009011925516888685,200.0,0.04105919227004051,200.0,0.012626744573360394
350.0,0.04726674407720566,200.0,0.005599840279923479,50.0,-0.019127406179904938,200.0,0.009011925516888685,270.0,-0.03486248850822449,200.0,0.012626744573360394
153.0,-0.077539823949337,200.0,0.005599840279923479,420.0,-0.0115299541503191,200.0,0.009011925516888685,100.0,0.0749664381146431,200.0,0.012626744573360394
145.0,-0.047129809856414795,200.0,0.005599840279923479,225.0,0.008459050208330154,200.0,0.009011925516888685,485.0,-0.044260792434215546,200.0,0.012626744573360394
225.0,0.05070110782980919,200.0,0.005599840279923479,110.0,-0.07788782566785812,200.0,0.009011925516888685,200.0,0.06688113510608673,200.0,0.012626744573360394
300.0,0.06094396486878395,200.0,0.005599840279923479,180.0,0.018860287964344025,200.0,0.009011925516888685,330.0,-0.0029264912009239197,200.0,0.012626744573360394
200.0,-0.02161393314599991,200.0,0.005599840279923479,350.0,0.002834208309650421,200.0,0.009011925516888685,200.0,-0.030467599630355835,200.0,0.012626744573360394
220.0,0.015162818133831024,200.0,0.005599840279923479,200.0,-0.006242438219487667,200.0,0.009011925516888685,480.0,0.004126373678445816,200.0,0.012626744573360394
150.0,-0.1045512780547142,200.0,0.005599840279923479,150.0,0.019480213522911072,200.0,0.009011925516888685,175.0,0.02250242792069912,200.0,0.012626744573360394
250.0,0.053883086889982224,200.0,0.005599840279923479,370.0,-0.09351371228694916,200.0,0.009011925516888685,250.0,0.0061356667429208755,200.0,0.012626744573360394
160.0,0.004960648715496063,200.0,0.005599840279923479,250.0,-0.015205644071102142,200.0,0.009011925516888685,200.0,0.02255486696958542,200.0,0.012626744573360394
225.0,0.020167123526334763,200.0,0.005599840279923479,95.0,-0.020422806963324547,200.0,0.009011925516888685,200.0,0.02533179521560669,200.0,0.012626744573360394
340.0,0.08590979874134064,200.0,0.005599840279923479,150.0,0.008633214980363846,200.0,0.009011925516888685,330.0,-0.024996092543005943,200.0,0.012626744573360394
300.0,0.009837087243795395,200.0,0.005599840279923479,170.0,0.007181253284215927,200.0,0.009011925516888685,200.0,-0.025188207626342773,200.0,0.012626744573360394
500.0,0.037377648055553436,200.0,0.005599840279923479,175.0,0.05099523440003395,200.0,0.009011925516888685,190.0,0.018679440021514893,200.0,0.012626744573360394
200.0,-0.02493973821401596,200.0,0.005599840279923479,300.0,-0.02677478827536106,200.0,0.009011925516888685,195.0,-0.026414014399051666,200.0,0.012626744573360394
250.0,0.06430277228355408,200.0,0.005599840279923479,200.0,0.004149153828620911,200.0,0.009011925516888685,200.0,-0.02818197011947632,200.0,0.012626744573360394
370.0,0.0746552050113678,200.0,0.005599840279923479,100.0,0.056085005402565,200.0,0.009011925516888685,116.34,0.047809094190597534,200.0,0.012626744573360394
187.5,0.009894736111164093,200.0,0.005599840279923479,250.0,-0.004014870617538691,200.0,0.009011925516888685,370.0,-0.1084873229265213,200.0,0.012626744573360394
155.0,0.012517103925347328,200.0,0.005599840279923479,150.0,0.07086852192878723,200.0,0.009011925516888685,200.0,0.04777427762746811,200.0,0.012626744573360394
200.0,-0.0018361955881118774,200.0,0.005599840279923479,275.0,0.0009693875908851624,200.0,0.009011925516888685,170.0,0.0306045301258564,200.0,0.012626744573360394
250.0,0.06356872618198395,200.0,0.005599840279923479,150.0,-0.012318495661020279,200.0,0.009011925516888685,200.0,0.04251335933804512,200.0,0.012626744573360394
160.0,0.0050794631242752075,204.0,0.008295911971751318,200.0,-0.042302824556827545,200.0,0.009011925516888685,500.0,-0.04517665505409241,200.0,0.012626744573360394
160.0,-0.018858028575778008,204.0,0.008295911971751318,200.0,0.015454605221748352,200.0,0.009011925516888685,120.0,0.03852860629558563,200.0,0.012626744573360394
350.0,0.04178409278392792,204.0,0.008295911971751318,150.0,0.016712456941604614,200.0,0.009011925516888685,420.0,0.007305372506380081,200.0,0.012626744573360394
400.0,0.02053315006196499,220.0,0.0175038215309569,370.0,-0.08611305058002472,200.0,0.009011925516888685,180.0,0.023882433772087097,200.0,0.012626744573360394
190.0,0.030710183084011078,220.0,0.0175038215309569,280.0,0.03651069104671478,200.0,0.009011925516888685,200.0,-0.00020957738161087036,200.0,0.012626744573360394
80.0,-0.07984095066785812,225.0,0.019863393634893887,200.0,0.013897806406021118,200.0,0.009011925516888685,200.0,0.07388989627361298,200.0,0.012626744573360394
250.0,0.050979457795619965,225.0,0.019863393634893887,370.0,-0.013553529046475887,200.0,0.009011925516888685,200.0,0.04361889883875847,200.0,0.012626744573360394
350.0,0.059045664966106415,225.0,0.019863393634893887,150.0,0.02382892370223999,200.0,0.009011925516888685,370.0,-0.03089543618261814,200.0,0.012626744573360394
250.0,0.025274302810430527,225.0,0.019863393634893887,150.0,0.021092265844345093,200.0,0.009011925516888685,150.0,-0.008168503642082214,200.0,0.012626744573360394
195.0,0.028044410049915314,225.0,0.019863393634893887,170.0,0.01554245874285698,200.0,0.009011925516888685,100.0,0.038433920592069626,200.0,0.012626744573360394
150.0,-0.09657986462116241,225.0,0.019863393634893887,125.0,0.040944479405879974,200.0,0.009011925516888685,150.0,0.04158088564872742,200.0,0.012626744573360394
250.0,0.028298383578658104,225.0,0.019863393634893887,100.0,0.04146727919578552,200.0,0.009011925516888685,200.0,0.027906958013772964,200.0,0.012626744573360394
220.0,0.03645438328385353,225.0,0.019863393634893887,350.0,-0.026716843247413635,200.0,0.009011925516888685,500.0,-0.031155385076999664,200.0,0.012626744573360394
350.0,0.01976139098405838,225.0,0.019863393634893887,200.0,0.01141626387834549,200.0,0.009011925516888685,200.0,0.02092921733856201,200.0,0.012626744573360394
325.0,0.01274823397397995,225.0,0.019863393634893887,200.0,0.01780698075890541,200.0,0.009011925516888685,200.0,0.020604051649570465,200.0,0.012626744573360394
225.0,0.021726325154304504,225.0,0.019863393634893887,175.0,0.004312906414270401,200.0,0.009011925516888685,200.0,0.019532760605216026,200.0,0.012626744573360394
185.0,0.008877217769622803,225.0,0.019863393634893887,220.0,0.014494694769382477,200.0,0.009011925516888685,180.0,0.06881710886955261,200.0,0.012626744573360394
340.0,0.07142654061317444,225.0,0.019863393634893887,300.0,-0.00541282445192337,200.0,0.009011925516888685,150.0,0.024547236040234566,200.0,0.012626744573360394
370.0,0.05406171455979347,225.0,0.019863393634893887,90.0,0.013186830095946789,200.0,0.009011925516888685,180.0,-0.015457827597856522,200.0,0.012626744573360394
500.0,0.020754676312208176,225.0,0.019863393634893887,200.0,0.010813303291797638,200.0,0.009011925516888685,100.0,0.14060620963573456,200.0,0.012626744573360394
195.0,0.024053150787949562,225.0,0.019863393634893887,100.0,0.00582321360707283,200.0,0.009011925516888685,250.0,-0.03069276362657547,200.0,0.012626744573360394
325.0,0.027874808758497238,225.0,0.019863393634893887,300.0,-0.020143985748291016,200.0,0.009011925516888685,141.27,0.017796590924263,200.0,0.012626744573360394
140.0,-0.11910984665155411,225.0,0.019863393634893887,200.0,0.020496707409620285,200.0,0.009011925516888685,200.0,0.012556985020637512,200.0,0.012626744573360394
300.0,-0.013124670833349228,225.0,0.019863393634893887,300.0,-0.0111615601927042,200.0,0.009011925516888685,300.0,-0.04348975419998169,200.0,0.012626744573360394
370.0,0.06591225415468216,225.0,0.019863393634893887,360.0,-0.021136190742254257,200.0,0.009011925516888685,200.0,0.039649832993745804,200.0,0.012626744573360394
102.0,-0.07242836058139801,225.0,0.019863393634893887,400.0,0.017491530627012253,200.0,0.009011925516888685,250.0,-0.03923647850751877,200.0,0.012626744573360394
345.0,0.022998705506324768,225.0,0.019863393634893887,170.0,0.01903880387544632,200.0,0.009011925516888685,300.0,0.014735378324985504,200.0,0.012626744573360394
225.0,0.04784192889928818,225.0,0.019863393634893887,175.0,-0.003403032198548317,200.0,0.009011925516888685,250.0,-0.023651406168937683,200.0,0.012626744573360394
200.0,0.05296491086483002,240.0,0.027083602810285008,370.0,0.020318791270256042,200.0,0.009011925516888685,40.0,0.2678968906402588,200.0,0.012626744573360394
120.0,-0.12748990952968597,240.0,0.027083602810285008,120.0,0.0034492015838623047,200.0,0.009011925516888685,200.0,0.026212241500616074,200.0,0.012626744573360394
300.0,0.07158366590738297,240.0,0.027083602810285008,150.0,0.054647527635097504,200.0,0.009011925516888685,170.0,-0.026321768760681152,200.0,0.012626744573360394
200.0,-0.03793831542134285,240.0,0.027083602810285008,300.0,0.007998708635568619,200.0,0.009011925516888685,270.0,-0.024764612317085266,200.0,0.012626744573360394
450.0,0.02191781997680664,240.0,0.027083602810285008,200.0,-0.012962158769369125,200.0,0.009011925516888685,200.0,-0.0067489296197891235,200.0,0.012626744573360394
250.0,0.03361543267965317,250.0,0.031198291701242952,60.0,-0.01088193990290165,200.0,0.009011925516888685,120.0,0.04498957842588425,200.0,0.012626744573360394
350.0,0.05607651546597481,250.0,0.031198291701242952,200.0,0.02015305869281292,200.0,0.009011925516888685,80.0,0.048439547419548035,200.0,0.012626744573360394
350.0,0.07219232618808746,250.0,0.031198291701242952,80.0,0.01783894933760166,200.0,0.009011925516888685,90.0,0.021465137600898743,200.0,0.012626744573360394
250.0,0.046307846903800964,250.0,0.031198291701242952,95.0,-0.05936023220419884,200.0,0.009011925516888685,40.0,0.16368171572685242,200.0,0.012626744573360394
200.0,0.02050022780895233,250.0,0.031198291701242952,182.0,-0.03733497112989426,200.0,0.009011925516888685,100.0,0.19395843148231506,200.0,0.012626744573360394
200.0,-0.018033409491181374,250.0,0.031198291701242952,100.0,-0.03593789041042328,200.0,0.009011925516888685,150.0,0.07103092968463898,200.0,0.012626744573360394
350.0,0.06641430407762527,250.0,0.031198291701242952,190.0,-0.006281701847910881,200.0,0.009011925516888685,150.0,0.05025782063603401,200.0,0.012626744573360394
250.0,0.017786704003810883,250.0,0.031198291701242952,170.0,-0.011668565683066845,200.0,0.009011925516888685,150.0,0.022361155599355698,200.0,0.012626744573360394
370.0,0.06185102090239525,250.0,0.031198291701242952,195.0,0.014171987771987915,200.0,0.009011925516888685,140.0,0.10977741330862045,200.0,0.012626744573360394
400.0,0.0821528434753418,250.0,0.031198291701242952,200.0,-0.00485178641974926,200.0,0.009011925516888685,280.0,-0.06041218340396881,200.0,0.012626744573360394
135.0,-0.09011217951774597,250.0,0.031198291701242952,350.0,-0.014038316905498505,200.0,0.009011925516888685,200.0,-0.0058286190032958984,200.0,0.012626744573360394
130.0,-0.00796671211719513,250.0,0.031198291701242952,100.0,5.152076482772827e-05,200.0,0.009011925516888685,100.0,0.05226960405707359,200.0,0.012626744573360394
195.0,0.017912905663251877,250.0,0.031198291701242952,300.0,-0.0036269724369049072,200.0,0.009011925516888685,125.0,0.016532287001609802,200.0,0.012626744573360394
300.0,0.0635918527841568,250.0,0.031198291701242952,280.0,0.018889278173446655,200.0,0.009011925516888685,350.0,-0.019977929070591927,200.0,0.012626744573360394
250.0,0.03137849271297455,250.0,0.031198291701242952,200.0,0.015041835606098175,200.0,0.009011925516888685,200.0,-0.029944851994514465,200.0,0.012626744573360394
170.0,0.0069127073511481285,250.0,0.031198291701242952,200.0,0.028435587882995605,200.0,0.009011925516888685,100.0,0.09820166230201721,200.0,0.012626744573360394
80.0,-0.038778409361839294,250.0,0.031198291701242952,200.0,0.004348967224359512,200.0,0.009011925516888685,125.0,0.08401267975568771,200.0,0.012626744573360394
330.0,0.07102732360363007,250.0,0.031198291701242952,150.0,0.023142024874687195,200.0,0.009011925516888685,225.0,-0.032989636063575745,200.0,0.012626744573360394
350.0,0.01706283912062645,250.0,0.031198291701242952,180.0,0.007693193852901459,200.0,0.009011925516888685,200.0,0.00788479670882225,200.0,0.012626744573360394
320.0,0.09265223145484924,250.0,0.031198291701242952,125.0,0.05611816793680191,200.0,0.009011925516888685,200.0,-0.019193381071090698,200.0,0.012626744573360394
250.0,0.03771976754069328,250.0,0.031198291701242952,200.0,-0.031153716146945953,200.0,0.009011925516888685,200.0,-0.003448083996772766,200.0,0.012626744573360394
200.0,0.021703504025936127,250.0,0.031198291701242952,70.0,0.00873955711722374,200.0,0.009011925516888685,100.0,-0.002696176990866661,200.0,0.012626744573360394
225.0,0.007339060306549072,250.0,0.031198291701242952,200.0,0.01887790486216545,200.0,0.009011925516888685,190.0,0.02002580836415291,200.0,0.012626744573360394
225.0,0.014515746384859085,250.0,0.031198291701242952,200.0,0.011822521686553955,200.0,0.009011925516888685,100.0,0.04020945727825165,200.0,0.012626744573360394
225.0,-0.004421208053827286,250.0,0.031198291701242952,250.0,-0.009525272995233536,220.0,0.008162731384099618,200.0,-0.028461232781410217,200.0,0.012626744573360394
250.0,0.041628651320934296,250.0,0.031198291701242952,250.0,-0.027715515345335007,220.0,0.008162731384099618,250.0,-0.04957471787929535,200.0,0.012626744573360394
350.0,0.0657949298620224,250.0,0.031198291701242952,250.0,0.022034814581274986,220.0,0.008162731384099618,200.0,-0.014712989330291748,200.0,0.012626744573360394
350.0,0.07364119589328766,250.0,0.031198291701242952,200.0,-0.005625173449516296,220.0,0.008162731384099618,300.0,-0.0071902796626091,200.0,0.012626744573360394
120.0,-0.02282964065670967,250.0,0.031198291701242952,75.0,0.015065282583236694,220.0,0.008162731384099618,330.0,-0.004252929240465164,200.0,0.012626744573360394
300.0,0.04696851596236229,250.0,0.031198291701242952,200.0,-0.003203731030225754,220.0,0.008162731384099618,160.0,0.044227756559848785,200.0,0.012626744573360394
200.0,0.01219002902507782,250.0,0.031198291701242952,300.0,-0.01499432884156704,225.0,0.007808359679219981,270.0,-0.026476234197616577,200.0,0.012626744573360394
187.5,0.00867307186126709,250.0,0.031198291701242952,130.0,0.045751456171274185,225.0,0.007808359679219981,200.0,0.046472080051898956,200.0,0.012626744573360394
275.0,0.0525018572807312,250.0,0.031198291701242952,150.0,-0.015619829297065735,225.0,0.007808359679219981,200.0,0.01406776811927557,200.0,0.012626744573360394
160.0,-0.02399889938533306,250.0,0.031198291701242952,160.0,-0.00018906593322753906,225.0,0.007808359679219981,170.0,-0.03149321675300598,200.0,0.012626744573360394
275.0,0.03261006623506546,250.0,0.031198291701242952,150.0,0.01806420087814331,225.0,0.007808359679219981,200.0,-0.016363419592380524,200.0,0.012626744573360394
195.0,0.012806307524442673,250.0,0.031198291701242952,175.0,0.04075855761766434,225.0,0.007808359679219981,200.0,0.02355131506919861,200.0,0.012626744573360394
200.0,0.010008186101913452,250.0,0.031198291701242952,150.0,0.029575683176517487,225.0,0.007808359679219981,170.0,0.027484258636832237,200.0,0.012626744573360394
250.0,0.043090082705020905,250.0,0.031198291701242952,150.0,6.505846977233887e-05,225.0,0.007808359679219981,200.0,0.013981873169541359,200.0,0.012626744573360394
250.0,0.04250631481409073,250.0,0.031198291701242952,150.0,0.05986173450946808,225.0,0.007808359679219981,200.0,0.007152177393436432,200.0,0.012626744573360394
400.0,0.09632237255573273,250.0,0.031198291701242952,160.0,-0.0192025788128376,225.0,0.007808359679219981,200.0,0.010127360001206398,200.0,0.012626744573360394
370.0,0.0463581308722496,250.0,0.031198291701242952,195.0,0.019276268780231476,225.0,0.007808359679219981,270.0,-0.027002446353435516,200.0,0.012626744573360394
300.0,0.03493409976363182,250.0,0.031198291701242952,80.0,0.06506727635860443,225.0,0.007808359679219981,200.0,0.01768721640110016,200.0,0.012626744573360394
250.0,0.01651686057448387,250.0,0.031198291701242952,200.0,0.017992712557315826,240.0,0.005741273381066129,175.0,0.050719454884529114,200.0,0.012626744573360394
200.0,-0.05054543912410736,250.0,0.031198291701242952,220.0,0.011357668787240982,240.0,0.005741273381066129,370.0,-0.006120812147855759,200.0,0.012626744573360394
240.0,0.03240553289651871,250.0,0.031198291701242952,130.0,0.03134679049253464,240.0,0.005741273381066129,50.0,-0.05020785704255104,200.0,0.012626744573360394
160.0,-0.0007791146636009216,250.0,0.031198291701242952,300.0,-0.030136074870824814,250.0,0.00416035667016697,200.0,-0.003084838390350342,200.0,0.012626744573360394
250.0,0.022249232977628708,250.0,0.031198291701242952,225.0,-0.037689100950956345,250.0,0.00416035667016697,300.0,-0.014002397656440735,200.0,0.012626744573360394
195.0,0.008788026869297028,250.0,0.031198291701242952,50.0,0.0005408134311437607,250.0,0.00416035667016697,200.0,-0.004568666219711304,200.0,0.012626744573360394
280.0,0.07277407497167587,250.0,0.031198291701242952,170.0,0.02587384358048439,250.0,0.00416035667016697,150.0,0.029779016971588135,200.0,0.012626744573360394
350.0,-0.029761046171188354,250.0,0.031198291701242952,350.0,-0.026113370433449745,250.0,0.00416035667016697,200.0,-0.0032778754830360413,200.0,0.012626744573360394
350.0,0.005457058548927307,250.0,0.031198291701242952,350.0,0.005277551710605621,250.0,0.00416035667016697,250.0,-0.032955244183540344,200.0,0.012626744573360394
350.0,0.07534174621105194,250.0,0.031198291701242952,200.0,0.004232810810208321,250.0,0.00416035667016697,340.0,-0.030839603394269943,200.0,0.012626744573360394
200.0,0.012109197676181793,250.0,0.031198291701242952,200.0,0.02389579452574253,250.0,0.00416035667016697,340.0,-0.11345542967319489,200.0,0.012626744573360394
325.0,0.05816799774765968,250.0,0.031198291701242952,50.0,-0.0032496582716703415,250.0,0.00416035667016697,200.0,-0.03037157654762268,200.0,0.012626744573360394
250.0,0.042467471212148666,250.0,0.031198291701242952,125.0,0.07777214795351028,250.0,0.00416035667016697,475.0,-0.035913050174713135,200.0,0.012626744573360394
305.0,0.09521026909351349,250.0,0.031198291701242952,250.0,0.023866891860961914,250.0,0.00416035667016697,75.0,0.08132860064506531,200.0,0.012626744573360394
125.0,-0.052343372255563736,250.0,0.031198291701242952,160.81,-0.020887920632958412,250.0,0.00416035667016697,200.0,0.05318719893693924,200.0,0.012626744573360394
200.0,0.02477160096168518,250.0,0.031198291701242952,200.0,0.03329620510339737,250.0,0.00416035667016697,350.0,-0.02559850364923477,200.0,0.012626744573360394
370.0,-0.021547019481658936,250.0,0.031198291701242952,250.0,0.012066930532455444,250.0,0.00416035667016697,420.0,0.010743610560894012,200.0,0.012626744573360394
275.0,0.0011452436447143555,250.0,0.031198291701242952,195.0,0.020817909389734268,250.0,0.00416035667016697,150.0,0.0682315081357956,200.0,0.012626744573360394
200.0,-0.01024068333208561,250.0,0.031198291701242952,145.0,-0.02304231747984886,250.0,0.00416035667016697,85.0,0.08356087654829025,200.0,0.012626744573360394
185.0,0.012103524059057236,250.0,0.031198291701242952,195.0,0.018394187092781067,250.0,0.00416035667016697,360.0,-0.028867918998003006,200.0,0.012626744573360394
250.0,0.00152694433927536,250.0,0.031198291701242952,220.0,0.022129006683826447,250.0,0.00416035667016697,100.0,0.1782987117767334,200.0,0.012626744573360394
250.0,0.030115913599729538,250.0,0.031198291701242952,370.0,-0.022169392555952072,250.0,0.00416035667016697,100.0,0.20447659492492676,200.0,0.012626744573360394
200.0,-0.0013973154127597809,250.0,0.031198291701242952,125.0,0.06070473790168762,250.0,0.00416035667016697,110.0,0.15046289563179016,200.0,0.012626744573360394
225.0,0.04893454536795616,250.0,0.031198291701242952,60.0,0.004811521619558334,250.0,0.00416035667016697,95.0,0.04588381201028824,200.0,0.012626744573360394
370.0,0.06135844439268112,250.0,0.031198291701242952,420.0,-0.010611696168780327,250.0,0.00416035667016697,200.0,0.03871732950210571,200.0,0.012626744573360394
370.0,-0.01796070486307144,250.0,0.031198291701242952,175.0,0.002317432314157486,250.0,0.00416035667016697,200.0,0.004693999886512756,200.0,0.012626744573360394
70.0,-0.0754261389374733,250.0,0.031198291701242952,200.0,0.016538185998797417,250.0,0.00416035667016697,200.0,0.026816582307219505,200.0,0.012626744573360394
128.0,-0.039475973695516586,250.0,0.031198291701242952,280.0,0.018595196306705475,250.0,0.00416035667016697,105.0,0.19930851459503174,200.0,0.012626744573360394
200.0,-0.04647718369960785,250.0,0.031198291701242952,102.0,0.0025027254596352577,250.0,0.00416035667016697,350.0,-0.023830614984035492,200.0,0.012626744573360394
350.0,0.025597669184207916,250.0,0.031198291701242952,250.0,-0.019999556243419647,255.0,0.0035143334559746358,100.0,0.06047426164150238,200.0,0.012626744573360394
200.0,0.04208744317293167,250.0,0.031198291701242952,300.0,-0.02726590819656849,260.0,0.0028719868476728477,200.0,-0.00556202232837677,200.0,0.012626744573360394
370.0,0.08096741139888763,250.0,0.031198291701242952,250.0,0.008802153170108795,275.0,0.0014951960485688348,300.0,-0.023486539721488953,200.0,0.012626744573360394
250.0,-0.010751545429229736,250.0,0.031198291701242952,160.0,-0.0278505627065897,275.0,0.0014951960485688348,475.0,-0.029989473521709442,200.0,0.012626744573360394
340.0,0.08145369589328766,250.0,0.031198291701242952,300.0,-0.006508838385343552,275.0,0.0014951960485688348,105.0,0.03167414665222168,200.0,0.012626744573360394
250.0,0.01607225462794304,250.0,0.031198291701242952,300.0,-0.0009157806634902954,275.0,0.0014951960485688348,100.0,0.013855095952749252,200.0,0.012626744573360394
250.0,0.048591163009405136,250.0,0.031198291701242952,200.0,0.018184233456850052,275.0,0.0014951960485688348,200.0,0.01543189212679863,200.0,0.012626744573360394
350.0,0.08039567619562149,250.0,0.031198291701242952,300.0,0.019688136875629425,275.0,0.0014951960485688348,150.0,-0.04199134558439255,200.0,0.012626744573360394
200.0,0.029881570488214493,250.0,0.031198291701242952,160.0,-0.008634690195322037,280.0,0.0011955923664356569,360.0,0.012519404292106628,200.0,0.012626744573360394
350.0,0.011765189468860626,250.0,0.031198291701242952,250.0,-0.010854373686015606,280.0,0.0011955923664356569,200.0,0.003218919038772583,200.0,0.012626744573360394
310.0,0.07864025980234146,250.0,0.031198291701242952,200.0,0.030293742194771767,280.0,0.0011955923664356569,270.0,-0.025520190596580505,200.0,0.012626744573360394
340.0,0.08709391951560974,250.0,0.031198291701242952,100.0,-0.0006225891411304474,280.0,0.0011955923664356569,50.0,0.059421904385089874,200.0,0.012626744573360394
300.0,-0.006678298115730286,250.0,0.031198291701242952,195.0,0.018360435962677002,280.0,0.0011955923664356569,220.0,0.017993666231632233,200.0,0.012626744573360394
190.0,0.0017447415739297867,250.0,0.031198291701242952,350.0,-0.0028677359223365784,280.0,0.0011955923664356569,200.0,-0.0011641010642051697,200.0,0.012626744573360394
275.0,0.04111071303486824,250.0,0.031198291701242952,250.0,0.008258983492851257,280.0,0.0011955923664356569,140.0,0.023643918335437775,200.0,0.012626744573360394
350.0,0.05504103749990463,250.0,0.031198291701242952,182.0,-0.004654236137866974,280.0,0.0011955923664356569,360.0,-0.028153058141469955,200.0,0.012626744573360394
370.0,0.05821359530091286,250.0,0.031198291701242952,150.0,0.04641653597354889,280.0,0.0011955923664356569,300.0,-0.019639724865555763,200.0,0.012626744573360394
350.0,0.06040459871292114,250.0,0.031198291701242952,350.0,0.003335278481245041,285.0,0.0008516046736543754,200.0,-0.006832420825958252,200.0,0.012626744573360394
275.0,0.02490866929292679,250.0,0.031198291701242952,40.0,-0.011803245171904564,285.0,0.0008516046736543754,250.0,-0.03956189751625061,200.0,0.012626744573360394
250.0,0.013975249603390694,250.0,0.031198291701242952,250.0,0.021463681012392044,285.0,0.0008516046736543754,100.0,0.07010999321937561,200.0,0.012626744573360394
250.0,0.058272141963243484,250.0,0.031198291701242952,135.0,-0.026367034763097763,300.0,-0.0003876931260298153,325.0,-0.01934541016817093,200.0,0.012626744573360394
195.0,0.020074181258678436,250.0,0.031198291701242952,200.0,0.006293291226029396,300.0,-0.0003876931260298153,300.0,-0.03856290131807327,200.0,0.012626744573360394
200.0,-0.010893044993281364,250.0,0.031198291701242952,150.0,-0.002179432660341263,300.0,-0.0003876931260298153,275.0,-0.06834706664085388,200.0,0.012626744573360394
345.0,0.010547613725066185,250.0,0.031198291701242952,370.0,0.0195801742374897,300.0,-0.0003876931260298153,200.0,0.015026168897747993,200.0,0.012626744573360394
160.0,-0.010853864252567291,250.0,0.031198291701242952,195.0,-0.008166980929672718,300.0,-0.0003876931260298153,60.0,0.039745040237903595,200.0,0.012626744573360394
350.0,0.02290954813361168,250.0,0.031198291701242952,280.0,0.017355062067508698,300.0,-0.0003876931260298153,300.0,0.004566259682178497,200.0,0.012626744573360394
250.0,0.05526401847600937,270.0,0.039562079316575495,179.0,0.05182207003235817,300.0,-0.0003876931260298153,465.0,-0.05234608054161072,200.0,0.012626744573360394
370.0,0.08463910222053528,275.0,0.041207950451371045,475.0,-0.019518697634339333,300.0,-0.0003876931260298153,150.0,0.05816087871789932,200.0,0.012626744573360394
250.0,0.023105405271053314,275.0,0.041207950451371045,300.0,-0.002681668847799301,300.0,-0.0003876931260298153,250.0,-0.018295444548130035,200.0,0.012626744573360394
225.0,0.0119186295196414,275.0,0.041207950451371045,200.0,0.007758576422929764,300.0,-0.0003876931260298153,170.0,0.0351228341460228,200.0,0.012626744573360394
170.0,0.016971489414572716,275.0,0.041207950451371045,150.0,0.013485506176948547,300.0,-0.0003876931260298153,50.0,0.045479901134967804,200.0,0.012626744573360394
370.0,0.06354262679815292,275.0,0.041207950451371045,70.0,0.010263154283165932,300.0,-0.0003876931260298153,200.0,0.021036989986896515,200.0,0.012626744573360394
350.0,0.06586025655269623,275.0,0.041207950451371045,200.0,0.03343407064676285,300.0,-0.0003876931260298153,200.0,0.07172592729330063,200.0,0.012626744573360394
350.0,0.0932823121547699,275.0,0.041207950451371045,200.0,0.005805613473057747,300.0,-0.0003876931260298153,200.0,0.034992799162864685,200.0,0.012626744573360394
250.0,0.04085434600710869,275.0,0.041207950451371045,150.0,0.05565238744020462,300.0,-0.0003876931260298153,200.0,-0.020498670637607574,200.0,0.012626744573360394
350.0,0.056253693997859955,275.0,0.041207950451371045,95.0,-0.0025085434317588806,300.0,-0.0003876931260298153,200.0,0.012957273051142693,200.0,0.012626744573360394
350.0,-0.06818553805351257,275.0,0.041207950451371045,169.0,-0.018764309585094452,300.0,-0.0003876931260298153,200.0,-0.033231377601623535,200.0,0.012626744573360394
350.0,-0.05730737745761871,275.0,0.041207950451371045,150.0,0.0510994978249073,300.0,-0.0003876931260298153,200.0,0.035166457295417786,200.0,0.012626744573360394
200.0,0.01437608152627945,275.0,0.041207950451371045,250.0,0.00028614699840545654,300.0,-0.0003876931260298153,420.0,0.016703471541404724,200.0,0.012626744573360394
200.0,0.0014638248831033707,275.0,0.041207950451371045,200.0,0.015362601727247238,300.0,-0.0003876931260298153,150.0,0.07373099774122238,200.0,0.012626744573360394
500.0,-0.033446770161390305,275.0,0.041207950451371045,169.0,-0.014880339615046978,300.0,-0.0003876931260298153,175.0,0.009858168661594391,200.0,0.012626744573360394
350.0,-0.029642358422279358,275.0,0.041207950451371045,200.0,0.01653820276260376,340.0,-0.0036868584430769804,170.0,0.022219747304916382,200.0,0.012626744573360394
50.0,-0.02703465148806572,275.0,0.041207950451371045,125.0,-0.007521182298660278,340.0,-0.0036868584430769804,175.0,0.0075394101440906525,200.0,0.012626744573360394
250.0,0.04350139573216438,275.0,0.041207950451371045,400.0,0.009589936584234238,350.0,-0.004535355602531558,200.0,0.03356620669364929,200.0,0.012626744573360394
250.0,0.022801019251346588,275.0,0.041207950451371045,140.0,-0.0015346482396125793,350.0,-0.004535355602531558,200.0,-0.026094377040863037,200.0,0.012626744573360394
250.0,-0.007612042129039764,275.0,0.041207950451371045,370.0,0.01197240874171257,350.0,-0.004535355602531558,200.0,0.04096059501171112,200.0,0.012626744573360394
350.0,0.08313952386379242,275.0,0.041207950451371045,100.0,-0.0028930548578500748,350.0,-0.004535355602531558,180.0,0.009869784116744995,200.0,0.012626744573360394
350.0,-0.035232990980148315,275.0,0.041207950451371045,153.0,0.006454823538661003,350.0,-0.004535355602531558,200.0,0.004424057900905609,200.0,0.012626744573360394
200.0,-0.0030361339449882507,275.0,0.041207950451371045,187.5,0.007455749437212944,350.0,-0.004535355602531558,150.0,0.041634537279605865,200.0,0.012626744573360394
350.0,0.046593114733695984,275.0,0.041207950451371045,200.0,-0.039043352007865906,350.0,-0.004535355602531558,200.0,0.06565029919147491,200.0,0.012626744573360394
200.0,0.016874440014362335,275.0,0.041207950451371045,250.0,0.02529909461736679,350.0,-0.004535355602531558,200.0,0.040035903453826904,200.0,0.012626744573360394
200.0,0.005183182656764984,275.0,0.041207950451371045,95.0,-0.06741125136613846,350.0,-0.004535355602531558,200.0,0.03521481156349182,200.0,0.012626744573360394
170.0,0.017425742000341415,275.0,0.041207950451371045,195.0,0.003163263201713562,350.0,-0.004535355602531558,300.0,0.0010688155889511108,200.0,0.012626744573360394
150.0,0.019887730479240417,275.0,0.041207950451371045,350.0,0.0069599151611328125,350.0,-0.004535355602531558,170.0,0.03561381995677948,200.0,0.012626744573360394
200.0,0.012405218556523323,275.0,0.041207950451371045,150.0,0.04913303256034851,350.0,-0.004535355602531558,200.0,0.034640852361917496,200.0,0.012626744573360394
350.0,0.058050550520420074,275.0,0.041207950451371045,182.0,-0.013824953697621822,350.0,-0.004535355602531558,200.0,-0.0027517154812812805,200.0,0.012626744573360394
80.0,-0.07521132379770279,280.0,0.04193739738418547,350.0,0.0024034231901168823,350.0,-0.004535355602531558,370.0,-0.02358183264732361,200.0,0.012626744573360394
250.0,0.04553037881851196,280.0,0.04193739738418547,60.0,0.003865690901875496,350.0,-0.004535355602531558,160.0,0.03401506319642067,200.0,0.012626744573360394
100.0,-0.06744208186864853,280.0,0.04193739738418547,200.0,-0.022044803947210312,350.0,-0.004535355602531558,485.0,-0.040736161172389984,200.0,0.012626744573360394
285.0,0.0705622062087059,280.0,0.04193739738418547,200.0,0.0070390403270721436,350.0,-0.004535355602531558,300.0,-0.02687196247279644,200.0,0.012626744573360394
150.0,-0.08313120901584625,280.0,0.04193739738418547,95.0,0.018586058169603348,350.0,-0.004535355602531558,200.0,0.041984423995018005,200.0,0.012626744573360394
168.0,-0.06948456913232803,280.0,0.04193739738418547,150.0,0.026405803859233856,350.0,-0.004535355602531558,200.0,0.029068227857351303,200.0,0.012626744573360394
250.0,-0.005430839955806732,280.0,0.04193739738418547,350.0,-0.05297694355249405,350.0,-0.004535355602531558,350.0,-0.005408942699432373,200.0,0.012626744573360394
275.0,0.024571679532527924,280.0,0.04193739738418547,150.0,0.006553618237376213,350.0,-0.004535355602531558,200.0,0.06327560544013977,200.0,0.012626744573360394
300.0,0.005461931228637695,280.0,0.04193739738418547,360.0,-0.021554091945290565,360.0,-0.005335123021761998,475.0,-0.008084431290626526,200.0,0.012626744573360394
160.0,-0.004145704209804535,280.0,0.04193739738418547,225.0,-0.002625938504934311,360.0,-0.005335123021761998,120.0,0.00832078792154789,200.0,0.012626744573360394
225.0,0.015264333225786686,280.0,0.04193739738418547,200.0,-0.0013367384672164917,370.0,-0.006091209668825254,200.0,-0.021830156445503235,200.0,0.012626744573360394
200.0,0.020532459020614624,280.0,0.04193739738418547,40.0,0.002352233976125717,370.0,-0.006091209668825254,350.0,-0.022243663668632507,200.0,0.012626744573360394
175.0,0.0041212402284145355,280.0,0.04193739738418547,220.0,0.0053912922739982605,370.0,-0.006091209668825254,200.0,0.0020398758351802826,200.0,0.012626744573360394
150.0,-0.028913531452417374,285.0,0.04216068964049348,200.0,0.0008238516747951508,370.0,-0.006091209668825254,300.0,-0.01656954735517502,200.0,0.012626744573360394
200.0,-0.028063680976629257,285.0,0.04216068964049348,200.0,0.019265174865722656,370.0,-0.006091209668825254,50.0,-0.06177383288741112,200.0,0.012626744573360394
250.0,0.039206650108098984,295.0,0.04329998665267801,170.0,0.017018958926200867,370.0,-0.006091209668825254,485.0,-0.02751326560974121,200.0,0.012626744573360394
275.0,0.07243000715970993,295.0,0.04329998665267801,180.0,0.010229714214801788,370.0,-0.006091209668825254,225.0,-0.002749609760940075,200.0,0.012626744573360394
200.0,0.0073781609535217285,300.0,0.044103233681823964,200.0,-0.014053378254175186,370.0,-0.006091209668825254,175.0,0.029466714709997177,200.0,0.012626744573360394
160.0,-0.030145123600959778,300.0,0.044103233681823964,175.0,0.052645180374383926,370.0,-0.006091209668825254,200.0,0.042747847735881805,200.0,0.012626744573360394
350.0,0.05289227142930031,300.0,0.044103233681823964,200.0,0.004420366138219833,370.0,-0.006091209668825254,270.0,-0.026909559965133667,200.0,0.012626744573360394
250.0,0.06433360278606415,300.0,0.044103233681823964,200.0,0.0205649733543396,370.0,-0.006091209668825254,495.0,-0.07508991658687592,200.0,0.012626744573360394
150.0,-0.18620769679546356,300.0,0.044103233681823964,200.0,0.029178163036704063,370.0,-0.006091209668825254,200.0,0.0058975666761398315,210.0,0.006442048917920931
250.0,0.014755621552467346,300.0,0.044103233681823964,200.0,0.012675769627094269,380.0,-0.0068167950873775805,83.1,0.09775995463132858,220.0,-0.0003590038399122268
100.0,-0.10867685079574585,300.0,0.044103233681823964,95.0,-0.045922569930553436,380.0,-0.0068167950873775805,200.0,0.06016779690980911,225.0,-0.0032479805816778714
339.19,-0.007958412170410156,300.0,0.044103233681823964,200.0,0.004640892148017883,380.0,-0.0068167950873775805,360.0,-0.02812526375055313,225.0,-0.0032479805816778714
275.0,0.012753292918205261,300.0,0.044103233681823964,200.0,0.016082271933555603,380.0,-0.0068167950873775805,200.0,0.01910068280994892,225.0,-0.0032479805816778714
250.0,0.03298051655292511,300.0,0.044103233681823964,255.0,0.014819897711277008,400.0,-0.008216717918807834,250.0,-0.026685602962970734,225.0,-0.0032479805816778714
350.0,0.0740801990032196,300.0,0.044103233681823964,225.0,-0.0036241672933101654,400.0,-0.008216717918807834,300.0,0.01033657044172287,225.0,-0.0032479805816778714
250.0,-0.004007391631603241,300.0,0.044103233681823964,170.0,0.020274527370929718,400.0,-0.008216717918807834,200.0,0.0314117930829525,225.0,-0.0032479805816778714
250.0,0.06126179173588753,300.0,0.044103233681823964,260.0,0.02293628454208374,400.0,-0.008216717918807834,105.0,0.2154206484556198,225.0,-0.0032479805816778714
350.0,0.08655135333538055,300.0,0.044103233681823964,200.0,0.013060599565505981,400.0,-0.008216717918807834,190.0,0.018791362643241882,225.0,-0.0032479805816778714
175.0,0.02116701751947403,300.0,0.044103233681823964,370.0,-0.03636292368173599,420.0,-0.009575744295313474,250.0,-0.04151971638202667,225.0,-0.0032479805816778714
185.0,0.014146951027214527,300.0,0.044103233681823964,100.0,-0.02801690064370632,420.0,-0.009575744295313474,250.0,-0.023252807557582855,230.0,-0.004650738806820698
160.0,-0.016268551349639893,300.0,0.044103233681823964,200.0,0.010710526257753372,420.0,-0.009575744295313474,225.0,0.0009223967790603638,250.0,-0.009703946617613734
250.0,0.0488646924495697,300.0,0.044103233681823964,195.0,0.01908329874277115,475.0,-0.013239026503686753,40.0,-0.037309981882572174,250.0,-0.009703946617613734
190.0,-0.02453860081732273,300.0,0.044103233681823964,200.0,0.008770819753408432,475.0,-0.013239026503686753,200.0,0.0001382380723953247,250.0,-0.009703946617613734
50.0,-0.1686888486146927,300.0,0.044103233681823964,187.5,0.023691408336162567,480.0,-0.013569637876303973,100.0,0.22688858211040497,250.0,-0.009703946617613734
400.0,0.08658616244792938,300.0,0.044103233681823964,250.0,0.0006740153767168522,500.0,-0.01488395397259659,49.86,0.12037941068410873,250.0,-0.009703946617613734
250.0,0.05381070077419281,300.0,0.044103233681823964,,,,,200.0,0.00635061739012599,250.0,-0.009703946617613734
250.0,0.043304443359375,300.0,0.044103233681823964,,,,,200.0,-0.027304187417030334,250.0,-0.009703946617613734
350.0,0.04063243418931961,300.0,0.044103233681823964,,,,,200.0,0.007311917841434479,250.0,-0.009703946617613734
340.0,0.03293193131685257,300.0,0.044103233681823964,,,,,93.0,-0.025763578712940216,250.0,-0.009703946617613734
150.0,-0.1126040518283844,300.0,0.044103233681823964,,,,,200.0,0.061199821531772614,250.0,-0.009703946617613734
300.0,0.07094744592905045,300.0,0.044103233681823964,,,,,200.0,0.005175821483135223,250.0,-0.009703946617613734
350.0,0.06719204038381577,300.0,0.044103233681823964,,,,,370.0,-0.024438701570034027,250.0,-0.009703946617613734
160.0,0.0019418597221374512,300.0,0.044103233681823964,,,,,270.0,-0.026198677718639374,250.0,-0.009703946617613734
200.0,-0.044603776186704636,300.0,0.044103233681823964,,,,,150.0,0.061546292155981064,250.0,-0.009703946617613734
275.0,0.013155445456504822,300.0,0.044103233681823964,,,,,420.0,-0.026400312781333923,250.0,-0.009703946617613734
280.0,0.058399591594934464,305.0,0.04497089113276226,,,,,200.0,0.03895609825849533,250.0,-0.009703946617613734
225.0,0.01602938026189804,310.0,0.045859401761240565,,,,,195.0,0.02059108018875122,250.0,-0.009703946617613734
200.0,0.04975302144885063,310.0,0.045859401761240565,,,,,225.0,-0.004039585590362549,250.0,-0.009703946617613734
200.0,0.03367072343826294,320.0,0.04763990723018235,,,,,200.0,0.0005537047982215881,250.0,-0.009703946617613734
190.0,0.008707597851753235,325.0,0.04852097354836541,,,,,420.0,-0.02245229110121727,250.0,-0.009703946617613734
95.0,-0.05796122923493385,325.0,0.04852097354836541,,,,,480.0,-0.0010061608627438545,250.0,-0.009703946617613734
295.0,0.09503073990345001,325.0,0.04852097354836541,,,,,250.0,-0.019834980368614197,250.0,-0.009703946617613734
250.0,0.029046986252069473,325.0,0.04852097354836541,,,,,350.0,-0.06652412563562393,250.0,-0.009703946617613734
165.0,0.022049762308597565,325.0,0.04852097354836541,,,,,475.0,-0.04611482471227646,250.0,-0.009703946617613734
200.0,0.014803491532802582,325.0,0.04852097354836541,,,,,200.0,0.02227959595620632,250.0,-0.009703946617613734
250.0,0.03956538066267967,325.0,0.04852097354836541,,,,,300.0,-0.06249788776040077,250.0,-0.009703946617613734
275.0,-0.031124427914619446,325.0,0.04852097354836541,,,,,200.0,-0.02649553120136261,250.0,-0.009703946617613734
350.0,-0.029077962040901184,330.0,0.04938291980822022,,,,,270.0,-0.02275225520133972,270.0,-0.014360717315179091
195.0,0.02335268445312977,330.0,0.04938291980822022,,,,,200.0,0.04193693771958351,270.0,-0.014360717315179091
350.0,0.026889096945524216,330.0,0.04938291980822022,,,,,100.0,0.04012835770845413,270.0,-0.014360717315179091
350.0,0.06782358884811401,333.0,0.04987611687050384,,,,,200.0,0.04433281719684601,270.0,-0.014360717315179091
240.0,0.060779035091400146,339.19,0.050821475056571495,,,,,300.0,-0.0020447447896003723,270.0,-0.014360717315179091
250.0,0.05061831325292587,339.19,0.050821475056571495,,,,,200.0,0.03118170239031315,270.0,-0.014360717315179091
100.0,-0.05455448478460312,340.0,0.050938061159178226,,,,,200.0,-0.028517484664916992,270.0,-0.014360717315179091
200.0,-0.04605596512556076,340.0,0.050938061159178226,,,,,200.0,0.07218381017446518,270.0,-0.014360717315179091
250.0,0.033707842230796814,340.0,0.050938061159178226,,,,,150.0,0.029481127858161926,270.0,-0.014360717315179091
175.0,-0.0894961878657341,340.0,0.050938061159178226,,,,,200.0,0.0354958102107048,270.0,-0.014360717315179091
370.0,0.04695459082722664,340.0,0.050938061159178226,,,,,200.0,0.0749121680855751,270.0,-0.014360717315179091
350.0,0.08150013536214828,340.0,0.050938061159178226,,,,,125.0,-0.02106451988220215,270.0,-0.014360717315179091
250.0,0.02635079436004162,340.0,0.050938061159178226,,,,,175.0,-0.0034370049834251404,270.0,-0.014360717315179091
250.0,0.020452965050935745,345.0,0.051625053552007714,,,,,200.0,0.0398164764046669,275.0,-0.015462848860163785
250.0,0.01754123531281948,345.0,0.051625053552007714,,,,,50.0,0.053108446300029755,275.0,-0.015462848860163785
100.0,-0.06362597644329071,345.0,0.051625053552007714,,,,,350.0,-0.02756856381893158,280.0,-0.015719602946393192
350.0,0.022631749510765076,345.0,0.051625053552007714,,,,,200.0,0.017422184348106384,280.0,-0.015719602946393192
225.0,0.004472613334655762,350.0,0.05226379262297544,,,,,200.0,-0.027791276574134827,300.0,-0.017882937013964293
200.0,0.009175911545753479,350.0,0.05226379262297544,,,,,75.0,0.07912362366914749,300.0,-0.017882937013964293
70.0,-0.03381405770778656,350.0,0.05226379262297544,,,,,200.0,-0.02587878704071045,300.0,-0.017882937013964293
160.0,-0.003877781331539154,350.0,0.05226379262297544,,,,,200.0,-0.0026332587003707886,300.0,-0.017882937013964293
40.0,-0.033727727830410004,350.0,0.05226379262297544,,,,,200.0,0.07109980285167694,300.0,-0.017882937013964293
250.0,0.024917244911193848,350.0,0.05226379262297544,,,,,480.0,-0.00390056986361742,300.0,-0.017882937013964293
350.0,0.05329425632953644,350.0,0.05226379262297544,,,,,200.0,0.021523086354136467,300.0,-0.017882937013964293
225.0,0.060821808874607086,350.0,0.05226379262297544,,,,,465.0,-0.007381029427051544,300.0,-0.017882937013964293
50.0,-0.14790916442871094,350.0,0.05226379262297544,,,,,150.0,0.036936163902282715,300.0,-0.017882937013964293
350.0,0.056496746838092804,350.0,0.05226379262297544,,,,,105.0,0.11952711641788483,300.0,-0.017882937013964293
200.0,0.0010669417679309845,350.0,0.05226379262297544,,,,,200.0,-0.0009116902947425842,300.0,-0.017882937013964293
200.0,0.011989532969892025,350.0,0.05226379262297544,,,,,200.0,0.030065758153796196,300.0,-0.017882937013964293
250.0,-0.0008412525057792664,350.0,0.05226379262297544,,,,,340.0,-0.017688319087028503,300.0,-0.017882937013964293
40.0,-0.053605902940034866,350.0,0.05226379262297544,,,,,99.72,0.1032223030924797,300.0,-0.017882937013964293
195.0,0.012822132557630539,350.0,0.05226379262297544,,,,,200.0,0.031263597309589386,300.0,-0.017882937013964293
204.0,0.018404334783554077,350.0,0.05226379262297544,,,,,170.0,0.02113979496061802,300.0,-0.017882937013964293
200.0,-0.012615609914064407,350.0,0.05226379262297544,,,,,200.0,0.03560660034418106,300.0,-0.017882937013964293
275.0,0.056095827370882034,350.0,0.05226379262297544,,,,,500.0,-0.002029610797762871,300.0,-0.017882937013964293
250.0,0.0261092446744442,350.0,0.05226379262297544,,,,,175.0,0.02186233177781105,300.0,-0.017882937013964293
300.0,0.05968337878584862,350.0,0.05226379262297544,,,,,125.0,0.012890323996543884,300.0,-0.017882937013964293
330.0,0.08474887907505035,350.0,0.05226379262297544,,,,,350.0,-0.0014931373298168182,300.0,-0.017882937013964293
250.0,0.05473578721284866,350.0,0.05226379262297544,,,,,200.0,-0.01608225703239441,300.0,-0.017882937013964293
250.0,0.055992573499679565,350.0,0.05226379262297544,,,,,200.0,0.03266698122024536,300.0,-0.017882937013964293
95.0,-0.05348336696624756,350.0,0.05226379262297544,,,,,300.0,0.0047284141182899475,300.0,-0.017882937013964293
370.0,0.05316656082868576,350.0,0.05226379262297544,,,,,300.0,-0.004165977239608765,300.0,-0.017882937013964293
300.0,0.06329271197319031,350.0,0.05226379262297544,,,,,125.0,0.06000649929046631,300.0,-0.017882937013964293
155.0,-0.01175459660589695,350.0,0.05226379262297544,,,,,190.0,-0.014251992106437683,300.0,-0.017882937013964293
370.0,0.03212495148181915,350.0,0.05226379262297544,,,,,60.9,0.11374218016862869,300.0,-0.017882937013964293
250.0,0.025612125173211098,350.0,0.05226379262297544,,,,,340.0,-0.021334225311875343,320.0,-0.019423944126489234
275.0,0.07150403410196304,350.0,0.05226379262297544,,,,,95.0,0.03379015251994133,325.0,-0.019862869422676045
350.0,0.05930354818701744,350.0,0.05226379262297544,,,,,100.0,0.02765684202313423,325.0,-0.019862869422676045
250.0,-0.006258562207221985,350.0,0.05226379262297544,,,,,200.0,-0.004079706966876984,330.0,-0.01993326612676322
400.0,0.07892994582653046,350.0,0.05226379262297544,,,,,225.0,-0.007490992546081543,330.0,-0.01993326612676322
250.0,-0.014503486454486847,350.0,0.05226379262297544,,,,,200.0,-0.012517333030700684,330.0,-0.01993326612676322
275.0,0.011560052633285522,350.0,0.05226379262297544,,,,,187.5,0.010658636689186096,330.0,-0.01993326612676322
325.0,0.06646822392940521,350.0,0.05226379262297544,,,,,400.0,-0.005004677921533585,330.0,-0.01993326612676322
350.0,0.046245135366916656,350.0,0.05226379262297544,,,,,200.0,-0.028953731060028076,330.0,-0.01993326612676322
350.0,0.0482710525393486,350.0,0.05226379262297544,,,,,150.0,0.015185948461294174,340.0,-0.019836995762533484
370.0,0.05461292341351509,350.0,0.05226379262297544,,,,,166.2,0.0017273873090744019,340.0,-0.019836995762533484
250.0,0.0018858164548873901,350.0,0.05226379262297544,,,,,330.0,-0.026345688849687576,340.0,-0.019836995762533484
200.0,0.01948961615562439,350.0,0.05226379262297544,,,,,180.0,0.04726926237344742,340.0,-0.019836995762533484
325.0,0.08410358428955078,350.0,0.05226379262297544,,,,,350.0,-0.0020170994102954865,340.0,-0.019836995762533484
200.0,0.008729085326194763,350.0,0.05226379262297544,,,,,250.0,-0.003012910485267639,340.0,-0.019836995762533484
350.0,0.03872372955083847,350.0,0.05226379262297544,,,,,300.0,-0.006943129003047943,340.0,-0.019836995762533484
225.0,0.050272755324840546,350.0,0.05226379262297544,,,,,95.0,0.13314835727214813,340.0,-0.019836995762533484
200.0,0.017328500747680664,350.0,0.05226379262297544,,,,,350.0,-0.08092837780714035,350.0,-0.01951448595683182
70.0,0.006967164576053619,350.0,0.05226379262297544,,,,,200.0,0.06867481023073196,350.0,-0.01951448595683182
50.0,0.025823675096035004,350.0,0.05226379262297544,,,,,150.0,0.0492122508585453,350.0,-0.01951448595683182
300.0,0.02053423970937729,350.0,0.05226379262297544,,,,,95.0,0.12530553340911865,350.0,-0.01951448595683182
300.0,0.0672212764620781,350.0,0.05226379262297544,,,,,200.0,-0.002480626106262207,350.0,-0.01951448595683182
250.0,0.05571272596716881,350.0,0.05226379262297544,,,,,200.0,0.016093658283352852,350.0,-0.01951448595683182
250.0,0.05516143515706062,350.0,0.05226379262297544,,,,,170.0,0.03154138848185539,350.0,-0.01951448595683182
240.0,0.0455351248383522,350.0,0.05226379262297544,,,,,420.0,0.011825263500213623,350.0,-0.01951448595683182
300.0,0.07418541610240936,350.0,0.05226379262297544,,,,,100.0,0.14178676903247833,350.0,-0.01951448595683182
275.0,0.05812253803014755,350.0,0.05226379262297544,,,,,100.0,0.1043664813041687,350.0,-0.01951448595683182
170.0,-0.019402792677283287,350.0,0.05226379262297544,,,,,250.0,-0.039360009133815765,350.0,-0.01951448595683182
350.0,0.0906827449798584,350.0,0.05226379262297544,,,,,270.0,-0.02843742072582245,350.0,-0.01951448595683182
190.0,0.012043975293636322,350.0,0.05226379262297544,,,,,370.0,-0.02255121059715748,350.0,-0.01951448595683182
200.0,0.0017773173749446869,350.0,0.05226379262297544,,,,,100.0,0.10409709811210632,350.0,-0.01951448595683182
350.0,0.06595352292060852,350.0,0.05226379262297544,,,,,200.0,0.03229541704058647,350.0,-0.01951448595683182
150.0,-0.16203266382217407,350.0,0.05226379262297544,,,,,370.0,-0.05403982475399971,350.0,-0.01951448595683182
153.0,-0.06438818573951721,350.0,0.05226379262297544,,,,,200.0,-0.026342585682868958,350.0,-0.01951448595683182
250.0,0.0559098906815052,350.0,0.05226379262297544,,,,,200.0,-0.002836383879184723,350.0,-0.01951448595683182
345.0,0.018452875316143036,350.0,0.05226379262297544,,,,,170.0,0.04192231968045235,360.0,-0.01995105447964312
450.0,0.03489586338400841,350.0,0.05226379262297544,,,,,250.0,-0.031426623463630676,360.0,-0.01995105447964312
350.0,0.027516543865203857,350.0,0.05226379262297544,,,,,200.0,-0.011056236922740936,360.0,-0.01995105447964312
350.0,0.04350254312157631,350.0,0.05226379262297544,,,,,200.0,0.011102400720119476,360.0,-0.01995105447964312
280.0,0.027775686234235764,350.0,0.05226379262297544,,,,,200.0,0.03047194331884384,360.0,-0.01995105447964312
250.0,0.07268117368221283,350.0,0.05226379262297544,,,,,80.0,0.08657754212617874,360.0,-0.01995105447964312
370.0,0.08537693321704865,350.0,0.05226379262297544,,,,,120.0,0.03530123457312584,370.0,-0.020591919342927933
120.0,-0.09302890300750732,350.0,0.05226379262297544,,,,,350.0,-0.0313856303691864,370.0,-0.020591919342927933
225.0,0.05436458811163902,350.0,0.05226379262297544,,,,,120.0,0.0488981269299984,370.0,-0.020591919342927933
350.0,0.08913510292768478,350.0,0.05226379262297544,,,,,250.0,-0.034767553210258484,370.0,-0.020591919342927933
40.0,0.009135819971561432,350.0,0.05226379262297544,,,,,200.0,-0.003539465367794037,370.0,-0.020591919342927933
400.0,0.03136979043483734,350.0,0.05226379262297544,,,,,200.0,0.031347207725048065,370.0,-0.020591919342927933
128.0,-0.0919717475771904,350.0,0.05226379262297544,,,,,200.0,0.07464481890201569,370.0,-0.020591919342927933
350.0,0.008221089839935303,350.0,0.05226379262297544,,,,,200.0,-0.0006071478128433228,370.0,-0.020591919342927933
250.0,-0.01432083547115326,350.0,0.05226379262297544,,,,,200.0,0.030376778915524483,370.0,-0.020591919342927933
325.0,0.018169980496168137,350.0,0.05226379262297544,,,,,225.0,-0.01619596779346466,370.0,-0.020591919342927933
125.0,-0.06355614960193634,350.0,0.05226379262297544,,,,,225.0,-0.013437896966934204,370.0,-0.020591919342927933
400.0,0.06649835407733917,370.0,0.053871269575768814,,,,,300.0,-0.00034273043274879456,400.0,-0.022168158308762502
200.0,-0.005726505070924759,370.0,0.053871269575768814,,,,,50.0,0.06045078486204147,400.0,-0.022168158308762502
400.0,0.009701494127511978,370.0,0.053871269575768814,,,,,200.0,0.031951796263456345,420.0,-0.02302271639581786
200.0,0.008598007261753082,370.0,0.053871269575768814,,,,,350.0,-0.0774432122707367,420.0,-0.02302271639581786
250.0,0.026648808270692825,370.0,0.053871269575768814,,,,,85.0,0.07766937464475632,420.0,-0.02302271639581786
370.0,0.09260881692171097,370.0,0.053871269575768814,,,,,350.0,-0.018878471106290817,420.0,-0.02302271639581786
325.0,0.05647505074739456,370.0,0.053871269575768814,,,,,370.0,-0.0016987696290016174,420.0,-0.02302271639581786
350.0,0.01827310025691986,370.0,0.053871269575768814,,,,,120.0,0.029317988082766533,420.0,-0.02302271639581786
225.0,0.02304096892476082,370.0,0.053871269575768814,,,,,170.0,0.031144026666879654,420.0,-0.02302271639581786
400.0,0.06784403324127197,370.0,0.053871269575768814,,,,,175.0,0.036966919898986816,465.0,-0.024840153188115634
275.0,0.0775965228676796,370.0,0.053871269575768814,,,,,200.0,-0.030109301209449768,465.0,-0.024840153188115634
250.0,-0.013307422399520874,370.0,0.053871269575768814,,,,,200.0,0.03841586783528328,465.0,-0.024840153188115634
280.0,0.05998612195253372,370.0,0.053871269575768814,,,,,100.0,-0.0007482594810426235,465.0,-0.024840153188115634
250.0,0.05185585096478462,370.0,0.053871269575768814,,,,,200.0,0.033382948487997055,475.0,-0.025264988025907
280.0,0.03195038065314293,370.0,0.053871269575768814,,,,,190.0,-0.006819590926170349,475.0,-0.025264988025907
150.0,-0.1780928671360016,370.0,0.053871269575768814,,,,,370.0,-0.04907231777906418,475.0,-0.025264988025907
350.0,0.055649735033512115,370.0,0.053871269575768814,,,,,200.0,-0.0009116902947425842,475.0,-0.025264988025907
175.0,-0.04500818997621536,370.0,0.053871269575768814,,,,,200.0,0.03898679092526436,475.0,-0.025264988025907
350.0,0.048827994614839554,370.0,0.053871269575768814,,,,,320.0,-0.02600035071372986,475.0,-0.025264988025907
300.0,0.051296889781951904,370.0,0.053871269575768814,,,,,200.0,0.0022482499480247498,480.0,-0.02548247235335085
150.0,-0.14070045948028564,370.0,0.053871269575768814,,,,,250.0,-0.022456079721450806,480.0,-0.02548247235335085
370.0,0.024138709530234337,370.0,0.053871269575768814,,,,,50.0,-0.05434269830584526,480.0,-0.02548247235335085
300.0,0.06899571418762207,370.0,0.053871269575768814,,,,,105.0,-0.04737110063433647,480.0,-0.02548247235335085
275.0,0.05386338755488396,370.0,0.053871269575768814,,,,,175.0,0.005827497690916061,480.0,-0.02548247235335085
200.0,-0.000230301171541214,370.0,0.053871269575768814,,,,,300.0,-0.0027539730072021484,485.0,-0.0257032487293503
170.0,-0.005067966878414154,370.0,0.053871269575768814,,,,,200.0,0.057895831763744354,485.0,-0.0257032487293503
240.0,0.03856183588504791,370.0,0.053871269575768814,,,,,200.0,-0.02686832845211029,485.0,-0.0257032487293503
275.0,0.043223265558481216,370.0,0.053871269575768814,,,,,300.0,-0.011266063898801804,495.0,-0.026156116257852056
400.0,0.06973082572221756,380.0,0.05408133506791286,,,,,480.0,-0.0022611916065216064,495.0,-0.026156116257852056
333.0,0.03892006725072861,380.0,0.05408133506791286,,,,,200.0,-0.030976146459579468,495.0,-0.026156116257852056
170.0,-0.006166316568851471,380.0,0.05408133506791286,,,,,125.0,0.08699986338615417,500.0,-0.02638870852612868
150.0,-0.028733383864164352,400.0,0.05413280939644965,,,,,175.0,0.013742700219154358,500.0,-0.02638870852612868
140.0,-0.12950636446475983,400.0,0.05413280939644965,,,,,100.0,0.06351234763860703,500.0,-0.02638870852612868
370.0,0.0507245808839798,400.0,0.05413280939644965,,,,,,,,
204.0,-0.004725114442408085,400.0,0.05413280939644965,,,,,,,,
200.0,0.0026463456451892853,400.0,0.05413280939644965,,,,,,,,
150.0,-0.007676510140299797,400.0,0.05413280939644965,,,,,,,,
400.0,0.07190270721912384,400.0,0.05413280939644965,,,,,,,,
380.0,0.08997505158185959,400.0,0.05413280939644965,,,,,,,,
275.0,0.05128130689263344,400.0,0.05413280939644965,,,,,,,,
140.0,-0.1482984870672226,400.0,0.05413280939644965,,,,,,,,
200.0,-0.008746456354856491,400.0,0.05413280939644965,,,,,,,,
350.0,0.0633966401219368,400.0,0.05413280939644965,,,,,,,,
75.0,-0.03151886910200119,450.0,0.053874191023054185,,,,,,,,
350.0,0.07984908670186996,450.0,0.053874191023054185,,,,,,,,
350.0,0.04525626078248024,450.0,0.053874191023054185,,,,,,,,
300.0,0.056289076805114746,500.0,0.05234179335978157,,,,,,,,
160.0,-0.004386581480503082,500.0,0.05234179335978157,,,,,,,,
275.0,0.031592510640621185,500.0,0.05234179335978157,,,,,,,,
350.0,0.07232237607240677,500.0,0.05234179335978157,,,,,,,,
250.0,0.05594427511096001,500.0,0.05234179335978157,,,,,,,,
