high thermal conductivity (W/mK) and laser power (watt),shap,lowess high thermal conductivity (W/mK) and laser power (watt),lowess shap,low thermal conductivity (W/mK) and laser power (watt),shap,lowess low thermal conductivity (W/mK) and laser power (watt),lowess shap
350.0,0.023191284388303757,40.0,-0.05723862088635619,275.0,-0.0051396191120147705,40.0,0.021031326300149183
200.0,0.009557155892252922,40.0,-0.05723862088635619,275.0,-0.03045579046010971,40.0,0.021031326300149183
475.0,0.060875482857227325,50.0,-0.05422106466697496,350.0,-0.011507261544466019,40.0,0.021031326300149183
200.0,0.020283391699194908,50.0,-0.05422106466697496,250.0,0.004047658294439316,40.0,0.021031326300149183
250.0,0.04260224848985672,50.0,-0.05422106466697496,200.0,0.005205412395298481,40.0,0.021031326300149183
200.0,-0.018755540251731873,50.0,-0.05422106466697496,225.0,0.012076586484909058,40.0,0.021031326300149183
225.0,0.006469540297985077,50.0,-0.05422106466697496,95.0,0.0865032896399498,40.0,0.021031326300149183
250.0,0.004815690219402313,60.0,-0.05112019541305402,200.0,0.011837226338684559,40.0,0.021031326300149183
300.0,0.04120241850614548,60.0,-0.05112019541305402,370.0,-0.025319097563624382,40.0,0.021031326300149183
150.0,-0.07334093004465103,60.0,-0.05112019541305402,370.0,-0.00737373111769557,49.86,0.02110141942107167
230.0,0.03512026369571686,60.9,-0.050837182886877455,200.0,-0.0005760155618190765,50.0,0.02110242458548824
200.0,0.00021526217460632324,70.0,-0.04794324676857543,95.0,0.04679358750581741,50.0,0.02110242458548824
250.0,0.010226354002952576,70.0,-0.04794324676857543,250.0,-0.010836528614163399,50.0,0.02110242458548824
175.0,-0.014267317950725555,70.0,-0.04794324676857543,100.0,-0.012442747130990028,50.0,0.02110242458548824
250.0,0.01476994901895523,70.0,-0.04794324676857543,350.0,-0.00665317801758647,50.0,0.02110242458548824
150.0,-0.06558175384998322,70.0,-0.04794324676857543,180.0,0.03898891434073448,50.0,0.02110242458548824
90.0,-0.033166274428367615,70.0,-0.04794324676857543,200.0,0.009139908477663994,50.0,0.02110242458548824
250.0,-0.0016572847962379456,75.0,-0.04633150917514972,200.0,-0.012315381318330765,50.0,0.02110242458548824
350.0,0.04930103197693825,75.0,-0.04633150917514972,185.0,0.0184948593378067,50.0,0.02110242458548824
480.0,0.06284525245428085,80.0,-0.04470767906937591,200.0,0.012747984379529953,50.0,0.02110242458548824
300.0,-0.0019427835941314697,85.0,-0.04307476327678374,350.0,-0.0033426694571971893,50.0,0.02110242458548824
465.0,0.05927035212516785,85.0,-0.04307476327678374,160.0,0.04633732885122299,50.0,0.02110242458548824
300.0,0.01790088601410389,89.1,-0.041731417690929334,175.0,0.018236681818962097,50.0,0.02110242458548824
495.0,0.03143130987882614,90.0,-0.04143625526709417,200.0,7.110461592674255e-05,50.0,0.02110242458548824
275.0,0.020058929920196533,90.0,-0.04143625526709417,160.0,0.006779137998819351,50.0,0.02110242458548824
350.0,0.02328040823340416,90.0,-0.04143625526709417,150.0,-0.012884481810033321,50.0,0.02110242458548824
250.0,0.006119083613157272,100.0,-0.038160720001308594,180.0,0.016111966222524643,60.0,0.021171756151817694
200.0,0.0069328248500823975,100.0,-0.038160720001308594,200.0,0.01149585098028183,60.0,0.021171756151817694
350.0,-0.02258475124835968,100.0,-0.038160720001308594,187.5,0.0030701272189617157,66.48,0.021214218289972265
300.0,0.010417766869068146,100.0,-0.038160720001308594,175.0,0.0006110165268182755,70.0,0.021236779622261094
270.0,0.003997817635536194,100.0,-0.038160720001308594,200.0,0.00013103801757097244,70.0,0.021236779622261094
210.0,0.0011167600750923157,100.0,-0.038160720001308594,155.0,0.01258175354450941,73.0,0.021255945145489882
200.0,-0.007831007242202759,100.0,-0.038160720001308594,195.0,0.01152653619647026,75.0,0.021268826771944808
150.0,-0.0682302862405777,100.0,-0.038160720001308594,350.0,0.003824681043624878,75.0,0.021268826771944808
200.0,-0.01778070628643036,100.0,-0.038160720001308594,200.0,0.00620809942483902,75.0,0.021268826771944808
200.0,0.003341592848300934,102.0,-0.03750880820370503,200.0,-0.004336964339017868,75.0,0.021268826771944808
250.0,0.01221427321434021,102.0,-0.03750880820370503,50.0,0.024663379415869713,75.0,0.021268826771944808
175.0,-0.03925494849681854,102.0,-0.03750880820370503,200.0,0.010234382934868336,80.0,0.021302143272252775
300.0,0.06163332611322403,110.0,-0.03492239233766883,110.0,-0.01598474755883217,80.0,0.021302143272252775
300.0,-0.0019639134407043457,120.0,-0.031759447975240176,200.0,0.00838671624660492,80.0,0.021302143272252775
270.0,0.00457262247800827,120.0,-0.031759447975240176,100.0,0.05740562826395035,80.0,0.021302143272252775
350.0,0.026395387947559357,128.0,-0.0293119925808289,270.0,-0.014924310147762299,80.0,0.021302143272252775
300.0,0.0363028347492218,128.0,-0.0293119925808289,200.0,-0.012707371264696121,80.0,0.021302143272252775
200.0,-0.007026411592960358,150.0,-0.02315396549770072,200.0,0.009736388921737671,80.0,0.021302143272252775
300.0,0.018100351095199585,150.0,-0.02315396549770072,105.0,-0.04739140719175339,80.0,0.021302143272252775
110.0,-0.03554360568523407,150.0,-0.02315396549770072,200.0,0.011470519006252289,80.0,0.021302143272252775
200.0,0.030180245637893677,150.0,-0.02315396549770072,200.0,0.03254314884543419,80.0,0.021302143272252775
250.0,0.021304026246070862,150.0,-0.02315396549770072,285.0,-0.0025641508400440216,83.1,0.021324161296634208
170.0,-0.026195500046014786,150.0,-0.02315396549770072,280.0,-0.010409127920866013,87.0,0.02135359576038933
200.0,-0.014622941613197327,150.0,-0.02315396549770072,50.0,0.008656114339828491,90.0,0.02137768691438259
370.0,0.04292939603328705,150.0,-0.02315396549770072,225.0,-0.006586320698261261,90.0,0.02137768691438259
370.0,0.018053043633699417,150.0,-0.02315396549770072,340.0,-0.022726720198988914,90.0,0.02137768691438259
200.0,0.025472868233919144,150.0,-0.02315396549770072,350.0,0.014379771426320076,93.0,0.02140342029724501
500.0,0.012387052178382874,150.0,-0.02315396549770072,200.0,-0.005331739783287048,95.0,0.021421822994662845
350.0,0.043964602053165436,153.0,-0.022380306250006515,160.81,0.017082782462239265,95.0,0.021421822994662845
250.0,0.002215169370174408,153.0,-0.022380306250006515,240.0,0.011504389345645905,95.0,0.021421822994662845
370.0,0.012652254663407803,153.0,-0.022380306250006515,200.0,0.0055780112743377686,95.0,0.021421822994662845
200.0,0.020929530262947083,153.0,-0.022380306250006515,200.0,0.007448004558682442,95.0,0.021421822994662845
250.0,0.006093041971325874,160.0,-0.020559137186114528,150.0,0.03875201940536499,95.0,0.021421822994662845
200.0,0.02846202254295349,170.0,-0.017436763784815772,200.0,0.010993130505084991,95.0,0.021421822994662845
200.0,0.003739483654499054,170.0,-0.017436763784815772,280.0,-0.012091655284166336,95.0,0.021421822994662845
60.0,-0.02318868786096573,170.0,-0.017436763784815772,380.0,-0.010978462174534798,95.0,0.021421822994662845
250.0,0.0060025230050086975,170.0,-0.017436763784815772,200.0,0.010572172701358795,95.0,0.021421822994662845
350.0,0.023050077259540558,170.0,-0.017436763784815772,200.0,-0.0038552917540073395,95.0,0.021421822994662845
300.0,0.0599481500685215,170.0,-0.017436763784815772,50.0,0.0345829539000988,95.0,0.021421822994662845
350.0,-0.008732348680496216,170.0,-0.017436763784815772,280.0,-0.01930975168943405,95.0,0.021421822994662845
250.0,0.018288876861333847,170.0,-0.017436763784815772,200.0,0.012089341878890991,95.0,0.021421822994662845
200.0,0.005661997944116592,170.0,-0.017436763784815772,200.0,0.011486981064081192,95.0,0.021421822994662845
420.0,0.06567318737506866,170.0,-0.017436763784815772,75.0,-0.019867494702339172,95.0,0.021421822994662845
200.0,0.004432231187820435,175.0,-0.015393897632089702,125.0,0.015293747186660767,95.0,0.021421822994662845
200.0,-0.014394685626029968,175.0,-0.015393897632089702,100.0,0.07501444965600967,95.0,0.021421822994662845
270.0,0.004237085580825806,175.0,-0.015393897632089702,225.0,0.013526123017072678,95.0,0.021421822994662845
370.0,0.057558730244636536,175.0,-0.015393897632089702,170.0,0.037648700177669525,95.0,0.021421822994662845
179.0,-0.02184508740901947,175.0,-0.015393897632089702,280.0,-0.010813862085342407,99.72,0.021470963728933284
300.0,0.04332154616713524,175.0,-0.015393897632089702,280.0,-0.030459867790341377,100.0,0.021474189698933242
300.0,0.027178242802619934,175.0,-0.015393897632089702,250.0,-0.0299430713057518,100.0,0.021474189698933242
275.0,0.01729165017604828,175.0,-0.015393897632089702,200.0,-0.0016609635204076767,100.0,0.021474189698933242
250.0,0.016233457252383232,175.0,-0.015393897632089702,200.0,0.01984003558754921,100.0,0.021474189698933242
370.0,0.06336289644241333,175.0,-0.015393897632089702,250.0,-0.001485331915318966,100.0,0.021474189698933242
250.0,0.01526346430182457,175.0,-0.015393897632089702,125.0,-0.034007586538791656,100.0,0.021474189698933242
250.0,0.014031864702701569,179.0,-0.01353813575837408,200.0,0.012308184057474136,100.0,0.021474189698933242
200.0,-0.01725061982870102,179.0,-0.01353813575837408,80.0,0.1259794533252716,100.0,0.021474189698933242
180.0,0.03236355260014534,180.0,-0.013047431406374412,250.0,0.008625861257314682,100.0,0.021474189698933242
200.0,0.005440030246973038,180.0,-0.013047431406374412,350.0,0.007414385676383972,100.0,0.021474189698933242
200.0,-0.015199728310108185,190.0,-0.007812175235559372,170.0,0.027354393154382706,100.0,0.021474189698933242
465.0,0.053678322583436966,200.0,-0.002858735898976043,200.0,0.0017890391172841191,100.0,0.021474189698933242
360.0,0.05739786848425865,200.0,-0.002858735898976043,170.0,-0.0008001327514648438,100.0,0.021474189698933242
300.0,0.03653969615697861,200.0,-0.002858735898976043,275.0,-0.002533968538045883,100.0,0.021474189698933242
400.0,0.010265138000249863,200.0,-0.002858735898976043,140.0,0.06168874725699425,100.0,0.021474189698933242
475.0,-0.0009354501962661743,200.0,-0.002858735898976043,135.0,-0.06476552039384842,100.0,0.021474189698933242
250.0,0.04305177927017212,200.0,-0.002858735898976043,200.0,0.013825096189975739,100.0,0.021474189698933242
370.0,0.043540000915527344,200.0,-0.002858735898976043,200.0,0.0013772761449217796,100.0,0.021474189698933242
250.0,0.03545387089252472,200.0,-0.002858735898976043,150.0,0.013366957195103168,100.0,0.021474189698933242
350.0,0.05992239713668823,200.0,-0.002858735898976043,170.0,0.005562379956245422,100.0,0.021474189698933242
270.0,0.004892610013484955,200.0,-0.002858735898976043,66.48,-0.030629917979240417,100.0,0.021474189698933242
200.0,-0.01567412167787552,200.0,-0.002858735898976043,105.0,0.01685597002506256,100.0,0.021474189698933242
350.0,-0.018464304506778717,200.0,-0.002858735898976043,95.0,0.04750853776931763,100.0,0.021474189698933242
370.0,0.06577190011739731,200.0,-0.002858735898976043,300.0,-0.003625646233558655,100.0,0.021474189698933242
350.0,0.01362750306725502,200.0,-0.002858735898976043,150.0,-0.012139752507209778,100.0,0.021474189698933242
480.0,0.06044091284275055,200.0,-0.002858735898976043,200.0,0.017198573797941208,100.0,0.021474189698933242
153.0,-0.15428510308265686,200.0,-0.002858735898976043,200.0,0.029555559158325195,100.0,0.021474189698933242
200.0,-0.01690385490655899,200.0,-0.002858735898976043,40.0,0.043353572487831116,100.0,0.021474189698933242
250.0,0.03181882202625275,200.0,-0.002858735898976043,150.0,0.004346428904682398,100.0,0.021474189698933242
250.0,0.017120208591222763,200.0,-0.002858735898976043,73.0,-0.03747524693608284,100.0,0.021474189698933242
350.0,0.012909524142742157,200.0,-0.002858735898976043,170.0,0.029742665588855743,100.0,0.021474189698933242
250.0,0.006083903834223747,200.0,-0.002858735898976043,155.0,0.006438668817281723,100.0,0.021474189698933242
300.0,0.03553733229637146,200.0,-0.002858735898976043,75.0,-0.02100849337875843,100.0,0.021474189698933242
170.0,-0.021619200706481934,200.0,-0.002858735898976043,200.0,-0.011411681771278381,100.0,0.021474189698933242
250.0,0.00968211144208908,200.0,-0.002858735898976043,100.0,-0.004678661935031414,100.0,0.021474189698933242
300.0,0.016296574845910072,200.0,-0.002858735898976043,250.0,-0.008476072922348976,100.0,0.021474189698933242
350.0,0.005555965006351471,200.0,-0.002858735898976043,150.0,0.009088216349482536,100.0,0.021474189698933242
200.0,0.020001698285341263,200.0,-0.002858735898976043,250.0,0.00012040417641401291,100.0,0.021474189698933242
250.0,0.05518023669719696,200.0,-0.002858735898976043,180.0,0.02643873170018196,100.0,0.021474189698933242
250.0,0.009542999789118767,200.0,-0.002858735898976043,350.0,0.0008525256998836994,105.0,0.021540291573159384
89.1,0.027287214994430542,200.0,-0.002858735898976043,175.0,-0.011370599269866943,105.0,0.021540291573159384
250.0,0.017609257251024246,200.0,-0.002858735898976043,170.0,0.029883895069360733,105.0,0.021540291573159384
204.0,0.005523212254047394,200.0,-0.002858735898976043,125.0,-0.012148814275860786,105.0,0.021540291573159384
475.0,-0.008657552301883698,200.0,-0.002858735898976043,200.0,-0.00030748359858989716,105.0,0.021540291573159384
300.0,0.05245646834373474,200.0,-0.002858735898976043,200.0,0.0005070064216852188,105.0,0.021540291573159384
420.0,0.07481923699378967,200.0,-0.002858735898976043,200.0,0.01339399442076683,105.0,0.021540291573159384
370.0,0.06140651926398277,200.0,-0.002858735898976043,190.0,0.010937564074993134,105.0,0.021540291573159384
200.0,-0.028155818581581116,200.0,-0.002858735898976043,180.0,0.011757221072912216,105.0,0.021540291573159384
300.0,0.04933435097336769,200.0,-0.002858735898976043,200.0,6.44102692604065e-05,105.0,0.021540291573159384
495.0,0.039071038365364075,200.0,-0.002858735898976043,200.0,0.014002077281475067,105.0,0.021540291573159384
200.0,-0.011097535490989685,200.0,-0.002858735898976043,140.0,0.047803472727537155,105.0,0.021540291573159384
300.0,0.06815215200185776,200.0,-0.002858735898976043,155.0,0.04547964036464691,110.0,0.021631295315068987
200.0,0.008384376764297485,200.0,-0.002858735898976043,200.0,-0.0004688873887062073,110.0,0.021631295315068987
250.0,0.005428412929177284,200.0,-0.002858735898976043,160.0,0.03130553662776947,110.0,0.021631295315068987
300.0,0.01728053390979767,200.0,-0.002858735898976043,340.0,0.0014910437166690826,110.0,0.021631295315068987
250.0,0.0051409900188446045,200.0,-0.002858735898976043,120.0,0.06841684132814407,110.0,0.021631295315068987
500.0,0.015524156391620636,200.0,-0.002858735898976043,340.0,0.002141915261745453,116.34,0.021798284375607963
170.0,-0.027858838438987732,200.0,-0.002858735898976043,200.0,0.019167516380548477,120.0,0.021885955981351596
250.0,-0.00606759637594223,200.0,-0.002858735898976043,150.0,0.04468446969985962,120.0,0.021885955981351596
370.0,0.002519756555557251,200.0,-0.002858735898976043,200.0,-0.0007336661219596863,120.0,0.021885955981351596
150.0,-0.06031862646341324,200.0,-0.002858735898976043,200.0,-0.00044987350702285767,120.0,0.021885955981351596
250.0,0.021147895604372025,200.0,-0.002858735898976043,87.0,-0.00841706432402134,120.0,0.021885955981351596
450.0,0.009727973490953445,200.0,-0.002858735898976043,150.0,0.04146977886557579,120.0,0.021885955981351596
300.0,0.05612455680966377,200.0,-0.002858735898976043,280.0,-0.024991953745484352,120.0,0.021885955981351596
100.0,-0.09650842100381851,200.0,-0.002858735898976043,340.0,0.0025963783264160156,120.0,0.021885955981351596
330.0,0.04231474548578262,200.0,-0.002858735898976043,350.0,0.008175857365131378,120.0,0.021885955981351596
250.0,0.0004127770662307739,200.0,-0.002858735898976043,285.0,-0.0025299713015556335,120.0,0.021885955981351596
330.0,0.051962949335575104,200.0,-0.002858735898976043,300.0,0.00020882347598671913,120.0,0.021885955981351596
350.0,0.023945657536387444,200.0,-0.002858735898976043,200.0,0.017518874257802963,120.0,0.021885955981351596
325.0,0.002499803900718689,200.0,-0.002858735898976043,175.0,0.011166875250637531,125.0,0.021862969684808862
240.0,0.015232563018798828,200.0,-0.002858735898976043,350.0,-0.015243727713823318,125.0,0.021862969684808862
350.0,-0.0007649138569831848,200.0,-0.002858735898976043,350.0,0.0010420270264148712,125.0,0.021862969684808862
200.0,0.004397271201014519,200.0,-0.002858735898976043,200.0,0.0013499162159860134,125.0,0.021862969684808862
250.0,0.018266160041093826,200.0,-0.002858735898976043,110.0,0.025053270161151886,125.0,0.021862969684808862
150.0,-0.08327408879995346,200.0,-0.002858735898976043,105.0,-0.030870748683810234,125.0,0.021862969684808862
270.0,0.009037606418132782,200.0,-0.002858735898976043,200.0,-0.0019199065864086151,125.0,0.021862969684808862
485.0,0.04334987699985504,200.0,-0.002858735898976043,200.0,-0.002845102921128273,125.0,0.021862969684808862
70.0,-0.030918635427951813,200.0,-0.002858735898976043,250.0,0.0046013277024030685,125.0,0.021862969684808862
350.0,0.033397383987903595,200.0,-0.002858735898976043,280.0,-0.011750385165214539,125.0,0.021862969684808862
350.0,0.023334497585892677,200.0,-0.002858735898976043,195.0,0.013745201751589775,125.0,0.021862969684808862
153.0,-0.09441396594047546,200.0,-0.002858735898976043,100.0,-0.058224596083164215,125.0,0.021862969684808862
300.0,0.013607274740934372,200.0,-0.002858735898976043,200.0,0.011576570570468903,125.0,0.021862969684808862
250.0,0.018244994804263115,200.0,-0.002858735898976043,350.0,-0.013921646401286125,125.0,0.021862969684808862
330.0,0.04943230003118515,200.0,-0.002858735898976043,250.0,-0.015067746862769127,125.0,0.021862969684808862
240.0,0.03942070156335831,200.0,-0.002858735898976043,200.0,0.009708881378173828,125.0,0.021862969684808862
480.0,0.06066196411848068,200.0,-0.002858735898976043,200.0,0.011032529175281525,125.0,0.021862969684808862
175.0,-0.01334574818611145,200.0,-0.002858735898976043,175.0,-0.012600969523191452,125.0,0.021862969684808862
250.0,0.027968507260084152,200.0,-0.002858735898976043,160.0,0.0034642815589904785,125.0,0.021862969684808862
300.0,0.0063069649040699005,200.0,-0.002858735898976043,50.0,0.006855737417936325,125.0,0.021862969684808862
330.0,0.05937270075082779,200.0,-0.002858735898976043,170.0,0.020275894552469254,125.0,0.021862969684808862
300.0,0.01903695985674858,200.0,-0.002858735898976043,175.0,0.008961230516433716,125.0,0.021862969684808862
500.0,0.02122911997139454,200.0,-0.002858735898976043,200.0,0.012327173724770546,125.0,0.021862969684808862
200.0,-0.011137343943119049,200.0,-0.002858735898976043,280.0,-0.01751270890235901,130.0,0.021516990062151523
170.0,-0.014931008219718933,200.0,-0.002858735898976043,220.0,0.004877179861068726,130.0,0.021516990062151523
200.0,0.029488492757081985,200.0,-0.002858735898976043,95.0,0.030283305794000626,130.0,0.021516990062151523
500.0,0.044382136315107346,200.0,-0.002858735898976043,150.0,0.009353099390864372,135.0,0.021150892234133033
420.0,0.06262899935245514,200.0,-0.002858735898976043,200.0,0.008641310036182404,135.0,0.021150892234133033
200.0,0.008960042148828506,200.0,-0.002858735898976043,300.0,-0.0025961101055145264,135.0,0.021150892234133033
370.0,0.040586214512586594,200.0,-0.002858735898976043,285.0,-0.006667081266641617,135.0,0.021150892234133033
400.0,0.00991961732506752,204.0,-0.0009932802376211786,200.0,0.008337460458278656,135.0,0.021150892234133033
500.0,0.046317100524902344,204.0,-0.0009932802376211786,200.0,0.015567158348858356,140.0,0.02058791996576569
200.0,-0.006152540445327759,204.0,-0.0009932802376211786,200.0,0.01190096139907837,140.0,0.02058791996576569
200.0,0.024314451962709427,210.0,0.0019155754688833298,125.0,-0.008933095261454582,140.0,0.02058791996576569
200.0,0.004208514466881752,220.0,0.0057430051533566085,350.0,-0.0004103872925043106,140.0,0.02058791996576569
180.0,-0.02305358648300171,225.0,0.0078118300126915055,280.0,-0.011101935058832169,140.0,0.02058791996576569
250.0,0.020166844129562378,225.0,0.0078118300126915055,300.0,-0.00801154226064682,140.0,0.02058791996576569
350.0,0.03132576867938042,225.0,0.0078118300126915055,170.0,0.037205785512924194,140.0,0.02058791996576569
200.0,0.013284638524055481,230.0,0.009785586093576399,340.0,-0.0006450549699366093,140.0,0.02058791996576569
150.0,-0.05484232306480408,240.0,0.013393180089075021,370.0,-0.01545928604900837,140.0,0.02058791996576569
250.0,0.010090216994285583,240.0,0.013393180089075021,350.0,0.0002647228538990021,141.27,0.020476857274494886
300.0,0.031134046614170074,240.0,0.013393180089075021,370.0,-0.006585657596588135,145.0,0.020188118434614932
200.0,0.027351878583431244,240.0,0.013393180089075021,200.0,0.023492639884352684,145.0,0.020188118434614932
250.0,0.008473705500364304,240.0,0.013393180089075021,300.0,-0.0025239959359169006,145.0,0.020188118434614932
250.0,0.0002348870038986206,250.0,0.016459151968454436,250.0,-0.0028968285769224167,150.0,0.01995445167493738
325.0,0.01915636658668518,250.0,0.016459151968454436,275.0,-0.0011099427938461304,150.0,0.01995445167493738
300.0,0.049870043992996216,250.0,0.016459151968454436,225.0,-0.032122667878866196,150.0,0.01995445167493738
250.0,0.009833376854658127,250.0,0.016459151968454436,200.0,-0.0016120853833854198,150.0,0.01995445167493738
370.0,0.05498579144477844,250.0,0.016459151968454436,225.0,-0.0282471664249897,150.0,0.01995445167493738
270.0,0.004785172641277313,250.0,0.016459151968454436,80.0,0.07220316678285599,150.0,0.01995445167493738
175.0,-0.04294520616531372,250.0,0.016459151968454436,95.0,0.08783233910799026,150.0,0.01995445167493738
500.0,0.016635211184620857,250.0,0.016459151968454436,100.0,-0.023023296147584915,150.0,0.01995445167493738
325.0,0.008946042507886887,250.0,0.016459151968454436,200.0,0.012637943029403687,150.0,0.01995445167493738
102.0,-0.09825922548770905,250.0,0.016459151968454436,150.0,0.011750665493309498,150.0,0.01995445167493738
370.0,0.031044941395521164,250.0,0.016459151968454436,300.0,-0.0017035696655511856,150.0,0.01995445167493738
102.0,-0.045809172093868256,250.0,0.016459151968454436,100.0,0.028891321271657944,150.0,0.01995445167493738
150.0,-0.07201886177062988,250.0,0.016459151968454436,225.0,-0.005153261125087738,150.0,0.01995445167493738
200.0,-0.01476559042930603,250.0,0.016459151968454436,200.0,0.011872626841068268,150.0,0.01995445167493738
120.0,-0.03654103726148605,250.0,0.016459151968454436,200.0,0.012586988508701324,150.0,0.01995445167493738
350.0,0.05956895276904106,250.0,0.016459151968454436,380.0,0.0020697659347206354,150.0,0.01995445167493738
450.0,0.0060659050941467285,250.0,0.016459151968454436,200.0,0.011449135839939117,150.0,0.01995445167493738
250.0,0.04403969645500183,250.0,0.016459151968454436,250.0,0.0054595209658145905,150.0,0.01995445167493738
200.0,0.010792579501867294,250.0,0.016459151968454436,200.0,0.005016627721488476,150.0,0.01995445167493738
70.0,-0.10236086696386337,250.0,0.016459151968454436,200.0,-0.0001881048083305359,150.0,0.01995445167493738
500.0,0.08016256242990494,250.0,0.016459151968454436,310.0,0.019387802109122276,150.0,0.01995445167493738
275.0,0.033625900745391846,250.0,0.016459151968454436,200.0,0.011956445872783661,150.0,0.01995445167493738
100.0,-0.09336541593074799,250.0,0.016459151968454436,175.0,0.028919560834765434,150.0,0.01995445167493738
250.0,0.00407719612121582,250.0,0.016459151968454436,180.0,3.56920063495636e-05,150.0,0.01995445167493738
250.0,0.03681568801403046,250.0,0.016459151968454436,225.0,9.098276495933533e-05,150.0,0.01995445167493738
250.0,-0.0030525177717208862,250.0,0.016459151968454436,190.0,0.0038993172347545624,150.0,0.01995445167493738
120.0,-0.043095409870147705,250.0,0.016459151968454436,40.0,0.02923004701733589,150.0,0.01995445167493738
300.0,-0.004725635051727295,250.0,0.016459151968454436,280.0,-0.011309430003166199,150.0,0.01995445167493738
330.0,0.04537634178996086,250.0,0.016459151968454436,225.0,0.02093685418367386,150.0,0.01995445167493738
250.0,0.030659882351756096,250.0,0.016459151968454436,200.0,0.015413407236337662,150.0,0.01995445167493738
350.0,-0.010990329086780548,250.0,0.016459151968454436,380.0,-0.00776960514485836,150.0,0.01995445167493738
270.0,0.004277043044567108,250.0,0.016459151968454436,340.0,-0.002113502472639084,150.0,0.01995445167493738
250.0,0.011710532009601593,250.0,0.016459151968454436,50.0,-0.04635810852050781,150.0,0.01995445167493738
200.0,0.01499982737004757,250.0,0.016459151968454436,75.0,0.011514775454998016,150.0,0.01995445167493738
200.0,-0.012365967035293579,250.0,0.016459151968454436,200.0,0.016199540346860886,150.0,0.01995445167493738
250.0,0.018887033686041832,250.0,0.016459151968454436,200.0,-0.00032317638397216797,150.0,0.01995445167493738
170.0,-0.010261595249176025,250.0,0.016459151968454436,100.0,0.005926656536757946,150.0,0.01995445167493738
40.0,-0.026729963719844818,250.0,0.016459151968454436,140.0,0.061160456389188766,150.0,0.01995445167493738
200.0,0.027637742459774017,250.0,0.016459151968454436,195.0,0.0004421252233441919,150.0,0.01995445167493738
200.0,0.02716953121125698,250.0,0.016459151968454436,200.0,0.013833452947437763,150.0,0.01995445167493738
200.0,-0.013043157756328583,250.0,0.016459151968454436,200.0,0.021595437079668045,150.0,0.01995445167493738
300.0,0.03952448070049286,250.0,0.016459151968454436,150.0,0.013063034042716026,150.0,0.01995445167493738
200.0,0.025533806532621384,250.0,0.016459151968454436,275.0,-0.018942857161164284,150.0,0.01995445167493738
270.0,0.005130358040332794,250.0,0.016459151968454436,105.0,0.016091186553239822,150.0,0.01995445167493738
200.0,0.01634843647480011,250.0,0.016459151968454436,200.0,0.017277684062719345,150.0,0.01995445167493738
250.0,0.015062499791383743,250.0,0.016459151968454436,200.0,0.011732794344425201,150.0,0.01995445167493738
90.0,-0.033160023391246796,250.0,0.016459151968454436,200.0,0.00563754141330719,150.0,0.01995445167493738
370.0,0.04019656777381897,250.0,0.016459151968454436,200.0,0.021773571148514748,150.0,0.01995445167493738
250.0,0.049266234040260315,250.0,0.016459151968454436,250.0,-0.02506251633167267,150.0,0.01995445167493738
200.0,0.0033897310495376587,250.0,0.016459151968454436,200.0,-0.0008606091141700745,150.0,0.01995445167493738
370.0,0.020977716892957687,250.0,0.016459151968454436,275.0,-0.002378024160861969,150.0,0.01995445167493738
300.0,0.005704998970031738,250.0,0.016459151968454436,160.0,0.014687594026327133,150.0,0.01995445167493738
250.0,0.043767571449279785,250.0,0.016459151968454436,400.0,-0.0008891597390174866,150.0,0.01995445167493738
200.0,-0.011031046509742737,250.0,0.016459151968454436,225.0,0.00405324250459671,150.0,0.01995445167493738
240.0,0.01366003230214119,250.0,0.016459151968454436,150.0,0.054467011243104935,150.0,0.01995445167493738
150.0,-0.07220618426799774,250.0,0.016459151968454436,275.0,-0.003209710121154785,150.0,0.01995445167493738
200.0,-0.01092664897441864,250.0,0.016459151968454436,345.0,0.00758892297744751,150.0,0.01995445167493738
250.0,0.035033609718084335,250.0,0.016459151968454436,240.0,0.008719701319932938,150.0,0.01995445167493738
350.0,0.02319307252764702,250.0,0.016459151968454436,200.0,0.013820283114910126,150.0,0.01995445167493738
475.0,0.007409133017063141,250.0,0.016459151968454436,250.0,0.0050086528062820435,150.0,0.01995445167493738
75.0,0.029252110049128532,250.0,0.016459151968454436,200.0,0.01283448189496994,150.0,0.01995445167493738
350.0,0.021685726940631866,250.0,0.016459151968454436,105.0,-0.018129682168364525,150.0,0.01995445167493738
350.0,-0.0017022937536239624,250.0,0.016459151968454436,195.0,0.012061592191457748,150.0,0.01995445167493738
420.0,0.05961467698216438,250.0,0.016459151968454436,250.0,0.004197956994175911,150.0,0.01995445167493738
200.0,-0.011151701211929321,250.0,0.016459151968454436,360.0,0.007710713893175125,150.0,0.01995445167493738
420.0,0.06580959260463715,250.0,0.016459151968454436,250.0,-0.007548762951046228,150.0,0.01995445167493738
250.0,0.03928736597299576,250.0,0.016459151968454436,135.0,0.02274574153125286,150.0,0.01995445167493738
85.0,0.01851232908666134,250.0,0.016459151968454436,50.0,-0.019491638988256454,155.0,0.01995604959266845
360.0,0.05440890043973923,250.0,0.016459151968454436,100.0,0.021795019507408142,155.0,0.01995604959266845
370.0,0.008283624425530434,250.0,0.016459151968454436,225.0,-0.0027581448666751385,155.0,0.01995604959266845
250.0,0.0235423743724823,250.0,0.016459151968454436,280.0,-0.007399696856737137,155.0,0.01995604959266845
200.0,0.0059196837246418,250.0,0.016459151968454436,195.0,0.010834816843271255,155.0,0.01995604959266845
200.0,0.02304237335920334,250.0,0.016459151968454436,180.0,0.031633175909519196,155.0,0.01995604959266845
350.0,-0.0030684620141983032,250.0,0.016459151968454436,200.0,0.01315124612301588,160.0,0.019875182665064633
200.0,0.02479124814271927,250.0,0.016459151968454436,200.0,-0.024906247854232788,160.0,0.019875182665064633
200.0,-0.016627971082925797,250.0,0.016459151968454436,275.0,-0.008708875626325607,160.0,0.019875182665064633
370.0,0.008061142638325691,250.0,0.016459151968454436,380.0,-0.0004932824522256851,160.0,0.019875182665064633
70.0,-0.08416808396577835,250.0,0.016459151968454436,380.0,-0.010721856728196144,160.0,0.019875182665064633
370.0,0.013749606907367706,250.0,0.016459151968454436,150.0,0.0335293784737587,160.0,0.019875182665064633
128.0,-0.12237457931041718,250.0,0.016459151968454436,330.0,-0.015947453677654266,160.0,0.019875182665064633
475.0,0.05367260426282883,250.0,0.016459151968454436,145.0,-0.02343933843076229,160.0,0.019875182665064633
200.0,-0.019035594537854195,250.0,0.016459151968454436,275.0,0.008597064763307571,160.0,0.019875182665064633
370.0,0.008634218946099281,250.0,0.016459151968454436,100.0,0.025491785258054733,160.0,0.019875182665064633
250.0,0.024631503969430923,250.0,0.016459151968454436,200.0,0.010980658233165741,160.0,0.019875182665064633
360.0,0.05598575621843338,250.0,0.016459151968454436,195.0,-0.001589043065905571,160.0,0.019875182665064633
270.0,0.004071258008480072,250.0,0.016459151968454436,200.0,0.0065269991755485535,160.0,0.019875182665064633
250.0,0.04214513301849365,250.0,0.016459151968454436,195.0,0.009129930287599564,160.0,0.019875182665064633
170.0,-0.018845200538635254,250.0,0.016459151968454436,180.0,-0.006341453641653061,160.0,0.019875182665064633
200.0,0.003778815269470215,250.0,0.016459151968454436,105.0,0.021932730451226234,160.0,0.019875182665064633
360.0,0.060216981917619705,250.0,0.016459151968454436,175.0,-0.009197836741805077,160.0,0.019875182665064633
300.0,0.0529501736164093,250.0,0.016459151968454436,200.0,-0.0088333860039711,160.0,0.019875182665064633
200.0,0.0030505582690238953,250.0,0.016459151968454436,160.0,0.02945917472243309,160.0,0.019875182665064633
250.0,0.004735015332698822,250.0,0.016459151968454436,90.0,-0.027005821466445923,160.0,0.019875182665064633
250.0,0.021987929940223694,250.0,0.016459151968454436,175.0,-0.010739630088210106,160.0,0.019875182665064633
200.0,-0.003690343350172043,250.0,0.016459151968454436,80.0,0.04434990510344505,160.0,0.019875182665064633
370.0,-0.0015706345438957214,250.0,0.016459151968454436,250.0,-0.001169334165751934,160.0,0.019875182665064633
300.0,0.042021021246910095,250.0,0.016459151968454436,175.0,0.0024909833446145058,160.0,0.019875182665064633
465.0,0.05148022994399071,250.0,0.016459151968454436,300.0,0.0031111224088817835,160.0,0.019875182665064633
250.0,0.023334262892603874,250.0,0.016459151968454436,125.0,0.014052130281925201,160.0,0.019875182665064633
250.0,-0.0005344599485397339,250.0,0.016459151968454436,225.0,0.007317923940718174,160.0,0.019875182665064633
170.0,-0.009979695081710815,260.0,0.019133107987130676,200.0,0.014728367328643799,160.0,0.019875182665064633
50.0,-0.02081293985247612,270.0,0.02135365772118196,280.0,-0.006784159690141678,160.81,0.019668767151830063
370.0,0.06601846218109131,270.0,0.02135365772118196,187.5,-0.023546287789940834,160.81,0.019668767151830063
350.0,0.00660376250743866,270.0,0.02135365772118196,195.0,0.016944726929068565,160.81,0.019668767151830063
250.0,0.013738048262894154,270.0,0.02135365772118196,340.0,-0.00620478019118309,165.0,0.018575167476164552
250.0,0.0046412162482738495,270.0,0.02135365772118196,160.0,0.036961331963539124,166.2,0.01825469443710006
370.0,0.02606775611639023,270.0,0.02135365772118196,350.0,-0.001051589846611023,168.0,0.017768686538743826
420.0,0.0660628080368042,270.0,0.02135365772118196,175.0,0.01974443532526493,169.0,0.01749607731705578
350.0,0.02774227038025856,270.0,0.02135365772118196,150.0,0.008444713428616524,169.0,0.01749607731705578
250.0,0.025847839191555977,270.0,0.02135365772118196,339.19,0.010311204940080643,170.0,0.017221643965106993
175.0,-0.01309763640165329,270.0,0.02135365772118196,190.0,-0.0034704990684986115,170.0,0.017221643965106993
175.0,-0.010681577026844025,270.0,0.02135365772118196,200.0,0.012034513056278229,170.0,0.017221643965106993
500.0,0.056060753762722015,270.0,0.02135365772118196,380.0,-0.010958777740597725,170.0,0.017221643965106993
200.0,0.01439611241221428,270.0,0.02135365772118196,200.0,0.012581400573253632,170.0,0.017221643965106993
200.0,0.020567860454320908,275.0,0.021818906220631748,280.0,-0.016319919377565384,170.0,0.017221643965106993
350.0,0.02669558860361576,275.0,0.021818906220631748,200.0,0.014309369027614594,170.0,0.017221643965106993
90.0,-0.037592917680740356,275.0,0.021818906220631748,150.0,0.04232104495167732,170.0,0.017221643965106993
300.0,-0.0003983229398727417,275.0,0.021818906220631748,225.0,0.0025760289281606674,170.0,0.017221643965106993
170.0,-0.0007993578910827637,280.0,0.022726355356217566,275.0,0.001341838389635086,170.0,0.017221643965106993
300.0,-0.001554057002067566,300.0,0.024598691275537942,340.0,-0.006531768012791872,170.0,0.017221643965106993
360.0,0.04593898355960846,300.0,0.024598691275537942,100.0,0.11252196878194809,170.0,0.017221643965106993
400.0,0.08370999991893768,300.0,0.024598691275537942,250.0,0.009915860369801521,170.0,0.017221643965106993
200.0,0.004340965300798416,300.0,0.024598691275537942,200.0,-0.0015663113445043564,170.0,0.017221643965106993
200.0,0.012610621750354767,300.0,0.024598691275537942,70.0,-0.026608560234308243,170.0,0.017221643965106993
370.0,0.06741275638341904,300.0,0.024598691275537942,175.0,0.00812995433807373,170.0,0.017221643965106993
485.0,0.062182340770959854,300.0,0.024598691275537942,160.0,0.010484517551958561,170.0,0.017221643965106993
175.0,-0.03920440375804901,300.0,0.024598691275537942,110.0,0.010966822504997253,170.0,0.017221643965106993
300.0,0.006784707307815552,300.0,0.024598691275537942,185.0,0.027851466089487076,170.0,0.017221643965106993
350.0,0.05321962386369705,300.0,0.024598691275537942,325.0,-0.008558221161365509,170.0,0.017221643965106993
200.0,0.024423131719231606,300.0,0.024598691275537942,160.0,0.050531916320323944,170.0,0.017221643965106993
350.0,0.024930354207754135,300.0,0.024598691275537942,350.0,-0.019152740016579628,170.0,0.017221643965106993
475.0,0.0489843413233757,300.0,0.024598691275537942,100.0,0.020600363612174988,170.0,0.017221643965106993
80.0,-0.04412493854761124,300.0,0.024598691275537942,250.0,-0.013191208243370056,170.0,0.017221643965106993
350.0,0.002297826111316681,300.0,0.024598691275537942,200.0,0.011366063728928566,170.0,0.017221643965106993
250.0,0.024081004783511162,300.0,0.024598691275537942,95.0,0.040917493402957916,170.0,0.017221643965106993
250.0,0.01030784659087658,300.0,0.024598691275537942,295.0,0.008718430995941162,175.0,0.016017202819693117
300.0,0.0589456781744957,300.0,0.024598691275537942,200.0,0.011545263230800629,175.0,0.016017202819693117
485.0,0.04222869127988815,300.0,0.024598691275537942,200.0,0.011752292513847351,175.0,0.016017202819693117
200.0,0.025192148983478546,300.0,0.024598691275537942,100.0,0.07330644130706787,175.0,0.016017202819693117
250.0,0.025220289826393127,300.0,0.024598691275537942,200.0,0.01096421480178833,175.0,0.016017202819693117
270.0,0.0065425485372543335,300.0,0.024598691275537942,350.0,-0.007597960531711578,175.0,0.016017202819693117
495.0,0.03204697370529175,300.0,0.024598691275537942,150.0,0.010004875250160694,175.0,0.016017202819693117
200.0,-0.00662226602435112,300.0,0.024598691275537942,200.0,0.014314260333776474,175.0,0.016017202819693117
350.0,0.03637629374861717,300.0,0.024598691275537942,300.0,-0.002066969871520996,175.0,0.016017202819693117
250.0,0.020902223885059357,300.0,0.024598691275537942,155.0,0.0030600596219301224,175.0,0.016017202819693117
360.0,0.06164407357573509,300.0,0.024598691275537942,275.0,0.007465396076440811,175.0,0.016017202819693117
70.0,-0.03160405158996582,300.0,0.024598691275537942,200.0,-0.00256459042429924,175.0,0.016017202819693117
250.0,0.022488418966531754,300.0,0.024598691275537942,50.0,-0.03461213409900665,175.0,0.016017202819693117
350.0,0.04168838635087013,300.0,0.024598691275537942,350.0,0.006670553237199783,175.0,0.016017202819693117
300.0,0.016933031380176544,300.0,0.024598691275537942,200.0,0.016907721757888794,175.0,0.016017202819693117
250.0,0.003653191030025482,300.0,0.024598691275537942,350.0,-0.02389388531446457,175.0,0.016017202819693117
250.0,0.051760558038949966,300.0,0.024598691275537942,250.0,0.004664592444896698,175.0,0.016017202819693117
250.0,0.021198440343141556,300.0,0.024598691275537942,200.0,0.012638874351978302,175.0,0.016017202819693117
250.0,0.023119445890188217,300.0,0.024598691275537942,200.0,0.00891946256160736,175.0,0.016017202819693117
250.0,0.007293872535228729,300.0,0.024598691275537942,125.0,0.013351842761039734,175.0,0.016017202819693117
300.0,0.08138434588909149,300.0,0.024598691275537942,200.0,0.014606103301048279,175.0,0.016017202819693117
250.0,0.0004950985312461853,300.0,0.024598691275537942,200.0,0.01042357087135315,175.0,0.016017202819693117
225.0,0.003497868776321411,300.0,0.024598691275537942,200.0,-0.00022149551659822464,175.0,0.016017202819693117
250.0,0.018022866919636726,300.0,0.024598691275537942,200.0,-0.012388184666633606,175.0,0.016017202819693117
200.0,-0.015002451837062836,300.0,0.024598691275537942,95.0,0.03904114291071892,175.0,0.016017202819693117
200.0,0.0035892874002456665,300.0,0.024598691275537942,200.0,0.024627331644296646,175.0,0.016017202819693117
250.0,0.02354852482676506,300.0,0.024598691275537942,350.0,0.004356050863862038,180.0,0.014538840783198127
250.0,0.04865506291389465,300.0,0.024598691275537942,100.0,0.004636043682694435,180.0,0.014538840783198127
350.0,0.029241159558296204,325.0,0.027943891840429492,190.0,0.0163794606924057,180.0,0.014538840783198127
350.0,0.02433452196419239,325.0,0.027943891840429492,190.0,0.020138926804065704,180.0,0.014538840783198127
280.0,0.017060142010450363,325.0,0.027943891840429492,250.0,0.007015034556388855,180.0,0.014538840783198127
50.0,-0.021160781383514404,325.0,0.027943891840429492,200.0,0.007015809416770935,180.0,0.014538840783198127
200.0,0.007520459592342377,330.0,0.02882322660005613,200.0,0.014024568721652031,180.0,0.014538840783198127
370.0,0.04165717214345932,330.0,0.02882322660005613,135.0,-0.02310318686068058,180.0,0.014538840783198127
270.0,0.007239006459712982,330.0,0.02882322660005613,120.0,-0.00826908927410841,180.0,0.014538840783198127
420.0,0.07669971138238907,330.0,0.02882322660005613,190.0,0.023156948387622833,180.0,0.014538840783198127
250.0,0.006619863212108612,330.0,0.02882322660005613,400.0,-0.003634002059698105,180.0,0.014538840783198127
200.0,-0.0025285258889198303,330.0,0.02882322660005613,200.0,0.007377788424491882,180.0,0.014538840783198127
250.0,0.023192308843135834,333.0,0.029354401197058958,190.0,0.020128920674324036,180.0,0.014538840783198127
200.0,0.008892390877008438,350.0,0.032177935548659546,175.0,0.02787131443619728,180.0,0.014538840783198127
420.0,0.07558326423168182,350.0,0.032177935548659546,195.0,-0.012410134077072144,180.0,0.014538840783198127
350.0,0.019151795655488968,350.0,0.032177935548659546,370.0,-0.005865138024091721,180.0,0.014538840783198127
50.0,-0.029749378561973572,350.0,0.032177935548659546,145.0,-0.021630704402923584,182.0,0.013948581462628982
480.0,0.07375375181436539,350.0,0.032177935548659546,95.0,0.11094944179058075,182.0,0.013948581462628982
350.0,0.002718646079301834,350.0,0.032177935548659546,200.0,0.007810063660144806,182.0,0.013948581462628982
350.0,0.03023609332740307,350.0,0.032177935548659546,225.0,0.010189726017415524,182.0,0.013948581462628982
250.0,0.021909581497311592,350.0,0.032177935548659546,200.0,0.002497449517250061,185.0,0.013071702708724845
250.0,0.014052622020244598,350.0,0.032177935548659546,220.0,-0.0008545033633708954,185.0,0.013071702708724845
100.0,-0.049029361456632614,350.0,0.032177935548659546,150.0,0.011116769164800644,185.0,0.013071702708724845
475.0,0.06322894990444183,350.0,0.032177935548659546,225.0,-0.0030559729784727097,185.0,0.013071702708724845
200.0,-0.018041718751192093,350.0,0.032177935548659546,160.0,0.032986678183078766,185.0,0.013071702708724845
250.0,0.021343454718589783,350.0,0.032177935548659546,200.0,-0.0006256718188524246,187.5,0.012349818815280824
370.0,0.06077684089541435,350.0,0.032177935548659546,225.0,0.003504399210214615,187.5,0.012349818815280824
250.0,0.02008768729865551,350.0,0.032177935548659546,200.0,0.012794394046068192,187.5,0.012349818815280824
270.0,0.005397021770477295,350.0,0.032177935548659546,200.0,0.012597287073731422,187.5,0.012349818815280824
250.0,0.015047930181026459,350.0,0.032177935548659546,340.0,-0.012817438691854477,187.5,0.012349818815280824
100.0,-0.08367786556482315,350.0,0.032177935548659546,200.0,0.019602224230766296,187.5,0.012349818815280824
300.0,0.05868691951036453,350.0,0.032177935548659546,225.0,-0.0022146515548229218,187.5,0.012349818815280824
220.0,0.031278740614652634,350.0,0.032177935548659546,200.0,-0.0013406388461589813,187.5,0.012349818815280824
370.0,0.019002925604581833,350.0,0.032177935548659546,190.0,0.021362774074077606,190.0,0.011661175059040303
200.0,0.015139136463403702,350.0,0.032177935548659546,195.0,-0.036290399730205536,190.0,0.011661175059040303
70.0,-0.11255691200494766,350.0,0.032177935548659546,200.0,-0.002133214846253395,190.0,0.011661175059040303
60.0,-0.021087177097797394,350.0,0.032177935548659546,250.0,0.010694286786019802,190.0,0.011661175059040303
420.0,0.06505775451660156,350.0,0.032177935548659546,195.0,0.014780528843402863,190.0,0.011661175059040303
350.0,0.03671356663107872,350.0,0.032177935548659546,116.34,-0.009683050215244293,190.0,0.011661175059040303
175.0,-0.03634701669216156,350.0,0.032177935548659546,370.0,-0.008434375748038292,190.0,0.011661175059040303
200.0,0.013759441673755646,350.0,0.032177935548659546,370.0,-0.026044946163892746,190.0,0.011661175059040303
250.0,0.00560922734439373,350.0,0.032177935548659546,80.0,0.08272692561149597,190.0,0.011661175059040303
175.0,-0.012659594416618347,350.0,0.032177935548659546,200.0,0.0009547621011734009,190.0,0.011661175059040303
50.0,-0.016648609191179276,350.0,0.032177935548659546,175.0,-0.002372104674577713,190.0,0.011661175059040303
350.0,0.061922837048769,350.0,0.032177935548659546,120.0,-0.0047794547863304615,190.0,0.011661175059040303
204.0,0.03550185635685921,350.0,0.032177935548659546,200.0,-0.009500706568360329,190.0,0.011661175059040303
200.0,0.02567657083272934,350.0,0.032177935548659546,180.0,0.008676030673086643,190.0,0.011661175059040303
102.0,-0.14848586916923523,350.0,0.032177935548659546,187.5,0.016940467059612274,190.0,0.011661175059040303
250.0,0.028758034110069275,350.0,0.032177935548659546,200.0,0.011623702943325043,190.0,0.011661175059040303
75.0,0.030462093651294708,350.0,0.032177935548659546,155.0,0.047486837953329086,190.0,0.011661175059040303
200.0,0.00535959005355835,350.0,0.032177935548659546,200.0,0.010701581835746765,190.0,0.011661175059040303
480.0,0.07405973225831985,350.0,0.032177935548659546,200.0,0.020804492756724358,190.0,0.011661175059040303
465.0,0.05019676685333252,350.0,0.032177935548659546,160.0,0.032858967781066895,195.0,0.01020155455023988
150.0,-0.057521745562553406,350.0,0.032177935548659546,150.0,0.020918695256114006,195.0,0.01020155455023988
160.0,-0.08032021671533585,350.0,0.032177935548659546,250.0,-0.001171640120446682,195.0,0.01020155455023988
370.0,0.019843624904751778,350.0,0.032177935548659546,160.0,0.03675362095236778,195.0,0.01020155455023988
200.0,0.0018081516027450562,350.0,0.032177935548659546,100.0,0.03603484481573105,195.0,0.01020155455023988
250.0,0.007883287966251373,350.0,0.032177935548659546,150.0,0.03173492103815079,195.0,0.01020155455023988
170.0,-0.015916824340820312,350.0,0.032177935548659546,160.0,0.046407558023929596,195.0,0.01020155455023988
100.0,-0.05559073016047478,350.0,0.032177935548659546,350.0,-0.020913511514663696,195.0,0.01020155455023988
250.0,0.007169639691710472,350.0,0.032177935548659546,200.0,0.0087666604667902,195.0,0.01020155455023988
500.0,0.0785026103258133,350.0,0.032177935548659546,400.0,-0.0006783641874790192,195.0,0.01020155455023988
175.0,-0.02796459197998047,350.0,0.032177935548659546,190.0,0.02748231589794159,195.0,0.01020155455023988
350.0,0.023879237473011017,360.0,0.033591624713545425,80.0,0.04560371860861778,195.0,0.01020155455023988
370.0,0.026421459391713142,360.0,0.033591624713545425,180.0,0.015802623704075813,195.0,0.01020155455023988
250.0,0.006116196513175964,360.0,0.033591624713545425,400.0,-0.0036062300205230713,195.0,0.01020155455023988
350.0,0.04677438735961914,360.0,0.033591624713545425,170.0,0.037167035043239594,195.0,0.01020155455023988
250.0,0.013848572969436646,360.0,0.033591624713545425,150.0,-0.015431111678481102,195.0,0.01020155455023988
300.0,0.046512048691511154,360.0,0.033591624713545425,280.0,-0.023806560784578323,195.0,0.01020155455023988
300.0,0.03853296488523483,360.0,0.033591624713545425,200.0,0.003219866193830967,195.0,0.01020155455023988
190.0,-0.0006035715341567993,370.0,0.03478706648386598,90.0,-0.042667463421821594,195.0,0.01020155455023988
60.9,0.0319829136133194,370.0,0.03478706648386598,250.0,0.006201069802045822,195.0,0.01020155455023988
200.0,0.018398258835077286,370.0,0.03478706648386598,195.0,0.0005788430571556091,195.0,0.01020155455023988
350.0,0.014581844210624695,370.0,0.03478706648386598,180.0,0.00048619601875543594,195.0,0.01020155455023988
250.0,0.06050486862659454,370.0,0.03478706648386598,150.0,0.013566141948103905,195.0,0.01020155455023988
100.0,-0.13406948745250702,370.0,0.03478706648386598,100.0,-0.0002837713109329343,195.0,0.01020155455023988
200.0,-0.014004699885845184,370.0,0.03478706648386598,141.27,0.010382283478975296,195.0,0.01020155455023988
225.0,0.0014546960592269897,370.0,0.03478706648386598,200.0,0.003599843941628933,195.0,0.01020155455023988
400.0,0.08613770455121994,370.0,0.03478706648386598,285.0,-0.01814274862408638,195.0,0.01020155455023988
300.0,0.023865513503551483,370.0,0.03478706648386598,220.0,0.011177606880664825,195.0,0.01020155455023988
250.0,0.03467491641640663,370.0,0.03478706648386598,350.0,-0.0052628666162490845,195.0,0.01020155455023988
250.0,0.03444811329245567,370.0,0.03478706648386598,225.0,0.0056399572640657425,200.0,0.008684721691106425
330.0,0.05577249452471733,370.0,0.03478706648386598,185.0,0.014037538319826126,200.0,0.008684721691106425
240.0,0.019126489758491516,370.0,0.03478706648386598,40.0,0.009655186906456947,200.0,0.008684721691106425
179.0,0.02597244456410408,370.0,0.03478706648386598,200.0,0.012231994420289993,200.0,0.008684721691106425
475.0,-0.003341592848300934,370.0,0.03478706648386598,340.0,-0.002261621877551079,200.0,0.008684721691106425
300.0,0.041652970016002655,370.0,0.03478706648386598,170.0,-0.02694213204085827,200.0,0.008684721691106425
70.0,-0.025074467062950134,370.0,0.03478706648386598,125.0,0.015358135104179382,200.0,0.008684721691106425
350.0,0.05143515020608902,370.0,0.03478706648386598,200.0,0.00019388273358345032,200.0,0.008684721691106425
250.0,0.04061165452003479,370.0,0.03478706648386598,120.0,0.05335246026515961,200.0,0.008684721691106425
300.0,0.03772711381316185,370.0,0.03478706648386598,80.0,0.02937987819314003,200.0,0.008684721691106425
150.0,-0.06673157960176468,370.0,0.03478706648386598,90.0,-0.01685730367898941,200.0,0.008684721691106425
150.0,-0.03495624288916588,370.0,0.03478706648386598,40.0,0.050962112843990326,200.0,0.008684721691106425
200.0,0.000774383544921875,370.0,0.03478706648386598,195.0,0.019124120473861694,200.0,0.008684721691106425
153.0,-0.10667510330677032,370.0,0.03478706648386598,350.0,0.0018384605646133423,200.0,0.008684721691106425
250.0,0.021114163100719452,370.0,0.03478706648386598,100.0,0.014803744852542877,200.0,0.008684721691106425
200.0,0.02396603673696518,370.0,0.03478706648386598,225.0,0.0035857893526554108,200.0,0.008684721691106425
450.0,0.01160489022731781,370.0,0.03478706648386598,140.0,0.03290371596813202,200.0,0.008684721691106425
400.0,0.09467168152332306,370.0,0.03478706648386598,200.0,0.021649818867444992,200.0,0.008684721691106425
420.0,0.06357322633266449,370.0,0.03478706648386598,300.0,-0.027563340961933136,200.0,0.008684721691106425
400.0,0.00955813005566597,370.0,0.03478706648386598,150.0,0.042705342173576355,200.0,0.008684721691106425
100.0,-0.09925413876771927,370.0,0.03478706648386598,150.0,0.03536476194858551,200.0,0.008684721691106425
250.0,0.006334476172924042,370.0,0.03478706648386598,105.0,0.00929530430585146,200.0,0.008684721691106425
128.0,-0.07899416238069534,370.0,0.03478706648386598,140.0,0.056262534111738205,200.0,0.008684721691106425
100.0,-0.11179231852293015,400.0,0.03819247023273694,345.0,0.0003353096544742584,200.0,0.008684721691106425
270.0,0.005448505282402039,400.0,0.03819247023273694,225.0,0.006460542790591717,200.0,0.008684721691106425
153.0,-0.16408562660217285,400.0,0.03819247023273694,280.0,-0.007384803146123886,200.0,0.008684721691106425
250.0,0.0071229152381420135,400.0,0.03819247023273694,160.81,0.01628813147544861,200.0,0.008684721691106425
370.0,0.06729212403297424,400.0,0.03819247023273694,200.0,0.01443750225007534,200.0,0.008684721691106425
250.0,0.06947673857212067,400.0,0.03819247023273694,100.0,0.12673170864582062,200.0,0.008684721691106425
325.0,0.017139703035354614,400.0,0.03819247023273694,300.0,-0.0006683850660920143,200.0,0.008684721691106425
370.0,0.008533183485269547,420.0,0.040562370824337717,200.0,0.008802048861980438,200.0,0.008684721691106425
170.0,-0.0022620372474193573,420.0,0.040562370824337717,200.0,-0.0048864297568798065,200.0,0.008684721691106425
250.0,0.008539564907550812,420.0,0.040562370824337717,150.0,0.056180886924266815,200.0,0.008684721691106425
200.0,-0.008918754756450653,420.0,0.040562370824337717,125.0,-0.013485679402947426,200.0,0.008684721691106425
200.0,0.01712741330265999,420.0,0.040562370824337717,200.0,-0.0005147028714418411,200.0,0.008684721691106425
250.0,0.009096316993236542,420.0,0.040562370824337717,100.0,-0.007170822471380234,200.0,0.008684721691106425
250.0,0.007123015820980072,420.0,0.040562370824337717,125.0,0.007046248763799667,200.0,0.008684721691106425
200.0,0.0032641738653182983,420.0,0.040562370824337717,225.0,-0.0006991550326347351,200.0,0.008684721691106425
60.0,-0.028263486921787262,420.0,0.040562370824337717,150.0,0.04221605509519577,200.0,0.008684721691106425
350.0,0.01298031210899353,420.0,0.040562370824337717,350.0,-0.015782587230205536,200.0,0.008684721691106425
350.0,-0.02214834839105606,450.0,0.04424469185199647,190.0,0.019744325429201126,200.0,0.008684721691106425
250.0,0.006886426359415054,450.0,0.04424469185199647,350.0,0.004495546687394381,200.0,0.008684721691106425
250.0,0.025707606226205826,450.0,0.04424469185199647,250.0,-0.002258928958326578,200.0,0.008684721691106425
360.0,0.04218083620071411,465.0,0.04610121501324832,160.0,0.043195780366659164,200.0,0.008684721691106425
300.0,0.04746502637863159,465.0,0.04610121501324832,200.0,0.016081511974334717,200.0,0.008684721691106425
350.0,0.034172423183918,465.0,0.04610121501324832,200.0,0.010446339845657349,200.0,0.008684721691106425
50.0,-0.009828992187976837,465.0,0.04610121501324832,200.0,0.0017101801931858063,200.0,0.008684721691106425
350.0,-0.01736944168806076,475.0,0.04733653165234576,195.0,-0.0015613171271979809,200.0,0.008684721691106425
85.0,0.017537526786327362,475.0,0.04733653165234576,182.0,-0.03335578739643097,200.0,0.008684721691106425
350.0,0.06442845612764359,475.0,0.04733653165234576,200.0,-0.0018120817840099335,200.0,0.008684721691106425
300.0,0.028945522382855415,475.0,0.04733653165234576,200.0,0.016551518812775612,200.0,0.008684721691106425
200.0,0.010052233934402466,475.0,0.04733653165234576,100.0,-0.013011828996241093,200.0,0.008684721691106425
370.0,0.0038737952709198,475.0,0.04733653165234576,190.0,0.026778854429721832,200.0,0.008684721691106425
370.0,0.05406095087528229,475.0,0.04733653165234576,200.0,0.011321617290377617,200.0,0.008684721691106425
40.0,-0.035046715289354324,475.0,0.04733653165234576,350.0,-0.0054849907755851746,200.0,0.008684721691106425
200.0,-0.021532535552978516,480.0,0.04795256952865939,370.0,-0.015421006828546524,200.0,0.008684721691106425
240.0,0.018176255747675896,480.0,0.04795256952865939,400.0,-0.0060388436540961266,200.0,0.008684721691106425
100.0,-0.06826624274253845,480.0,0.04795256952865939,200.0,-0.0010285470634698868,200.0,0.008684721691106425
333.0,0.022196147590875626,480.0,0.04795256952865939,350.0,0.0033312104642391205,200.0,0.008684721691106425
370.0,0.025058140978217125,480.0,0.04795256952865939,150.0,0.0013219639658927917,200.0,0.008684721691106425
370.0,0.0274692103266716,480.0,0.04795256952865939,120.0,0.07805993407964706,200.0,0.008684721691106425
200.0,0.0018081516027450562,485.0,0.048567282956069005,200.0,0.008726648986339569,200.0,0.008684721691106425
200.0,0.020839519798755646,485.0,0.048567282956069005,135.0,-0.00866637285798788,200.0,0.008684721691106425
200.0,0.007430262863636017,485.0,0.048567282956069005,200.0,0.007224978879094124,200.0,0.008684721691106425
204.0,0.016208596527576447,495.0,0.04979098842775722,130.0,0.05890507251024246,200.0,0.008684721691106425
200.0,-0.03921321779489517,495.0,0.04979098842775722,200.0,-0.0078058503568172455,200.0,0.008684721691106425
175.0,-0.03545135259628296,495.0,0.04979098842775722,125.0,0.050662100315093994,200.0,0.008684721691106425
400.0,0.015119947493076324,500.0,0.050399086155479764,150.0,0.05224913731217384,200.0,0.008684721691106425
260.0,0.031504593789577484,500.0,0.050399086155479764,125.0,0.06417631357908249,200.0,0.008684721691106425
370.0,-0.013554729521274567,500.0,0.050399086155479764,195.0,0.015249490737915039,200.0,0.008684721691106425
350.0,0.031073838472366333,500.0,0.050399086155479764,160.0,0.03396576642990112,200.0,0.008684721691106425
300.0,0.0684100091457367,500.0,0.050399086155479764,150.0,0.0451541505753994,200.0,0.008684721691106425
480.0,0.07676270604133606,500.0,0.050399086155479764,300.0,-0.005270480643957853,200.0,0.008684721691106425
350.0,0.010951943695545197,500.0,0.050399086155479764,225.0,0.0010785935446619987,200.0,0.008684721691106425
275.0,0.011023949831724167,500.0,0.050399086155479764,170.0,0.02080564573407173,200.0,0.008684721691106425
250.0,0.020992284640669823,500.0,0.050399086155479764,80.0,0.053104329854249954,200.0,0.008684721691106425
,,,,330.0,-0.017902038991451263,200.0,0.008684721691106425
,,,,125.0,0.015476223081350327,200.0,0.008684721691106425
,,,,320.0,0.016771888360381126,200.0,0.008684721691106425
,,,,350.0,-0.020925870165228844,200.0,0.008684721691106425
,,,,200.0,0.010602399706840515,200.0,0.008684721691106425
,,,,225.0,-0.0014357725158333778,200.0,0.008684721691106425
,,,,200.0,0.013516563922166824,200.0,0.008684721691106425
,,,,220.0,0.006048504263162613,200.0,0.008684721691106425
,,,,225.0,-0.00430054496973753,200.0,0.008684721691106425
,,,,170.0,-0.030502840876579285,200.0,0.008684721691106425
,,,,225.0,-0.003347724676132202,200.0,0.008684721691106425
,,,,100.0,0.11542458087205887,200.0,0.008684721691106425
,,,,350.0,-0.005535054951906204,200.0,0.008684721691106425
,,,,200.0,0.013998165726661682,200.0,0.008684721691106425
,,,,350.0,-0.0039043326396495104,200.0,0.008684721691106425
,,,,120.0,0.07527509331703186,200.0,0.008684721691106425
,,,,200.0,0.025488924235105515,200.0,0.008684721691106425
,,,,187.5,0.012744858860969543,200.0,0.008684721691106425
,,,,275.0,-0.001167289912700653,200.0,0.008684721691106425
,,,,187.5,0.004398845136165619,200.0,0.008684721691106425
,,,,200.0,0.014628175646066666,200.0,0.008684721691106425
,,,,200.0,0.008560489863157272,200.0,0.008684721691106425
,,,,160.0,0.008561200462281704,200.0,0.008684721691106425
,,,,275.0,-0.024589762091636658,200.0,0.008684721691106425
,,,,200.0,0.006282655522227287,200.0,0.008684721691106425
,,,,195.0,0.014279528521001339,200.0,0.008684721691106425
,,,,200.0,-0.012794863432645798,200.0,0.008684721691106425
,,,,175.0,0.015067650005221367,200.0,0.008684721691106425
,,,,50.0,0.020172856748104095,200.0,0.008684721691106425
,,,,180.0,0.028322558850049973,200.0,0.008684721691106425
,,,,400.0,0.007412374950945377,200.0,0.008684721691106425
,,,,300.0,-0.015149246901273727,200.0,0.008684721691106425
,,,,200.0,-0.012378061190247536,200.0,0.008684721691106425
,,,,300.0,-0.0033399462699890137,200.0,0.008684721691106425
,,,,200.0,-0.025332532823085785,200.0,0.008684721691106425
,,,,275.0,-0.03486655652523041,200.0,0.008684721691106425
,,,,160.0,0.04004351794719696,200.0,0.008684721691106425
,,,,250.0,0.0025824345648288727,200.0,0.008684721691106425
,,,,195.0,0.005376392975449562,200.0,0.008684721691106425
,,,,280.0,-0.000654999166727066,200.0,0.008684721691106425
,,,,250.0,-0.022576451301574707,200.0,0.008684721691106425
,,,,340.0,0.0010539591312408447,200.0,0.008684721691106425
,,,,190.0,0.0030996743589639664,200.0,0.008684721691106425
,,,,340.0,-0.024989308789372444,200.0,0.008684721691106425
,,,,200.0,0.0020378604531288147,200.0,0.008684721691106425
,,,,275.0,-0.0020652152597904205,200.0,0.008684721691106425
,,,,200.0,0.01534385234117508,200.0,0.008684721691106425
,,,,50.0,0.02652127668261528,200.0,0.008684721691106425
,,,,350.0,0.0011215186677873135,200.0,0.008684721691106425
,,,,325.0,-0.008576754480600357,200.0,0.008684721691106425
,,,,150.0,0.04186055809259415,200.0,0.008684721691106425
,,,,305.0,0.015031099319458008,200.0,0.008684721691106425
,,,,125.0,0.015215333551168442,200.0,0.008684721691106425
,,,,200.0,0.020238090306520462,200.0,0.008684721691106425
,,,,225.0,-0.00034113600850105286,200.0,0.008684721691106425
,,,,100.0,0.025359001010656357,200.0,0.008684721691106425
,,,,100.0,0.0014931047335267067,200.0,0.008684721691106425
,,,,110.0,-0.004708763211965561,200.0,0.008684721691106425
,,,,180.0,0.023282110691070557,200.0,0.008684721691106425
,,,,275.0,-0.019140994176268578,200.0,0.008684721691106425
,,,,110.0,0.026501663029193878,200.0,0.008684721691106425
,,,,200.0,0.0041314829140901566,200.0,0.008684721691106425
,,,,185.0,0.018328607082366943,200.0,0.008684721691106425
,,,,95.0,0.05051448196172714,200.0,0.008684721691106425
,,,,200.0,0.011010457761585712,200.0,0.008684721691106425
,,,,250.0,0.0060111647471785545,200.0,0.008684721691106425
,,,,350.0,0.0025863610208034515,200.0,0.008684721691106425
,,,,105.0,0.016613803803920746,200.0,0.008684721691106425
,,,,150.0,0.04481634497642517,200.0,0.008684721691106425
,,,,225.0,0.008220412768423557,200.0,0.008684721691106425
,,,,100.0,0.11346619576215744,200.0,0.008684721691106425
,,,,370.0,-0.0096852146089077,200.0,0.008684721691106425
,,,,200.0,0.003030199557542801,200.0,0.008684721691106425
,,,,300.0,-0.004282101988792419,200.0,0.008684721691106425
,,,,250.0,-0.02592281624674797,200.0,0.008684721691106425
,,,,105.0,-0.00709354504942894,200.0,0.008684721691106425
,,,,350.0,-0.005647490732371807,200.0,0.008684721691106425
,,,,200.0,0.022028543055057526,200.0,0.008684721691106425
,,,,95.0,0.014280742034316063,200.0,0.008684721691106425
,,,,100.0,-0.051409102976322174,200.0,0.008684721691106425
,,,,250.0,-0.013785265386104584,200.0,0.008684721691106425
,,,,340.0,-0.009744279086589813,200.0,0.008684721691106425
,,,,200.0,0.008044052869081497,200.0,0.008684721691106425
,,,,150.0,-0.02438082918524742,200.0,0.008684721691106425
,,,,200.0,0.0029027406126260757,200.0,0.008684721691106425
,,,,50.0,0.0038354569114744663,200.0,0.008684721691106425
,,,,350.0,-0.006893342826515436,200.0,0.008684721691106425
,,,,200.0,0.02446971833705902,200.0,0.008684721691106425
,,,,150.0,0.010357744991779327,200.0,0.008684721691106425
,,,,220.0,0.008830469101667404,200.0,0.008684721691106425
,,,,175.0,0.010352167300879955,200.0,0.008684721691106425
,,,,300.0,-0.020549792796373367,200.0,0.008684721691106425
,,,,200.0,0.018819157034158707,200.0,0.008684721691106425
,,,,100.0,0.03900180011987686,200.0,0.008684721691106425
,,,,350.0,-0.0018323510885238647,200.0,0.008684721691106425
,,,,310.0,0.015743115916848183,200.0,0.008684721691106425
,,,,140.0,-0.010431904345750809,200.0,0.008684721691106425
,,,,340.0,-0.008917678147554398,200.0,0.008684721691106425
,,,,300.0,-0.03075156919658184,200.0,0.008684721691106425
,,,,190.0,0.012797735631465912,200.0,0.008684721691106425
,,,,275.0,-0.004061434417963028,200.0,0.008684721691106425
,,,,150.0,0.06223190575838089,200.0,0.008684721691106425
,,,,100.0,0.12044128030538559,200.0,0.008684721691106425
,,,,275.0,-0.01085328683257103,200.0,0.008684721691106425
,,,,150.0,0.013499494642019272,200.0,0.008684721691106425
,,,,200.0,-0.023823440074920654,200.0,0.008684721691106425
,,,,325.0,-0.011549189686775208,200.0,0.008684721691106425
,,,,300.0,-0.0140997264534235,200.0,0.008684721691106425
,,,,275.0,-0.039239998906850815,200.0,0.008684721691106425
,,,,350.0,-0.011478817090392113,200.0,0.008684721691106425
,,,,200.0,0.022465679794549942,200.0,0.008684721691106425
,,,,60.0,-0.02917623147368431,200.0,0.008684721691106425
,,,,350.0,0.0032008253037929535,200.0,0.008684721691106425
,,,,150.0,0.023580677807331085,200.0,0.008684721691106425
,,,,275.0,-0.007399618625640869,200.0,0.008684721691106425
,,,,250.0,-0.00183851458132267,200.0,0.008684721691106425
,,,,150.0,0.024815484881401062,200.0,0.008684721691106425
,,,,195.0,-0.005258135497570038,200.0,0.008684721691106425
,,,,370.0,-0.030394837260246277,200.0,0.008684721691106425
,,,,200.0,-0.005416050553321838,200.0,0.008684721691106425
,,,,280.0,-0.013482362031936646,200.0,0.008684721691106425
,,,,345.0,-0.0019218483939766884,200.0,0.008684721691106425
,,,,200.0,0.007930146530270576,200.0,0.008684721691106425
,,,,200.0,0.0005371319130063057,200.0,0.008684721691106425
,,,,160.0,0.027760758996009827,200.0,0.008684721691106425
,,,,200.0,0.006979495286941528,200.0,0.008684721691106425
,,,,150.0,0.03513200208544731,200.0,0.008684721691106425
,,,,200.0,0.010465092957019806,200.0,0.008684721691106425
,,,,200.0,-0.010443579405546188,200.0,0.008684721691106425
,,,,370.0,-0.009366847574710846,200.0,0.008684721691106425
,,,,200.0,0.0012006324250251055,200.0,0.008684721691106425
,,,,200.0,0.004948262125253677,200.0,0.008684721691106425
,,,,225.0,-0.003085056319832802,200.0,0.008684721691106425
,,,,150.0,0.049295008182525635,200.0,0.008684721691106425
,,,,170.0,0.03267395496368408,200.0,0.008684721691106425
,,,,200.0,0.012366391718387604,200.0,0.008684721691106425
,,,,150.0,0.04238016903400421,200.0,0.008684721691106425
,,,,350.0,0.010947906412184238,200.0,0.008684721691106425
,,,,170.0,0.021512936800718307,200.0,0.008684721691106425
,,,,350.0,-0.003759130835533142,200.0,0.008684721691106425
,,,,350.0,0.0016729962080717087,200.0,0.008684721691106425
,,,,350.0,0.0006854915991425514,200.0,0.008684721691106425
,,,,170.0,0.013504210859537125,200.0,0.008684721691106425
,,,,125.0,0.06745561212301254,200.0,0.008684721691106425
,,,,100.0,0.09838375449180603,200.0,0.008684721691106425
,,,,350.0,0.006796862930059433,200.0,0.008684721691106425
,,,,200.0,0.02487749606370926,200.0,0.008684721691106425
,,,,200.0,0.006407584995031357,200.0,0.008684721691106425
,,,,200.0,0.011388048529624939,200.0,0.008684721691106425
,,,,200.0,0.018917106091976166,200.0,0.008684721691106425
,,,,200.0,-0.0020381826907396317,200.0,0.008684721691106425
,,,,200.0,0.017198219895362854,200.0,0.008684721691106425
,,,,180.0,0.011821016669273376,200.0,0.008684721691106425
,,,,200.0,-0.008341260254383087,200.0,0.008684721691106425
,,,,150.0,0.05954475328326225,200.0,0.008684721691106425
,,,,200.0,0.014842920005321503,200.0,0.008684721691106425
,,,,175.0,0.013910144567489624,200.0,0.008684721691106425
,,,,50.0,0.028686508536338806,200.0,0.008684721691106425
,,,,220.0,0.007553102448582649,200.0,0.008684721691106425
,,,,250.0,-0.005191005766391754,200.0,0.008684721691106425
,,,,250.0,-0.0012742339167743921,200.0,0.008684721691106425
,,,,300.0,0.0011086314916610718,200.0,0.008684721691106425
,,,,200.0,0.011725127696990967,200.0,0.008684721691106425
,,,,250.0,-0.021629467606544495,200.0,0.008684721691106425
,,,,350.0,0.005869971588253975,200.0,0.008684721691106425
,,,,350.0,-0.009870970621705055,200.0,0.008684721691106425
,,,,200.0,-0.002457795664668083,200.0,0.008684721691106425
,,,,200.0,0.008801611140370369,200.0,0.008684721691106425
,,,,200.0,0.011695228517055511,200.0,0.008684721691106425
,,,,350.0,0.003025483340024948,200.0,0.008684721691106425
,,,,100.0,0.009823411703109741,200.0,0.008684721691106425
,,,,300.0,-0.025460457429289818,200.0,0.008684721691106425
,,,,200.0,0.014833036810159683,200.0,0.008684721691106425
,,,,200.0,0.019513774663209915,200.0,0.008684721691106425
,,,,170.0,0.017832325771450996,200.0,0.008684721691106425
,,,,170.0,0.024627309292554855,200.0,0.008684721691106425
,,,,160.0,0.024623487144708633,200.0,0.008684721691106425
,,,,150.0,0.017809584736824036,200.0,0.008684721691106425
,,,,370.0,-0.00698591023683548,200.0,0.008684721691106425
,,,,120.0,0.07812801748514175,200.0,0.008684721691106425
,,,,150.0,0.04915282130241394,200.0,0.008684721691106425
,,,,200.0,0.011521779000759125,200.0,0.008684721691106425
,,,,300.0,-0.002019725739955902,200.0,0.008684721691106425
,,,,200.0,0.011915944516658783,200.0,0.008684721691106425
,,,,200.0,0.01563677191734314,200.0,0.008684721691106425
,,,,200.0,-0.006475687026977539,200.0,0.008684721691106425
,,,,60.0,0.009588820859789848,200.0,0.008684721691106425
,,,,200.0,0.0039722248911857605,200.0,0.008684721691106425
,,,,120.0,0.05890056863427162,200.0,0.008684721691106425
,,,,95.0,-0.007365617901086807,200.0,0.008684721691106425
,,,,200.0,-0.001818304881453514,200.0,0.008684721691106425
,,,,80.0,0.043698154389858246,200.0,0.008684721691106425
,,,,182.0,-0.0392257459461689,200.0,0.008684721691106425
,,,,100.0,0.05796899273991585,200.0,0.008684721691106425
,,,,200.0,0.0038104280829429626,200.0,0.008684721691106425
,,,,100.0,0.06329710781574249,200.0,0.008684721691106425
,,,,190.0,-0.0160969290882349,200.0,0.008684721691106425
,,,,285.0,-0.005654916167259216,200.0,0.008684721691106425
,,,,170.0,-0.0009064031764864922,200.0,0.008684721691106425
,,,,150.0,0.014403345063328743,200.0,0.008684721691106425
,,,,168.0,-0.011699920520186424,200.0,0.008684721691106425
,,,,275.0,-0.009917223826050758,200.0,0.008684721691106425
,,,,300.0,-0.0017300546169281006,200.0,0.008684721691106425
,,,,195.0,0.013861633837223053,200.0,0.008684721691106425
,,,,50.0,-0.04142411798238754,200.0,0.008684721691106425
,,,,200.0,-1.9554980099201202e-05,200.0,0.008684721691106425
,,,,160.0,0.011172597296535969,200.0,0.008684721691106425
,,,,350.0,-0.02530687488615513,200.0,0.008684721691106425
,,,,225.0,-0.006840437650680542,220.0,0.003704607103306582
,,,,225.0,-0.0018788240849971771,220.0,0.003704607103306582
,,,,200.0,0.01348501443862915,220.0,0.003704607103306582
,,,,175.0,0.005134100094437599,220.0,0.003704607103306582
,,,,175.0,0.01738586649298668,220.0,0.003704607103306582
,,,,150.0,0.035903871059417725,220.0,0.003704607103306582
,,,,200.0,-0.0019308235496282578,220.0,0.003704607103306582
,,,,100.0,0.04955006390810013,220.0,0.003704607103306582
,,,,300.0,0.0057962313294410706,225.0,0.002587896180092074
,,,,280.0,-0.005894370377063751,225.0,0.002587896180092074
,,,,275.0,-0.0009756800718605518,225.0,0.002587896180092074
,,,,200.0,0.020691275596618652,225.0,0.002587896180092074
,,,,200.0,0.004515077918767929,225.0,0.002587896180092074
,,,,200.0,0.0216091088950634,225.0,0.002587896180092074
,,,,200.0,0.021625444293022156,225.0,0.002587896180092074
,,,,160.0,0.007982095703482628,225.0,0.002587896180092074
,,,,83.1,-0.03899483010172844,225.0,0.002587896180092074
,,,,150.0,0.036499153822660446,225.0,0.002587896180092074
,,,,200.0,0.013097167015075684,225.0,0.002587896180092074
,,,,150.0,0.019006958231329918,225.0,0.002587896180092074
,,,,180.0,0.010531481355428696,225.0,0.002587896180092074
,,,,250.0,-0.008542795665562153,225.0,0.002587896180092074
,,,,100.0,0.04176418483257294,225.0,0.002587896180092074
,,,,125.0,0.06524796783924103,225.0,0.002587896180092074
,,,,339.19,-0.0037905462086200714,225.0,0.002587896180092074
,,,,200.0,-0.00719057209789753,225.0,0.002587896180092074
,,,,275.0,-0.00706910528242588,225.0,0.002587896180092074
,,,,200.0,0.006480591371655464,225.0,0.002587896180092074
,,,,200.0,0.01949496939778328,225.0,0.002587896180092074
,,,,250.0,0.0021995343267917633,225.0,0.002587896180092074
,,,,200.0,0.009743241593241692,225.0,0.002587896180092074
,,,,250.0,0.0036539696156978607,225.0,0.002587896180092074
,,,,200.0,0.0030789170414209366,225.0,0.002587896180092074
,,,,105.0,0.014618013054132462,225.0,0.002587896180092074
,,,,200.0,0.007113081403076649,225.0,0.002587896180092074
,,,,190.0,0.0049408599734306335,225.0,0.002587896180092074
,,,,75.0,0.05949829891324043,225.0,0.002587896180092074
,,,,200.0,0.008890695869922638,225.0,0.002587896180092074
,,,,350.0,-0.007999625988304615,225.0,0.002587896180092074
,,,,130.0,0.011877346783876419,225.0,0.002587896180092074
,,,,175.0,0.02566424012184143,225.0,0.002587896180092074
,,,,185.0,0.021559908986091614,225.0,0.002587896180092074
,,,,160.0,0.01210400927811861,225.0,0.002587896180092074
,,,,150.0,0.0010203123092651367,225.0,0.002587896180092074
,,,,160.0,0.03793896734714508,225.0,0.002587896180092074
,,,,40.0,0.030178127810359,225.0,0.002587896180092074
,,,,190.0,-0.008422158658504486,225.0,0.002587896180092074
,,,,150.0,0.02918967977166176,225.0,0.002587896180092074
,,,,100.0,0.008223496377468109,225.0,0.002587896180092074
,,,,50.0,-0.012547790072858334,240.0,0.00026136769802492815
,,,,175.0,0.03146589919924736,240.0,0.00026136769802492815
,,,,400.0,-0.005785572342574596,240.0,0.00026136769802492815
,,,,49.86,-0.015826378017663956,250.0,-0.0009409303263314091
,,,,150.0,0.04802706092596054,250.0,-0.0009409303263314091
,,,,150.0,0.04998189955949783,250.0,-0.0009409303263314091
,,,,150.0,0.0520530566573143,250.0,-0.0009409303263314091
,,,,160.0,0.007806776091456413,250.0,-0.0009409303263314091
,,,,195.0,-0.002606429159641266,250.0,-0.0009409303263314091
,,,,200.0,-0.0006033144891262054,250.0,-0.0009409303263314091
,,,,80.0,0.12337107211351395,250.0,-0.0009409303263314091
,,,,340.0,-0.010711044073104858,250.0,-0.0009409303263314091
,,,,150.0,0.025896482169628143,250.0,-0.0009409303263314091
,,,,200.0,0.020760342478752136,250.0,-0.0009409303263314091
,,,,200.0,-0.0010076258331537247,250.0,-0.0009409303263314091
,,,,300.0,0.0005014175549149513,250.0,-0.0009409303263314091
,,,,93.0,-0.052895449101924896,250.0,-0.0009409303263314091
,,,,220.0,0.008011357858777046,250.0,-0.0009409303263314091
,,,,160.0,0.028523173183202744,250.0,-0.0009409303263314091
,,,,200.0,0.00568089634180069,250.0,-0.0009409303263314091
,,,,200.0,-0.028964657336473465,250.0,-0.0009409303263314091
,,,,275.0,-0.0036489106714725494,250.0,-0.0009409303263314091
,,,,225.0,0.00030959397554397583,250.0,-0.0009409303263314091
,,,,200.0,0.024537362158298492,250.0,-0.0009409303263314091
,,,,130.0,0.061203233897686005,250.0,-0.0009409303263314091
,,,,200.0,0.011865091510117054,250.0,-0.0009409303263314091
,,,,190.0,0.019112028181552887,250.0,-0.0009409303263314091
,,,,300.0,-0.002286408096551895,250.0,-0.0009409303263314091
,,,,225.0,-0.03341083973646164,250.0,-0.0009409303263314091
,,,,95.0,0.07655134052038193,250.0,-0.0009409303263314091
,,,,170.0,-0.010173268616199493,250.0,-0.0009409303263314091
,,,,350.0,-0.005215020850300789,250.0,-0.0009409303263314091
,,,,150.0,0.04194179177284241,250.0,-0.0009409303263314091
,,,,200.0,0.012687070295214653,250.0,-0.0009409303263314091
,,,,295.0,0.010421647690236568,250.0,-0.0009409303263314091
,,,,350.0,0.006736718118190765,250.0,-0.0009409303263314091
,,,,195.0,0.021530957892537117,250.0,-0.0009409303263314091
,,,,165.0,0.03640389069914818,250.0,-0.0009409303263314091
,,,,200.0,0.017477139830589294,250.0,-0.0009409303263314091
,,,,275.0,-0.0011622114107012749,250.0,-0.0009409303263314091
,,,,225.0,0.00520365871489048,250.0,-0.0009409303263314091
,,,,200.0,0.017767231911420822,250.0,-0.0009409303263314091
,,,,195.0,0.011251315474510193,250.0,-0.0009409303263314091
,,,,240.0,0.009410753846168518,250.0,-0.0009409303263314091
,,,,125.0,0.06088593602180481,250.0,-0.0009409303263314091
,,,,350.0,-0.032189544290304184,250.0,-0.0009409303263314091
,,,,200.0,0.007611319422721863,250.0,-0.0009409303263314091
,,,,300.0,-0.027691302821040154,250.0,-0.0009409303263314091
,,,,175.0,-0.009882751852273941,250.0,-0.0009409303263314091
,,,,350.0,0.0056929560378193855,250.0,-0.0009409303263314091
,,,,250.0,-0.012500404380261898,250.0,-0.0009409303263314091
,,,,160.81,0.0013358043506741524,250.0,-0.0009409303263314091
,,,,200.0,0.01982497051358223,250.0,-0.0009409303263314091
,,,,200.0,-0.0013577379286289215,255.0,-0.001764820834254346
,,,,195.0,-0.0020892946049571037,270.0,-0.0025551004038769035
,,,,250.0,-0.007647913880646229,275.0,-0.002805392359326601
,,,,200.0,0.011034786701202393,275.0,-0.002805392359326601
,,,,200.0,0.014295222237706184,275.0,-0.002805392359326601
,,,,250.0,-0.0037318456452339888,275.0,-0.002805392359326601
,,,,100.0,0.05096228048205376,275.0,-0.002805392359326601
,,,,145.0,-0.05417405813932419,275.0,-0.002805392359326601
,,,,195.0,0.007884014397859573,275.0,-0.002805392359326601
,,,,350.0,-0.015675311908125877,275.0,-0.002805392359326601
,,,,225.0,-0.00880365539342165,275.0,-0.002805392359326601
,,,,125.0,0.007682435214519501,275.0,-0.002805392359326601
,,,,160.0,0.0333627350628376,275.0,-0.002805392359326601
,,,,40.0,0.028808070346713066,275.0,-0.002805392359326601
,,,,250.0,-0.008998731151223183,275.0,-0.002805392359326601
,,,,200.0,0.01145491749048233,275.0,-0.002805392359326601
,,,,225.0,0.011067777872085571,275.0,-0.002805392359326601
,,,,50.0,-0.007248031906783581,275.0,-0.002805392359326601
,,,,200.0,-0.0005035251379013062,275.0,-0.002805392359326601
,,,,350.0,-0.009706794284284115,275.0,-0.002805392359326601
,,,,200.0,0.00867946445941925,275.0,-0.002805392359326601
,,,,150.0,0.02374529093503952,275.0,-0.002805392359326601
,,,,200.0,0.024465598165988922,275.0,-0.002805392359326601
,,,,200.0,-0.00028310157358646393,275.0,-0.002805392359326601
,,,,200.0,0.014002285897731781,275.0,-0.002805392359326601
,,,,125.0,0.024268992245197296,275.0,-0.002805392359326601
,,,,200.0,0.008530642837285995,275.0,-0.002805392359326601
,,,,200.0,0.009822152554988861,275.0,-0.002805392359326601
,,,,280.0,-0.00262422114610672,275.0,-0.002805392359326601
,,,,40.0,0.025575416162610054,275.0,-0.002805392359326601
,,,,195.0,0.006605789065361023,275.0,-0.002805392359326601
,,,,200.0,0.0019975295290350914,275.0,-0.002805392359326601
,,,,275.0,-0.0008956342935562134,275.0,-0.002805392359326601
,,,,200.0,-0.0011916179209947586,275.0,-0.002805392359326601
,,,,300.0,0.0020521730184555054,275.0,-0.002805392359326601
,,,,330.0,0.010321555659174919,280.0,-0.002739773229359805
,,,,250.0,-0.002279737964272499,280.0,-0.002739773229359805
,,,,250.0,-0.0029397220350801945,280.0,-0.002739773229359805
,,,,200.0,-0.0013462435454130173,280.0,-0.002739773229359805
,,,,200.0,0.01081433892250061,280.0,-0.002739773229359805
,,,,250.0,-0.03050101362168789,280.0,-0.002739773229359805
,,,,300.0,-0.00491940975189209,280.0,-0.002739773229359805
,,,,200.0,-0.0005442076362669468,280.0,-0.002739773229359805
,,,,250.0,-0.02083631232380867,280.0,-0.002739773229359805
,,,,95.0,0.08008938282728195,280.0,-0.002739773229359805
,,,,300.0,0.003272172063589096,280.0,-0.002739773229359805
,,,,105.0,0.00799894705414772,280.0,-0.002739773229359805
,,,,300.0,-0.015090498141944408,280.0,-0.002739773229359805
,,,,200.0,0.0224870927631855,280.0,-0.002739773229359805
,,,,300.0,-0.01181056909263134,280.0,-0.002739773229359805
,,,,160.0,0.033204056322574615,280.0,-0.002739773229359805
,,,,300.0,0.003375418484210968,280.0,-0.002739773229359805
,,,,155.0,0.030771849676966667,280.0,-0.002739773229359805
,,,,370.0,-0.012964487075805664,280.0,-0.002739773229359805
,,,,250.0,-0.01382383517920971,280.0,-0.002739773229359805
,,,,250.0,-0.02401197887957096,280.0,-0.002739773229359805
,,,,200.0,0.007065050303936005,280.0,-0.002739773229359805
,,,,275.0,0.00041519454680383205,280.0,-0.002739773229359805
,,,,350.0,-0.0025550201535224915,285.0,-0.0028170713732810037
,,,,340.0,0.004212092608213425,285.0,-0.0028170713732810037
,,,,400.0,-0.0008479300886392593,285.0,-0.0028170713732810037
,,,,200.0,0.021869929507374763,285.0,-0.0028170713732810037
,,,,99.72,-0.02877531200647354,285.0,-0.0028170713732810037
,,,,200.0,0.01259370893239975,295.0,-0.0034391563951854287
,,,,275.0,-0.022992216050624847,295.0,-0.0034391563951854287
,,,,325.0,-0.004042651504278183,300.0,-0.0036143796311173585
,,,,200.0,0.011041134595870972,300.0,-0.0036143796311173585
,,,,125.0,0.013135286048054695,300.0,-0.0036143796311173585
,,,,195.0,0.010558996349573135,300.0,-0.0036143796311173585
,,,,350.0,0.00626746378839016,300.0,-0.0036143796311173585
,,,,350.0,-0.007200585678219795,300.0,-0.0036143796311173585
,,,,200.0,0.005965082906186581,300.0,-0.0036143796311173585
,,,,200.0,0.011820212006568909,300.0,-0.0036143796311173585
,,,,200.0,0.00986186321824789,300.0,-0.0036143796311173585
,,,,182.0,-0.02603507600724697,300.0,-0.0036143796311173585
,,,,325.0,-0.0010629324242472649,300.0,-0.0036143796311173585
,,,,125.0,0.06979693472385406,300.0,-0.0036143796311173585
,,,,150.0,0.047066830098629,300.0,-0.0036143796311173585
,,,,350.0,0.00734875351190567,300.0,-0.0036143796311173585
,,,,340.0,0.0059351250529289246,300.0,-0.0036143796311173585
,,,,225.0,0.012392401695251465,300.0,-0.0036143796311173585
,,,,40.0,0.028041711077094078,300.0,-0.0036143796311173585
,,,,95.0,0.030454982072114944,300.0,-0.0036143796311173585
,,,,200.0,0.011683880351483822,300.0,-0.0036143796311173585
,,,,135.0,-0.04614732414484024,300.0,-0.0036143796311173585
,,,,200.0,-0.001417187973856926,300.0,-0.0036143796311173585
,,,,187.5,-0.020203672349452972,300.0,-0.0036143796311173585
,,,,200.0,-0.006632678210735321,300.0,-0.0036143796311173585
,,,,200.0,-0.00022345595061779022,300.0,-0.0036143796311173585
,,,,70.0,0.002336394041776657,300.0,-0.0036143796311173585
,,,,150.0,0.022874632850289345,300.0,-0.0036143796311173585
,,,,150.0,0.012415263801813126,300.0,-0.0036143796311173585
,,,,370.0,-0.01336098462343216,300.0,-0.0036143796311173585
,,,,50.0,0.0249856598675251,300.0,-0.0036143796311173585
,,,,195.0,-0.018500490114092827,300.0,-0.0036143796311173585
,,,,300.0,0.005357027985155582,300.0,-0.0036143796311173585
,,,,166.2,0.010758673772215843,300.0,-0.0036143796311173585
,,,,280.0,-0.00980626791715622,300.0,-0.0036143796311173585
,,,,300.0,0.001267661340534687,300.0,-0.0036143796311173585
,,,,180.0,0.01674819365143776,300.0,-0.0036143796311173585
,,,,200.0,0.005659900605678558,300.0,-0.0036143796311173585
,,,,150.0,0.011148350313305855,305.0,-0.003783146064420339
,,,,275.0,-0.0028360625728964806,310.0,-0.003941786754751062
,,,,200.0,-0.0007744580507278442,310.0,-0.003941786754751062
,,,,170.0,0.00857104267925024,320.0,-0.004224287220699025
,,,,200.0,0.014033116400241852,320.0,-0.004224287220699025
,,,,150.0,0.06072697043418884,325.0,-0.004347876517129108
,,,,350.0,0.016137290745973587,325.0,-0.004347876517129108
,,,,190.0,0.013627767562866211,325.0,-0.004347876517129108
,,,,95.0,0.010776381939649582,325.0,-0.004347876517129108
,,,,95.0,0.03211790323257446,325.0,-0.004347876517129108
,,,,169.0,-0.05719353258609772,325.0,-0.004347876517129108
,,,,350.0,-0.029813066124916077,330.0,-0.00446012906570251
,,,,200.0,0.008700385689735413,330.0,-0.00446012906570251
,,,,150.0,0.0313313826918602,330.0,-0.00446012906570251
,,,,200.0,0.020586661994457245,339.19,-0.004638647091775393
,,,,250.0,-0.0011466098949313164,339.19,-0.004638647091775393
,,,,200.0,0.018694721162319183,340.0,-0.0046527467040252965
,,,,350.0,-0.006480548530817032,340.0,-0.0046527467040252965
,,,,95.0,0.02872207760810852,340.0,-0.0046527467040252965
,,,,169.0,-0.058168694376945496,340.0,-0.0046527467040252965
,,,,200.0,0.021536920219659805,340.0,-0.0046527467040252965
,,,,125.0,0.03735574334859848,340.0,-0.0046527467040252965
,,,,345.0,0.005152344703674316,340.0,-0.0046527467040252965
,,,,350.0,-0.015350492671132088,340.0,-0.0046527467040252965
,,,,350.0,-0.0004908479750156403,340.0,-0.0046527467040252965
,,,,280.0,-0.00667888717725873,340.0,-0.0046527467040252965
,,,,170.0,0.022367365658283234,340.0,-0.0046527467040252965
,,,,250.0,0.01332922838628292,340.0,-0.0046527467040252965
,,,,370.0,-0.011860143393278122,340.0,-0.0046527467040252965
,,,,140.0,0.05773312598466873,340.0,-0.0046527467040252965
,,,,120.0,0.06091677024960518,340.0,-0.0046527467040252965
,,,,225.0,0.020523779094219208,340.0,-0.0046527467040252965
,,,,350.0,0.004562280140817165,340.0,-0.0046527467040252965
,,,,40.0,0.018084421753883362,345.0,-0.004734284459896462
,,,,370.0,0.0058991871774196625,345.0,-0.004734284459896462
,,,,100.0,0.023549575358629227,345.0,-0.004734284459896462
,,,,350.0,-0.0007490143179893494,345.0,-0.004734284459896462
,,,,187.5,-0.009880401194095612,350.0,-0.004806864131251632
,,,,200.0,-0.025486016646027565,350.0,-0.004806864131251632
,,,,95.0,-0.005375608801841736,350.0,-0.004806864131251632
,,,,100.0,-0.027091167867183685,350.0,-0.004806864131251632
,,,,200.0,0.0033721504732966423,350.0,-0.004806864131251632
,,,,195.0,0.0005082115530967712,350.0,-0.004806864131251632
,,,,200.0,-0.0015841387212276459,350.0,-0.004806864131251632
,,,,200.0,0.0031876396387815475,350.0,-0.004806864131251632
,,,,200.0,0.0176200270652771,350.0,-0.004806864131251632
,,,,125.0,0.00963638350367546,350.0,-0.004806864131251632
,,,,400.0,-0.0014718947932124138,350.0,-0.004806864131251632
,,,,350.0,0.009293176233768463,350.0,-0.004806864131251632
,,,,150.0,0.04171192646026611,350.0,-0.004806864131251632
,,,,200.0,0.012333035469055176,350.0,-0.004806864131251632
,,,,182.0,-0.030657123774290085,350.0,-0.004806864131251632
,,,,80.0,0.10931385308504105,350.0,-0.004806864131251632
,,,,200.0,0.005135222338140011,350.0,-0.004806864131251632
,,,,120.0,0.020531119778752327,350.0,-0.004806864131251632
,,,,400.0,-0.008855663239955902,350.0,-0.004806864131251632
,,,,350.0,0.002394556999206543,350.0,-0.004806864131251632
,,,,350.0,-0.024725530296564102,350.0,-0.004806864131251632
,,,,370.0,-0.008225553669035435,350.0,-0.004806864131251632
,,,,120.0,0.04477851092815399,350.0,-0.004806864131251632
,,,,325.0,0.0008785168174654245,350.0,-0.004806864131251632
,,,,200.0,0.011986978352069855,350.0,-0.004806864131251632
,,,,200.0,0.007636576890945435,350.0,-0.004806864131251632
,,,,200.0,0.003391099162399769,350.0,-0.004806864131251632
,,,,200.0,0.0001621604897081852,350.0,-0.004806864131251632
,,,,200.0,0.012785812839865685,350.0,-0.004806864131251632
,,,,95.0,0.03529264032840729,350.0,-0.004806864131251632
,,,,200.0,0.011996224522590637,350.0,-0.004806864131251632
,,,,225.0,0.007752268575131893,350.0,-0.004806864131251632
,,,,150.0,0.05543266981840134,350.0,-0.004806864131251632
,,,,400.0,0.00027108099311590195,350.0,-0.004806864131251632
,,,,225.0,-0.010045915842056274,350.0,-0.004806864131251632
,,,,275.0,-0.0004011979326605797,350.0,-0.004806864131251632
,,,,150.0,0.04303576052188873,350.0,-0.004806864131251632
,,,,280.0,-0.008905339986085892,350.0,-0.004806864131251632
,,,,225.0,0.0025123730301856995,350.0,-0.004806864131251632
,,,,280.0,-0.010248684324324131,350.0,-0.004806864131251632
,,,,150.0,0.017398707568645477,350.0,-0.004806864131251632
,,,,175.0,-0.007280861027538776,350.0,-0.004806864131251632
,,,,200.0,0.012272484600543976,350.0,-0.004806864131251632
,,,,225.0,-0.003780243918299675,350.0,-0.004806864131251632
,,,,350.0,0.0053226538002491,350.0,-0.004806864131251632
,,,,150.0,0.010286113247275352,350.0,-0.004806864131251632
,,,,120.0,0.024859894067049026,350.0,-0.004806864131251632
,,,,300.0,-0.020313411951065063,350.0,-0.004806864131251632
,,,,275.0,-0.0015345215797424316,350.0,-0.004806864131251632
,,,,220.0,-0.0010404475033283234,350.0,-0.004806864131251632
,,,,200.0,0.01869061402976513,350.0,-0.004806864131251632
,,,,170.0,0.03627919405698776,350.0,-0.004806864131251632
,,,,175.0,0.026956677436828613,350.0,-0.004806864131251632
,,,,200.0,0.018428534269332886,350.0,-0.004806864131251632
,,,,170.0,0.037164151668548584,350.0,-0.004806864131251632
,,,,170.0,0.021838275715708733,350.0,-0.004806864131251632
,,,,200.0,-0.0006632283329963684,350.0,-0.004806864131251632
,,,,180.0,0.03265172243118286,350.0,-0.004806864131251632
,,,,200.0,0.012367233633995056,350.0,-0.004806864131251632
,,,,275.0,-0.0007890500128269196,350.0,-0.004806864131251632
,,,,400.0,-0.0006147725507616997,350.0,-0.004806864131251632
,,,,200.0,0.010324105620384216,350.0,-0.004806864131251632
,,,,190.0,0.0030104592442512512,350.0,-0.004806864131251632
,,,,200.0,-0.013573380187153816,350.0,-0.004806864131251632
,,,,170.0,0.03849668800830841,350.0,-0.004806864131251632
,,,,175.0,0.03215675801038742,350.0,-0.004806864131251632
,,,,150.0,0.03609764948487282,350.0,-0.004806864131251632
,,,,140.0,0.020875411108136177,350.0,-0.004806864131251632
,,,,200.0,0.008163975551724434,350.0,-0.004806864131251632
,,,,200.0,0.0222359299659729,360.0,-0.004928975855851315
,,,,200.0,0.015289521776139736,370.0,-0.005028199000790584
,,,,320.0,-0.00032999366521835327,370.0,-0.005028199000790584
,,,,200.0,0.012638650834560394,370.0,-0.005028199000790584
,,,,200.0,0.010519366711378098,370.0,-0.005028199000790584
,,,,95.0,0.015557199716567993,370.0,-0.005028199000790584
,,,,200.0,0.01593148522078991,370.0,-0.005028199000790584
,,,,255.0,-0.005953880958259106,370.0,-0.005028199000790584
,,,,150.0,0.010209924541413784,370.0,-0.005028199000790584
,,,,225.0,0.002400350756943226,370.0,-0.005028199000790584
,,,,250.0,-0.019335467368364334,370.0,-0.005028199000790584
,,,,50.0,-0.010946059599518776,370.0,-0.005028199000790584
,,,,105.0,-0.023752320557832718,370.0,-0.005028199000790584
,,,,170.0,0.02004283294081688,370.0,-0.005028199000790584
,,,,300.0,-0.0055512189865112305,370.0,-0.005028199000790584
,,,,200.0,0.013364121317863464,370.0,-0.005028199000790584
,,,,200.0,0.01758386753499508,370.0,-0.005028199000790584
,,,,380.0,0.0024057826958596706,370.0,-0.005028199000790584
,,,,275.0,-0.005188405513763428,380.0,-0.005111917767971774
,,,,140.0,0.024813562631607056,380.0,-0.005111917767971774
,,,,200.0,-0.008473005145788193,380.0,-0.005111917767971774
,,,,200.0,-0.0014721062034368515,380.0,-0.005111917767971774
,,,,75.0,0.04926462844014168,380.0,-0.005111917767971774
,,,,350.0,0.00812565442174673,380.0,-0.005111917767971774
,,,,300.0,-0.01969299092888832,380.0,-0.005111917767971774
,,,,200.0,-0.0002569574862718582,400.0,-0.005242806616345914
,,,,160.0,0.035725146532058716,400.0,-0.005242806616345914
,,,,125.0,0.04282733052968979,400.0,-0.005242806616345914
,,,,100.0,0.01937687024474144,400.0,-0.005242806616345914
,,,,200.0,0.025006167590618134,400.0,-0.005242806616345914
,,,,350.0,0.006925354711711407,400.0,-0.005242806616345914
,,,,175.0,0.01505691185593605,400.0,-0.005242806616345914
,,,,195.0,0.01078733615577221,400.0,-0.005242806616345914
,,,,250.0,-0.00019562803208827972,400.0,-0.005242806616345914
,,,,200.0,0.0039791204035282135,400.0,-0.005242806616345914
,,,,187.5,0.00444512814283371,400.0,-0.005242806616345914
,,,,100.0,0.030323585495352745,400.0,-0.005242806616345914
