high density(g/cm3) and scan speed (mm/s),shap,lowess high density(g/cm3) and scan speed (mm/s),lowess shap,low density(g/cm3) and scan speed (mm/s),shap,lowess low density(g/cm3) and scan speed (mm/s),lowess shap
1800.0,0.01066693663597107,50.0,-0.007369627370713067,2000.0,-0.02210848405957222,8.333333333,0.026985583767543116
1680.0,-0.003974255174398422,50.0,-0.007369627370713067,349.0,-0.022739216685295105,10.0,0.02687458851327262
700.0,0.014418937265872955,50.0,-0.007369627370713067,1300.0,0.030935930088162422,11.66666667,0.02676365225672974
400.0,0.0075200144201517105,50.0,-0.007369627370713067,333.3333333,0.02138201706111431,80.0,0.0222718612248012
1940.0,0.01668614149093628,80.0,-0.006023475209147782,950.0,0.010531041771173477,80.0,0.0222718612248012
1300.0,-0.010258182883262634,80.0,-0.006023475209147782,1500.0,0.0008768551051616669,100.0,0.020981040616657617
2202.380952,0.0026330500841140747,80.0,-0.006023475209147782,500.0,-0.012527495622634888,100.0,0.020981040616657617
286.89,-0.030096279457211494,100.0,-0.0051402132786299,2000.0,0.011384733021259308,100.0,0.020981040616657617
400.0,0.014875434339046478,100.0,-0.0051402132786299,1602.936678,-0.004766937345266342,100.0,0.020981040616657617
476.1904762,-0.00954342819750309,100.0,-0.0051402132786299,600.0,-0.015511475503444672,100.0,0.020981040616657617
1680.0,0.0019232130143791437,100.0,-0.0051402132786299,1000.0,-0.012182804755866528,100.0,0.020981040616657617
350.0,0.01673787832260132,100.0,-0.0051402132786299,600.0,-0.0129159577190876,100.0,0.020981040616657617
900.0,0.008427154272794724,100.0,-0.0051402132786299,666.6666667,-0.01817905530333519,100.0,0.020981040616657617
1200.0,-0.004606002941727638,100.0,-0.0051402132786299,400.0,-0.020534656941890717,100.0,0.020981040616657617
870.0,-0.0008460395038127899,100.0,-0.0051402132786299,294.12,0.02278437651693821,110.53303,0.020306215692367128
1400.0,0.00664709135890007,100.0,-0.0051402132786299,455.0,-0.014037564396858215,111.070366,0.020271886286247376
1680.0,-0.001422882080078125,100.0,-0.0051402132786299,833.3333333,-0.023386800661683083,119.05,0.019763214090034967
80.0,-0.016203809529542923,100.0,-0.0051402132786299,1200.0,0.024963239207863808,120.0,0.019702798406283865
800.0,-0.006505605764687061,100.0,-0.0051402132786299,603.646331,-0.000548582524061203,121.95,0.019578884352161697
347.802802,0.005115378648042679,100.0,-0.0051402132786299,1200.0,0.01770334132015705,125.0,0.01938533417003254
300.0,0.009145334362983704,100.0,-0.0051402132786299,166.6666667,0.01104249432682991,125.0,0.01938533417003254
900.0,0.0006448663771152496,100.0,-0.0051402132786299,2000.0,0.00026066694408655167,125.0,0.01938533417003254
343.14,-0.014719816856086254,100.0,-0.0051402132786299,200.0,0.0171426460146904,125.295685,0.019366587537525466
1200.0,-0.014024799689650536,111.0,-0.004659753015353054,208.33,0.02586861327290535,125.77855,0.019335980160431504
1100.0,0.002455722540616989,120.0,-0.004269622286887633,1000.0,0.009456256404519081,131.58,0.018968888996686632
800.0,0.0006213001906871796,145.0,-0.0032007624046866837,1500.0,-0.009793015196919441,138.89,0.01850807190077389
486.11,0.010913003236055374,145.0,-0.0032007624046866837,833.3333333,-0.024968234822154045,142.73251,0.01826663345597403
1000.0,0.016470767557621002,145.0,-0.0032007624046866837,500.0,-0.02084488421678543,142.86,0.01825863228594121
1368.0,-0.00466524064540863,150.0,-0.002989730886249801,454.55,0.010410163551568985,143.03625,0.018247571985110088
1200.0,-0.029921352863311768,150.0,-0.002989730886249801,200.0,0.025549259036779404,143.37152,0.018226535856567812
600.0,0.013254621997475624,150.0,-0.002989730886249801,1500.0,0.011820346117019653,144.0,0.018187114032507484
500.0,-0.026733046397566795,165.09,-0.0023586923245006645,250.0,0.022652890533208847,147.06,0.01799538753080431
1600.0,0.0042614080011844635,169.08,-0.002193352596339282,100.0,0.025369752198457718,147.06,0.01799538753080431
739.5,0.010989286005496979,173.27,-0.002020426873011589,1500.0,-0.0017093908973038197,150.0,0.017811516959723887
250.0,0.006992724724113941,173.4650127,-0.0020123961664253154,1000.0,0.008326992392539978,151.52,0.017716585395861885
700.0,-0.015306010842323303,175.0,-0.0019492399642150955,1200.0,0.008170564658939838,156.25,0.01742174960482617
2880.0,0.004887506365776062,175.0,-0.0019492399642150955,156.25,0.026999227702617645,160.0,0.017188627019496944
3209.48,-0.029622619971632957,177.66,-0.0018400287787912364,600.0,-0.016635432839393616,160.0,0.017188627019496944
800.0,0.009578153491020203,187.17,-0.0014520228704987708,300.0,-0.017795167863368988,160.0,0.017188627019496944
2600.0,0.0002462631091475487,192.31,-0.0012439244096155578,1210.996506,0.03556109964847565,160.4,0.017163793640853874
200.0,0.001488836482167244,197.74,-0.0010253325135188057,800.0,-0.0017705988138914108,161.29,0.017108562335174923
625.0,0.025237206369638443,200.0,-0.0009347342969061996,800.0,0.009096930734813213,161.29,0.017108562335174923
1500.0,-0.04200033098459244,200.0,-0.0009347342969061996,700.0,-0.04590533673763275,166.0,0.016816801020954248
1000.0,0.012023195624351501,200.0,-0.0009347342969061996,1800.0,0.016646243631839752,166.6666667,0.01677557672902649
300.0,0.009138897061347961,200.0,-0.0009347342969061996,1000.0,-0.0012618862092494965,166.6666667,0.01677557672902649
100.0,0.041132792830467224,200.0,-0.0009347342969061996,480.0,-0.01705126464366913,166.6666667,0.01677557672902649
200.0,0.00344182550907135,200.0,-0.0009347342969061996,2400.0,-0.030140874907374382,166.6666667,0.01677557672902649
300.0,0.0071173980832099915,200.0,-0.0009347342969061996,1600.0,0.014217712916433811,166.67,0.01677537065496334
80.0,-0.02499740943312645,200.0,-0.0009347342969061996,333.14865,0.0033749835565686226,166.80914,0.0167667690279742
1000.0,-0.04456008970737457,200.0,-0.0009347342969061996,1400.0,0.00046200864017009735,166.9702,0.0167568132899464
200.0,-0.025157097727060318,200.0,-0.0009347342969061996,384.62,0.016175823286175728,167.22815,0.01674087060487741
450.0,-0.002143368124961853,200.0,-0.0009347342969061996,533.5372669,-0.03571120277047157,172.41,0.01642118016044401
1940.0,0.016092343255877495,200.0,-0.0009347342969061996,800.0,-0.03281674534082413,178.57,0.01604258345730401
500.0,0.021845296025276184,200.0,-0.0009347342969061996,277.0,-0.0006881672888994217,185.19,0.015637483419583594
500.0,0.01906699128448963,200.0,-0.0009347342969061996,100.0,-0.015067596919834614,192.31,0.015203862255473353
299.15,-0.02983793616294861,200.0,-0.0009347342969061996,1200.0,-0.0008443454280495644,192.31,0.015203862255473353
800.0,0.01021968200802803,200.0,-0.0009347342969061996,400.0,-0.0024956390261650085,192.31,0.015203862255473353
400.0,-0.001786588691174984,200.0,-0.0009347342969061996,360.0,-0.01540849357843399,196.0,0.014979991238690166
1190.47619,0.008623797446489334,200.0,-0.0009347342969061996,1400.0,-0.008332667872309685,199.72005,0.014754894683175413
1000.0,-0.014744281768798828,200.0,-0.0009347342969061996,100.0,0.02466413378715515,200.0,0.014737979567074651
400.0,0.010778803378343582,200.0,-0.0009347342969061996,166.6666667,0.010468763299286366,200.0,0.014737979567074651
1500.0,-0.016816895455121994,200.0,-0.0009347342969061996,1095.650211,0.035776086151599884,200.0,0.014737979567074651
1000.0,-0.007343398407101631,200.0,-0.0009347342969061996,222.33015,0.013717962428927422,200.0,0.014737979567074651
1200.0,0.014803074300289154,200.0,-0.0009347342969061996,475.0,-0.04296949505805969,200.0,0.014737979567074651
454.55,0.004169045016169548,200.0,-0.0009347342969061996,1400.0,0.0032899044454097748,200.0,0.014737979567074651
545.4545455,0.02077932097017765,200.0,-0.0009347342969061996,1200.0,0.013990086503326893,200.0,0.014737979567074651
1000.0,-0.0027210861444473267,200.0,-0.0009347342969061996,1200.0,0.01349891908466816,200.0,0.014737979567074651
400.0,0.018647242337465286,200.0,-0.0009347342969061996,666.6666667,-0.015467569231987,200.0,0.014737979567074651
800.0,-0.01932959258556366,200.0,-0.0009347342969061996,357.14,0.015709631145000458,200.0,0.014737979567074651
600.0,0.018158569931983948,200.0,-0.0009347342969061996,300.0,0.010366924107074738,200.0,0.014737979567074651
500.0,0.028605248779058456,200.0,-0.0009347342969061996,960.0,0.00859704241156578,200.06618,0.014733981344400682
300.0,0.008044607937335968,200.0,-0.0009347342969061996,1200.0,0.006859452463686466,208.33,0.014236235960972125
350.0,-0.001539856195449829,200.0,-0.0009347342969061996,1200.0,0.015387173742055893,208.33,0.014236235960972125
200.0,5.473010241985321e-05,200.0,-0.0009347342969061996,700.0,-0.01635049842298031,208.33,0.014236235960972125
700.0,0.01666872575879097,200.0,-0.0009347342969061996,300.0,0.020931316539645195,217.39,0.01369399841770928
1500.0,0.0075356438755989075,200.0,-0.0009347342969061996,598.6465722,-0.03840292990207672,217.39,0.01369399841770928
1000.0,-0.005407705903053284,200.0,-0.0009347342969061996,400.0,-0.028897032141685486,217.39,0.01369399841770928
250.0,0.002046838402748108,200.0,-0.0009347342969061996,900.0,0.021335920318961143,222.33015,0.013399870211513412
1200.0,0.007768087089061737,203.49,-0.0007952715212094115,2138.989401,3.93744558095932e-05,227.27,0.013106850452789144
800.0,-0.005430744029581547,203.49,-0.0007952715212094115,1300.0,0.02613498643040657,238.1,0.012468273842235098
80.0,-0.023313652724027634,209.58,-0.000553210253831287,500.0,-0.011643806472420692,238.1,0.012468273842235098
800.0,-0.007756024599075317,209.58,-0.000553210253831287,1200.0,0.015341807156801224,238.1,0.012468273842235098
250.0,-0.01418046373873949,216.05,-0.0002978715413236055,1400.0,0.004920824430882931,240.0,0.012356787233549583
1400.0,-0.004461728967726231,222.93,-2.8435343674772954e-05,555.55,-0.025919662788510323,240.0,0.012356787233549583
1600.0,-0.0002836044877767563,230.26,0.0002562427762585476,138.89,0.02765156701207161,240.0,0.012356787233549583
900.0,0.00810721144080162,231.3834536,0.00029965660787167425,700.0,-0.002546176314353943,250.0,0.01177270048415062
800.0,-0.003189033828675747,238.1,0.0005579908398562569,2000.0,0.018661919981241226,250.0,0.01177270048415062
700.0,-0.006047755479812622,246.48,0.0008773778928400672,160.0,0.0387151837348938,250.0,0.01177270048415062
500.0,0.01902368851006031,246.48,0.0008773778928400672,360.0,-0.019973034039139748,250.0,0.01177270048415062
1500.0,-0.03672663867473602,250.0,0.0010105636246389832,5000.0,0.009445415809750557,250.0,0.01177270048415062
50.0,0.024368450045585632,250.0,0.0010105636246389832,200.0,0.030449431389570236,250.08052,0.011768015740225434
350.0,-0.0006565451622009277,250.0,0.0010105636246389832,600.0,-0.033688247203826904,250.45206,0.011746402918821414
200.0,-0.019445201382040977,250.0,0.0010105636246389832,500.0,0.001961315982043743,250.4799,0.011744783691640618
187.17,-0.03270465508103371,250.0,0.0010105636246389832,1200.0,0.02605506032705307,263.16,0.011010923277130817
400.0,-0.009154662489891052,250.0,0.0010105636246389832,800.0,-0.018470624461770058,263.16,0.011010923277130817
800.0,0.0036568492650985718,250.0,0.0010105636246389832,312.5,0.02759474143385887,266.3316981,0.010828496047454263
1000.0,0.008453559130430222,250.0,0.0010105636246389832,3600.0,0.009313736110925674,277.0,0.010218208577198946
666.6666667,-0.007234129123389721,250.0,0.0010105636246389832,800.0,-0.01843341812491417,277.0,0.010218208577198946
800.0,-0.0008987337350845337,250.0,0.0010105636246389832,166.67,0.02661011554300785,277.0,0.010218208577198946
1200.0,0.009038258343935013,255.47,0.0012163887275977096,1000.0,0.015276569873094559,277.0,0.010218208577198946
203.49,-0.028023364022374153,255.47,0.0012163887275977096,400.0,0.0020498689264059067,277.0,0.010218208577198946
560.0,0.02673119679093361,265.15,0.0015772205669935143,800.0,0.008618353866040707,277.0,0.010218208577198946
500.0,0.0262126661837101,275.59,0.0019615152599342105,500.0,-0.05186305195093155,277.0,0.010218208577198946
1250.0,-0.000683128833770752,275.59,0.0019615152599342105,700.0,-0.022909894585609436,277.78,0.010173788649886908
700.0,0.013061776757240295,275.59,0.0019615152599342105,800.0,-0.014275729656219482,277.78,0.010173788649886908
286.89,-0.029988639056682587,277.3352218,0.0020252657981995508,960.0,0.00910558644682169,277.78,0.010173788649886908
173.27,-0.03288440778851509,286.89,0.0023718146676255376,850.0,0.004631713032722473,294.12,0.009249517753682131
150.0,-0.027150370180606842,286.89,0.0023718146676255376,167.22815,0.015074692666530609,294.12,0.009249517753682131
500.0,0.026338037103414536,286.89,0.0023718146676255376,238.1,-0.0008963793516159058,299.4454677,0.008950867176535156
1180.0,-0.003362368792295456,299.15,0.0028104259645729606,125.77855,0.011376628652215004,300.0,0.008919842068800539
1053.8,-0.0057277679443359375,299.15,0.0028104259645729606,1000.0,0.002013757824897766,300.0,0.008919842068800539
1800.0,0.010221095755696297,299.15,0.0028104259645729606,227.27,0.026037950068712234,300.0,0.008919842068800539
800.0,-0.011688083410263062,300.0,0.0028405867937548296,192.31,0.027319619432091713,300.0,0.008919842068800539
300.0,0.03852977603673935,300.0,0.0028405867937548296,384.62,0.01470852829515934,300.0,0.008919842068800539
300.0,0.028782788664102554,300.0,0.0028405867937548296,1400.0,-0.016631020233035088,300.0,0.008919842068800539
1800.0,0.0019184388220310211,300.0,0.0028405867937548296,142.86,0.027737680822610855,300.6517978,0.008883392687294841
900.0,-0.008972005918622017,300.0,0.0028405867937548296,2000.0,0.0156162790954113,312.5,0.008224125956511298
250.0,0.01722550392150879,300.0,0.0028405867937548296,500.0,-0.02395232766866684,312.5,0.008224125956511298
400.0,0.02937857247889042,300.0,0.0028405867937548296,800.0,0.010726752690970898,312.5,0.008224125956511298
600.0,-0.002859801985323429,300.0,0.0028405867937548296,1100.0,0.0015055565163493156,312.5,0.008224125956511298
286.89,-0.022906020283699036,300.0,0.0028405867937548296,840.0,-8.839438669383526e-05,320.0,0.007810024451089869
900.0,0.0004046708345413208,300.0,0.0028405867937548296,1500.0,0.017477115616202354,320.0,0.007810024451089869
1093.75,-0.0280425027012825,300.0,0.0028405867937548296,2000.0,0.0090193971991539,330.0,0.007261731030431086
1500.0,-0.026894889771938324,300.0,0.0028405867937548296,1200.0,0.016834896057844162,333.14865,0.007089992837708566
800.0,0.013446096330881119,300.0,0.0028405867937548296,1200.0,0.004411994945257902,333.33,0.007080114427203333
100.0,0.00029918551445007324,300.0,0.0028405867937548296,1800.0,0.007435033097863197,333.33,0.007080114427203333
900.0,0.009259343147277832,300.0,0.0028405867937548296,500.0,-0.010350888594985008,333.33,0.007080114427203333
1750.0,-0.012887047603726387,300.0,0.0028405867937548296,500.0,-0.00231547886505723,333.3333333,0.007079932870550131
400.0,0.004470363259315491,300.0,0.0028405867937548296,110.53303,0.006882913410663605,333.3333333,0.007079932870550131
800.0,0.012283224612474442,300.0,0.0028405867937548296,800.0,0.011055950075387955,333.3333333,0.007079932870550131
1500.0,-0.03285842388868332,300.0,0.0028405867937548296,1400.0,0.0027874689549207687,349.0,0.006231837341729326
1000.0,-0.002262793481349945,300.0,0.0028405867937548296,1200.0,0.012686943635344505,349.0,0.006231837341729326
200.0,-0.027496766299009323,300.0,0.0028405867937548296,2000.0,-0.003182242624461651,349.0,0.006231837341729326
600.0,0.03772594779729843,300.0,0.0028405867937548296,144.0,0.04877977818250656,357.14,0.005795235241844138
800.0,0.010542340576648712,300.0,0.0028405867937548296,1200.0,0.0022083166986703873,357.14,0.005795235241844138
700.0,0.003881368786096573,300.0,0.0028405867937548296,1200.0,0.0196625217795372,357.14,0.005795235241844138
1100.0,-0.010609107092022896,300.0,0.0028405867937548296,1600.0,0.02044643461704254,360.0,0.005642476204431373
700.0,0.00970139354467392,300.0,0.0028405867937548296,950.0,-0.029173633083701134,360.0,0.005642476204431373
900.0,0.001609843224287033,300.0,0.0028405867937548296,161.29,0.024763500317931175,384.62,0.004340750903663415
960.0,-0.005835589021444321,300.0,0.0028405867937548296,416.67,0.01349550113081932,384.62,0.004340750903663415
500.0,-0.0077508240938186646,300.0,0.0028405867937548296,333.33,0.022078774869441986,384.62,0.004340750903663415
400.0,-0.0017912723124027252,300.0,0.0028405867937548296,1200.0,0.004562146961688995,384.62,0.004340750903663415
2600.0,-0.009273901581764221,300.0,0.0028405867937548296,3000.0,-0.00815203320235014,400.0,0.003538961666710385
300.0,-0.0016409680247306824,300.0,0.0028405867937548296,1000.0,-0.0022457558661699295,400.0,0.003538961666710385
680.0,0.013256914913654327,300.0,0.0028405867937548296,1398.998612,0.02499491348862648,400.0,0.003538961666710385
560.0,0.01002557948231697,300.0,0.0028405867937548296,1200.0,0.002612389624118805,400.0,0.003538961666710385
1368.0,-0.0212260689586401,300.0,0.0028405867937548296,1500.0,-0.0051491218619048595,400.0,0.003538961666710385
800.0,-0.011161312460899353,300.0,0.0028405867937548296,700.0,-0.010007359087467194,400.0,0.003538961666710385
1200.0,-0.004029069095849991,300.0,0.0028405867937548296,1200.0,0.0015655914321541786,400.0,0.003538961666710385
1000.0,0.021064836531877518,300.0,0.0028405867937548296,1200.0,0.008513295091688633,400.0,0.003538961666710385
500.0,0.02477775514125824,300.0,0.0028405867937548296,666.6666667,-0.004874956328421831,400.0,0.003538961666710385
500.0,-0.019761107861995697,300.0,0.0028405867937548296,1000.0,-0.019551828503608704,400.0,0.003538961666710385
600.0,0.020178835839033127,300.0,0.0028405867937548296,1600.0,0.0036898143589496613,400.0,0.003538961666710385
673.08,0.003740208223462105,300.0,0.0028405867937548296,4200.0,0.009442975744605064,400.0,0.003538961666710385
700.0,0.010842584073543549,300.0,0.0028405867937548296,500.0,-0.007604030892252922,400.0,0.003538961666710385
600.0,0.014410536736249924,300.0,0.0028405867937548296,1200.0,0.021242771297693253,400.0,0.003538961666710385
1600.0,-0.006256812252104282,300.0,0.0028405867937548296,600.0,-0.019355902448296547,400.0,0.003538961666710385
1298.701299,-0.005642397329211235,300.0,0.0028405867937548296,300.6517978,0.0012238603085279465,400.0,0.003538961666710385
1500.0,-0.04348725825548172,300.0,0.0028405867937548296,555.56,0.005069814622402191,400.0,0.003538961666710385
1500.0,0.0006092451512813568,300.0,0.0028405867937548296,800.0,-0.003337722271680832,400.0,0.003538961666710385
200.0,0.016141116619110107,312.5,0.0032804508087021468,500.0,-0.026011262089014053,400.0,0.003538961666710385
300.0,-0.0023906826972961426,312.5,0.0032804508087021468,600.0,-0.053213391453027725,400.0,0.003538961666710385
800.0,0.0028490759432315826,325.0,0.0037134642922523726,2000.0,0.011068131774663925,400.0,0.003538961666710385
300.0,0.009547159075737,325.0,0.0037134642922523726,900.0,0.002270786091685295,400.0,0.003538961666710385
1100.0,-0.007310032844543457,327.1,0.003785544293453776,500.10583,-0.008193657733500004,400.0,0.003538961666710385
192.31,-0.03245268762111664,343.14,0.004329870117194546,800.0,0.0019879317842423916,400.0,0.003538961666710385
2620.0,0.012176483869552612,345.0,0.004392286356021483,2400.0,-0.019047072157263756,402.7796176,0.0033949200177761643
400.0,0.01630401611328125,347.802802,0.004486068113475017,1320.0,0.000673424219712615,416.67,0.002678839338841469
757.5757576,0.01934802532196045,350.0,0.004559358940862306,125.0,0.06400828063488007,416.67,0.002678839338841469
600.0,0.012706030160188675,350.0,0.004559358940862306,1100.0,0.0007129001896828413,416.67,0.002678839338841469
400.0,0.011381059885025024,350.0,0.004559358940862306,1400.0,-0.015139702707529068,416.67,0.002678839338841469
1940.0,0.018806476145982742,350.0,0.004559358940862306,700.0,-0.003828513203188777,416.67,0.002678839338841469
700.0,0.020305350422859192,350.0,0.004559358940862306,333.33,0.01962650939822197,450.0,0.0009831444133227083
200.0,0.012723490595817566,350.0,0.004559358940862306,1250.0,0.018699603155255318,450.0,0.0009831444133227083
800.0,-0.004608139395713806,350.0,0.004559358940862306,581.0,-0.0513535737991333,454.55,0.0007537284176979801
1040.0,-0.012972444295883179,350.0,0.004559358940862306,800.0,0.00020330073311924934,454.55,0.0007537284176979801
350.0,0.004935001954436302,350.0,0.004559358940862306,1050.0,0.017160817980766296,454.55,0.0007537284176979801
300.0,0.011809375137090683,350.0,0.004559358940862306,1800.0,0.014664113521575928,455.0,0.0007310612269256988
275.59,-0.030477039515972137,350.0,0.004559358940862306,1800.0,-0.010851814411580563,455.0,0.0007310612269256988
400.0,0.022521208971738815,350.0,0.004559358940862306,1200.0,0.0036206282675266266,475.0,-0.0002730195093583179
600.0,0.04418092966079712,360.82,0.004917403254810917,454.55,0.010366627015173435,480.0,-0.0005232615723192421
1200.0,-0.005587248131632805,360.82,0.004917403254810917,800.0,-0.012794002890586853,480.0,-0.0005232615723192421
800.0,0.0023383349180221558,375.0,0.005379610034552623,178.57,0.028199907392263412,480.0,-0.0005232615723192421
700.0,0.040404632687568665,375.0,0.005379610034552623,400.0,0.017676884308457375,480.0,-0.0005232615723192421
1521.73913,-0.037781815975904465,375.0,0.005379610034552623,950.0,0.021112686023116112,500.0,-0.0015231093803227548
250.0,0.004448932595551014,380.0,0.005540761954623634,384.62,0.014828067272901535,500.0,-0.0015231093803227548
750.0,0.01338023692369461,380.43,0.005554577859924495,1500.0,-0.0025522448122501373,500.0,-0.0015231093803227548
940.1709402,0.015806788578629494,380.43,0.005554577859924495,1200.0,0.004650944843888283,500.0,-0.0015231093803227548
750.0,0.008689165115356445,400.0,0.006176469623260999,3200.0,0.0054791648872196674,500.0,-0.0015231093803227548
203.49,-0.030676255002617836,400.0,0.006176469623260999,200.0,0.020573554560542107,500.0,-0.0015231093803227548
2000.0,0.014830553904175758,400.0,0.006176469623260999,1100.0,0.003042423166334629,500.0,-0.0015231093803227548
2800.0,0.00025840848684310913,400.0,0.006176469623260999,1560.0,0.0061907097697257996,500.0,-0.0015231093803227548
500.0,0.035016898065805435,400.0,0.006176469623260999,1800.0,0.008841482922434807,500.0,-0.0015231093803227548
1940.0,0.004309890791773796,400.0,0.006176469623260999,1010.451488,0.00025511719286441803,500.0,-0.0015231093803227548
400.0,0.017207615077495575,400.0,0.006176469623260999,1800.0,0.001709621399641037,500.0,-0.0015231093803227548
500.0,0.01520569995045662,400.0,0.006176469623260999,100.0,-0.010641955770552158,500.0,-0.0015231093803227548
2000.0,0.013994110748171806,400.0,0.006176469623260999,1200.0,0.018667278811335564,500.0,-0.0015231093803227548
325.0,0.003151610493659973,400.0,0.006176469623260999,1600.0,0.033108875155448914,500.0,-0.0015231093803227548
1060.0,-0.009114613756537437,400.0,0.006176469623260999,250.0,0.027020704001188278,500.0,-0.0015231093803227548
400.0,-0.0029799193143844604,400.0,0.006176469623260999,263.16,0.025431785732507706,500.0,-0.0015231093803227548
800.0,0.011229049414396286,400.0,0.006176469623260999,1060.0,0.017233723774552345,500.0,-0.0015231093803227548
600.0,0.017676129937171936,400.0,0.006176469623260999,2000.0,-0.003098958171904087,500.0,-0.0015231093803227548
400.0,0.014104768633842468,400.0,0.006176469623260999,1000.0,-0.0027884654700756073,500.0,-0.0015231093803227548
400.0,0.016575299203395844,400.0,0.006176469623260999,250.0,-0.012906508520245552,500.0,-0.0015231093803227548
700.0,0.011647656559944153,400.0,0.006176469623260999,400.0,0.0020186123438179493,500.0,-0.0015231093803227548
500.0,-0.005901386495679617,400.0,0.006176469623260999,3000.0,0.007766950875520706,500.0,-0.0015231093803227548
1200.0,0.00834328681230545,400.0,0.006176469623260999,1300.0,0.004405462648719549,500.0,-0.0015231093803227548
1100.0,-0.0011615809053182602,400.0,0.006176469623260999,2000.0,0.013997328467667103,500.0,-0.0015231093803227548
500.0,0.033989857882261276,400.0,0.006176469623260999,416.67,0.012056222185492516,500.0,-0.0015231093803227548
200.0,0.011977974325418472,400.0,0.006176469623260999,1400.0,0.021121177822351456,500.0,-0.0015231093803227548
175.0,-0.012861170805990696,400.0,0.006176469623260999,200.0,0.02805798314511776,500.0,-0.0015231093803227548
300.0,-0.0032332390546798706,400.0,0.006176469623260999,500.0,-0.033014558255672455,500.0,-0.0015231093803227548
1400.0,-0.0004258248955011368,400.0,0.006176469623260999,312.5,0.019346030429005623,500.0,-0.0015231093803227548
700.0,0.014577288180589676,400.0,0.006176469623260999,208.33,0.028343839570879936,500.0,-0.0015231093803227548
1304.347826,-0.003395291045308113,400.0,0.006176469623260999,1000.0,-0.008508768863976002,500.0,-0.0015231093803227548
2500.0,0.018263034522533417,400.0,0.006176469623260999,500.0,-0.023198112845420837,500.0,-0.0015231093803227548
750.0,0.00958399847149849,400.0,0.006176469623260999,950.0,0.00466542923822999,500.0,-0.0015231093803227548
1000.0,-0.012529007159173489,400.0,0.006176469623260999,1400.0,0.00359153188765049,500.0,-0.0015231093803227548
2200.0,0.020838351920247078,400.0,0.006176469623260999,357.14,0.021151883527636528,500.0,-0.0015231093803227548
600.0,0.006479203701019287,400.0,0.006176469623260999,1250.0,0.019430004060268402,500.10583,-0.0015284005774541694
1250.0,-0.016887720674276352,400.0,0.006176469623260999,800.0,-0.017062710598111153,533.5372669,-0.003205348398823412
400.0,-0.019314223900437355,400.0,0.006176469623260999,1600.0,0.012162281200289726,550.0,-0.004037613682401005
550.0,0.015038911253213882,400.0,0.006176469623260999,2000.0,0.0002569160424172878,555.55,-0.004319257780549991
1300.0,-0.014578580856323242,400.0,0.006176469623260999,1400.0,-0.0035822968930006027,555.56,-0.004319765647092099
1500.0,-0.03906860202550888,400.0,0.006176469623260999,600.0,-0.013090318068861961,555.56,-0.004319765647092099
500.0,0.024356499314308167,400.0,0.006176469623260999,1400.0,0.01683969423174858,555.56,-0.004319765647092099
200.0,0.015152240172028542,400.0,0.006176469623260999,1500.0,0.0174951683729887,555.56,-0.004319765647092099
1100.0,-0.00924915075302124,400.0,0.006176469623260999,1050.0,0.017641298472881317,580.0,-0.004917686882646505
1500.0,0.0019015055149793625,400.0,0.006176469623260999,400.0,-0.004943396896123886,581.0,-0.004914869536044011
700.0,0.0003232695162296295,400.0,0.006176469623260999,600.0,-0.042969126254320145,581.0,-0.004914869536044011
1785.714286,0.0043579526245594025,400.0,0.006176469623260999,1500.0,0.005054823122918606,598.6465722,-0.004866521222802238
500.0,0.02754126489162445,400.0,0.006176469623260999,1000.0,0.001080680638551712,600.0,-0.00485690402195397
500.0,-0.015222834423184395,400.0,0.006176469623260999,800.0,0.0010533402673900127,600.0,-0.00485690402195397
300.0,0.007831545546650887,400.0,0.006176469623260999,1600.0,0.005777299404144287,600.0,-0.00485690402195397
500.0,0.021228663623332977,400.0,0.006176469623260999,1200.0,-0.0046918680891394615,600.0,-0.00485690402195397
1400.0,0.005949616432189941,402.3,0.0062487155926633405,500.0,-0.04569227620959282,600.0,-0.00485690402195397
1180.0,-0.007383909076452255,402.3,0.0062487155926633405,277.0,-0.012955952435731888,600.0,-0.00485690402195397
750.0,0.01170060783624649,402.3,0.0062487155926633405,400.0,-0.034131839871406555,600.0,-0.00485690402195397
3209.48,-0.012965945526957512,426.83,0.007008973054766225,840.0,0.01043681800365448,600.0,-0.00485690402195397
1200.0,-0.02041233330965042,426.83,0.007008973054766225,555.56,-0.007009787019342184,600.0,-0.00485690402195397
200.0,0.006335262209177017,426.83,0.007008973054766225,400.0,0.013149423524737358,600.0,-0.00485690402195397
350.0,0.0031870827078819275,440.0,0.007409653592298556,330.0,0.00035199709236621857,600.0,-0.00485690402195397
850.0,0.003582555800676346,450.0,0.007710423061308484,800.7980689,-0.022808754816651344,600.0,-0.00485690402195397
200.0,0.024660587310791016,450.0,0.007710423061308484,143.03625,0.01443583145737648,600.0,-0.00485690402195397
1200.0,-0.013368280604481697,450.0,0.007710423061308484,1120.0,0.030015256255865097,600.0,-0.00485690402195397
1500.0,-0.020680084824562073,450.0,0.007710423061308484,500.0,-0.001496871467679739,600.0,-0.00485690402195397
1000.0,-0.0056482944637537,450.0,0.007710423061308484,277.78,0.025261150673031807,600.0,-0.00485690402195397
1500.0,-0.010847261175513268,454.55,0.007846252301969682,840.0,0.003898831084370613,600.0,-0.00485690402195397
299.15,-0.027882099151611328,454.55,0.007846252301969682,500.0,-0.02931564301252365,600.0,-0.00485690402195397
300.0,0.028046313673257828,454.55,0.007846252301969682,1050.0,0.012034188956022263,600.0,-0.00485690402195397
2800.0,0.003722931956872344,476.1904762,0.008482534158921569,299.4454677,0.008565450087189674,600.0,-0.00485690402195397
100.0,-0.011470140889286995,486.11,0.008767655893057974,1320.0,0.01013420894742012,600.0,-0.00485690402195397
1200.0,0.00783376395702362,500.0,0.009157222228319106,1800.0,0.0021271100267767906,600.0,-0.00485690402195397
300.0,-0.0010844618082046509,500.0,0.009157222228319106,500.0,-0.008748887106776237,600.0,-0.00485690402195397
750.0,0.011021312326192856,500.0,0.009157222228319106,200.0,0.05352360010147095,600.0,-0.00485690402195397
800.0,-0.012155070900917053,500.0,0.009157222228319106,1400.0,0.009827040135860443,600.0,-0.00485690402195397
1000.0,0.008175838738679886,500.0,0.009157222228319106,1200.0,8.210353553295135e-05,600.0,-0.00485690402195397
800.0,0.012657668441534042,500.0,0.009157222228319106,1100.0,0.02867758646607399,600.0,-0.00485690402195397
400.0,0.0147397480905056,500.0,0.009157222228319106,2000.0,0.017382415011525154,600.0,-0.00485690402195397
300.0,-0.0009334981441497803,500.0,0.009157222228319106,800.0,0.0019566526170819998,600.0,-0.00485690402195397
1700.0,0.005412425845861435,500.0,0.009157222228319106,600.0,-0.03799518570303917,600.0,-0.00485690402195397
700.0,0.013106435537338257,500.0,0.009157222228319106,1200.0,0.015776917338371277,600.0,-0.00485690402195397
1680.0,-0.002201184630393982,500.0,0.009157222228319106,1201.058215,0.00024801120162010193,600.0,-0.00485690402195397
1500.0,-0.003847477026283741,500.0,0.009157222228319106,500.0,-0.05656129866838455,600.0,-0.00485690402195397
1368.0,-0.012909593060612679,500.0,0.009157222228319106,277.0,-0.018440991640090942,600.0,-0.00485690402195397
900.0,-0.0010593906044960022,500.0,0.009157222228319106,266.3316981,0.018585635349154472,603.646331,-0.0048295118028252185
800.0,-0.009995945729315281,500.0,0.009157222228319106,500.0,-0.028457198292016983,610.0,-0.00499540873853765
700.0,0.024518705904483795,500.0,0.009157222228319106,400.0,-6.959759048186243e-05,625.0,-0.0056087736466287575
100.0,0.0006281323730945587,500.0,0.009157222228319106,1300.0,0.0073027657344937325,625.0,-0.0056087736466287575
246.48,-0.029183052480220795,500.0,0.009157222228319106,400.0,-0.032660987228155136,652.0,-0.006596154422300653
300.0,-0.005837440490722656,500.0,0.009157222228319106,1000.0,0.0013383040204644203,652.0,-0.006596154422300653
300.0,0.006981164216995239,500.0,0.009157222228319106,400.0,-0.020107582211494446,652.0,-0.006596154422300653
1700.0,-0.0015703774988651276,500.0,0.009157222228319106,160.0,0.05383679270744324,666.6666667,-0.007030872178769864
600.0,0.020523561164736748,500.0,0.009157222228319106,1250.0,0.018845368176698685,666.6666667,-0.007030872178769864
300.0,0.010490000247955322,500.0,0.009157222228319106,1400.0,0.008133258670568466,666.6666667,-0.007030872178769864
600.0,0.025811556726694107,500.0,0.009157222228319106,950.0,0.007002899423241615,666.6666667,-0.007030872178769864
50.0,0.09011703729629517,500.0,0.009157222228319106,2000.0,-0.0032517854124307632,700.0,-0.007453990896133253
900.0,-0.0060608722269535065,500.0,0.009157222228319106,450.0,-0.005477061495184898,700.0,-0.007453990896133253
600.0,0.012387586757540703,500.0,0.009157222228319106,200.0,0.01879674755036831,700.0,-0.007453990896133253
312.5,-0.022303832694888115,500.0,0.009157222228319106,120.0,0.017168249934911728,700.0,-0.007453990896133253
400.0,0.005130041390657425,500.0,0.009157222228319106,1200.0,0.0037213657051324844,700.0,-0.007453990896133253
1666.666667,0.0003755129873752594,500.0,0.009157222228319106,800.0,0.01271253451704979,700.0,-0.007453990896133253
400.0,0.010556429624557495,500.0,0.009157222228319106,800.0,-0.005609983578324318,700.0,-0.007453990896133253
380.0,-0.0008415728807449341,500.0,0.009157222228319106,250.0,0.052671510726213455,700.0,-0.007453990896133253
750.0,0.016034089028835297,500.0,0.009157222228319106,2000.0,0.020702039822936058,700.0,-0.007453990896133253
666.6666667,-0.006037677638232708,500.0,0.009157222228319106,1400.0,0.0020241262391209602,700.0,-0.007453990896133253
350.0,0.002185862511396408,500.0,0.009157222228319106,300.0,0.0059247128665447235,700.0,-0.007453990896133253
1100.0,0.0024175960570573807,500.0,0.009157222228319106,400.0,-0.023695318028330803,700.0,-0.007453990896133253
750.0,0.013244912028312683,500.0,0.009157222228319106,1313.407036,0.028781354427337646,700.0,-0.007453990896133253
1200.0,-0.005769051611423492,500.0,0.009157222228319106,500.0,-0.018543336540460587,700.0,-0.007453990896133253
1000.0,-0.014442314393818378,500.0,0.009157222228319106,625.0,-0.01710456982254982,700.0,-0.007453990896133253
700.0,0.017769470810890198,500.0,0.009157222228319106,1600.0,0.0015900088474154472,700.0,-0.007453990896133253
925.9259259,0.013423904776573181,500.0,0.009157222228319106,2000.0,0.01591956987977028,700.0,-0.007453990896133253
725.0,-0.008622474037110806,500.0,0.009157222228319106,800.0,0.010128399357199669,700.0,-0.007453990896133253
960.0,-0.005913827568292618,500.0,0.009157222228319106,720.0,-0.003772404044866562,700.0,-0.007453990896133253
1000.0,-0.013039827346801758,500.0,0.009157222228319106,240.0,0.02182992547750473,700.0,-0.007453990896133253
600.0,0.014908183366060257,500.0,0.009157222228319106,750.0,-0.030031949281692505,710.7151464,-0.0071662530860148455
1300.0,0.004336867481470108,500.0,0.009157222228319106,600.0,-0.02299969457089901,714.29,-0.007105177734361555
1100.0,-0.026695942506194115,500.0,0.009157222228319106,500.0,-0.022272098809480667,714.29,-0.007105177734361555
1000.0,0.008608747273683548,500.0,0.009157222228319106,1800.0,0.007265525870025158,714.29,-0.007105177734361555
1300.0,-0.004295496270060539,500.0,0.009157222228319106,800.0,-0.024563787505030632,720.0,-0.006889550600277662
300.0,0.008033979684114456,500.0,0.009157222228319106,1200.0,0.018441297113895416,747.4233864,-0.00596638174538595
700.0,-0.021906457841396332,500.0,0.009157222228319106,800.0,0.0031151804141700268,750.0,-0.005860417829471429
177.66,-0.03314466401934624,500.0,0.009157222228319106,960.0,0.015020910650491714,750.0,-0.005860417829471429
1100.0,0.004294529557228088,500.0,0.009157222228319106,200.0,-0.003935832995921373,750.0,-0.005860417829471429
600.0,0.033483877778053284,500.0,0.009157222228319106,166.6666667,0.01102435402572155,750.0,-0.005860417829471429
300.0,0.007736038416624069,500.0,0.009157222228319106,700.0,-0.01783374324440956,750.0,-0.005860417829471429
900.0,0.0038229115307331085,500.0,0.009157222228319106,700.0,-0.0023873429745435715,750.0,-0.005860417829471429
500.0,0.03553397208452225,500.0,0.009157222228319106,480.0,-0.03255602717399597,781.0,-0.0050981937951063115
595.0,0.01732698082923889,500.0,0.009157222228319106,1800.0,0.006063307169824839,799.3209839,-0.004457328037895534
545.4545455,0.03004005178809166,500.0,0.009157222228319106,1080.0,0.00488564046099782,800.0,-0.004428378137258153
400.0,0.0142134390771389,500.0,0.009157222228319106,1400.0,0.01593470573425293,800.0,-0.004428378137258153
255.47,-0.030170662328600883,500.0,0.009157222228319106,700.0,-0.0037325555458664894,800.0,-0.004428378137258153
545.4545455,0.03152260184288025,500.0,0.009157222228319106,1000.0,0.0027219559997320175,800.0,-0.004428378137258153
255.47,-0.029575301334261894,522.39,0.009196546937951739,1200.0,0.01666336879134178,800.0,-0.004428378137258153
1300.0,0.008581895381212234,522.39,0.009196546937951739,294.12,0.025636054575443268,800.0,-0.004428378137258153
870.0,-0.0015548504889011383,529.1005291,0.009272492873434818,1250.0,0.027289291843771935,800.0,-0.004428378137258153
1761.904762,-0.0005564689636230469,541.1255411,0.009535038348263802,1500.0,-0.0022777291014790535,800.0,-0.004428378137258153
900.0,-0.0008997321128845215,545.4545455,0.009625970945096209,1250.0,0.0018989155068993568,800.0,-0.004428378137258153
400.0,0.0077930837869644165,545.4545455,0.009625970945096209,1800.0,0.018910780549049377,800.0,-0.004428378137258153
100.0,0.005606628954410553,545.4545455,0.009625970945096209,610.0,-0.008740248158574104,800.0,-0.004428378137258153
300.0,0.009165901690721512,545.4545455,0.009625970945096209,600.0,-0.017670566216111183,800.0,-0.004428378137258153
173.4650127,-0.0161997489631176,550.0,0.009719440352682686,1080.0,0.01737021654844284,800.0,-0.004428378137258153
1200.0,0.012885235249996185,550.0,0.009719440352682686,800.0,-0.014982495456933975,800.0,-0.004428378137258153
1800.0,0.011687799356877804,560.0,0.009917580074759874,160.0,0.040966615080833435,800.0,-0.004428378137258153
500.0,0.04384760931134224,560.0,0.009917580074759874,1600.0,0.007653173990547657,800.0,-0.004428378137258153
1400.0,-0.003630470484495163,560.0,0.009917580074759874,600.0,-0.017591755837202072,800.0,-0.004428378137258153
500.0,0.043365027755498886,560.0,0.009917580074759874,1080.0,0.025739973410964012,800.0,-0.004428378137258153
2200.0,0.011521663516759872,560.0,0.009917580074759874,1060.0,0.0305032916367054,800.0,-0.004428378137258153
564.52,0.01477310061454773,560.0,0.009917580074759874,781.0,0.012720473110675812,800.0,-0.004428378137258153
200.0,-0.003344506025314331,564.52,0.010002878474464405,666.6666667,-0.006082640960812569,800.0,-0.004428378137258153
600.0,0.025707125663757324,564.52,0.010002878474464405,1060.0,0.022102398797869682,800.0,-0.004428378137258153
100.0,0.10440529137849808,590.0,0.010402453585134818,1075.0,0.012909440323710442,800.0,-0.004428378137258153
600.0,0.0027878135442733765,595.0,0.01046115484983654,1400.0,0.016428042203187943,800.0,-0.004428378137258153
277.3352218,-0.0001341886818408966,598.2905983,0.010496464507003197,714.29,-0.0271255262196064,800.0,-0.004428378137258153
800.0,-0.00020732730627059937,600.0,0.01051396410735922,800.0,-0.016869990155100822,800.0,-0.004428378137258153
740.0,0.007436126470565796,600.0,0.01051396410735922,500.0,-0.023355264216661453,800.0,-0.004428378137258153
600.0,0.02582286298274994,600.0,0.01051396410735922,1200.0,0.022681517526507378,800.0,-0.004428378137258153
744.68,0.006675586104393005,600.0,0.01051396410735922,142.73251,0.013627126812934875,800.0,-0.004428378137258153
800.0,-0.004599031060934067,600.0,0.01051396410735922,714.29,-0.01723797619342804,800.0,-0.004428378137258153
350.0,0.009283185005187988,600.0,0.01051396410735922,1950.0,0.0015514073893427849,800.0,-0.004428378137258153
1000.0,-0.004342908039689064,600.0,0.01051396410735922,1300.0,0.004401177633553743,800.0,-0.004428378137258153
500.0,0.007852278649806976,600.0,0.01051396410735922,1000.0,-0.007381590083241463,800.0,-0.004428378137258153
120.0,-0.022231077775359154,600.0,0.01051396410735922,1000.0,-0.02289845235645771,800.0,-0.004428378137258153
960.0,-0.0147426538169384,600.0,0.01051396410735922,652.0,-0.05165925621986389,800.0,-0.004428378137258153
1180.0,0.005139023065567017,600.0,0.01051396410735922,1200.0,0.01439607422798872,800.0,-0.004428378137258153
1046.511628,0.015265900641679764,600.0,0.01051396410735922,1080.0,0.010168097913265228,800.0,-0.004428378137258153
1100.0,-0.0012981705367565155,600.0,0.01051396410735922,400.0,-0.0056569259613752365,800.0,-0.004428378137258153
1000.0,0.006616462022066116,600.0,0.01051396410735922,1200.0,0.017062250524759293,800.0,-0.004428378137258153
300.0,0.031917378306388855,600.0,0.01051396410735922,800.0,-0.02166517823934555,800.0,-0.004428378137258153
500.0,0.028891712427139282,600.0,0.01051396410735922,400.0,-0.0335644856095314,800.0,-0.004428378137258153
100.0,-0.02497437596321106,600.0,0.01051396410735922,3000.0,0.0071735624223947525,800.0,-0.004428378137258153
300.0,-0.004809290170669556,600.0,0.01051396410735922,160.4,0.059057582169771194,800.0,-0.004428378137258153
800.0,-0.009996786713600159,600.0,0.01051396410735922,312.5,0.02225525863468647,800.0,-0.004428378137258153
360.82,-0.007680029142647982,600.0,0.01051396410735922,1000.0,-0.010812483727931976,800.0,-0.004428378137258153
500.0,0.043360017240047455,600.0,0.01051396410735922,750.0,-0.0027331465389579535,800.7980689,-0.004394385771184161
1200.0,0.007638022303581238,600.0,0.01051396410735922,1200.0,0.01714765466749668,814.0,-0.003836872401710451
600.0,0.025170814245939255,600.0,0.01051396410735922,1200.0,0.023607226088643074,814.0,-0.003836872401710451
111.0,-0.009054915979504585,600.0,0.01051396410735922,300.0,0.052679937332868576,824.3581251,-0.0034047142221211033
1200.0,-0.01971970684826374,600.0,0.01051396410735922,100.0,0.06434278190135956,833.33,-0.003206642757357918
950.0,-0.006275637075304985,600.0,0.01051396410735922,1200.0,0.005841479636728764,833.33,-0.003206642757357918
1000.0,-0.006613325327634811,600.0,0.01051396410735922,3250.0,0.007307416293770075,833.3333333,-0.003206568560327777
400.0,0.016680993139743805,600.0,0.01051396410735922,196.0,0.038011495023965836,833.3333333,-0.003206568560327777
850.0,-0.009481615386903286,600.0,0.01051396410735922,500.0,-0.0018508222419768572,833.3333333,-0.003206568560327777
400.0,0.02093983069062233,600.0,0.01051396410735922,2000.0,-0.02471301145851612,833.3333333,-0.003206568560327777
1060.0,-0.005496304482221603,600.0,0.01051396410735922,250.08052,0.01349792443215847,840.0,-0.0030491883062028526
1339.285714,0.0002195201814174652,600.0,0.01051396410735922,320.0,0.023235253989696503,840.0,-0.0030491883062028526
300.0,0.00030153989791870117,600.0,0.01051396410735922,800.0,-0.02492578513920307,840.0,-0.0030491883062028526
890.52,-0.005008025094866753,600.0,0.01051396410735922,1400.0,0.01052047684788704,840.0,-0.0030491883062028526
1250.0,-0.009261474944651127,600.0,0.01051396410735922,349.0,-0.01782851479947567,850.0,-0.0027800068344391053
1600.0,0.0015831030905246735,600.0,0.01051396410735922,1250.0,0.021032175049185753,900.0,-0.0007494707127258739
1216.216216,-0.03676116093993187,600.0,0.01051396410735922,3900.0,0.00974778551608324,900.0,-0.0007494707127258739
714.2857143,0.018357906490564346,600.0,0.01051396410735922,1250.0,-0.007543655578047037,900.0,-0.0007494707127258739
200.0,-0.03133884817361832,600.0,0.01051396410735922,600.0,-0.059837065637111664,918.5922967,-6.319570442558845e-05
500.0,0.0230991430580616,600.0,0.01051396410735922,1000.0,-0.0003425516188144684,926.0,0.0002224439332132037
216.05,-0.02993459440767765,600.0,0.01051396410735922,2000.0,-0.0067734792828559875,933.0,0.0004909688054127699
175.0,-0.032518934458494186,600.0,0.01051396410735922,416.67,-0.015522172674536705,950.0,0.0011122001313192613
400.0,0.020134737715125084,600.0,0.01051396410735922,1800.0,0.020108429715037346,950.0,0.0011122001313192613
100.0,-0.019551482051610947,600.0,0.01051396410735922,1250.0,0.02025613561272621,950.0,0.0011122001313192613
1680.0,0.0006083324551582336,600.0,0.01051396410735922,2000.0,-0.017018698155879974,950.0,0.0011122001313192613
600.0,0.016436642035841942,600.0,0.01051396410735922,500.0,-0.04558304697275162,950.0,0.0011122001313192613
1400.0,-0.003810480237007141,600.0,0.01051396410735922,1600.0,0.00832606665790081,950.0,0.0011122001313192613
1200.0,-0.0036175213754177094,614.04,0.010175141927987784,710.7151464,0.007550006732344627,950.0,0.0011122001313192613
1000.0,-0.0006229039281606674,620.0,0.010025447365603046,200.06618,0.012439409270882607,960.0,0.0014803672385990338
700.0,-0.008907012641429901,625.0,0.009897688321995564,111.070366,0.0061092739924788475,960.0,0.0014803672385990338
600.0,0.014751847833395004,663.0,0.009008843566475048,1250.0,0.016596872359514236,960.0,0.0014803672385990338
875.0,-0.009309845045208931,666.6666667,0.008908276731785639,600.0,-0.03654102981090546,974.939064,0.00197717582027676
875.0,-0.01577303372323513,666.6666667,0.008908276731785639,600.0,-0.012788515537977219,975.0,0.001979143863077274
312.5,-0.021654358133673668,666.6666667,0.008908276731785639,455.0,-0.00620492547750473,998.541618,0.0029228073898219355
600.0,0.062120482325553894,666.6666667,0.008908276731785639,833.33,-0.02742888778448105,1000.0,0.0029855782307817136
200.0,-0.02033894695341587,673.08,0.008732367923913135,581.0,-0.07230730354785919,1000.0,0.0029855782307817136
529.1005291,0.002994263544678688,673.08,0.008732367923913135,1400.0,0.015371144749224186,1000.0,0.0029855782307817136
500.0,0.02782296948134899,680.0,0.008542618211733053,200.0,0.024177711457014084,1000.0,0.0029855782307817136
1100.0,-0.025175906717777252,680.0,0.008542618211733053,2000.0,-0.008922738954424858,1000.0,0.0029855782307817136
1600.0,0.002170547842979431,680.0,0.008542618211733053,1199.602147,0.03528479114174843,1000.0,0.0029855782307817136
1700.0,-0.0023593418300151825,700.0,0.00808551953860008,1000.0,0.005506891291588545,1000.0,0.0029855782307817136
209.58,-0.030635811388492584,700.0,0.00808551953860008,600.0,-0.05033313110470772,1000.0,0.0029855782307817136
800.0,0.0012196935713291168,700.0,0.00808551953860008,1000.0,-0.02012861892580986,1000.0,0.0029855782307817136
739.5,0.00921812653541565,700.0,0.00808551953860008,950.0,0.023253455758094788,1000.0,0.0029855782307817136
1200.0,-0.006147555075585842,700.0,0.00808551953860008,11.66666667,0.01901155151426792,1000.0,0.0029855782307817136
614.04,0.01419796422123909,700.0,0.00808551953860008,800.0,-0.014750814065337181,1000.0,0.0029855782307817136
1000.0,0.007608190178871155,700.0,0.00808551953860008,1125.0,0.02832793816924095,1000.0,0.0029855782307817136
750.0,0.014322228729724884,700.0,0.00808551953860008,384.62,0.018153049051761627,1000.0,0.0029855782307817136
781.0,0.012722838670015335,700.0,0.00808551953860008,1800.0,0.0016115335747599602,1000.0,0.0029855782307817136
1000.0,-0.004181837663054466,700.0,0.00808551953860008,192.31,0.029895445331931114,1000.0,0.0029855782307817136
300.0,0.01231984794139862,700.0,0.00808551953860008,1200.0,0.01573537290096283,1000.0,0.0029855782307817136
200.0,0.003934606909751892,700.0,0.00808551953860008,166.6666667,0.00855446420609951,1000.0,0.0029855782307817136
700.0,0.008457567542791367,700.0,0.00808551953860008,1250.0,0.017108822241425514,1000.0,0.0029855782307817136
1300.0,-0.008793629705905914,700.0,0.00808551953860008,1600.0,0.0107963215559721,1000.0,0.0029855782307817136
700.0,-0.015771687030792236,700.0,0.00808551953860008,1250.0,0.003237656317651272,1000.0,0.0029855782307817136
1200.0,-0.0040296874940395355,700.0,0.00808551953860008,1800.0,0.02201976627111435,1000.0,0.0029855782307817136
2300.0,0.01804683730006218,700.0,0.00808551953860008,217.39,0.02595396526157856,1000.0,0.0029855782307817136
350.0,0.0013155043125152588,700.0,0.00808551953860008,400.0,0.03624614700675011,1000.0,0.0029855782307817136
750.0,0.009654996916651726,700.0,0.00808551953860008,1600.0,0.014099325984716415,1000.0,0.0029855782307817136
400.0,0.0160132497549057,700.0,0.00808551953860008,2000.0,0.012558326125144958,1000.0,0.0029855782307817136
740.0,0.015475563704967499,700.0,0.00808551953860008,100.0,0.022885367274284363,1000.0,0.0029855782307817136
200.0,-0.012334771454334259,700.0,0.00808551953860008,652.0,-0.011136733926832676,1000.0,0.0029855782307817136
200.0,0.01350182294845581,700.0,0.00808551953860008,1200.0,0.007001758087426424,1000.0,0.0029855782307817136
1500.0,-0.027251940220594406,700.0,0.00808551953860008,131.58,0.028173772618174553,1000.0,0.0029855782307817136
1851.851852,0.004109494388103485,700.0,0.00808551953860008,500.0,-0.00246658967807889,1000.0,0.0029855782307817136
500.0,0.03079153597354889,700.0,0.00808551953860008,333.3333333,0.01078527607023716,1010.451488,0.003300970785082752
2083.333333,0.001914381980895996,700.0,0.00808551953860008,500.0,-0.030106332153081894,1025.0,0.00371335932847469
500.0,0.013733334839344025,700.0,0.00808551953860008,357.14,0.015422584488987923,1049.275485,0.0043417723682890085
400.0,0.00020813941955566406,700.0,0.00808551953860008,500.0,-0.018641486763954163,1050.0,0.004359676528323772
1800.0,0.011597912758588791,700.0,0.00808551953860008,3000.0,-0.012532795779407024,1050.0,0.004359676528323772
402.3,0.01548975333571434,700.0,0.00808551953860008,1000.0,0.0026587266474962234,1050.0,0.004359676528323772
1200.0,-0.0056909313425421715,700.0,0.00808551953860008,1100.0,0.0008243424817919731,1060.0,0.004603354435025855
325.0,-0.001467376947402954,700.0,0.00808551953860008,121.95,0.02643919549882412,1060.0,0.004603354435025855
426.83,0.005608644336462021,700.0,0.00808551953860008,700.0,-0.0162874236702919,1060.0,0.004603354435025855
1100.0,0.0126740001142025,700.0,0.00808551953860008,217.39,0.025447959080338478,1063.457871,0.00468636520187872
300.0,0.03140554204583168,700.0,0.00808551953860008,143.37152,0.011395122855901718,1075.0,0.0049601700017516065
300.0,0.027363091707229614,700.0,0.00808551953860008,1025.0,0.004468430764973164,1080.0,0.005077641051202137
900.0,0.005404260009527206,714.0,0.007893491492923534,580.0,-0.011571120470762253,1080.0,0.005077641051202137
2050.0,0.005827896296977997,714.2857143,0.007884847855007761,1000.0,0.011489148251712322,1080.0,0.005077641051202137
200.0,-0.03116608038544655,725.0,0.00758470436009665,800.0,0.006214856170117855,1080.0,0.005077641051202137
800.0,0.0010872520506381989,725.0,0.00758470436009665,840.0,0.008156977593898773,1080.0,0.005077641051202137
145.0,0.04015800356864929,725.0,0.00758470436009665,747.4233864,0.00417877733707428,1090.0,0.005311330707636472
2000.0,0.008334638550877571,729.1666667,0.007510271260918508,263.16,0.027253301814198494,1095.650211,0.005442912922329946
1000.0,-0.00872286781668663,731.7073171,0.007461694830998006,192.31,0.026552371680736542,1100.0,0.005544091577890736
145.0,0.04015374183654785,739.5,0.007296844547659794,833.3333333,-0.017130423337221146,1100.0,0.005544091577890736
100.0,-0.040937405079603195,739.5,0.007296844547659794,800.0,-0.003093814244493842,1100.0,0.005544091577890736
440.0,0.01507832482457161,739.5,0.007296844547659794,700.0,-0.014312625862658024,1100.0,0.005544091577890736
800.0,-0.0022138841450214386,739.5,0.007296844547659794,500.0,-0.0038294338155537844,1100.0,0.005544091577890736
200.0,-0.023861568421125412,740.0,0.007285442041280825,2000.0,0.018082812428474426,1100.0,0.005544091577890736
400.0,0.024389326572418213,740.0,0.007285442041280825,600.0,-0.01633383147418499,1100.0,0.005544091577890736
800.0,0.005666360259056091,744.047619,0.00718954100105116,480.0,-0.031176280230283737,1100.0,0.005544091577890736
100.0,0.023511245846748352,744.68,0.0071739941236418575,1440.0,-0.0018687467090785503,1100.0,0.005544091577890736
1400.0,-0.0070410557091236115,750.0,0.00703764559745828,1800.0,0.02321023680269718,1100.0,0.005544091577890736
200.0,0.0027826502919197083,750.0,0.00703764559745828,1090.0,0.004739496391266584,1120.0,0.006260778069719956
1000.0,-0.03759157657623291,750.0,0.00703764559745828,814.0,0.006362704560160637,1125.0,0.006438336273773005
700.0,0.009896650910377502,750.0,0.00703764559745828,2400.0,-0.0028255078941583633,1125.0,0.006438336273773005
2200.0,0.01703232154250145,750.0,0.00703764559745828,500.0,-0.014055128209292889,1125.0,0.006438336273773005
1190.47619,0.017334748059511185,750.0,0.00703764559745828,500.0,-0.013024241663515568,1125.0,0.006438336273773005
500.0,0.022077243775129318,750.0,0.00703764559745828,1100.0,0.017443371936678886,1150.0,0.006991780246683442
600.0,0.017473388463258743,750.0,0.00703764559745828,926.0,0.005427606403827667,1170.0,0.007381260734993149
200.0,-0.003814997151494026,750.0,0.00703764559745828,1600.0,0.006309587508440018,1199.602147,0.007908811700475117
800.0,-0.017596811056137085,750.0,0.00703764559745828,800.0,0.008307181298732758,1200.0,0.007915576717150806
700.0,0.017983507364988327,750.0,0.00703764559745828,1063.457871,0.03304238244891167,1200.0,0.007915576717150806
2391.304348,-0.0468333400785923,750.0,0.00703764559745828,277.0,-0.0030084047466516495,1200.0,0.007915576717150806
200.0,0.00917951948940754,750.0,0.00703764559745828,1200.0,0.010769249871373177,1200.0,0.007915576717150806
1300.0,-0.01779617741703987,750.0,0.00703764559745828,333.33,0.02114645391702652,1200.0,0.007915576717150806
1000.0,-0.002714613452553749,750.0,0.00703764559745828,1400.0,0.02994557097554207,1200.0,0.007915576717150806
500.0,0.02830725535750389,750.0,0.00703764559745828,1200.0,-0.003090108744800091,1200.0,0.007915576717150806
1100.0,0.005225462839007378,750.0,0.00703764559745828,700.0,-0.014715809375047684,1200.0,0.007915576717150806
800.0,0.00012321025133132935,750.0,0.00703764559745828,2000.0,0.017346814274787903,1200.0,0.007915576717150806
150.0,-0.005406591109931469,757.5757576,0.0067856093879534425,1600.0,0.017202332615852356,1200.0,0.007915576717150806
50.0,0.026952654123306274,774.6478873,0.0062380306569265725,600.0,-0.05874095857143402,1200.0,0.007915576717150806
750.0,0.01006506010890007,777.7777778,0.006141069582804725,800.0,-0.011168476194143295,1200.0,0.007915576717150806
1190.47619,0.011402212083339691,780.0,0.00607279655907757,2400.0,-0.0009481292217969894,1200.0,0.007915576717150806
360.82,-0.01435813121497631,781.0,0.00604221584750069,1600.0,0.03054099902510643,1200.0,0.007915576717150806
500.0,0.025870975106954575,793.6507937,0.005661307547413134,833.3333333,-0.02234049141407013,1200.0,0.007915576717150806
600.0,0.028367727994918823,800.0,0.005473026060287092,400.0,-0.029517024755477905,1200.0,0.007915576717150806
350.0,0.002111585810780525,800.0,0.005473026060287092,600.0,-0.023330572992563248,1200.0,0.007915576717150806
450.0,-0.0025643431581556797,800.0,0.005473026060287092,400.0,-0.0015608370304107666,1200.0,0.007915576717150806
1680.0,-0.003357409033924341,800.0,0.005473026060287092,1000.0,0.026217740029096603,1200.0,0.007915576717150806
1400.0,-0.0009538047015666962,800.0,0.005473026060287092,800.0,0.0020743929781019688,1200.0,0.007915576717150806
700.0,-0.0026676328852772713,800.0,0.005473026060287092,975.0,0.013561826199293137,1200.0,0.007915576717150806
4000.0,-0.0364905409514904,800.0,0.005473026060287092,480.0,-0.01541045494377613,1200.0,0.007915576717150806
500.0,0.02239885926246643,800.0,0.005473026060287092,166.0,0.044929809868335724,1200.0,0.007915576717150806
300.0,0.009561244398355484,800.0,0.005473026060287092,700.0,-0.01143806055188179,1200.0,0.007915576717150806
402.3,-0.0012813657522201538,800.0,0.005473026060287092,277.0,-0.002857593819499016,1200.0,0.007915576717150806
300.0,-0.006276682019233704,800.0,0.005473026060287092,974.939064,0.023072820156812668,1200.0,0.007915576717150806
300.0,0.012782324105501175,800.0,0.005473026060287092,80.0,0.023813463747501373,1200.0,0.007915576717150806
1666.666667,-0.004731463268399239,800.0,0.005473026060287092,700.0,0.001529742032289505,1200.0,0.007915576717150806
1200.0,0.0053010303527116776,800.0,0.005473026060287092,1600.0,0.028805239126086235,1200.0,0.007915576717150806
900.0,-0.0016213888302445412,800.0,0.005473026060287092,1200.0,0.02183256484568119,1200.0,0.007915576717150806
800.0,-0.004205077886581421,800.0,0.005473026060287092,2400.0,0.0036090724170207977,1200.0,0.007915576717150806
500.0,0.028905857354402542,800.0,0.005473026060287092,600.0,-0.00639927014708519,1200.0,0.007915576717150806
700.0,-0.0013374537229537964,800.0,0.005473026060287092,1000.0,0.014313322491943836,1200.0,0.007915576717150806
700.0,0.02134568989276886,800.0,0.005473026060287092,1400.0,-0.0038014287129044533,1200.0,0.007915576717150806
750.0,0.010645167902112007,800.0,0.005473026060287092,1600.0,0.025902193039655685,1200.0,0.007915576717150806
1000.0,-0.00777374766767025,800.0,0.005473026060287092,555.56,0.0007904155645519495,1200.0,0.007915576717150806
2400.0,0.01807640865445137,800.0,0.005473026060287092,1250.0,-0.01778562180697918,1200.0,0.007915576717150806
345.0,-0.014096234925091267,800.0,0.005473026060287092,1400.0,0.017451953142881393,1200.0,0.007915576717150806
500.0,0.02317161113023758,800.0,0.005473026060287092,1100.0,0.017288409173488617,1200.0,0.007915576717150806
400.0,0.01588689535856247,800.0,0.005473026060287092,600.0,-0.04633818566799164,1200.0,0.007915576717150806
200.0,0.024235621094703674,800.0,0.005473026060287092,600.0,-0.01678260788321495,1200.0,0.007915576717150806
1200.0,-0.033350870013237,800.0,0.005473026060287092,320.0,-0.003456614911556244,1200.0,0.007915576717150806
1200.0,-0.017962228506803513,800.0,0.005473026060287092,1100.0,0.012689225375652313,1200.0,0.007915576717150806
1200.0,0.002949494868516922,800.0,0.005473026060287092,450.0,0.0087120421230793,1200.0,0.007915576717150806
800.0,0.009504128247499466,800.0,0.005473026060287092,500.0,-0.0036602080799639225,1200.0,0.007915576717150806
900.0,-0.015296350233256817,800.0,0.005473026060287092,1400.0,0.008907932788133621,1200.0,0.007915576717150806
300.0,0.0018369518220424652,800.0,0.005473026060287092,700.0,-0.022024216130375862,1200.0,0.007915576717150806
400.0,0.005073152482509613,800.0,0.005473026060287092,1600.0,0.006970865651965141,1200.0,0.007915576717150806
100.0,0.09461545944213867,800.0,0.005473026060287092,166.80914,0.017520751804113388,1200.0,0.007915576717150806
1800.0,0.005723573267459869,800.0,0.005473026060287092,3000.0,-0.009044548496603966,1200.0,0.007915576717150806
774.6478873,0.012204989790916443,800.0,0.005473026060287092,800.0,-0.019130326807498932,1200.0,0.007915576717150806
1200.0,-0.008422661572694778,800.0,0.005473026060287092,1400.0,0.004084131680428982,1200.0,0.007915576717150806
800.0,-0.009712642058730125,800.0,0.005473026060287092,1600.0,0.02460453473031521,1201.058215,0.007933535311730454
200.0,0.041305847465991974,800.0,0.005473026060287092,1330.0,0.024127423763275146,1210.996506,0.008099810035216098
1014.492754,0.019467273727059364,800.0,0.005473026060287092,1500.0,0.03099614754319191,1225.0,0.00832725170399947
400.0,0.0023457705974578857,800.0,0.005473026060287092,400.0,-0.01941230520606041,1250.0,0.008942980142726134
100.0,-0.0168752558529377,800.0,0.005473026060287092,1000.0,0.005803348496556282,1250.0,0.008942980142726134
350.0,0.006384223699569702,800.0,0.005473026060287092,333.3333333,0.02131144143640995,1250.0,0.008942980142726134
400.0,0.011526010930538177,800.0,0.005473026060287092,2000.0,-0.004416940733790398,1250.0,0.008942980142726134
1060.0,-0.005882785655558109,800.0,0.005473026060287092,1000.0,0.015268558636307716,1250.0,0.008942980142726134
800.0,0.012310422956943512,800.0,0.005473026060287092,1200.0,0.014112582430243492,1250.0,0.008942980142726134
454.55,0.010826724581420422,800.0,0.005473026060287092,998.541618,0.008582806214690208,1250.0,0.008942980142726134
600.0,0.01098085381090641,800.0,0.005473026060287092,2000.0,0.010819008573889732,1250.0,0.008942980142726134
426.83,0.0008099973201751709,800.0,0.005473026060287092,800.0,-0.022128717973828316,1250.0,0.008942980142726134
200.0,-0.04592607915401459,800.0,0.005473026060287092,238.1,0.028752600774168968,1250.0,0.008942980142726134
900.0,0.000733768567442894,800.0,0.005473026060287092,500.0,-0.026685673743486404,1250.0,0.008942980142726134
1200.0,0.007286500185728073,800.0,0.005473026060287092,1520.0,-0.0014838064089417458,1250.0,0.008942980142726134
300.0,0.007802553474903107,800.0,0.005473026060287092,1500.0,-0.0072965906001627445,1250.0,0.008942980142726134
1800.0,0.007839325815439224,800.0,0.005473026060287092,800.0,-0.01723311096429825,1250.0,0.008942980142726134
870.0,-0.00012913718819618225,800.0,0.005473026060287092,1225.0,0.024948392063379288,1300.0,0.009460472942488812
200.0,0.03261032700538635,800.0,0.005473026060287092,1000.0,-0.02204721048474312,1300.0,0.009460472942488812
1400.0,-0.0008381828665733337,800.0,0.005473026060287092,1125.0,0.02050665020942688,1300.0,0.009460472942488812
3000.0,-0.01705501601099968,800.0,0.005473026060287092,600.0,-0.015240395441651344,1300.0,0.009460472942488812
3400.0,-0.013113010674715042,800.0,0.005473026060287092,1080.0,0.005432881880551577,1300.0,0.009460472942488812
400.0,0.009449869394302368,800.0,0.005473026060287092,147.06,0.027014536783099174,1300.0,0.009460472942488812
744.047619,0.01467498391866684,800.0,0.005473026060287092,2000.0,-0.010188542306423187,1300.0,0.009460472942488812
600.0,0.026979487389326096,800.0,0.005473026060287092,416.67,0.0118150245398283,1300.0,0.009460472942488812
1000.0,-0.003990737721323967,800.0,0.005473026060287092,800.0,-0.021950269117951393,1313.407036,0.009528246120191604
800.0,0.010587673634290695,800.0,0.005473026060287092,416.67,0.011423205956816673,1320.0,0.009553072532810784
1000.0,-0.05719420313835144,800.0,0.005473026060287092,1604.40489,0.01063060387969017,1320.0,0.009553072532810784
600.0,0.0248294435441494,800.0,0.005473026060287092,3400.0,0.00887392833828926,1320.0,0.009553072532810784
265.15,-0.02880692295730114,800.0,0.005473026060287092,200.0,0.016955900937318802,1330.0,0.009582215328419491
545.4545455,0.028484554961323738,800.0,0.005473026060287092,217.39,0.027959633618593216,1398.998612,0.00964665430388788
800.0,0.000912901945412159,800.0,0.005473026060287092,10.0,0.0185051579028368,1400.0,0.00964698832784639
620.0,0.021034184843301773,800.0,0.005473026060287092,800.0,0.0014828064013272524,1400.0,0.00964698832784639
1750.0,-0.004852131940424442,800.0,0.005473026060287092,1200.0,0.004502953961491585,1400.0,0.00964698832784639
700.0,0.025593280792236328,850.0,0.004023224265997317,1000.0,-0.003557490184903145,1400.0,0.00964698832784639
2050.0,-0.030739376321434975,850.0,0.004023224265997317,100.0,0.05824640765786171,1400.0,0.00964698832784639
1279.069767,0.007379244081676006,870.0,0.0034066987259277672,600.0,-0.013540251180529594,1400.0,0.00964698832784639
3000.0,-0.02110474742949009,870.0,0.0034066987259277672,2000.0,0.009205508977174759,1400.0,0.00964698832784639
1500.0,-0.00037450750824064016,870.0,0.0034066987259277672,125.0,0.06305970251560211,1400.0,0.00964698832784639
200.0,0.024310722947120667,870.0,0.0034066987259277672,166.9702,0.014729635789990425,1400.0,0.00964698832784639
500.0,0.02055470645427704,870.0,0.0034066987259277672,454.55,0.009972462430596352,1400.0,0.00964698832784639
800.0,0.009611725807189941,875.0,0.003239762505717293,1000.0,0.00803421437740326,1400.0,0.00964698832784639
1180.0,-0.006082300096750259,875.0,0.003239762505717293,1300.0,0.023747539147734642,1400.0,0.00964698832784639
700.0,0.016212601214647293,875.0,0.003239762505717293,250.4799,0.009970503859221935,1400.0,0.00964698832784639
800.0,0.013307766988873482,890.52,0.0028194279044032157,900.0,0.0003811214119195938,1400.0,0.00964698832784639
600.0,0.012735787779092789,890.52,0.0028194279044032157,1000.0,0.012973817065358162,1400.0,0.00964698832784639
800.0,-0.006239533424377441,900.0,0.0025726300831957765,799.3209839,-0.03354186192154884,1400.0,0.00964698832784639
700.0,0.010145440697669983,900.0,0.0025726300831957765,2500.0,-0.0051287636160850525,1400.0,0.00964698832784639
800.0,0.012276604771614075,900.0,0.0025726300831957765,600.0,-0.010792399756610394,1400.0,0.00964698832784639
1000.0,-0.0003495626151561737,900.0,0.0025726300831957765,277.0,-0.006112223491072655,1400.0,0.00964698832784639
800.0,0.012354332953691483,900.0,0.0025726300831957765,161.29,0.02579697221517563,1400.0,0.00964698832784639
1000.0,-0.002826198935508728,900.0,0.0025726300831957765,750.0,0.00631372258067131,1400.0,0.00964698832784639
500.0,0.021149106323719025,900.0,0.0025726300831957765,2800.0,-0.00280856154859066,1400.0,0.00964698832784639
450.0,0.0019347071647644043,900.0,0.0025726300831957765,238.1,0.02645108848810196,1400.0,0.00964698832784639
900.0,-0.010321855545043945,900.0,0.0025726300831957765,1200.0,0.015605369582772255,1400.0,0.00964698832784639
500.0,0.01837971806526184,900.0,0.0025726300831957765,1200.0,0.02213665470480919,1400.0,0.00964698832784639
900.0,-0.010143386200070381,900.0,0.0025726300831957765,10000.0,0.00943821482360363,1400.0,0.00964698832784639
1600.0,0.003909403458237648,900.0,0.0025726300831957765,208.33,0.026257673278450966,1400.0,0.00964698832784639
300.0,0.008002988994121552,900.0,0.0025726300831957765,800.0,-0.016851764172315598,1400.0,0.00964698832784639
300.0,0.0018098540604114532,900.0,0.0025726300831957765,100.0,-0.015472866594791412,1400.0,0.00964698832784639
800.0,-0.016977183520793915,900.0,0.0025726300831957765,125.0,0.06717163324356079,1400.0,0.00964698832784639
275.59,-0.027367137372493744,900.0,0.0025726300831957765,1150.0,0.017161468043923378,1440.0,0.009662722223270283
150.0,0.004922196269035339,900.0,0.0025726300831957765,1200.0,0.004152871668338776,1500.0,0.009673777973061072
875.0,-0.015010959468781948,900.0,0.0025726300831957765,600.0,-0.01063405629247427,1500.0,0.009673777973061072
400.0,0.010657694190740585,900.0,0.0025726300831957765,800.0,-0.0007955259643495083,1500.0,0.009673777973061072
800.0,-0.010399559512734413,900.0,0.0025726300831957765,400.0,-0.013942134566605091,1500.0,0.009673777973061072
1368.0,-0.005394605919718742,900.0,0.0025726300831957765,300.0,0.010035239160060883,1500.0,0.009673777973061072
666.6666667,-0.0072341859340667725,900.0,0.0025726300831957765,349.0,-0.01142300944775343,1500.0,0.009673777973061072
1750.0,-0.008168637752532959,900.0,0.0025726300831957765,714.29,-0.01139764953404665,1500.0,0.009673777973061072
1475.0,-0.008339451625943184,900.0,0.0025726300831957765,550.0,-0.023456381633877754,1500.0,0.009673777973061072
400.0,0.015380728989839554,900.0,0.0025726300831957765,750.0,-0.03342196345329285,1500.0,0.009673777973061072
1071.428571,0.012060213834047318,925.9259259,0.0019322927010037348,800.0,-0.0037104589864611626,1500.0,0.009673777973061072
1000.0,-0.009954923763871193,940.1709402,0.0014796388466292699,750.0,-0.014258445240557194,1500.0,0.009673777973061072
680.0,0.013265609741210938,945.9459459,0.0012961585869333645,1000.0,0.010628622025251389,1500.0,0.009673777973061072
300.0,0.001848749816417694,945.95,0.0012960300496191444,277.0,-0.014836762100458145,1500.0,0.009673777973061072
952.0,-0.012536538764834404,950.0,0.001167903263187351,1600.0,0.02757851406931877,1500.0,0.009673777973061072
2800.0,0.00037699053063988686,952.0,0.0011246510419406909,1600.0,0.02849433571100235,1520.0,0.00965266208861264
750.0,0.008176788687705994,952.3809524,0.0011164509639338366,1600.0,0.02069210633635521,1560.0,0.009563217537842462
1200.0,-0.023624539375305176,960.0,0.0009551087443851056,800.0,-0.0017013264587149024,1600.0,0.009419102846562988
400.0,0.012565700337290764,960.0,0.0009551087443851056,600.0,-0.002524181269109249,1600.0,0.009419102846562988
1000.0,0.005220502614974976,960.0,0.0009551087443851056,800.0,-0.011666812002658844,1600.0,0.009419102846562988
500.0,-0.014030355960130692,960.0,0.0009551087443851056,700.0,-0.030638713389635086,1600.0,0.009419102846562988
1000.0,-0.004655158147215843,960.0,0.0009551087443851056,600.0,-0.01600462757050991,1600.0,0.009419102846562988
1700.0,-0.008357182145118713,1000.0,0.00017899639646873637,625.0,-0.009821148589253426,1600.0,0.009419102846562988
700.0,0.02349814400076866,1000.0,0.00017899639646873637,400.0,0.007415860891342163,1600.0,0.009419102846562988
375.0,0.003563523292541504,1000.0,0.00017899639646873637,824.3581251,0.01013568788766861,1600.0,0.009419102846562988
450.0,-0.0028878413140773773,1000.0,0.00017899639646873637,1100.0,0.018772898241877556,1600.0,0.009419102846562988
1455.026455,0.003333762288093567,1000.0,0.00017899639646873637,555.56,0.001428824383765459,1600.0,0.009419102846562988
777.7777778,0.011231283657252789,1000.0,0.00017899639646873637,80.0,0.024427056312561035,1600.0,0.009419102846562988
600.0,0.008066732436418533,1000.0,0.00017899639646873637,100.0,0.03018329292535782,1600.0,0.009419102846562988
960.0,-0.005825826898217201,1000.0,0.00017899639646873637,1200.0,0.001272382214665413,1600.0,0.009419102846562988
2800.0,-0.002152414992451668,1000.0,0.00017899639646873637,1400.0,0.022778885439038277,1600.0,0.009419102846562988
100.0,0.08656762540340424,1000.0,0.00017899639646873637,950.0,0.015768427401781082,1600.0,0.009419102846562988
714.0,0.0022658444941043854,1000.0,0.00017899639646873637,240.0,0.03576412424445152,1600.0,0.009419102846562988
1250.0,-0.02317057177424431,1000.0,0.00017899639646873637,1400.0,0.0072737792506814,1600.0,0.009419102846562988
600.0,0.01199752651154995,1000.0,0.00017899639646873637,1500.0,-0.0023219743743538857,1600.0,0.009419102846562988
500.0,0.02259669452905655,1000.0,0.00017899639646873637,1250.0,0.021860523149371147,1600.0,0.009419102846562988
1082.251082,0.004560846835374832,1000.0,0.00017899639646873637,1320.0,0.002967027947306633,1600.0,0.009419102846562988
800.0,0.0042639076709747314,1000.0,0.00017899639646873637,1400.0,0.007244434207677841,1600.0,0.009419102846562988
3209.48,-0.03372129052877426,1000.0,0.00017899639646873637,200.0,-0.013853136450052261,1600.0,0.009419102846562988
945.95,-0.02696622535586357,1000.0,0.00017899639646873637,1400.0,-0.00039605703204870224,1602.936678,0.009406729314727575
1000.0,-0.0021570809185504913,1000.0,0.00017899639646873637,750.0,-0.007194066420197487,1604.40489,0.009400463741434693
454.55,0.005652345716953278,1000.0,0.00017899639646873637,600.0,-0.01545676589012146,1800.0,0.008284527060269883
600.0,0.01336139440536499,1000.0,0.00017899639646873637,2600.0,-0.0009663477540016174,1800.0,0.008284527060269883
300.0,0.02263873815536499,1000.0,0.00017899639646873637,652.0,-0.027950819581747055,1800.0,0.008284527060269883
800.0,0.013839587569236755,1000.0,0.00017899639646873637,833.33,-0.017972581088542938,1800.0,0.008284527060269883
200.0,0.025425493717193604,1000.0,0.00017899639646873637,800.0,-0.0036602774634957314,1800.0,0.008284527060269883
600.0,0.021747812628746033,1000.0,0.00017899639646873637,1100.0,0.0033901510760188103,1800.0,0.008284527060269883
522.39,0.02103079855442047,1000.0,0.00017899639646873637,277.78,-0.005964627489447594,1800.0,0.008284527060269883
50.0,0.0016498323529958725,1000.0,0.00017899639646873637,800.0,0.0014553964138031006,1800.0,0.008284527060269883
400.0,0.01454634964466095,1000.0,0.00017899639646873637,250.0,-0.0010413541458547115,1800.0,0.008284527060269883
780.0,0.014994647353887558,1000.0,0.00017899639646873637,1200.0,0.006043661385774612,1800.0,0.008284527060269883
900.0,-0.005379755049943924,1000.0,0.00017899639646873637,185.19,0.027658380568027496,1800.0,0.008284527060269883
1515.151515,-0.0011054202914237976,1000.0,0.00017899639646873637,240.0,0.00694991834461689,1800.0,0.008284527060269883
700.0,0.006762135773897171,1000.0,0.00017899639646873637,1125.0,0.019097276031970978,1800.0,0.008284527060269883
1000.0,0.02288181707262993,1000.0,0.00017899639646873637,1200.0,0.009218728169798851,1800.0,0.008284527060269883
1200.0,0.015223383903503418,1000.0,0.00017899639646873637,400.0,-0.02538542076945305,1800.0,0.008284527060269883
250.0,0.019999906420707703,1000.0,0.00017899639646873637,125.295685,0.01392301358282566,1800.0,0.008284527060269883
2800.0,0.005327514838427305,1000.0,0.00017899639646873637,700.0,-0.01605893298983574,1800.0,0.008284527060269883
1200.0,-0.016510626301169395,1000.0,0.00017899639646873637,151.52,0.027885982766747475,1950.0,0.006760144840616151
300.0,0.014397114515304565,1000.0,0.00017899639646873637,500.0,0.0008739903569221497,2000.0,0.0062991233980133786
800.0,0.012015555053949356,1000.0,0.00017899639646873637,2400.0,-0.024655107408761978,2000.0,0.0062991233980133786
1500.0,-0.012400968000292778,1000.0,0.00017899639646873637,172.41,0.028957106173038483,2000.0,0.0062991233980133786
1500.0,-0.00044010579586029053,1000.0,0.00017899639646873637,600.0,-0.04747799038887024,2000.0,0.0062991233980133786
750.0,0.01054651290178299,1000.0,0.00017899639646873637,400.0,-0.01937352865934372,2000.0,0.0062991233980133786
800.0,0.0032238345593214035,1000.0,0.00017899639646873637,3000.0,0.004841642454266548,2000.0,0.0062991233980133786
800.0,-0.001499611884355545,1000.0,0.00017899639646873637,1200.0,0.01844489946961403,2000.0,0.0062991233980133786
275.59,-0.03013184294104576,1000.0,0.00017899639646873637,1800.0,0.01973731257021427,2000.0,0.0062991233980133786
731.7073171,0.010935327969491482,1000.0,0.00017899639646873637,1500.0,-0.00330363679677248,2000.0,0.0062991233980133786
402.3,0.005600434262305498,1000.0,0.00017899639646873637,2000.0,0.013640206307172775,2000.0,0.0062991233980133786
1428.571429,0.003770008683204651,1000.0,0.00017899639646873637,8.333333333,0.02200343832373619,2000.0,0.0062991233980133786
500.0,-0.018816623836755753,1000.0,0.00017899639646873637,147.06,0.028169071301817894,2000.0,0.0062991233980133786
680.0,0.019110828638076782,1014.492754,-8.189687968694768e-05,400.0,-0.01689198799431324,2000.0,0.0062991233980133786
1000.0,0.003821302205324173,1040.0,-0.0005069535675024397,150.0,0.05963753163814545,2000.0,0.0062991233980133786
1040.0,0.0017861537635326385,1040.0,-0.0005069535675024397,1400.0,0.018647421151399612,2000.0,0.0062991233980133786
1071.428571,0.008600249886512756,1040.0,-0.0005069535675024397,800.0,-0.018427401781082153,2000.0,0.0062991233980133786
1400.0,0.003321360796689987,1042.0,-0.0005383658600957052,1300.0,0.013427995145320892,2000.0,0.0062991233980133786
750.0,0.011062141507863998,1046.511628,-0.0006081193283633753,500.0,-0.021044785156846046,2000.0,0.0062991233980133786
1200.0,0.0006156004965305328,1053.8,-0.0007172000361141533,700.0,-0.01874597743153572,2000.0,0.0062991233980133786
600.0,0.02456529065966606,1060.0,-0.0008060122745385722,1400.0,0.01587252877652645,2000.0,0.0062991233980133786
500.0,0.03849497437477112,1060.0,-0.0008060122745385722,500.0,-0.03565039113163948,2000.0,0.0062991233980133786
600.0,0.011247444897890091,1060.0,-0.0008060122745385722,1400.0,0.00837448239326477,2000.0,0.0062991233980133786
375.0,0.0016982853412628174,1060.0,-0.0008060122745385722,1800.0,0.017374802380800247,2000.0,0.0062991233980133786
600.0,0.03020746260881424,1071.428571,-0.0009592102858178332,277.78,0.019144490361213684,2000.0,0.0062991233980133786
500.0,0.020887572318315506,1071.428571,-0.0009592102858178332,500.0,-0.02022138237953186,2000.0,0.0062991233980133786
1620.0,0.0038111135363578796,1082.251082,-0.0010921480208099642,119.05,0.0264597125351429,2000.0,0.0062991233980133786
800.0,0.001865934580564499,1093.75,-0.0012218289208844428,1170.0,0.0209762305021286,2000.0,0.0062991233980133786
560.0,0.031044363975524902,1100.0,-0.0012879357920684,700.0,-0.033716943114995956,2000.0,0.0062991233980133786
1000.0,0.0012322254478931427,1100.0,-0.0012879357920684,1250.0,0.01401536911725998,2138.989401,0.005299929993947416
1042.0,0.001963414251804352,1100.0,-0.0012879357920684,600.0,-0.02145284041762352,2400.0,0.0040286325157737075
3000.0,-0.01092105358839035,1100.0,-0.0012879357920684,1049.275485,0.011574763804674149,2400.0,0.0040286325157737075
300.0,0.02674858272075653,1100.0,-0.0012879357920684,1300.0,0.033243387937545776,2400.0,0.0040286325157737075
500.0,0.019745003432035446,1100.0,-0.0012879357920684,250.45206,0.009970503859221935,2400.0,0.0040286325157737075
600.0,0.014610789716243744,1100.0,-0.0012879357920684,600.0,-0.022175628691911697,2400.0,0.0040286325157737075
1200.0,0.011355485767126083,1100.0,-0.0012879357920684,199.72005,0.01658407412469387,2400.0,0.0040286325157737075
500.0,0.0226811021566391,1100.0,-0.0012879357920684,1200.0,-0.00038287416100502014,2500.0,0.0036794418418351696
600.0,0.01977694407105446,1100.0,-0.0012879357920684,600.0,-0.03244413807988167,2600.0,0.0033931122414283237
500.0,0.014886125922203064,1100.0,-0.0012879357920684,2000.0,0.017810527235269547,2800.0,0.0028751240298207454
450.0,0.0039819832891225815,1100.0,-0.0012879357920684,933.0,0.007224429398775101,3000.0,0.002446404878148177
500.0,0.012295125052332878,1100.0,-0.0012879357920684,312.5,0.022184649482369423,3000.0,0.002446404878148177
1300.0,-0.018896102905273438,1100.0,-0.0012879357920684,1000.0,-0.019604017958045006,3000.0,0.002446404878148177
1600.0,-0.0021443217992782593,1100.0,-0.0012879357920684,800.0,-0.026929907500743866,3000.0,0.002446404878148177
890.52,-0.010260927490890026,1180.0,-0.002095915235985463,1600.0,0.020328974351286888,3000.0,0.002446404878148177
600.0,0.0286601260304451,1180.0,-0.002095915235985463,1800.0,-0.004956778138875961,3000.0,0.002446404878148177
238.1,-0.029904786497354507,1180.0,-0.002095915235985463,1200.0,0.021185077726840973,3200.0,0.002178990602494671
375.0,0.008823126554489136,1180.0,-0.002095915235985463,1125.0,0.02133571170270443,3250.0,0.0021216862830825945
800.0,-0.0008705072104930878,1180.0,-0.002095915235985463,1200.0,0.004219885915517807,3400.0,0.0019523876414008264
2050.0,-0.02191131003201008,1180.0,-0.002095915235985463,918.5922967,0.0012606224045157433,3600.0,0.0017199734789997445
500.0,-0.008192777633666992,1190.47619,-0.002131932882958512,700.0,-0.01321041863411665,3900.0,0.0013683244400062463
2050.0,-0.002269541844725609,1190.47619,-0.002131932882958512,814.0,0.011744596064090729,4200.0,0.0010534682882010118
663.0,-0.011153707280755043,1190.47619,-0.002131932882958512,600.0,-0.03386455401778221,5000.0,0.000558670286050707
400.0,0.02933395653963089,1200.0,-0.0022098539541071916,402.7796176,-0.025601301342248917,10000.0,0.008483992035814389
870.0,0.0004795640707015991,1200.0,-0.0022098539541071916,,,,
600.0,0.033047132194042206,1200.0,-0.0022098539541071916,,,,
1000.0,0.00931008905172348,1200.0,-0.0022098539541071916,,,,
600.0,0.018520470708608627,1200.0,-0.0022098539541071916,,,,
700.0,0.01071884110569954,1200.0,-0.0022098539541071916,,,,
1000.0,0.0029013268649578094,1200.0,-0.0022098539541071916,,,,
1300.0,0.006786087527871132,1200.0,-0.0022098539541071916,,,,
2000.0,-0.01610121876001358,1200.0,-0.0022098539541071916,,,,
600.0,-0.0007181018590927124,1200.0,-0.0022098539541071916,,,,
209.58,-0.029866989701986313,1200.0,-0.0022098539541071916,,,,
2333.333333,-0.03254707157611847,1200.0,-0.0022098539541071916,,,,
500.0,0.02333872579038143,1200.0,-0.0022098539541071916,,,,
598.2905983,0.00696694478392601,1200.0,-0.0022098539541071916,,,,
1200.0,-0.022843044251203537,1200.0,-0.0022098539541071916,,,,
250.0,-0.03310711309313774,1200.0,-0.0022098539541071916,,,,
400.0,0.014652319252490997,1200.0,-0.0022098539541071916,,,,
1000.0,0.006209239363670349,1200.0,-0.0022098539541071916,,,,
1667.0,-0.009395603090524673,1200.0,-0.0022098539541071916,,,,
1400.0,0.0013360530138015747,1200.0,-0.0022098539541071916,,,,
222.93,-0.028974391520023346,1200.0,-0.0022098539541071916,,,,
1900.0,0.016773831099271774,1200.0,-0.0022098539541071916,,,,
1920.0,0.017174698412418365,1200.0,-0.0022098539541071916,,,,
1322.751323,-0.00296097993850708,1200.0,-0.0022098539541071916,,,,
1488.095238,0.0015531182289123535,1200.0,-0.0022098539541071916,,,,
246.48,-0.029335616156458855,1200.0,-0.0022098539541071916,,,,
500.0,0.023832935839891434,1200.0,-0.0022098539541071916,,,,
700.0,0.009265489876270294,1200.0,-0.0022098539541071916,,,,
600.0,0.019222497940063477,1200.0,-0.0022098539541071916,,,,
426.83,0.011774981394410133,1200.0,-0.0022098539541071916,,,,
800.0,0.011534322053194046,1200.0,-0.0022098539541071916,,,,
300.0,0.004954280331730843,1200.0,-0.0022098539541071916,,,,
250.0,0.00929020345211029,1200.0,-0.0022098539541071916,,,,
600.0,0.0025896430015563965,1200.0,-0.0022098539541071916,,,,
700.0,0.023946654051542282,1200.0,-0.0022098539541071916,,,,
350.0,0.009702160954475403,1200.0,-0.0022098539541071916,,,,
750.0,0.01064535602927208,1200.0,-0.0022098539541071916,,,,
800.0,0.007279537618160248,1200.0,-0.0022098539541071916,,,,
900.0,0.007942043244838715,1216.216216,-0.0023746649607530646,,,,
2200.0,0.01844141259789467,1250.0,-0.002449446825223963,,,,
1200.0,-0.006863701622933149,1250.0,-0.002449446825223963,,,,
1250.0,-0.018659718334674835,1250.0,-0.002449446825223963,,,,
522.39,0.017325352877378464,1250.0,-0.002449446825223963,,,,
1400.0,-0.004061784595251083,1250.0,-0.002449446825223963,,,,
1400.0,-0.0010996311902999878,1250.0,-0.002449446825223963,,,,
560.0,0.02765411138534546,1250.0,-0.002449446825223963,,,,
2100.0,0.018131768330931664,1250.0,-0.002449446825223963,,,,
500.0,0.012739673256874084,1250.0,-0.002449446825223963,,,,
1836.734694,-0.05388975888490677,1279.069767,-0.0023635681688314136,,,,
1406.926407,-0.0023063160479068756,1298.701299,-0.0022578393603871136,,,,
400.0,0.058939386159181595,1300.0,-0.002249779797155651,,,,
400.0,0.012535780668258667,1300.0,-0.002249779797155651,,,,
100.0,-0.038269441574811935,1300.0,-0.002249779797155651,,,,
800.0,0.012779425829648972,1300.0,-0.002249779797155651,,,,
2400.0,0.02138369344174862,1300.0,-0.002249779797155651,,,,
800.0,0.012845490127801895,1300.0,-0.002249779797155651,,,,
200.0,0.0038431845605373383,1300.0,-0.002249779797155651,,,,
300.0,-0.025250576436519623,1300.0,-0.002249779797155651,,,,
300.0,0.02176709473133087,1300.0,-0.002249779797155651,,,,
1000.0,0.006568394601345062,1300.0,-0.002249779797155651,,,,
200.0,0.046873003244400024,1304.347826,-0.0022220004091839086,,,,
800.0,-0.007202310021966696,1309.52381,-0.0021874381459652745,,,,
1547.619048,0.0030469410121440887,1309.52381,-0.0021874381459652745,,,,
541.1255411,0.018040303140878677,1322.751323,-0.00209298183276873,,,,
700.0,0.015331760048866272,1339.285714,-0.0019664285813388513,,,,
800.0,0.0007742270827293396,1368.0,-0.0017366683290461961,,,,
560.0,0.030355844646692276,1368.0,-0.0017366683290461961,,,,
1940.0,0.019442912191152573,1368.0,-0.0017366683290461961,,,,
500.0,0.02033340558409691,1368.0,-0.0017366683290461961,,,,
1000.0,-0.0015133004635572433,1372.54902,-0.0016988758493164861,,,,
145.0,0.02188032865524292,1400.0,-0.0014596461743740772,,,,
800.0,-0.022550299763679504,1400.0,-0.0014596461743740772,,,,
327.1,-0.01309000514447689,1400.0,-0.0014596461743740772,,,,
400.0,0.030132651329040527,1400.0,-0.0014596461743740772,,,,
165.09,-0.032473791390657425,1400.0,-0.0014596461743740772,,,,
1000.0,0.010871391743421555,1400.0,-0.0014596461743740772,,,,
1000.0,0.013786735013127327,1400.0,-0.0014596461743740772,,,,
2000.0,0.02125059813261032,1400.0,-0.0014596461743740772,,,,
400.0,0.015476085245609283,1400.0,-0.0014596461743740772,,,,
1700.0,0.0017477143555879593,1400.0,-0.0014596461743740772,,,,
231.3834536,-0.001299303025007248,1400.0,-0.0014596461743740772,,,,
800.0,-0.003584042191505432,1400.0,-0.0014596461743740772,,,,
673.08,0.0081515833735466,1400.0,-0.0014596461743740772,,,,
1309.52381,-0.0016859769821166992,1406.926407,-0.0013966243511775063,,,,
300.0,0.008277498185634613,1428.571429,-0.0011935417544331887,,,,
1200.0,-0.015883035957813263,1455.026455,-0.0009364014463797397,,,,
666.6666667,0.0019392520189285278,1475.0,-0.0007388576329713611,,,,
300.0,0.027060791850090027,1488.095238,-0.0006079767492700774,,,,
2200.0,0.02287672832608223,1500.0,-0.0004883292372489498,,,,
600.0,0.0007016705349087715,1500.0,-0.0004883292372489498,,,,
200.0,-0.00569575559347868,1500.0,-0.0004883292372489498,,,,
800.0,-0.009946283884346485,1500.0,-0.0004883292372489498,,,,
400.0,-0.0022684987634420395,1500.0,-0.0004883292372489498,,,,
700.0,-0.0012932820245623589,1500.0,-0.0004883292372489498,,,,
1000.0,-0.012205264531075954,1500.0,-0.0004883292372489498,,,,
900.0,-0.007113149389624596,1500.0,-0.0004883292372489498,,,,
800.0,0.01591072976589203,1500.0,-0.0004883292372489498,,,,
1680.0,-0.001424551010131836,1500.0,-0.0004883292372489498,,,,
200.0,-0.010152291506528854,1500.0,-0.0004883292372489498,,,,
1500.0,-0.006426439620554447,1500.0,-0.0004883292372489498,,,,
725.0,-0.01288683246821165,1500.0,-0.0004883292372489498,,,,
945.9459459,0.017091963440179825,1500.0,-0.0004883292372489498,,,,
1060.0,-0.010559920221567154,1500.0,-0.0004883292372489498,,,,
1929.824561,-0.05467648431658745,1500.0,-0.0004883292372489498,,,,
1180.0,-0.0067130196839571,1500.0,-0.0004883292372489498,,,,
600.0,0.05212073028087616,1500.0,-0.0004883292372489498,,,,
400.0,0.012537814676761627,1515.151515,-0.0003354416659276999,,,,
1300.0,0.010487919673323631,1521.73913,-0.0002687456336567161,,,,
300.0,0.009249601513147354,1547.619048,-5.5724661003344695e-06,,,,
800.0,0.010238651186227798,1600.0,0.0005261855103874126,,,,
1940.0,0.021995365619659424,1600.0,0.0005261855103874126,,,,
1372.54902,0.001644223928451538,1600.0,0.0005261855103874126,,,,
1000.0,0.013653282076120377,1600.0,0.0005261855103874126,,,,
739.5,0.013439293950796127,1600.0,0.0005261855103874126,,,,
250.0,-0.0038023628294467926,1600.0,0.0005261855103874126,,,,
300.0,0.008002713322639465,1600.0,0.0005261855103874126,,,,
300.0,-0.007101476192474365,1600.0,0.0005261855103874126,,,,
1000.0,-0.0036083832383155823,1601.731602,0.0005435586734409658,,,,
500.0,0.02252691052854061,1620.0,0.0007255285589102523,,,,
800.0,-0.005979990586638451,1666.666667,0.0011771871969751225,,,,
564.52,0.0158646609634161,1666.666667,0.0011771871969751225,,,,
500.0,0.01060456782579422,1667.0,0.0011803282944708006,,,,
230.26,-0.029249565675854683,1680.0,0.0013014831088373736,,,,
380.43,-0.012263195589184761,1680.0,0.0013014831088373736,,,,
400.0,0.02135186642408371,1680.0,0.0013014831088373736,,,,
100.0,0.031144961714744568,1680.0,0.0013014831088373736,,,,
350.0,0.016286972910165787,1680.0,0.0013014831088373736,,,,
1900.0,0.015183813869953156,1680.0,0.0013014831088373736,,,,
800.0,0.00299815833568573,1680.0,0.0013014831088373736,,,,
750.0,0.018099946901202202,1700.0,0.0014819981925636215,,,,
725.0,-0.014331142418086529,1700.0,0.0014819981925636215,,,,
1250.0,-0.0329076424241066,1700.0,0.0014819981925636215,,,,
500.0,0.014561362564563751,1700.0,0.0014819981925636215,,,,
1000.0,-0.00821295753121376,1700.0,0.0014819981925636215,,,,
800.0,0.009074289351701736,1750.0,0.0018966728017980146,,,,
300.0,-0.01958446390926838,1750.0,0.0018966728017980146,,,,
1601.731602,-0.006023203954100609,1750.0,0.0018966728017980146,,,,
590.0,0.023856595158576965,1750.0,0.0018966728017980146,,,,
1934.52381,0.005840640515089035,1761.904762,0.0019873742575678946,,,,
739.5,-0.012014633044600487,1785.714286,0.0021563499059480936,,,,
380.43,-0.00981544703245163,1800.0,0.0022484628847807796,,,,
952.3809524,0.011940918862819672,1800.0,0.0022484628847807796,,,,
600.0,0.009531766176223755,1800.0,0.0022484628847807796,,,,
1100.0,0.0016827508807182312,1800.0,0.0022484628847807796,,,,
793.6507937,0.015369847416877747,1800.0,0.0022484628847807796,,,,
2300.0,0.016693592071533203,1800.0,0.0022484628847807796,,,,
1309.52381,0.000465909019112587,1800.0,0.0022484628847807796,,,,
800.0,-0.005444595590233803,1800.0,0.0022484628847807796,,,,
700.0,0.01003870740532875,1836.734694,0.0024525635775578007,,,,
200.0,-0.004406718537211418,1851.851852,0.0025239610371548754,,,,
300.0,0.00879708118736744,1900.0,0.0027057428647437242,,,,
1250.0,-0.01804272085428238,1900.0,0.0027057428647437242,,,,
1100.0,-0.0056854188442230225,1920.0,0.002759220611464806,,,,
500.0,0.02187040075659752,1929.824561,0.0027810152463329818,,,,
900.0,-0.0030549317598342896,1934.52381,0.002790466242710176,,,,
1180.0,-0.006388004869222641,1940.0,0.0028007222606027614,,,,
1250.0,-0.013583453372120857,1940.0,0.0028007222606027614,,,,
200.0,0.00461215153336525,1940.0,0.0028007222606027614,,,,
1200.0,-0.003769896924495697,1940.0,0.0028007222606027614,,,,
750.0,0.018975425511598587,1940.0,0.0028007222606027614,,,,
1750.0,-0.012630889192223549,1940.0,0.0028007222606027614,,,,
600.0,0.011150926351547241,2000.0,0.002865748780423956,,,,
560.0,0.024313554167747498,2000.0,0.002865748780423956,,,,
700.0,0.015525728464126587,2000.0,0.002865748780423956,,,,
800.0,0.013296160846948624,2000.0,0.002865748780423956,,,,
169.08,-0.03346492350101471,2000.0,0.002865748780423956,,,,
900.0,0.005986656993627548,2000.0,0.002865748780423956,,,,
1200.0,0.0005535557866096497,2000.0,0.002865748780423956,,,,
2000.0,0.013795891776680946,2050.0,0.0028652350074032094,,,,
100.0,-0.021149497479200363,2050.0,0.0028652350074032094,,,,
500.0,0.021300826221704483,2050.0,0.0028652350074032094,,,,
1200.0,-0.019867394119501114,2050.0,0.0028652350074032094,,,,
900.0,0.0003900192677974701,2083.333333,0.0028474156685032383,,,,
729.1666667,0.012565704062581062,2100.0,0.0028354262606995933,,,,
500.0,-0.009865619242191315,2200.0,0.0027538530652764853,,,,
500.0,0.024518396705389023,2200.0,0.0027538530652764853,,,,
800.0,0.012612517923116684,2200.0,0.0027538530652764853,,,,
1100.0,-0.0026373453438282013,2200.0,0.0027538530652764853,,,,
800.0,0.002495918422937393,2200.0,0.0027538530652764853,,,,
800.0,0.01390865072607994,2200.0,0.0027538530652764853,,,,
960.0,0.004439216107130051,2202.380952,0.002752103191912456,,,,
1000.0,-0.0033159018494188786,2300.0,0.002699189644466395,,,,
900.0,-0.008005939424037933,2300.0,0.002699189644466395,,,,
200.0,-0.029508598148822784,2333.333333,0.0026853507480551673,,,,
500.0,0.0031393859535455704,2391.304348,0.002659258432468661,,,,
550.0,-0.004975904710590839,2400.0,0.0026550109336396905,,,,
870.0,0.0005613192915916443,2400.0,0.0026550109336396905,,,,
500.0,0.0005563050508499146,2500.0,0.0025999861260001737,,,,
250.0,-0.007393192499876022,2600.0,0.002535792395418562,,,,
750.0,0.015616562217473984,2600.0,0.002535792395418562,,,,
2000.0,0.007057948037981987,2620.0,0.0025220095348995023,,,,
1600.0,0.006335146725177765,2800.0,0.0023806880770281783,,,,
1200.0,-0.02267826348543167,2800.0,0.0023806880770281783,,,,
299.15,-0.029868854209780693,2800.0,0.0023806880770281783,,,,
1040.0,-0.005042843520641327,2800.0,0.0023806880770281783,,,,
500.0,0.019827181473374367,2800.0,0.0023806880770281783,,,,
500.0,0.022720251232385635,2880.0,0.0023033206418419192,,,,
2200.0,0.014122353866696358,3000.0,0.002160968777024378,,,,
197.74,-0.03249259665608406,3000.0,0.002160968777024378,,,,
400.0,0.015863407403230667,3000.0,0.002160968777024378,,,,
900.0,-0.007031947374343872,3209.48,0.0018096310983739122,,,,
1800.0,0.012340208515524864,3209.48,0.0018096310983739122,,,,
200.0,-0.018877379596233368,3209.48,0.0018096310983739122,,,,
800.0,0.01894513890147209,3400.0,0.0013595854121241796,,,,
1250.0,-0.009460236877202988,4000.0,-0.0007957561076559867,,,,
