thermal conductivity (W/mK),shap,lowess thermal conductivity (W/mK),lowess shap
221.087264,-0.04003041982650757,5.3,0.04339964178653553
9.8,0.04346102848649025,5.3,0.04339964178653553
5.3,0.0637974962592125,5.3,0.04339964178653553
146.0,-0.08498527109622955,5.3,0.04339964178653553
9.8,0.05156295746564865,5.3,0.04339964178653553
9.8,0.044158097356557846,5.3,0.04339964178653553
320.0,-0.0607699416577816,5.3,0.04339964178653553
72.7,-0.06821522116661072,5.3,0.04339964178653553
9.8,0.03276729956269264,5.3,0.04339964178653553
7.1,0.023188544437289238,5.3,0.04339964178653553
42.5,-0.007196264341473579,5.3,0.04339964178653553
6.7,0.05592883750796318,5.3,0.04339964178653553
52.0,-0.00022049038670957088,5.3,0.04339964178653553
146.0,-0.07857929915189743,5.3,0.04339964178653553
21.4,0.006900148466229439,5.3,0.04339964178653553
204.960688,-0.09000936895608902,5.3,0.04339964178653553
11.6,0.022402925416827202,5.3,0.04339964178653553
51.3,0.0005885323043912649,5.3,0.04339964178653553
52.0,0.007491506636142731,5.3,0.04339964178653553
9.8,0.05256521701812744,5.3,0.04339964178653553
385.0,-0.0851769745349884,5.3,0.04339964178653553
13.8,0.025625724345445633,5.3,0.04339964178653553
21.4,0.003609423991292715,5.3,0.04339964178653553
151.0,-0.05741249397397041,5.3,0.04339964178653553
72.7,-0.01587502285838127,5.3,0.04339964178653553
11.6,0.04100419953465462,6.7,0.041150251571107875
21.4,-0.002938979770988226,6.7,0.041150251571107875
9.8,0.0474717952311039,6.7,0.041150251571107875
6.7,0.03170144557952881,6.7,0.041150251571107875
21.4,-0.012732276692986488,6.7,0.041150251571107875
72.7,-0.02135404944419861,6.7,0.041150251571107875
21.4,0.0161366555839777,6.7,0.041150251571107875
6.7,0.0827903226017952,6.7,0.041150251571107875
21.4,-0.020494408905506134,6.7,0.041150251571107875
6.7,0.030832163989543915,6.7,0.041150251571107875
5.3,0.03364773094654083,6.7,0.041150251571107875
170.0,-0.06366302073001862,6.7,0.041150251571107875
42.5,-0.005875439383089542,6.7,0.041150251571107875
21.4,0.005339222960174084,6.7,0.041150251571107875
11.6,0.04613246023654938,6.7,0.041150251571107875
21.4,-0.00626059714704752,6.7,0.041150251571107875
9.8,0.04840186983346939,6.7,0.041150251571107875
21.4,0.000703851692378521,6.7,0.041150251571107875
72.7,-0.02115386351943016,6.7,0.041150251571107875
21.4,-0.02126806229352951,6.7,0.041150251571107875
11.4,0.04616933315992355,6.7,0.041150251571107875
9.4,0.0851980522274971,6.7,0.041150251571107875
7.2,0.0385463573038578,6.7,0.041150251571107875
51.3,-0.03692035377025604,6.7,0.041150251571107875
5.3,0.03133895620703697,6.7,0.041150251571107875
72.7,-0.012476533651351929,6.7,0.041150251571107875
236.0,-0.07120396941900253,6.7,0.041150251571107875
151.0,-0.07954347878694534,6.7,0.041150251571107875
9.8,0.04475237429141998,6.7,0.041150251571107875
35.73,0.02072681486606598,6.7,0.041150251571107875
6.7,0.030793756246566772,6.7,0.041150251571107875
9.8,0.02859535813331604,6.7,0.041150251571107875
11.4,0.045675188302993774,6.7,0.041150251571107875
6.7,0.0446428582072258,6.7,0.041150251571107875
21.4,-0.011815270408987999,6.7,0.041150251571107875
42.5,-0.004710531793534756,6.7,0.041150251571107875
6.7,0.06520450115203857,6.7,0.041150251571107875
65.2,-0.027253227308392525,6.7,0.041150251571107875
72.7,-0.022866586223244667,6.7,0.041150251571107875
19.6648,-0.007869524881243706,6.7,0.041150251571107875
13.8,0.0358029380440712,6.7,0.041150251571107875
146.0,-0.09281431138515472,6.7,0.041150251571107875
6.7,0.03739309310913086,6.7,0.041150251571107875
21.4,0.00205963384360075,6.7,0.041150251571107875
9.4,0.015550853684544563,6.7,0.041150251571107875
6.7,0.031606290489435196,6.7,0.041150251571107875
6.7,0.038813695311546326,6.7,0.041150251571107875
21.4,-0.00018615275621414185,6.7,0.041150251571107875
6.7,0.03516562655568123,6.7,0.041150251571107875
151.0,-0.08709557354450226,6.7,0.041150251571107875
42.5,0.012619145214557648,6.7,0.041150251571107875
21.4,-0.020736606791615486,6.7,0.041150251571107875
170.0,-0.0692848339676857,6.7,0.041150251571107875
385.0,-0.09604495763778687,6.7,0.041150251571107875
6.7,0.0536855086684227,6.7,0.041150251571107875
146.0,-0.07097332179546356,6.7,0.041150251571107875
146.0,-0.05804623290896416,6.7,0.041150251571107875
6.7,0.03291185945272446,6.7,0.041150251571107875
120.0,-0.04595445096492767,6.7,0.041150251571107875
146.0,-0.041071124374866486,6.7,0.041150251571107875
51.3,-0.024060510098934174,6.7,0.041150251571107875
320.0,-0.07934758067131042,6.7,0.041150251571107875
320.0,-0.08698639273643494,6.7,0.041150251571107875
21.4,0.022146187722682953,6.7,0.041150251571107875
385.0,-0.07064418494701385,6.7,0.041150251571107875
21.4,0.006520338822156191,6.7,0.041150251571107875
51.3,-0.04107067734003067,6.7,0.041150251571107875
320.0,-0.05592010170221329,6.7,0.041150251571107875
9.8,0.03984601050615311,6.7,0.041150251571107875
50.0,-0.017062261700630188,6.7,0.041150251571107875
6.7,0.04807734489440918,6.7,0.041150251571107875
7.2,0.08217788487672806,6.7,0.041150251571107875
50.0,0.014122151769697666,6.7,0.041150251571107875
21.4,0.010391335003077984,6.7,0.041150251571107875
15.2,0.04224422201514244,6.7,0.041150251571107875
121.0,-0.05786856263875961,6.7,0.041150251571107875
320.0,-0.0490606315433979,6.7,0.041150251571107875
52.0,-0.014543947763741016,6.7,0.041150251571107875
11.6,0.055228665471076965,6.7,0.041150251571107875
21.4,-0.01148821972310543,6.7,0.041150251571107875
130.0,-0.0682682991027832,6.7,0.041150251571107875
6.7,0.0190800242125988,6.7,0.041150251571107875
220.424528,-0.0400594137609005,6.7,0.041150251571107875
42.5,-0.012354782782495022,6.7,0.041150251571107875
146.0,-0.05522307753562927,6.7,0.041150251571107875
9.8,0.04793005809187889,6.7,0.041150251571107875
11.6,0.027446847409009933,6.7,0.041150251571107875
21.4,0.005345316603779793,6.7,0.041150251571107875
130.0,-0.06583668291568756,6.7,0.041150251571107875
11.4,0.04646319895982742,6.7,0.041150251571107875
117.0,-0.020257364958524704,6.7,0.041150251571107875
11.4,0.047229234129190445,6.7,0.041150251571107875
21.4,-0.02597515471279621,6.7,0.041150251571107875
11.6,0.0811881572008133,6.7,0.041150251571107875
6.7,0.027814548462629318,6.7,0.041150251571107875
51.3,0.0011290257098153234,6.7,0.041150251571107875
70.0,0.022807307541370392,6.7,0.041150251571107875
385.0,-0.08687714487314224,6.7,0.041150251571107875
11.4,0.03593271225690842,6.7,0.041150251571107875
29.62,0.0020040771923959255,6.7,0.041150251571107875
15.2,0.029790889471769333,6.7,0.041150251571107875
385.0,-0.08061704784631729,6.7,0.041150251571107875
11.6,0.01707318425178528,6.7,0.041150251571107875
9.8,0.04682409390807152,6.7,0.041150251571107875
146.0,-0.039501894265413284,6.7,0.041150251571107875
6.7,0.06170240789651871,6.7,0.041150251571107875
21.4,-0.012052392587065697,6.7,0.041150251571107875
15.8,0.02502594329416752,6.7,0.041150251571107875
151.0,-0.06384800374507904,6.7,0.041150251571107875
6.7,0.05562467873096466,6.7,0.041150251571107875
70.0,0.013354617170989513,6.7,0.041150251571107875
35.73,0.006143622100353241,6.7,0.041150251571107875
11.6,0.03292427211999893,6.7,0.041150251571107875
11.6,0.05267772823572159,6.7,0.041150251571107875
151.0,-0.08729495108127594,6.7,0.041150251571107875
21.4,0.014802064746618271,6.7,0.041150251571107875
72.7,-0.017848890274763107,6.7,0.041150251571107875
385.0,-0.08005806803703308,6.7,0.041150251571107875
21.4,0.009061137214303017,6.7,0.041150251571107875
51.3,-0.01809271238744259,6.7,0.041150251571107875
21.4,0.008419161662459373,6.7,0.041150251571107875
130.0,-0.06413105130195618,6.7,0.041150251571107875
21.4,-0.011845588684082031,6.7,0.041150251571107875
13.8,0.042154327034950256,6.7,0.041150251571107875
9.8,0.049767687916755676,6.7,0.041150251571107875
146.0,-0.0582825243473053,6.7,0.041150251571107875
385.0,-0.08256720006465912,6.7,0.041150251571107875
320.0,-0.0702446848154068,6.7,0.041150251571107875
42.5,0.007837632670998573,6.7,0.041150251571107875
7.7,0.037470050156116486,6.7,0.041150251571107875
385.0,-0.0753655731678009,6.7,0.041150251571107875
385.0,-0.07557767629623413,6.7,0.041150251571107875
9.8,0.06803624331951141,6.7,0.041150251571107875
21.4,0.0068714129738509655,6.7,0.041150251571107875
11.4,0.07262396812438965,6.7,0.041150251571107875
216.434305,-0.05806299299001694,6.7,0.041150251571107875
146.0,-0.07925742864608765,6.7,0.041150251571107875
11.6,0.04476770758628845,6.7,0.041150251571107875
70.4,-0.01490189041942358,6.7,0.041150251571107875
11.4,0.05199594795703888,6.7,0.041150251571107875
72.7,-0.027057988569140434,6.7,0.041150251571107875
6.7,0.031218059360980988,6.7,0.041150251571107875
151.0,-0.07106795907020569,6.7,0.041150251571107875
21.4,0.0033944379538297653,6.7,0.041150251571107875
11.4,0.02262505330145359,6.7,0.041150251571107875
21.4,0.007747287396341562,6.7,0.041150251571107875
6.7,0.034206122159957886,6.7,0.041150251571107875
9.8,0.0401943102478981,6.7,0.041150251571107875
146.0,-0.055136483162641525,6.7,0.041150251571107875
6.7,0.021062375977635384,6.7,0.041150251571107875
120.0,-0.048662349581718445,6.7,0.041150251571107875
15.8,0.0450458824634552,6.7,0.041150251571107875
21.4,-0.00819278135895729,6.7,0.041150251571107875
21.4,-0.011882689781486988,6.7,0.041150251571107875
21.4,0.00987511221319437,6.7,0.041150251571107875
21.4,0.006600921042263508,6.7,0.041150251571107875
21.4,0.007943092845380306,6.7,0.041150251571107875
146.0,-0.09334847331047058,6.7,0.041150251571107875
51.3,0.005265578627586365,6.7,0.041150251571107875
6.7,0.08345149457454681,6.7,0.041150251571107875
15.8,0.044060152024030685,6.7,0.041150251571107875
9.8,0.04446311295032501,6.7,0.041150251571107875
146.0,-0.08366265892982483,6.7,0.041150251571107875
11.4,0.04285320267081261,6.7,0.041150251571107875
21.4,-0.006991548463702202,6.7,0.041150251571107875
170.0,-0.07000625133514404,6.7,0.041150251571107875
42.5,-0.025469470769166946,6.7,0.041150251571107875
42.5,-0.017355941236019135,6.7,0.041150251571107875
9.8,0.058844901621341705,6.7,0.041150251571107875
9.8,0.052170656621456146,6.7,0.041150251571107875
385.0,-0.0885452851653099,6.7,0.041150251571107875
51.3,-0.0021252245642244816,6.7,0.041150251571107875
9.4,0.027939382940530777,6.7,0.041150251571107875
15.2,0.08318187296390533,7.1,0.04051236842917271
21.4,0.006642742548137903,7.1,0.04051236842917271
170.0,-0.0889253169298172,7.1,0.04051236842917271
21.4,0.029107190668582916,7.1,0.04051236842917271
42.5,-0.006524743512272835,7.1,0.04051236842917271
146.0,-0.07170960307121277,7.2,0.04035323855768656
146.0,-0.09158444404602051,7.2,0.04035323855768656
6.7,0.046419866383075714,7.2,0.04035323855768656
167.0,-0.08693832159042358,7.2,0.04035323855768656
21.4,-0.007007570005953312,7.2,0.04035323855768656
29.62,0.01939985528588295,7.2,0.04035323855768656
320.0,-0.07868760824203491,7.2,0.04035323855768656
6.7,0.034055162221193314,7.2,0.04035323855768656
50.0,-0.013763412833213806,7.2,0.04035323855768656
21.4,0.020018868148326874,7.2,0.04035323855768656
7.2,0.02340622991323471,7.2,0.04035323855768656
385.0,-0.08041150867938995,7.2,0.04035323855768656
21.4,-0.004641206469386816,7.2,0.04035323855768656
121.0,-0.0574580617249012,7.2,0.04035323855768656
125.0,-0.08553145825862885,7.2,0.04035323855768656
42.5,0.0045110685750842094,7.2,0.04035323855768656
6.7,0.06681440025568008,7.2,0.04035323855768656
146.0,-0.054434120655059814,7.2,0.04035323855768656
72.7,-0.05498548597097397,7.2,0.04035323855768656
11.6,0.039470281451940536,7.7,0.0395596569297304
117.0,-0.04781400412321091,7.7,0.0395596569297304
21.4,0.013857624493539333,7.7,0.0395596569297304
72.7,-0.06688389182090759,7.7,0.0395596569297304
7.2,0.050840795040130615,7.7,0.0395596569297304
385.0,-0.10047217458486557,7.7,0.0395596569297304
50.0,-0.015987351536750793,7.7,0.0395596569297304
11.6,0.03670668974518776,7.7,0.0395596569297304
120.0,-0.04606685787439346,7.7,0.0395596569297304
13.0,0.057765375822782516,7.7,0.0395596569297304
11.6,0.045361731201410294,9.4,0.03688788748770046
13.8,0.04833636060357094,9.4,0.03688788748770046
11.4,0.05058176815509796,9.4,0.03688788748770046
6.7,0.03304465115070343,9.4,0.03688788748770046
146.0,-0.053795136511325836,9.4,0.03688788748770046
167.0,-0.06213173642754555,9.4,0.03688788748770046
42.5,-0.008782879449427128,9.4,0.03688788748770046
6.7,0.036406099796295166,9.4,0.03688788748770046
11.4,0.06773737818002701,9.4,0.03688788748770046
21.4,0.012079180218279362,9.4,0.03688788748770046
6.7,0.04795270040631294,9.4,0.03688788748770046
15.8,0.03461195528507233,9.4,0.03688788748770046
50.0,-0.017604056745767593,9.4,0.03688788748770046
9.8,0.04822045564651489,9.4,0.03688788748770046
236.0,-0.0742807388305664,9.4,0.03688788748770046
11.4,0.07987479865550995,9.4,0.03688788748770046
385.0,-0.07488273084163666,9.4,0.03688788748770046
9.8,0.05062096565961838,9.4,0.03688788748770046
6.7,0.04297446459531784,9.4,0.03688788748770046
35.73,-0.024935340508818626,9.4,0.03688788748770046
15.8,0.043870020657777786,9.4,0.03688788748770046
42.5,-0.00321222934871912,9.4,0.03688788748770046
11.4,0.048671312630176544,9.4,0.03688788748770046
51.3,0.025511126965284348,9.4,0.03688788748770046
21.4,0.011411893181502819,9.8,0.036265326744599126
51.3,0.009905161336064339,9.8,0.036265326744599126
146.0,-0.07185214012861252,9.8,0.036265326744599126
6.7,0.056764550507068634,9.8,0.036265326744599126
7.1,0.023854244500398636,9.8,0.036265326744599126
130.0,-0.06654500216245651,9.8,0.036265326744599126
320.0,-0.06762447953224182,9.8,0.036265326744599126
29.62,-0.0013445306103676558,9.8,0.036265326744599126
130.0,-0.0640234500169754,9.8,0.036265326744599126
21.4,-0.0065183076076209545,9.8,0.036265326744599126
21.4,0.00442391587421298,9.8,0.036265326744599126
52.0,-0.008051564916968346,9.8,0.036265326744599126
6.7,0.0675911232829094,9.8,0.036265326744599126
42.5,0.006904567591845989,9.8,0.036265326744599126
6.7,0.029061980545520782,9.8,0.036265326744599126
6.7,0.033472247421741486,9.8,0.036265326744599126
21.4,-0.00835602916777134,9.8,0.036265326744599126
170.0,-0.07134170085191727,9.8,0.036265326744599126
385.0,-0.08017151057720184,9.8,0.036265326744599126
6.7,0.030994873493909836,9.8,0.036265326744599126
9.8,0.046836335211992264,9.8,0.036265326744599126
320.0,-0.07151532173156738,9.8,0.036265326744599126
42.5,-0.004953330382704735,9.8,0.036265326744599126
150.0,-0.052856575697660446,9.8,0.036265326744599126
21.4,0.006987878121435642,9.8,0.036265326744599126
65.2,-0.025185056030750275,9.8,0.036265326744599126
170.0,-0.0750407949090004,9.8,0.036265326744599126
6.7,0.03340699523687363,9.8,0.036265326744599126
146.0,-0.0727345421910286,9.8,0.036265326744599126
52.0,-0.017665022984147072,9.8,0.036265326744599126
29.62,-0.0032281000167131424,9.8,0.036265326744599126
6.7,0.044111430644989014,9.8,0.036265326744599126
130.0,-0.06811707466840744,9.8,0.036265326744599126
9.4,0.04145203158259392,9.8,0.036265326744599126
6.7,0.06483513116836548,9.8,0.036265326744599126
146.0,-0.06984855979681015,9.8,0.036265326744599126
236.0,-0.08344794809818268,9.8,0.036265326744599126
6.7,0.04679030925035477,9.8,0.036265326744599126
146.0,-0.06315679103136063,9.8,0.036265326744599126
170.0,-0.0683191791176796,9.8,0.036265326744599126
146.0,-0.050589174032211304,9.8,0.036265326744599126
9.8,0.027678702026605606,9.8,0.036265326744599126
146.0,-0.0914776623249054,9.8,0.036265326744599126
6.7,0.026569761335849762,9.8,0.036265326744599126
130.0,-0.060240425169467926,9.8,0.036265326744599126
21.4,-0.0017073522321879864,9.8,0.036265326744599126
6.7,0.04231017455458641,9.8,0.036265326744599126
170.0,-0.0734015628695488,9.8,0.036265326744599126
24.9,0.018195517361164093,9.8,0.036265326744599126
9.8,0.06702644377946854,9.8,0.036265326744599126
320.0,-0.06359373778104782,9.8,0.036265326744599126
320.0,-0.08171608299016953,9.8,0.036265326744599126
236.0,-0.05511369928717613,9.8,0.036265326744599126
7.2,0.03440120816230774,9.8,0.036265326744599126
21.4,0.009194956161081791,9.8,0.036265326744599126
167.0,-0.07674811035394669,9.8,0.036265326744599126
29.62,-0.038222841918468475,9.8,0.036265326744599126
21.4,-0.026418961584568024,9.8,0.036265326744599126
51.3,0.004467190708965063,9.8,0.036265326744599126
170.0,-0.06312543153762817,9.8,0.036265326744599126
220.424528,-0.07735846936702728,9.8,0.036265326744599126
21.4,-0.009624696336686611,9.8,0.036265326744599126
11.6,0.04003533720970154,9.8,0.036265326744599126
170.0,-0.09272073209285736,9.8,0.036265326744599126
216.434305,-0.06342723965644836,9.8,0.036265326744599126
70.0,0.021170366555452347,9.8,0.036265326744599126
17.9,0.04614653438329697,9.8,0.036265326744599126
15.2,0.02875380590558052,9.8,0.036265326744599126
50.0,-0.0189937986433506,9.8,0.036265326744599126
6.7,0.03391090780496597,9.8,0.036265326744599126
6.7,0.03791055083274841,9.8,0.036265326744599126
17.9,0.016058299690485,9.8,0.036265326744599126
50.0,-0.003138151718303561,9.8,0.036265326744599126
21.4,0.006761600263416767,9.8,0.036265326744599126
11.4,0.03914143517613411,9.8,0.036265326744599126
9.8,0.04906083270907402,9.8,0.036265326744599126
9.8,0.03862462937831879,9.8,0.036265326744599126
9.8,0.04193642735481262,9.8,0.036265326744599126
320.0,-0.06742917001247406,9.8,0.036265326744599126
21.4,-0.009171823970973492,9.8,0.036265326744599126
9.8,0.0419594943523407,9.8,0.036265326744599126
385.0,-0.07958398759365082,9.8,0.036265326744599126
9.8,0.04560185596346855,9.8,0.036265326744599126
170.0,-0.06875574588775635,9.8,0.036265326744599126
13.8,0.045820578932762146,9.8,0.036265326744599126
6.7,0.027864322066307068,9.8,0.036265326744599126
9.8,0.04509226977825165,9.8,0.036265326744599126
21.4,-0.022529395297169685,9.8,0.036265326744599126
117.0,-0.028562277555465698,9.8,0.036265326744599126
320.0,-0.06598585844039917,9.8,0.036265326744599126
219.099056,-0.042199764400720596,9.8,0.036265326744599126
320.0,-0.0665237307548523,9.8,0.036265326744599126
15.2,0.07237230986356735,9.8,0.036265326744599126
11.6,0.04058621823787689,9.8,0.036265326744599126
42.5,-0.01261820923537016,9.8,0.036265326744599126
150.0,-0.03960185870528221,9.8,0.036265326744599126
13.0,0.03862334042787552,9.8,0.036265326744599126
51.3,-0.018602466210722923,9.8,0.036265326744599126
51.3,0.005487522576004267,9.8,0.036265326744599126
24.9,0.006075740326195955,9.8,0.036265326744599126
21.4,-0.02800239622592926,9.8,0.036265326744599126
6.7,0.0602857768535614,11.4,0.03379893764914342
7.2,0.03630250692367554,11.4,0.03379893764914342
170.0,-0.06764674186706543,11.4,0.03379893764914342
21.4,0.0008902107365429401,11.4,0.03379893764914342
236.0,-0.054737795144319534,11.4,0.03379893764914342
121.0,-0.04779667779803276,11.4,0.03379893764914342
13.8,0.026766546070575714,11.4,0.03379893764914342
72.7,-0.06910742819309235,11.4,0.03379893764914342
6.7,0.09670279920101166,11.4,0.03379893764914342
17.9,0.03491874784231186,11.4,0.03379893764914342
21.4,-0.012424223124980927,11.4,0.03379893764914342
167.0,-0.061459481716156006,11.4,0.03379893764914342
21.4,-0.001778930425643921,11.4,0.03379893764914342
146.0,-0.054448504000902176,11.4,0.03379893764914342
70.0,-0.008056793361902237,11.4,0.03379893764914342
5.3,0.035710401833057404,11.4,0.03379893764914342
11.6,0.043460581451654434,11.4,0.03379893764914342
151.0,-0.06301692873239517,11.4,0.03379893764914342
21.4,-0.004092594608664513,11.4,0.03379893764914342
51.3,-0.015004599466919899,11.4,0.03379893764914342
170.0,-0.07199578732252121,11.4,0.03379893764914342
11.6,0.050450973212718964,11.4,0.03379893764914342
11.4,0.054281461983919144,11.4,0.03379893764914342
6.7,0.03737813979387283,11.4,0.03379893764914342
51.3,-0.018678758293390274,11.4,0.03379893764914342
29.62,0.009635698050260544,11.4,0.03379893764914342
146.0,-0.05564787983894348,11.4,0.03379893764914342
21.4,-0.012433724477887154,11.4,0.03379893764914342
121.0,-0.05608925595879555,11.4,0.03379893764914342
42.5,0.00016877660527825356,11.4,0.03379893764914342
42.5,0.009548598900437355,11.4,0.03379893764914342
51.3,-0.007943044416606426,11.4,0.03379893764914342
385.0,-0.09061098098754883,11.4,0.03379893764914342
130.0,-0.08569440990686417,11.4,0.03379893764914342
220.424528,-0.08664385974407196,11.4,0.03379893764914342
24.9,0.007907209917902946,11.4,0.03379893764914342
42.5,0.007768071256577969,11.4,0.03379893764914342
220.424528,-0.03746318817138672,11.4,0.03379893764914342
6.7,0.06996069103479385,11.4,0.03379893764914342
21.4,-0.011280192993581295,11.4,0.03379893764914342
42.5,-0.006261643022298813,11.4,0.03379893764914342
96.0,-0.07857969403266907,11.4,0.03379893764914342
130.0,-0.06987971812486649,11.4,0.03379893764914342
150.0,-0.06249944865703583,11.4,0.03379893764914342
52.0,-0.005973257590085268,11.4,0.03379893764914342
170.0,-0.05645598843693733,11.4,0.03379893764914342
7.2,0.05378313362598419,11.4,0.03379893764914342
42.5,-0.013620419427752495,11.4,0.03379893764914342
6.7,0.028054077178239822,11.4,0.03379893764914342
6.7,0.04442411661148071,11.4,0.03379893764914342
320.0,-0.0705735981464386,11.4,0.03379893764914342
320.0,-0.073613241314888,11.4,0.03379893764914342
5.3,0.07199259102344513,11.6,0.0334933427545847
21.4,-0.006273992359638214,11.6,0.0334933427545847
6.7,0.05471659079194069,11.6,0.0334933427545847
51.3,-0.018386151641607285,11.6,0.0334933427545847
9.8,0.04843200743198395,11.6,0.0334933427545847
21.4,-0.005976811051368713,11.6,0.0334933427545847
236.0,-0.08094695210456848,11.6,0.0334933427545847
70.0,0.011725466698408127,11.6,0.0334933427545847
236.0,-0.05276869609951973,11.6,0.0334933427545847
19.6648,-0.025798890739679337,11.6,0.0334933427545847
21.4,0.004991235211491585,11.6,0.0334933427545847
320.0,-0.07946614921092987,11.6,0.0334933427545847
6.7,0.02841176651418209,11.6,0.0334933427545847
320.0,-0.06846815347671509,11.6,0.0334933427545847
21.4,0.0017926348373293877,11.6,0.0334933427545847
170.0,-0.06794123351573944,11.6,0.0334933427545847
236.0,-0.06619379669427872,11.6,0.0334933427545847
6.7,0.0312715545296669,11.6,0.0334933427545847
167.0,-0.091633141040802,11.6,0.0334933427545847
7.2,0.04831640422344208,11.6,0.0334933427545847
6.7,0.030948452651500702,11.6,0.0334933427545847
9.4,0.045093365013599396,11.6,0.0334933427545847
42.5,-0.010178383439779282,11.6,0.0334933427545847
9.8,0.049052704125642776,11.6,0.0334933427545847
6.7,0.06071925535798073,11.6,0.0334933427545847
6.7,0.01058088056743145,11.6,0.0334933427545847
146.0,-0.05108761414885521,11.6,0.0334933427545847
42.5,-0.01769188791513443,11.6,0.0334933427545847
21.4,0.007487505674362183,11.6,0.0334933427545847
70.0,0.01936916820704937,11.6,0.0334933427545847
42.5,-0.008132770657539368,11.6,0.0334933427545847
130.0,-0.06445691734552383,11.6,0.0334933427545847
9.8,0.04486701264977455,11.6,0.0334933427545847
9.4,0.03552763909101486,11.6,0.0334933427545847
11.6,0.03260674327611923,11.6,0.0334933427545847
15.8,0.034148696810007095,11.6,0.0334933427545847
6.7,0.014869533479213715,11.6,0.0334933427545847
50.0,-0.008869531564414501,11.6,0.0334933427545847
146.0,-0.05376800149679184,11.6,0.0334933427545847
51.3,0.002733346074819565,11.6,0.0334933427545847
167.0,-0.08271622657775879,11.6,0.0334933427545847
170.0,-0.06705568730831146,11.6,0.0334933427545847
70.4,-0.01032814010977745,11.6,0.0334933427545847
21.4,-0.003846145235002041,11.6,0.0334933427545847
146.0,-0.03602248802781105,11.6,0.0334933427545847
11.6,0.0309121236205101,11.6,0.0334933427545847
121.0,-0.04601540416479111,11.6,0.0334933427545847
385.0,-0.10923981666564941,11.6,0.0334933427545847
65.2,-0.014299916103482246,11.6,0.0334933427545847
146.0,-0.07016140222549438,11.6,0.0334933427545847
6.7,0.03149942308664322,11.6,0.0334933427545847
6.7,0.031586404889822006,11.6,0.0334933427545847
5.3,0.02597544714808464,11.6,0.0334933427545847
9.8,0.034055180847644806,11.6,0.0334933427545847
9.8,0.05156528577208519,11.6,0.0334933427545847
167.0,-0.077956423163414,11.6,0.0334933427545847
21.4,0.005961406975984573,11.6,0.0334933427545847
11.4,0.04970496892929077,11.6,0.0334933427545847
236.0,-0.05855117738246918,11.6,0.0334933427545847
13.8,0.04330744221806526,11.6,0.0334933427545847
11.6,0.05616774037480354,13.0,0.03137101207415923
13.8,0.040028784424066544,13.0,0.03137101207415923
146.0,-0.044320859014987946,13.0,0.03137101207415923
320.0,-0.07838870584964752,13.8,0.03017136683330254
21.4,0.009324959479272366,13.8,0.03017136683330254
385.0,-0.07981758564710617,13.8,0.03017136683330254
320.0,-0.07125946879386902,13.8,0.03017136683330254
72.7,-0.016260191798210144,13.8,0.03017136683330254
21.4,-0.0031836945563554764,13.8,0.03017136683330254
11.4,0.0336746871471405,13.8,0.03017136683330254
204.960688,-0.058301929384469986,13.8,0.03017136683330254
130.0,-0.061180416494607925,13.8,0.03017136683330254
146.0,-0.06966115534305573,13.8,0.03017136683330254
385.0,-0.07726642489433289,13.8,0.03017136683330254
50.0,0.006188300438225269,13.8,0.03017136683330254
170.0,-0.10950231552124023,13.8,0.03017136683330254
9.8,0.044902972877025604,13.8,0.03017136683330254
6.7,0.029772793874144554,13.8,0.03017136683330254
146.0,-0.06819935142993927,15.2,0.02809450529911589
6.7,0.03545982763171196,15.2,0.02809450529911589
9.8,0.03325216844677925,15.2,0.02809450529911589
146.0,-0.06438200175762177,15.2,0.02809450529911589
6.7,0.028180498629808426,15.2,0.02809450529911589
6.7,0.03350585699081421,15.2,0.02809450529911589
21.4,0.009665959514677525,15.2,0.02809450529911589
72.7,-0.010639352723956108,15.2,0.02809450529911589
11.6,0.028780290856957436,15.2,0.02809450529911589
29.62,-0.020437058061361313,15.2,0.02809450529911589
17.9,0.020381955429911613,15.2,0.02809450529911589
385.0,-0.08167342841625214,15.2,0.02809450529911589
21.4,-0.009607876650989056,15.2,0.02809450529911589
70.4,-0.012434002012014389,15.2,0.02809450529911589
11.4,0.047984443604946136,15.2,0.02809450529911589
320.0,-0.05742795765399933,15.2,0.02809450529911589
42.5,-0.019785195589065552,15.2,0.02809450529911589
7.2,0.05303483456373215,15.2,0.02809450529911589
21.4,-0.008434496819972992,15.8,0.027213004266667073
11.6,0.04633195698261261,15.8,0.027213004266667073
21.4,0.024297866970300674,15.8,0.027213004266667073
7.7,0.03441711887717247,15.8,0.027213004266667073
9.8,0.0455494225025177,15.8,0.027213004266667073
6.7,0.030236272141337395,15.8,0.027213004266667073
7.7,0.030090760439634323,15.8,0.027213004266667073
120.0,-0.044143933802843094,15.8,0.027213004266667073
221.087264,-0.07278833538293839,15.8,0.027213004266667073
52.0,-0.015087831765413284,15.8,0.027213004266667073
9.8,0.07357901334762573,15.8,0.027213004266667073
219.099056,-0.05699968338012695,15.8,0.027213004266667073
150.0,-0.069830521941185,15.8,0.027213004266667073
11.4,0.04909180849790573,15.8,0.027213004266667073
11.6,0.04545067995786667,15.8,0.027213004266667073
7.1,0.025847163051366806,15.8,0.027213004266667073
9.8,0.04415594041347504,17.9,0.024166327225240366
42.5,-0.015225273557007313,17.9,0.024166327225240366
121.0,-0.052097491919994354,17.9,0.024166327225240366
11.6,0.06494680047035217,17.9,0.024166327225240366
70.4,-0.011198303662240505,17.9,0.024166327225240366
21.4,0.007558098528534174,17.9,0.024166327225240366
146.0,-0.07599378377199173,17.9,0.024166327225240366
320.0,-0.06666870415210724,17.9,0.024166327225240366
42.5,-0.00033326540142297745,17.9,0.024166327225240366
51.3,-0.016131691634655,17.9,0.024166327225240366
21.4,0.0069373189471662045,17.9,0.024166327225240366
42.5,-0.014454655349254608,17.9,0.024166327225240366
385.0,-0.11364416778087616,17.9,0.024166327225240366
320.0,-0.07898736000061035,17.9,0.024166327225240366
11.4,0.04202120751142502,17.9,0.024166327225240366
151.0,-0.06731639802455902,17.9,0.024166327225240366
170.0,-0.09192681312561035,17.9,0.024166327225240366
21.4,-0.00497704092413187,17.9,0.024166327225240366
121.0,-0.03304542973637581,17.9,0.024166327225240366
6.7,0.04275597259402275,17.9,0.024166327225240366
11.4,0.026644259691238403,17.9,0.024166327225240366
320.0,-0.07163655757904053,17.9,0.024166327225240366
130.0,-0.06458419561386108,17.9,0.024166327225240366
6.7,0.052570901811122894,19.6648,0.021648664086398726
21.4,0.007882615551352501,19.6648,0.021648664086398726
167.0,-0.0922439843416214,19.6648,0.021648664086398726
146.0,-0.042680397629737854,19.6648,0.021648664086398726
11.4,0.026868266984820366,19.6648,0.021648664086398726
6.7,0.09256463497877121,19.6648,0.021648664086398726
21.4,0.008707039058208466,19.6648,0.021648664086398726
42.5,-0.018645068630576134,19.6648,0.021648664086398726
11.6,0.04240051284432411,19.6648,0.021648664086398726
29.62,0.0033977567218244076,19.6648,0.021648664086398726
52.0,-0.0035913758911192417,21.4,0.019205790182281277
6.7,0.07933501899242401,21.4,0.019205790182281277
6.7,0.04370510205626488,21.4,0.019205790182281277
6.7,0.052729371935129166,21.4,0.019205790182281277
42.5,-0.004417354706674814,21.4,0.019205790182281277
170.0,-0.07401223480701447,21.4,0.019205790182281277
146.0,-0.09073927998542786,21.4,0.019205790182281277
385.0,-0.0897214412689209,21.4,0.019205790182281277
29.62,-0.008220212534070015,21.4,0.019205790182281277
320.0,-0.07645714282989502,21.4,0.019205790182281277
51.3,0.013700393959879875,21.4,0.019205790182281277
21.4,-0.012451963499188423,21.4,0.019205790182281277
130.0,-0.07198987901210785,21.4,0.019205790182281277
5.3,0.013606427237391472,21.4,0.019205790182281277
6.7,0.030208658427000046,21.4,0.019205790182281277
11.4,0.026593893766403198,21.4,0.019205790182281277
6.7,0.030858078971505165,21.4,0.019205790182281277
9.8,0.040461231023073196,21.4,0.019205790182281277
6.7,0.033844251185655594,21.4,0.019205790182281277
170.0,-0.09108404070138931,21.4,0.019205790182281277
29.62,0.002754916436970234,21.4,0.019205790182281277
21.4,-0.006162954494357109,21.4,0.019205790182281277
51.3,-0.014958792366087437,21.4,0.019205790182281277
70.4,-0.033194806426763535,21.4,0.019205790182281277
51.3,-0.00421331450343132,21.4,0.019205790182281277
6.7,0.024535322561860085,21.4,0.019205790182281277
11.4,0.06110924482345581,21.4,0.019205790182281277
167.0,-0.07836523652076721,21.4,0.019205790182281277
21.4,0.0008606109768152237,21.4,0.019205790182281277
385.0,-0.09193728119134903,21.4,0.019205790182281277
9.8,0.04076964408159256,21.4,0.019205790182281277
120.0,-0.030629735440015793,21.4,0.019205790182281277
117.0,-0.08513183146715164,21.4,0.019205790182281277
7.7,0.021230848506093025,21.4,0.019205790182281277
6.7,0.0726037248969078,21.4,0.019205790182281277
170.0,-0.11651600152254105,21.4,0.019205790182281277
385.0,-0.08167741447687149,21.4,0.019205790182281277
146.0,-0.07794303447008133,21.4,0.019205790182281277
204.960688,-0.07388395071029663,21.4,0.019205790182281277
21.4,-0.02767004631459713,21.4,0.019205790182281277
9.8,0.05105649679899216,21.4,0.019205790182281277
50.0,-0.01953219436109066,21.4,0.019205790182281277
6.7,0.07346660643815994,21.4,0.019205790182281277
385.0,-0.11177793145179749,21.4,0.019205790182281277
6.7,0.06558896601200104,21.4,0.019205790182281277
21.4,0.006523778662085533,21.4,0.019205790182281277
24.9,0.01439769845455885,21.4,0.019205790182281277
385.0,-0.11130757629871368,21.4,0.019205790182281277
9.8,0.03994712233543396,21.4,0.019205790182281277
6.7,0.03517020866274834,21.4,0.019205790182281277
21.4,0.007934043183922768,21.4,0.019205790182281277
51.3,0.005468800663948059,21.4,0.019205790182281277
21.4,0.0022241389378905296,21.4,0.019205790182281277
146.0,-0.04942820966243744,21.4,0.019205790182281277
29.62,0.0036161192692816257,21.4,0.019205790182281277
51.3,-0.014317580498754978,21.4,0.019205790182281277
146.0,-0.08200943470001221,21.4,0.019205790182281277
117.0,-0.06682321429252625,21.4,0.019205790182281277
11.4,0.07113367319107056,21.4,0.019205790182281277
130.0,-0.06334935873746872,21.4,0.019205790182281277
146.0,-0.04182012379169464,21.4,0.019205790182281277
11.4,0.04018907621502876,21.4,0.019205790182281277
17.9,0.01986560970544815,21.4,0.019205790182281277
130.0,-0.06583526730537415,21.4,0.019205790182281277
42.5,-0.010719218291342258,21.4,0.019205790182281277
11.6,0.039702415466308594,21.4,0.019205790182281277
170.0,-0.08570627868175507,21.4,0.019205790182281277
121.0,-0.042479008436203,21.4,0.019205790182281277
29.62,-0.04325290024280548,21.4,0.019205790182281277
11.6,0.03345523029565811,21.4,0.019205790182281277
6.7,0.051206354051828384,21.4,0.019205790182281277
9.4,0.052853863686323166,21.4,0.019205790182281277
236.0,-0.0659790188074112,21.4,0.019205790182281277
385.0,-0.0816035345196724,21.4,0.019205790182281277
385.0,-0.0850188210606575,21.4,0.019205790182281277
7.2,0.05853249877691269,21.4,0.019205790182281277
21.4,0.006652279756963253,21.4,0.019205790182281277
70.4,-0.027866926044225693,21.4,0.019205790182281277
167.0,-0.08186884969472885,21.4,0.019205790182281277
51.3,-0.02667144499719143,21.4,0.019205790182281277
70.0,0.012610639445483685,21.4,0.019205790182281277
6.7,0.051102012395858765,21.4,0.019205790182281277
11.6,0.035391706973314285,21.4,0.019205790182281277
11.4,0.05103324353694916,21.4,0.019205790182281277
130.0,-0.06273014098405838,21.4,0.019205790182281277
21.4,-0.019644325599074364,21.4,0.019205790182281277
6.7,0.041112229228019714,21.4,0.019205790182281277
21.4,0.007146691903471947,21.4,0.019205790182281277
11.6,0.04178624227643013,21.4,0.019205790182281277
21.4,0.01367188710719347,21.4,0.019205790182281277
150.0,-0.05430613458156586,21.4,0.019205790182281277
70.0,-0.030318070203065872,21.4,0.019205790182281277
9.4,0.02417425625026226,21.4,0.019205790182281277
146.0,-0.07826550304889679,21.4,0.019205790182281277
150.0,-0.083934485912323,21.4,0.019205790182281277
21.4,0.013591483235359192,21.4,0.019205790182281277
151.0,-0.07321453839540482,21.4,0.019205790182281277
21.4,-0.024602271616458893,21.4,0.019205790182281277
9.8,0.048541683703660965,21.4,0.019205790182281277
52.0,-0.012481257319450378,21.4,0.019205790182281277
6.7,0.05729462206363678,21.4,0.019205790182281277
170.0,-0.06623061746358871,21.4,0.019205790182281277
19.6648,-0.01249575987458229,21.4,0.019205790182281277
51.3,-0.02142978645861149,21.4,0.019205790182281277
6.7,0.011292167007923126,21.4,0.019205790182281277
76.2,-0.031804852187633514,21.4,0.019205790182281277
21.4,-0.005433169659227133,21.4,0.019205790182281277
17.9,0.04264739155769348,21.4,0.019205790182281277
6.7,0.06327760964632034,21.4,0.019205790182281277
52.0,-0.019679464399814606,21.4,0.019205790182281277
11.4,0.07860459387302399,21.4,0.019205790182281277
320.0,-0.07225876301527023,21.4,0.019205790182281277
21.4,0.007824373431503773,21.4,0.019205790182281277
167.0,-0.07367011904716492,21.4,0.019205790182281277
216.434305,-0.0844520777463913,21.4,0.019205790182281277
21.4,0.016219524666666985,21.4,0.019205790182281277
9.8,0.04732906073331833,21.4,0.019205790182281277
9.4,0.04403842240571976,21.4,0.019205790182281277
29.62,-0.02690362185239792,21.4,0.019205790182281277
9.8,0.04920902103185654,21.4,0.019205790182281277
11.4,0.03571304678916931,21.4,0.019205790182281277
21.4,-0.00456953002139926,21.4,0.019205790182281277
21.4,-0.0054481178522109985,21.4,0.019205790182281277
6.7,0.031212300062179565,21.4,0.019205790182281277
9.8,0.04164399579167366,21.4,0.019205790182281277
42.5,-0.011295130476355553,21.4,0.019205790182281277
9.8,0.051088597625494,21.4,0.019205790182281277
9.8,0.06661748886108398,21.4,0.019205790182281277
125.0,-0.057057902216911316,21.4,0.019205790182281277
9.8,0.07952100038528442,21.4,0.019205790182281277
160.0,-0.061243534088134766,21.4,0.019205790182281277
21.4,0.010810600593686104,21.4,0.019205790182281277
385.0,-0.11971776187419891,21.4,0.019205790182281277
21.4,-0.016705837100744247,21.4,0.019205790182281277
52.0,0.0035905155818909407,21.4,0.019205790182281277
151.0,-0.0586237832903862,21.4,0.019205790182281277
11.4,0.02652578242123127,21.4,0.019205790182281277
11.6,0.06071959808468819,21.4,0.019205790182281277
9.8,0.04820888489484787,21.4,0.019205790182281277
146.0,-0.06342466175556183,21.4,0.019205790182281277
146.0,-0.052471283823251724,21.4,0.019205790182281277
204.960688,-0.05240258574485779,21.4,0.019205790182281277
6.7,0.045592956244945526,21.4,0.019205790182281277
21.4,-0.0016670548357069492,21.4,0.019205790182281277
21.4,0.0066038258373737335,21.4,0.019205790182281277
9.8,0.04924063757061958,21.4,0.019205790182281277
6.7,0.05966024100780487,21.4,0.019205790182281277
6.7,0.02188650146126747,21.4,0.019205790182281277
11.4,0.04257803410291672,21.4,0.019205790182281277
11.6,0.036882184445858,21.4,0.019205790182281277
21.4,0.002710562665015459,21.4,0.019205790182281277
146.0,-0.042066335678100586,21.4,0.019205790182281277
70.4,-0.019373036921024323,21.4,0.019205790182281277
72.7,-0.01887131854891777,21.4,0.019205790182281277
120.0,-0.048745233565568924,21.4,0.019205790182281277
35.73,-0.02938820794224739,21.4,0.019205790182281277
21.4,-0.01438913308084011,21.4,0.019205790182281277
7.2,0.03242524340748787,21.4,0.019205790182281277
11.6,0.042252641171216965,21.4,0.019205790182281277
385.0,-0.07477027177810669,21.4,0.019205790182281277
320.0,-0.07671593129634857,21.4,0.019205790182281277
6.7,0.04113512858748436,21.4,0.019205790182281277
21.4,-0.010811686515808105,21.4,0.019205790182281277
21.4,0.00033718720078468323,21.4,0.019205790182281277
236.0,-0.06661304831504822,21.4,0.019205790182281277
42.5,-0.01182200200855732,21.4,0.019205790182281277
21.4,-0.0046639698557555676,21.4,0.019205790182281277
6.7,0.06961756199598312,21.4,0.019205790182281277
5.3,0.03499317914247513,21.4,0.019205790182281277
7.2,0.044991664588451385,21.4,0.019205790182281277
117.0,-0.03429152071475983,21.4,0.019205790182281277
65.2,-0.020466402173042297,21.4,0.019205790182281277
385.0,-0.07883171737194061,21.4,0.019205790182281277
50.0,-0.0005357591435313225,21.4,0.019205790182281277
146.0,-0.06929956376552582,21.4,0.019205790182281277
6.7,0.030003240332007408,21.4,0.019205790182281277
146.0,-0.08637778460979462,21.4,0.019205790182281277
6.7,0.056234341114759445,21.4,0.019205790182281277
21.4,-0.0230852197855711,21.4,0.019205790182281277
50.0,-0.015288440510630608,21.4,0.019205790182281277
6.7,0.06057741492986679,21.4,0.019205790182281277
9.4,0.04214445874094963,21.4,0.019205790182281277
385.0,-0.09163504093885422,21.4,0.019205790182281277
42.5,0.0004784427583217621,21.4,0.019205790182281277
146.0,-0.07533212751150131,21.4,0.019205790182281277
5.3,0.013808617368340492,21.4,0.019205790182281277
52.0,-0.0016854209825396538,21.4,0.019205790182281277
11.6,0.03851400688290596,21.4,0.019205790182281277
52.0,-0.0031896554864943027,21.4,0.019205790182281277
170.0,-0.07703255861997604,21.4,0.019205790182281277
120.0,-0.04675081744790077,21.4,0.019205790182281277
6.7,0.02198563516139984,21.4,0.019205790182281277
146.0,-0.08627043664455414,21.4,0.019205790182281277
125.0,-0.1016407459974289,21.4,0.019205790182281277
170.0,-0.06780263781547546,21.4,0.019205790182281277
236.0,-0.06366132199764252,21.4,0.019205790182281277
146.0,-0.08470404148101807,21.4,0.019205790182281277
29.62,-0.032175157219171524,21.4,0.019205790182281277
5.3,0.014088856056332588,21.4,0.019205790182281277
11.4,0.04028230160474777,21.4,0.019205790182281277
5.3,0.01996110938489437,21.4,0.019205790182281277
72.7,-0.07052809000015259,21.4,0.019205790182281277
21.4,-0.0136296097189188,21.4,0.019205790182281277
21.4,8.920161053538322e-05,21.4,0.019205790182281277
385.0,-0.07722434401512146,21.4,0.019205790182281277
5.3,0.032033771276474,21.4,0.019205790182281277
21.4,-0.0009973342530429363,21.4,0.019205790182281277
21.4,-0.007000726647675037,21.4,0.019205790182281277
146.0,-0.07956795394420624,21.4,0.019205790182281277
146.0,-0.07311300188302994,21.4,0.019205790182281277
6.7,0.07344424724578857,21.4,0.019205790182281277
120.0,-0.04709143936634064,21.4,0.019205790182281277
42.5,-0.0234130397439003,21.4,0.019205790182281277
170.0,-0.08676610141992569,21.4,0.019205790182281277
6.7,0.06997829675674438,21.4,0.019205790182281277
219.099056,-0.08726333826780319,21.4,0.019205790182281277
13.8,0.04140482470393181,21.4,0.019205790182281277
130.0,-0.06445640325546265,21.4,0.019205790182281277
19.6648,-0.022480376064777374,21.4,0.019205790182281277
50.0,0.021448997780680656,21.4,0.019205790182281277
6.7,0.06942354142665863,21.4,0.019205790182281277
146.0,-0.06797650456428528,21.4,0.019205790182281277
9.8,0.052024438977241516,21.4,0.019205790182281277
130.0,-0.06344550102949142,21.4,0.019205790182281277
236.0,-0.055663686245679855,21.4,0.019205790182281277
170.0,-0.07428933680057526,21.4,0.019205790182281277
6.7,0.09885469824075699,21.4,0.019205790182281277
5.3,0.06546498090028763,21.4,0.019205790182281277
146.0,-0.07253426313400269,24.9,0.014357746580863018
6.7,0.02661268599331379,24.9,0.014357746580863018
21.4,-0.005856528878211975,24.9,0.014357746580863018
11.6,0.05249028652906418,24.9,0.014357746580863018
151.0,-0.07256661355495453,29.62,0.007990285806979828
170.0,-0.07592353969812393,29.62,0.007990285806979828
6.7,0.04421469569206238,29.62,0.007990285806979828
200.390571,-0.06437347829341888,29.62,0.007990285806979828
50.0,0.02613738551735878,29.62,0.007990285806979828
15.8,0.0432015061378479,29.62,0.007990285806979828
9.4,0.05628235265612602,29.62,0.007990285806979828
6.7,0.0831037163734436,29.62,0.007990285806979828
216.434305,-0.05091848224401474,29.62,0.007990285806979828
11.6,0.058456212282180786,29.62,0.007990285806979828
170.0,-0.06345434486865997,29.62,0.007990285806979828
11.4,0.04775622487068176,29.62,0.007990285806979828
96.0,-0.08319490402936935,29.62,0.007990285806979828
6.7,0.027095947414636612,29.62,0.007990285806979828
167.0,-0.06340514868497849,29.62,0.007990285806979828
385.0,-0.07725308835506439,29.62,0.007990285806979828
6.7,0.06783518195152283,29.62,0.007990285806979828
21.4,0.0007468154653906822,29.62,0.007990285806979828
320.0,-0.09173865616321564,29.62,0.007990285806979828
385.0,-0.08227723836898804,29.62,0.007990285806979828
6.7,0.041992515325546265,29.62,0.007990285806979828
320.0,-0.06712599098682404,29.62,0.007990285806979828
200.390571,-0.08970670402050018,29.62,0.007990285806979828
70.0,-0.03250936418771744,29.62,0.007990285806979828
65.2,-0.019983753561973572,29.62,0.007990285806979828
96.0,-0.0787428542971611,29.62,0.007990285806979828
7.2,0.05467870086431503,29.62,0.007990285806979828
52.0,-0.018214624375104904,35.73,0.00021726673986747518
320.0,-0.0721404030919075,35.73,0.00021726673986747518
9.4,0.04263042286038399,35.73,0.00021726673986747518
21.4,-0.030355889350175858,35.73,0.00021726673986747518
146.0,-0.046477705240249634,35.73,0.00021726673986747518
29.62,-0.031433574855327606,35.73,0.00021726673986747518
9.4,0.07238782197237015,35.73,0.00021726673986747518
13.8,0.040002427995204926,35.73,0.00021726673986747518
17.9,0.04223022982478142,42.5,-0.00545554094784805
9.4,0.01979740895330906,42.5,-0.00545554094784805
42.5,-0.002022706437855959,42.5,-0.00545554094784805
11.6,0.04125174134969711,42.5,-0.00545554094784805
11.6,0.019168328493833542,42.5,-0.00545554094784805
72.7,-0.056595563888549805,42.5,-0.00545554094784805
221.087264,-0.028359849005937576,42.5,-0.00545554094784805
130.0,-0.0714053213596344,42.5,-0.00545554094784805
125.0,-0.08050791919231415,42.5,-0.00545554094784805
42.5,-0.01907474920153618,42.5,-0.00545554094784805
9.8,0.051953189074993134,42.5,-0.00545554094784805
15.2,0.029630104079842567,42.5,-0.00545554094784805
385.0,-0.07361593097448349,42.5,-0.00545554094784805
117.0,-0.0401892364025116,42.5,-0.00545554094784805
21.4,-0.006369458511471748,42.5,-0.00545554094784805
146.0,-0.055074095726013184,42.5,-0.00545554094784805
52.0,-0.017075033858418465,42.5,-0.00545554094784805
5.3,0.03147974610328674,42.5,-0.00545554094784805
6.7,0.04678817465901375,42.5,-0.00545554094784805
146.0,-0.04862940311431885,42.5,-0.00545554094784805
21.4,0.002860375214368105,42.5,-0.00545554094784805
15.8,0.04454159736633301,42.5,-0.00545554094784805
160.0,-0.06730180978775024,42.5,-0.00545554094784805
146.0,-0.054654207080602646,42.5,-0.00545554094784805
50.0,-0.0022627199068665504,42.5,-0.00545554094784805
150.0,-0.05007852241396904,42.5,-0.00545554094784805
320.0,-0.06039532274007797,42.5,-0.00545554094784805
15.2,0.061854127794504166,42.5,-0.00545554094784805
121.0,-0.03301529586315155,42.5,-0.00545554094784805
9.8,0.043771594762802124,42.5,-0.00545554094784805
21.4,-0.017901552841067314,42.5,-0.00545554094784805
11.6,0.05631805211305618,42.5,-0.00545554094784805
29.62,0.01892167329788208,42.5,-0.00545554094784805
121.0,-0.055870331823825836,42.5,-0.00545554094784805
19.6648,-0.0005360860377550125,42.5,-0.00545554094784805
6.7,0.04796873405575752,42.5,-0.00545554094784805
9.8,0.047206319868564606,42.5,-0.00545554094784805
220.424528,-0.05516345426440239,42.5,-0.00545554094784805
6.7,0.08311058580875397,42.5,-0.00545554094784805
320.0,-0.08052147924900055,42.5,-0.00545554094784805
21.4,-0.0007475102320313454,42.5,-0.00545554094784805
385.0,-0.08071543276309967,42.5,-0.00545554094784805
221.087264,-0.06544259935617447,42.5,-0.00545554094784805
21.4,-0.007947919890284538,42.5,-0.00545554094784805
52.0,-0.003729931777343154,42.5,-0.00545554094784805
11.4,0.027307618409395218,42.5,-0.00545554094784805
15.8,0.049601294100284576,42.5,-0.00545554094784805
170.0,-0.07945437729358673,42.5,-0.00545554094784805
50.0,-0.01474855188280344,42.5,-0.00545554094784805
42.5,-0.01316564530134201,42.5,-0.00545554094784805
21.4,0.006798391230404377,42.5,-0.00545554094784805
35.73,-0.01744156889617443,42.5,-0.00545554094784805
51.3,-0.017684699967503548,42.5,-0.00545554094784805
130.0,-0.0619787871837616,50.0,-0.009374508270090422
9.8,0.052128154784440994,50.0,-0.009374508270090422
65.2,-0.02156362123787403,50.0,-0.009374508270090422
9.8,0.05556592717766762,50.0,-0.009374508270090422
320.0,-0.07224488258361816,50.0,-0.009374508270090422
320.0,-0.061305224895477295,50.0,-0.009374508270090422
130.0,-0.06008230894804001,50.0,-0.009374508270090422
6.7,0.047845132648944855,50.0,-0.009374508270090422
170.0,-0.06856275349855423,50.0,-0.009374508270090422
146.0,-0.07595385611057281,50.0,-0.009374508270090422
21.4,0.02683771215379238,50.0,-0.009374508270090422
9.4,0.058364950120449066,50.0,-0.009374508270090422
11.4,0.04448758810758591,50.0,-0.009374508270090422
51.3,-0.020698288455605507,50.0,-0.009374508270090422
5.3,0.004206344485282898,50.0,-0.009374508270090422
21.4,-0.0026560164988040924,50.0,-0.009374508270090422
9.8,0.052290286868810654,50.0,-0.009374508270090422
6.7,0.09248626232147217,50.0,-0.009374508270090422
15.8,0.037241674959659576,50.0,-0.009374508270090422
50.0,-0.0005077943205833435,50.0,-0.009374508270090422
5.3,0.07425818592309952,50.0,-0.009374508270090422
170.0,-0.09498132020235062,50.0,-0.009374508270090422
11.4,0.050726402550935745,50.0,-0.009374508270090422
17.9,0.01510247029364109,50.0,-0.009374508270090422
121.0,-0.04233095049858093,50.0,-0.009374508270090422
70.0,0.020427273586392403,50.0,-0.009374508270090422
21.4,-0.005995195358991623,50.0,-0.009374508270090422
9.8,0.0356920026242733,50.0,-0.009374508270090422
170.0,-0.08500310778617859,50.0,-0.009374508270090422
17.9,0.01939474232494831,50.0,-0.009374508270090422
320.0,-0.05580420792102814,50.0,-0.009374508270090422
236.0,-0.05819346010684967,50.0,-0.009374508270090422
51.3,-0.024379093199968338,50.0,-0.009374508270090422
9.4,0.03554805740714073,50.0,-0.009374508270090422
6.7,0.04152119159698486,50.0,-0.009374508270090422
385.0,-0.08042147010564804,50.0,-0.009374508270090422
6.7,0.07916782051324844,50.0,-0.009374508270090422
170.0,-0.07356716692447662,51.3,-0.01004526232980366
72.7,-0.019054792821407318,51.3,-0.01004526232980366
7.2,0.054041922092437744,51.3,-0.01004526232980366
9.8,0.046341679990291595,51.3,-0.01004526232980366
21.4,-0.003224391955882311,51.3,-0.01004526232980366
120.0,-0.03465057164430618,51.3,-0.01004526232980366
236.0,-0.06514263898134232,51.3,-0.01004526232980366
21.4,0.0022174790501594543,51.3,-0.01004526232980366
51.3,-0.015266365371644497,51.3,-0.01004526232980366
6.7,0.031680382788181305,51.3,-0.01004526232980366
9.4,0.041035138070583344,51.3,-0.01004526232980366
167.0,-0.07970330119132996,51.3,-0.01004526232980366
6.7,0.036170996725559235,51.3,-0.01004526232980366
146.0,-0.07568637281656265,51.3,-0.01004526232980366
72.7,-0.013880581595003605,51.3,-0.01004526232980366
6.7,0.04568774253129959,51.3,-0.01004526232980366
146.0,-0.05290544778108597,51.3,-0.01004526232980366
21.4,0.006242080591619015,51.3,-0.01004526232980366
50.0,0.016722310334444046,51.3,-0.01004526232980366
6.7,0.05954490602016449,51.3,-0.01004526232980366
21.4,-0.012647037394344807,51.3,-0.01004526232980366
11.6,0.02716682106256485,51.3,-0.01004526232980366
146.0,-0.07605228573083878,51.3,-0.01004526232980366
6.7,0.029765652492642403,51.3,-0.01004526232980366
320.0,-0.08799188584089279,51.3,-0.01004526232980366
70.0,-0.032600995153188705,51.3,-0.01004526232980366
219.099056,-0.0669471025466919,51.3,-0.01004526232980366
21.4,-0.008252075873315334,51.3,-0.01004526232980366
11.6,0.038631416857242584,51.3,-0.01004526232980366
121.0,-0.06143646687269211,51.3,-0.01004526232980366
385.0,-0.10329189896583557,51.3,-0.01004526232980366
9.8,0.04876658692955971,51.3,-0.01004526232980366
21.4,0.008738345466554165,51.3,-0.01004526232980366
21.4,0.003942444920539856,51.3,-0.01004526232980366
21.4,-0.005612120497971773,51.3,-0.01004526232980366
151.0,-0.08765730261802673,51.3,-0.01004526232980366
52.0,-0.017509732395410538,51.3,-0.01004526232980366
5.3,0.026153890416026115,51.3,-0.01004526232980366
9.8,0.043526262044906616,51.3,-0.01004526232980366
15.2,0.038819387555122375,51.3,-0.01004526232980366
7.2,0.05294851213693619,51.3,-0.01004526232980366
6.7,0.03451208025217056,51.3,-0.01004526232980366
13.8,0.04676347225904465,51.3,-0.01004526232980366
385.0,-0.09080743044614792,51.3,-0.01004526232980366
385.0,-0.11102665960788727,51.3,-0.01004526232980366
21.4,0.0075640445575118065,51.3,-0.01004526232980366
72.7,-0.07875937968492508,51.3,-0.01004526232980366
11.4,0.033903323113918304,51.3,-0.01004526232980366
72.7,-0.015008429065346718,51.3,-0.01004526232980366
51.3,-0.016552992165088654,51.3,-0.01004526232980366
6.7,0.028365354984998703,51.3,-0.01004526232980366
146.0,-0.08342874050140381,51.3,-0.01004526232980366
15.8,0.050187744200229645,51.3,-0.01004526232980366
220.424528,-0.048056427389383316,51.3,-0.01004526232980366
6.7,0.06401446461677551,52.0,-0.010396529475127515
50.0,-0.014632925391197205,52.0,-0.010396529475127515
21.4,-0.00031187431886792183,52.0,-0.010396529475127515
29.62,-0.007893540896475315,52.0,-0.010396529475127515
13.8,0.04211515933275223,52.0,-0.010396529475127515
6.7,0.034748468548059464,52.0,-0.010396529475127515
120.0,-0.047303926199674606,52.0,-0.010396529475127515
19.6648,0.015540029853582382,52.0,-0.010396529475127515
17.9,0.021740857511758804,52.0,-0.010396529475127515
17.9,0.036345407366752625,52.0,-0.010396529475127515
21.4,0.018925683572888374,52.0,-0.010396529475127515
385.0,-0.07880145311355591,52.0,-0.010396529475127515
170.0,-0.09397492557764053,52.0,-0.010396529475127515
21.4,-0.0027576307766139507,52.0,-0.010396529475127515
6.7,0.028495727106928825,52.0,-0.010396529475127515
9.8,0.04678027331829071,52.0,-0.010396529475127515
21.4,-0.010099559091031551,52.0,-0.010396529475127515
21.4,0.010518787428736687,52.0,-0.010396529475127515
11.6,0.0423567071557045,52.0,-0.010396529475127515
385.0,-0.07558690011501312,52.0,-0.010396529475127515
320.0,-0.062030695378780365,52.0,-0.010396529475127515
385.0,-0.10544917732477188,52.0,-0.010396529475127515
15.2,0.043074142187833786,52.0,-0.010396529475127515
130.0,-0.06556772440671921,52.0,-0.010396529475127515
146.0,-0.0741792768239975,52.0,-0.010396529475127515
21.4,-0.0029894597828388214,52.0,-0.010396529475127515
11.6,0.03984936699271202,52.0,-0.010396529475127515
320.0,-0.07422080636024475,52.0,-0.010396529475127515
29.62,-0.022604426369071007,52.0,-0.010396529475127515
320.0,-0.06347379088401794,52.0,-0.010396529475127515
6.7,0.03052602708339691,52.0,-0.010396529475127515
385.0,-0.08250783383846283,52.0,-0.010396529475127515
6.7,0.04494832828640938,65.2,-0.017832588428784265
6.7,0.022959917783737183,65.2,-0.017832588428784265
385.0,-0.0884842798113823,65.2,-0.017832588428784265
51.3,-0.017083914950489998,65.2,-0.017832588428784265
6.7,0.03155748173594475,65.2,-0.017832588428784265
9.8,0.049654342234134674,65.2,-0.017832588428784265
6.7,0.03277759253978729,65.2,-0.017832588428784265
21.4,-0.007361614145338535,65.2,-0.017832588428784265
72.7,-0.022661341354250908,65.2,-0.017832588428784265
320.0,-0.07201869785785675,65.2,-0.017832588428784265
51.3,0.0018754098564386368,70.0,-0.02058651846384145
146.0,-0.08266779780387878,70.0,-0.02058651846384145
6.7,0.037004709243774414,70.0,-0.02058651846384145
200.390571,-0.07695097476243973,70.0,-0.02058651846384145
320.0,-0.06785807013511658,70.0,-0.02058651846384145
120.0,-0.046540237963199615,70.0,-0.02058651846384145
6.7,0.04836685582995415,70.0,-0.02058651846384145
11.6,0.06746362149715424,70.0,-0.02058651846384145
21.4,0.006971612572669983,70.0,-0.02058651846384145
385.0,-0.0789957195520401,70.0,-0.02058651846384145
6.7,0.06931965798139572,70.0,-0.02058651846384145
146.0,-0.07417625933885574,70.0,-0.02058651846384145
9.8,0.09714055806398392,70.0,-0.02058651846384145
5.3,0.051514167338609695,70.0,-0.02058651846384145
9.8,0.052238959819078445,70.0,-0.02058651846384145
5.3,0.03825024142861366,70.4,-0.020829102992602412
21.4,0.020523764193058014,70.4,-0.020829102992602412
11.4,0.047608233988285065,70.4,-0.020829102992602412
11.4,0.05969381332397461,70.4,-0.020829102992602412
21.4,0.0023726909421384335,70.4,-0.020829102992602412
11.4,0.05702398717403412,70.4,-0.020829102992602412
146.0,-0.053444553166627884,70.4,-0.020829102992602412
320.0,-0.06866997480392456,70.4,-0.020829102992602412
17.9,0.02290762960910797,70.4,-0.020829102992602412
9.8,0.04712290316820145,70.4,-0.020829102992602412
50.0,-0.01352473720908165,70.4,-0.020829102992602412
72.7,-0.01998297870159149,72.7,-0.022308548972349785
320.0,-0.06164754927158356,72.7,-0.022308548972349785
21.4,0.02077055349946022,72.7,-0.022308548972349785
9.8,0.04396023601293564,72.7,-0.022308548972349785
50.0,0.0031778072007000446,72.7,-0.022308548972349785
9.4,0.06577647477388382,72.7,-0.022308548972349785
9.4,0.03390885889530182,72.7,-0.022308548972349785
11.4,0.0412704274058342,72.7,-0.022308548972349785
42.5,-0.0006027957424521446,72.7,-0.022308548972349785
146.0,-0.08487850427627563,72.7,-0.022308548972349785
15.8,0.05350588262081146,72.7,-0.022308548972349785
7.7,0.02371262200176716,72.7,-0.022308548972349785
21.4,0.02029327116906643,72.7,-0.022308548972349785
51.3,-0.027632230892777443,72.7,-0.022308548972349785
219.099056,-0.042311884462833405,72.7,-0.022308548972349785
13.8,0.04135827347636223,72.7,-0.022308548972349785
385.0,-0.07561226189136505,72.7,-0.022308548972349785
6.7,0.04387660324573517,72.7,-0.022308548972349785
320.0,-0.0497034452855587,72.7,-0.022308548972349785
52.0,-0.008221123367547989,72.7,-0.022308548972349785
17.9,0.01710815727710724,72.7,-0.022308548972349785
51.3,-0.021555136889219284,72.7,-0.022308548972349785
15.2,0.03962571546435356,72.7,-0.022308548972349785
11.4,0.03567271679639816,72.7,-0.022308548972349785
9.8,0.056901052594184875,72.7,-0.022308548972349785
170.0,-0.07761272042989731,72.7,-0.022308548972349785
29.62,0.0035859972704201937,76.2,-0.024671439582701384
21.4,0.009289983659982681,76.2,-0.024671439582701384
221.087264,-0.07818155735731125,96.0,-0.03661959622959775
6.7,0.028573766350746155,96.0,-0.03661959622959775
146.0,-0.08000408113002777,96.0,-0.03661959622959775
21.4,0.015994857996702194,96.0,-0.03661959622959775
11.4,0.04349854588508606,96.0,-0.03661959622959775
320.0,-0.07268403470516205,96.0,-0.03661959622959775
52.0,-0.010473224334418774,117.0,-0.04825259262395549
6.7,0.06967748701572418,117.0,-0.04825259262395549
21.4,-0.017442991957068443,117.0,-0.04825259262395549
19.6648,0.005233120173215866,117.0,-0.04825259262395549
21.4,0.02792825549840927,117.0,-0.04825259262395549
120.0,-0.04433796554803848,117.0,-0.04825259262395549
21.4,-0.0031636785715818405,117.0,-0.04825259262395549
21.4,0.001585579477250576,117.0,-0.04825259262395549
146.0,-0.07301795482635498,117.0,-0.04825259262395549
15.2,0.041796181350946426,117.0,-0.04825259262395549
42.5,-0.014458805322647095,120.0,-0.04982441753906041
220.424528,-0.07561173290014267,120.0,-0.04982441753906041
21.4,-0.0024679256603121758,120.0,-0.04982441753906041
385.0,-0.10161423683166504,120.0,-0.04982441753906041
9.8,0.04638688266277313,120.0,-0.04982441753906041
21.4,0.00029738503508269787,120.0,-0.04982441753906041
146.0,-0.041076406836509705,120.0,-0.04982441753906041
236.0,-0.06652761995792389,120.0,-0.04982441753906041
204.960688,-0.05127125605940819,120.0,-0.04982441753906041
15.2,0.020691171288490295,120.0,-0.04982441753906041
146.0,-0.07990673929452896,120.0,-0.04982441753906041
72.7,-0.04934072494506836,120.0,-0.04982441753906041
9.4,0.03133121132850647,120.0,-0.04982441753906041
9.8,0.03185497224330902,120.0,-0.04982441753906041
42.5,-0.009182319045066833,120.0,-0.04982441753906041
146.0,-0.05627605691552162,120.0,-0.04982441753906041
236.0,-0.08189539611339569,120.0,-0.04982441753906041
52.0,-0.005102423019707203,120.0,-0.04982441753906041
13.0,0.02846590429544449,120.0,-0.04982441753906041
35.73,-0.02799864672124386,120.0,-0.04982441753906041
11.6,0.031628042459487915,120.0,-0.04982441753906041
385.0,-0.08153589069843292,121.0,-0.050329711073317324
151.0,-0.06893901526927948,121.0,-0.050329711073317324
9.8,0.05164022743701935,121.0,-0.050329711073317324
146.0,-0.08094992488622665,121.0,-0.050329711073317324
6.7,0.055740922689437866,121.0,-0.050329711073317324
51.3,-0.017272816970944405,121.0,-0.050329711073317324
6.7,0.06730841845273972,121.0,-0.050329711073317324
21.4,0.015491088852286339,121.0,-0.050329711073317324
170.0,-0.07071256637573242,121.0,-0.050329711073317324
15.8,0.030617889016866684,121.0,-0.050329711073317324
29.62,-0.039401084184646606,121.0,-0.050329711073317324
21.4,0.012022349052131176,121.0,-0.050329711073317324
51.3,-0.020766643807291985,121.0,-0.050329711073317324
21.4,-2.484256401658058e-05,121.0,-0.050329711073317324
29.62,-0.00045015430077910423,121.0,-0.050329711073317324
21.4,-0.01186893880367279,121.0,-0.050329711073317324
51.3,-0.016396069899201393,121.0,-0.050329711073317324
151.0,-0.08965951204299927,121.0,-0.050329711073317324
51.3,-0.016578741371631622,121.0,-0.050329711073317324
121.0,-0.05748971179127693,121.0,-0.050329711073317324
21.4,0.0051017096266150475,125.0,-0.05225198538971373
216.434305,-0.07884788513183594,125.0,-0.05225198538971373
204.960688,-0.07797344028949738,125.0,-0.05225198538971373
9.8,0.06323257833719254,125.0,-0.05225198538971373
21.4,0.007031532470136881,125.0,-0.05225198538971373
6.7,0.019679026678204536,125.0,-0.05225198538971373
6.7,0.049581129103899,130.0,-0.05440164334467443
7.7,0.054747454822063446,130.0,-0.05440164334467443
17.9,0.017609715461730957,130.0,-0.05440164334467443
21.4,0.008063393644988537,130.0,-0.05440164334467443
52.0,-0.00996900163590908,130.0,-0.05440164334467443
35.73,0.017961617559194565,130.0,-0.05440164334467443
200.390571,-0.07270187139511108,130.0,-0.05440164334467443
50.0,-0.017368987202644348,130.0,-0.05440164334467443
70.4,-0.015115510672330856,130.0,-0.05440164334467443
6.7,0.03861725330352783,130.0,-0.05440164334467443
6.7,0.09719689190387726,130.0,-0.05440164334467443
65.2,-0.009705822914838791,130.0,-0.05440164334467443
146.0,-0.07114967703819275,130.0,-0.05440164334467443
52.0,-0.013723880052566528,130.0,-0.05440164334467443
11.4,0.03216613456606865,130.0,-0.05440164334467443
70.4,-0.020191969349980354,130.0,-0.05440164334467443
21.4,-0.0026362896896898746,130.0,-0.05440164334467443
7.7,0.030618786811828613,130.0,-0.05440164334467443
9.8,0.045309603214263916,130.0,-0.05440164334467443
51.3,0.022334199398756027,130.0,-0.05440164334467443
120.0,-0.04471714422106743,130.0,-0.05440164334467443
125.0,-0.03852148726582527,130.0,-0.05440164334467443
170.0,-0.09465904533863068,130.0,-0.05440164334467443
7.1,0.027952590957283974,130.0,-0.05440164334467443
9.4,0.04345019906759262,130.0,-0.05440164334467443
385.0,-0.08100301027297974,130.0,-0.05440164334467443
21.4,-0.005777027923613787,130.0,-0.05440164334467443
70.0,-0.02006731554865837,130.0,-0.05440164334467443
320.0,-0.07464183121919632,130.0,-0.05440164334467443
72.7,-0.07167451083660126,130.0,-0.05440164334467443
65.2,-0.015369867905974388,146.0,-0.059884745482393247
9.8,0.04492363706231117,146.0,-0.059884745482393247
146.0,-0.06040479615330696,146.0,-0.059884745482393247
120.0,-0.03482309728860855,146.0,-0.059884745482393247
50.0,-0.020105604082345963,146.0,-0.059884745482393247
11.6,0.01847364939749241,146.0,-0.059884745482393247
21.4,-0.010384812019765377,146.0,-0.059884745482393247
220.424528,-0.04561738297343254,146.0,-0.059884745482393247
21.4,0.001094019040465355,146.0,-0.059884745482393247
42.5,-0.01369905099272728,146.0,-0.059884745482393247
130.0,-0.07397235184907913,146.0,-0.059884745482393247
320.0,-0.07705739140510559,146.0,-0.059884745482393247
15.2,0.04320257902145386,146.0,-0.059884745482393247
221.087264,-0.035071469843387604,146.0,-0.059884745482393247
120.0,-0.0478476844727993,146.0,-0.059884745482393247
11.4,0.04496072605252266,146.0,-0.059884745482393247
320.0,-0.08021308481693268,146.0,-0.059884745482393247
167.0,-0.07792714238166809,146.0,-0.059884745482393247
204.960688,-0.06687933206558228,146.0,-0.059884745482393247
29.62,-0.026991575956344604,146.0,-0.059884745482393247
146.0,-0.0736900120973587,146.0,-0.059884745482393247
146.0,-0.0693141371011734,146.0,-0.059884745482393247
146.0,-0.07447678595781326,146.0,-0.059884745482393247
21.4,-0.018136870115995407,146.0,-0.059884745482393247
50.0,0.01765730418264866,146.0,-0.059884745482393247
320.0,-0.06180060654878616,146.0,-0.059884745482393247
72.7,-0.06201959028840065,146.0,-0.059884745482393247
50.0,0.01818813569843769,146.0,-0.059884745482393247
146.0,-0.04910572990775108,146.0,-0.059884745482393247
146.0,-0.06913334131240845,146.0,-0.059884745482393247
42.5,0.009404396638274193,146.0,-0.059884745482393247
236.0,-0.06798096001148224,146.0,-0.059884745482393247
21.4,-0.0024458812549710274,146.0,-0.059884745482393247
51.3,-0.004477051552385092,146.0,-0.059884745482393247
19.6648,0.007220434490591288,146.0,-0.059884745482393247
50.0,-0.018269363790750504,146.0,-0.059884745482393247
146.0,-0.07403910160064697,146.0,-0.059884745482393247
21.4,0.00854322500526905,146.0,-0.059884745482393247
385.0,-0.08151870965957642,146.0,-0.059884745482393247
121.0,-0.04850233346223831,146.0,-0.059884745482393247
9.8,0.055690377950668335,146.0,-0.059884745482393247
19.6648,-0.00980718620121479,146.0,-0.059884745482393247
6.7,0.031204715371131897,146.0,-0.059884745482393247
146.0,-0.060202475637197495,146.0,-0.059884745482393247
42.5,-0.0124110272154212,146.0,-0.059884745482393247
19.6648,-0.022051043808460236,146.0,-0.059884745482393247
5.3,0.05032941326498985,146.0,-0.059884745482393247
11.6,0.07730740308761597,146.0,-0.059884745482393247
170.0,-0.09605278819799423,146.0,-0.059884745482393247
11.6,0.04475635290145874,146.0,-0.059884745482393247
385.0,-0.11603766679763794,146.0,-0.059884745482393247
50.0,-0.01118648611009121,146.0,-0.059884745482393247
6.7,0.06684578955173492,146.0,-0.059884745482393247
146.0,-0.06768875569105148,146.0,-0.059884745482393247
146.0,-0.08428366482257843,146.0,-0.059884745482393247
160.0,-0.05045263096690178,146.0,-0.059884745482393247
11.4,0.0299808569252491,146.0,-0.059884745482393247
51.3,-0.018353480845689774,146.0,-0.059884745482393247
120.0,-0.04169246554374695,146.0,-0.059884745482393247
6.7,0.06274300813674927,146.0,-0.059884745482393247
320.0,-0.06920500099658966,146.0,-0.059884745482393247
21.4,-8.35023820400238e-05,146.0,-0.059884745482393247
6.7,0.033732280135154724,146.0,-0.059884745482393247
220.424528,-0.06530911475419998,146.0,-0.059884745482393247
42.5,-0.018151577562093735,146.0,-0.059884745482393247
21.4,0.011393860913813114,146.0,-0.059884745482393247
385.0,-0.08303273469209671,146.0,-0.059884745482393247
21.4,0.007617481052875519,146.0,-0.059884745482393247
17.9,0.03648187592625618,146.0,-0.059884745482393247
6.7,0.03568121790885925,146.0,-0.059884745482393247
121.0,-0.04907985031604767,146.0,-0.059884745482393247
9.8,0.03721661865711212,146.0,-0.059884745482393247
17.9,0.011326383799314499,146.0,-0.059884745482393247
21.4,0.023401010781526566,146.0,-0.059884745482393247
6.7,0.028587790206074715,146.0,-0.059884745482393247
70.4,0.019760670140385628,146.0,-0.059884745482393247
51.3,-0.011026725172996521,146.0,-0.059884745482393247
146.0,-0.052928317338228226,146.0,-0.059884745482393247
151.0,-0.0817425325512886,146.0,-0.059884745482393247
6.7,0.033602118492126465,146.0,-0.059884745482393247
120.0,-0.040327288210392,146.0,-0.059884745482393247
6.7,0.0425148606300354,146.0,-0.059884745482393247
6.7,0.06425655633211136,146.0,-0.059884745482393247
320.0,-0.07184756547212601,146.0,-0.059884745482393247
11.6,0.04191403090953827,146.0,-0.059884745482393247
150.0,-0.08909222483634949,146.0,-0.059884745482393247
21.4,0.011554811149835587,146.0,-0.059884745482393247
117.0,-0.0929819792509079,146.0,-0.059884745482393247
150.0,-0.029505230486392975,146.0,-0.059884745482393247
9.8,0.04307929426431656,146.0,-0.059884745482393247
200.390571,-0.07882119715213776,146.0,-0.059884745482393247
21.4,0.00869249738752842,146.0,-0.059884745482393247
21.4,-0.007581298239529133,146.0,-0.059884745482393247
65.2,-0.016592830419540405,146.0,-0.059884745482393247
52.0,-0.009715031832456589,146.0,-0.059884745482393247
96.0,-0.0835021510720253,146.0,-0.059884745482393247
52.0,-0.008217393420636654,146.0,-0.059884745482393247
21.4,0.008049765601754189,146.0,-0.059884745482393247
130.0,-0.06591830402612686,146.0,-0.059884745482393247
6.7,0.02866332046687603,146.0,-0.059884745482393247
320.0,-0.07667611539363861,146.0,-0.059884745482393247
50.0,0.0034584756940603256,146.0,-0.059884745482393247
9.8,0.047659095376729965,146.0,-0.059884745482393247
21.4,0.00016379263252019882,146.0,-0.059884745482393247
50.0,-0.007684079930186272,146.0,-0.059884745482393247
320.0,-0.06450971961021423,146.0,-0.059884745482393247
7.1,0.027307389304041862,146.0,-0.059884745482393247
385.0,-0.10709039866924286,146.0,-0.059884745482393247
385.0,-0.06684111058712006,146.0,-0.059884745482393247
13.8,0.04266355559229851,146.0,-0.059884745482393247
15.2,0.037305429577827454,146.0,-0.059884745482393247
50.0,-0.010940870270133018,146.0,-0.059884745482393247
15.2,0.040216848254203796,146.0,-0.059884745482393247
146.0,-0.07337645441293716,150.0,-0.06112356102722202
50.0,-0.011059388518333435,150.0,-0.06112356102722202
130.0,-0.059882648289203644,150.0,-0.06112356102722202
51.3,-0.01077511440962553,150.0,-0.06112356102722202
21.4,-0.005955027882009745,150.0,-0.06112356102722202
11.6,0.03484130650758743,150.0,-0.06112356102722202
6.7,0.047229163348674774,150.0,-0.06112356102722202
21.4,0.009554204531013966,150.0,-0.06112356102722202
51.3,0.007241731509566307,150.0,-0.06112356102722202
21.4,0.0010968446731567383,150.0,-0.06112356102722202
21.4,-0.004417080897837877,150.0,-0.06112356102722202
11.4,0.04487897455692291,150.0,-0.06112356102722202
9.8,0.043320182710886,150.0,-0.06112356102722202
146.0,-0.045238275080919266,150.0,-0.06112356102722202
21.4,-0.010190002620220184,151.0,-0.06143050405333289
29.62,-0.018945304676890373,151.0,-0.06143050405333289
29.62,0.0051303645595908165,151.0,-0.06143050405333289
6.7,0.03191325441002846,151.0,-0.06143050405333289
170.0,-0.07572925835847855,151.0,-0.06143050405333289
146.0,-0.07162244617938995,151.0,-0.06143050405333289
146.0,-0.04802989587187767,151.0,-0.06143050405333289
17.9,0.04781404137611389,151.0,-0.06143050405333289
52.0,-0.007401579059660435,151.0,-0.06143050405333289
6.7,0.03287067636847496,151.0,-0.06143050405333289
385.0,-0.11289803683757782,151.0,-0.06143050405333289
385.0,-0.08789996802806854,151.0,-0.06143050405333289
219.099056,-0.06822264194488525,151.0,-0.06143050405333289
21.4,0.018083976581692696,151.0,-0.06143050405333289
21.4,-0.008468575775623322,151.0,-0.06143050405333289
21.4,-0.007285823114216328,151.0,-0.06143050405333289
21.4,-0.0022194087505340576,151.0,-0.06143050405333289
146.0,-0.07637802511453629,160.0,-0.06415786210333582
146.0,-0.054512232542037964,160.0,-0.06415786210333582
320.0,-0.07693711668252945,160.0,-0.06415786210333582
50.0,0.003026071470230818,167.0,-0.06623904844456607
6.7,0.03130856528878212,167.0,-0.06623904844456607
146.0,-0.05248521268367767,167.0,-0.06623904844456607
170.0,-0.08351849019527435,167.0,-0.06623904844456607
21.4,-0.0025572702288627625,167.0,-0.06623904844456607
170.0,-0.07829244434833527,167.0,-0.06623904844456607
9.8,0.07415308058261871,167.0,-0.06623904844456607
52.0,-0.007043520454317331,167.0,-0.06623904844456607
52.0,-0.02403849922120571,167.0,-0.06623904844456607
146.0,-0.038111016154289246,167.0,-0.06623904844456607
21.4,-0.01393057405948639,167.0,-0.06623904844456607
9.8,0.04815256595611572,167.0,-0.06623904844456607
96.0,-0.08093132078647614,167.0,-0.06623904844456607
146.0,-0.08230829238891602,167.0,-0.06623904844456607
167.0,-0.07031852006912231,167.0,-0.06623904844456607
9.8,0.04462696611881256,167.0,-0.06623904844456607
9.8,0.032039616256952286,167.0,-0.06623904844456607
6.7,0.06768971681594849,167.0,-0.06623904844456607
11.6,0.03028715029358864,167.0,-0.06623904844456607
219.099056,-0.0922972708940506,167.0,-0.06623904844456607
21.4,-0.0027080955915153027,167.0,-0.06623904844456607
146.0,-0.022602323442697525,170.0,-0.06703263431904805
170.0,-0.07364874333143234,170.0,-0.06703263431904805
151.0,-0.07314196228981018,170.0,-0.06703263431904805
11.6,0.06372334063053131,170.0,-0.06703263431904805
21.4,0.007810820825397968,170.0,-0.06703263431904805
5.3,0.0638335794210434,170.0,-0.06703263431904805
385.0,-0.10179922729730606,170.0,-0.06703263431904805
6.7,0.053528234362602234,170.0,-0.06703263431904805
21.4,0.005887157749384642,170.0,-0.06703263431904805
21.4,-0.008827735669910908,170.0,-0.06703263431904805
70.0,0.008609763346612453,170.0,-0.06703263431904805
70.0,0.02330135926604271,170.0,-0.06703263431904805
6.7,0.05792926251888275,170.0,-0.06703263431904805
21.4,-0.017659658566117287,170.0,-0.06703263431904805
6.7,0.06488185375928879,170.0,-0.06703263431904805
121.0,-0.059665702283382416,170.0,-0.06703263431904805
21.4,-0.009982905350625515,170.0,-0.06703263431904805
29.62,-0.000578815583139658,170.0,-0.06703263431904805
204.960688,-0.07147832959890366,170.0,-0.06703263431904805
200.390571,-0.08291597664356232,170.0,-0.06703263431904805
320.0,-0.06552113592624664,170.0,-0.06703263431904805
146.0,-0.0737614706158638,170.0,-0.06703263431904805
6.7,0.055482737720012665,170.0,-0.06703263431904805
21.4,-0.0045749773271381855,170.0,-0.06703263431904805
21.4,-0.02549649402499199,170.0,-0.06703263431904805
150.0,-0.09966271370649338,170.0,-0.06703263431904805
170.0,-0.059402815997600555,170.0,-0.06703263431904805
146.0,-0.08441320806741714,170.0,-0.06703263431904805
21.4,0.00376767385751009,170.0,-0.06703263431904805
70.0,0.023580055683851242,170.0,-0.06703263431904805
120.0,-0.04547661542892456,170.0,-0.06703263431904805
52.0,-0.008853035047650337,170.0,-0.06703263431904805
320.0,-0.06751365214586258,170.0,-0.06703263431904805
6.7,0.04501764848828316,170.0,-0.06703263431904805
236.0,-0.07657138258218765,170.0,-0.06703263431904805
21.4,0.015902120620012283,170.0,-0.06703263431904805
11.4,0.045067209750413895,170.0,-0.06703263431904805
170.0,-0.0730002373456955,170.0,-0.06703263431904805
51.3,-0.02688416838645935,170.0,-0.06703263431904805
21.4,-0.013188212178647518,170.0,-0.06703263431904805
7.7,0.0323258601129055,170.0,-0.06703263431904805
11.6,0.0590704120695591,170.0,-0.06703263431904805
11.6,0.04026278853416443,170.0,-0.06703263431904805
9.8,0.09287618845701218,170.0,-0.06703263431904805
50.0,0.014273089356720448,170.0,-0.06703263431904805
6.7,0.03888281062245369,170.0,-0.06703263431904805
9.8,0.027916433289647102,170.0,-0.06703263431904805
15.2,0.04723178595304489,170.0,-0.06703263431904805
42.5,-0.00873162318021059,170.0,-0.06703263431904805
15.2,0.04173015058040619,200.390571,-0.06808679182540413
151.0,-0.09026318788528442,200.390571,-0.06808679182540413
9.8,0.04839441552758217,200.390571,-0.06808679182540413
11.6,0.04153049364686012,200.390571,-0.06808679182540413
76.2,-0.031103717163205147,200.390571,-0.06808679182540413
167.0,-0.06576535850763321,200.390571,-0.06808679182540413
9.8,0.0884777307510376,204.960688,-0.06820379116911059
150.0,-0.06371907889842987,204.960688,-0.06820379116911059
17.9,0.01498127356171608,204.960688,-0.06820379116911059
121.0,-0.056789666414260864,204.960688,-0.06820379116911059
7.2,0.02925463207066059,204.960688,-0.06820379116911059
9.8,0.050709713250398636,204.960688,-0.06820379116911059
125.0,-0.09637457132339478,204.960688,-0.06820379116911059
167.0,-0.0853998214006424,204.960688,-0.06820379116911059
17.9,0.04910840094089508,216.434305,-0.0685244765247984
9.8,0.05110449343919754,216.434305,-0.0685244765247984
6.7,0.05898850038647652,216.434305,-0.0685244765247984
385.0,-0.11590847373008728,216.434305,-0.0685244765247984
21.4,-0.017841419205069542,216.434305,-0.0685244765247984
42.5,-0.023076510056853294,216.434305,-0.0685244765247984
320.0,-0.07791617512702942,216.434305,-0.0685244765247984
6.7,0.04603338986635208,219.099056,-0.0686490439614527
21.4,-0.010009311139583588,219.099056,-0.0686490439614527
6.7,0.03538638353347778,219.099056,-0.0686490439614527
9.8,0.020396895706653595,219.099056,-0.0686490439614527
17.9,0.021201729774475098,219.099056,-0.0686490439614527
21.4,-0.015371682122349739,219.099056,-0.0686490439614527
11.4,0.04132456332445145,219.099056,-0.0686490439614527
167.0,-0.08162041008472443,219.099056,-0.0686490439614527
21.4,-0.024686012417078018,220.424528,-0.06871897023589407
146.0,-0.03295109421014786,220.424528,-0.06871897023589407
170.0,-0.06845997273921967,220.424528,-0.06871897023589407
150.0,-0.07162304222583771,220.424528,-0.06871897023589407
146.0,-0.05810482054948807,220.424528,-0.06871897023589407
385.0,-0.07890989631414413,220.424528,-0.06871897023589407
11.4,0.046567004173994064,220.424528,-0.06871897023589407
150.0,-0.04342518746852875,220.424528,-0.06871897023589407
146.0,-0.04903017729520798,220.424528,-0.06871897023589407
320.0,-0.07162247598171234,221.087264,-0.0687558529693344
5.3,0.05542964115738869,221.087264,-0.0687558529693344
6.7,0.0915534645318985,221.087264,-0.0687558529693344
221.087264,-0.09584114700555801,221.087264,-0.0687558529693344
11.6,0.06517341732978821,221.087264,-0.0687558529693344
130.0,-0.06430724263191223,221.087264,-0.0687558529693344
29.62,0.004715900868177414,221.087264,-0.0687558529693344
21.4,-0.0002130935899913311,236.0,-0.069847191393691
51.3,-0.008869476616382599,236.0,-0.069847191393691
170.0,-0.046396300196647644,236.0,-0.069847191393691
21.4,0.009081073105335236,236.0,-0.069847191393691
21.4,0.0005860552191734314,236.0,-0.069847191393691
170.0,-0.09519832581281662,236.0,-0.069847191393691
146.0,-0.0597076490521431,236.0,-0.069847191393691
385.0,-0.08513061702251434,236.0,-0.069847191393691
11.6,0.024304237216711044,236.0,-0.069847191393691
7.2,0.05899159610271454,236.0,-0.069847191393691
21.4,-0.007736099883913994,236.0,-0.069847191393691
9.8,0.04755175858736038,236.0,-0.069847191393691
35.73,-0.027409721165895462,236.0,-0.069847191393691
6.7,0.03186805546283722,236.0,-0.069847191393691
9.8,0.07576676458120346,236.0,-0.069847191393691
6.7,0.02706594578921795,236.0,-0.069847191393691
11.6,0.06973199546337128,236.0,-0.069847191393691
21.4,-0.0017090928740799427,236.0,-0.069847191393691
9.8,0.05486929789185524,236.0,-0.069847191393691
146.0,-0.0811367779970169,236.0,-0.069847191393691
11.4,0.04613428935408592,320.0,-0.07752776955232603
146.0,-0.0486760288476944,320.0,-0.07752776955232603
50.0,0.017910096794366837,320.0,-0.07752776955232603
52.0,-0.006510309875011444,320.0,-0.07752776955232603
9.8,0.03630826249718666,320.0,-0.07752776955232603
146.0,-0.06424826383590698,320.0,-0.07752776955232603
130.0,-0.06722971051931381,320.0,-0.07752776955232603
120.0,-0.04175255447626114,320.0,-0.07752776955232603
52.0,-0.004017931409180164,320.0,-0.07752776955232603
6.7,0.03307695686817169,320.0,-0.07752776955232603
6.7,0.03419242054224014,320.0,-0.07752776955232603
11.4,0.07559794187545776,320.0,-0.07752776955232603
21.4,0.003000245662406087,320.0,-0.07752776955232603
52.0,-0.015229608863592148,320.0,-0.07752776955232603
219.099056,-0.03786113113164902,320.0,-0.07752776955232603
11.6,0.03348260372877121,320.0,-0.07752776955232603
6.7,0.031306758522987366,320.0,-0.07752776955232603
42.5,-0.017467273399233818,320.0,-0.07752776955232603
52.0,-0.017749784514307976,320.0,-0.07752776955232603
117.0,-0.03012559376657009,320.0,-0.07752776955232603
21.4,-0.007778572849929333,320.0,-0.07752776955232603
6.7,0.08116721361875534,320.0,-0.07752776955232603
17.9,0.021762721240520477,320.0,-0.07752776955232603
146.0,-0.04891699180006981,320.0,-0.07752776955232603
9.4,0.04555550217628479,320.0,-0.07752776955232603
7.2,0.03968493267893791,320.0,-0.07752776955232603
121.0,-0.06101798638701439,320.0,-0.07752776955232603
320.0,-0.05806543678045273,320.0,-0.07752776955232603
9.4,0.025328174233436584,320.0,-0.07752776955232603
320.0,-0.0638338029384613,320.0,-0.07752776955232603
6.7,0.06330626457929611,320.0,-0.07752776955232603
21.4,0.01337631605565548,320.0,-0.07752776955232603
216.434305,-0.07238252460956573,320.0,-0.07752776955232603
42.5,-0.00032477453351020813,320.0,-0.07752776955232603
120.0,-0.05237578600645065,320.0,-0.07752776955232603
6.7,0.032645225524902344,320.0,-0.07752776955232603
117.0,-0.040467921644449234,320.0,-0.07752776955232603
96.0,-0.07861284911632538,320.0,-0.07752776955232603
320.0,-0.07631586492061615,320.0,-0.07752776955232603
42.5,-0.008006269112229347,320.0,-0.07752776955232603
9.8,0.04689440131187439,320.0,-0.07752776955232603
146.0,-0.07409168779850006,320.0,-0.07752776955232603
21.4,0.009724297560751438,320.0,-0.07752776955232603
167.0,-0.06734587997198105,320.0,-0.07752776955232603
146.0,-0.05233684182167053,320.0,-0.07752776955232603
320.0,-0.07810664176940918,320.0,-0.07752776955232603
29.62,-0.020995544269680977,320.0,-0.07752776955232603
120.0,-0.0473720021545887,320.0,-0.07752776955232603
5.3,0.03447756916284561,320.0,-0.07752776955232603
21.4,-0.00502772955223918,320.0,-0.07752776955232603
70.4,-0.00779141578823328,320.0,-0.07752776955232603
17.9,0.01575121469795704,320.0,-0.07752776955232603
385.0,-0.08015547692775726,320.0,-0.07752776955232603
50.0,-0.01745547167956829,320.0,-0.07752776955232603
51.3,-0.0025937678292393684,320.0,-0.07752776955232603
50.0,-0.018930543214082718,320.0,-0.07752776955232603
7.7,0.020706593990325928,320.0,-0.07752776955232603
146.0,-0.07376764714717865,320.0,-0.07752776955232603
21.4,-0.005223906598985195,320.0,-0.07752776955232603
21.4,0.006610093638300896,320.0,-0.07752776955232603
13.8,0.03374078869819641,320.0,-0.07752776955232603
6.7,0.0311017744243145,320.0,-0.07752776955232603
9.8,0.04744603484869003,320.0,-0.07752776955232603
21.4,-0.008689193055033684,320.0,-0.07752776955232603
146.0,-0.056243158876895905,385.0,-0.08301132007952867
6.7,0.03571512550115585,385.0,-0.08301132007952867
9.4,0.04394011199474335,385.0,-0.08301132007952867
146.0,-0.07714834809303284,385.0,-0.08301132007952867
170.0,-0.06632325798273087,385.0,-0.08301132007952867
7.2,0.07850748300552368,385.0,-0.08301132007952867
7.7,0.015165653079748154,385.0,-0.08301132007952867
51.3,-0.0175635926425457,385.0,-0.08301132007952867
51.3,-0.0023808106780052185,385.0,-0.08301132007952867
21.4,0.011379823088645935,385.0,-0.08301132007952867
42.5,-0.012104995548725128,385.0,-0.08301132007952867
146.0,-0.08062362670898438,385.0,-0.08301132007952867
17.9,0.014633845537900925,385.0,-0.08301132007952867
130.0,-0.059882648289203644,385.0,-0.08301132007952867
167.0,-0.08760015666484833,385.0,-0.08301132007952867
42.5,-0.013361703604459763,385.0,-0.08301132007952867
15.8,0.0442534014582634,385.0,-0.08301132007952867
130.0,-0.07087243348360062,385.0,-0.08301132007952867
150.0,-0.06788727641105652,385.0,-0.08301132007952867
21.4,-0.00746076088398695,385.0,-0.08301132007952867
42.5,-0.009841594845056534,385.0,-0.08301132007952867
11.6,0.04643598198890686,385.0,-0.08301132007952867
236.0,-0.02893812581896782,385.0,-0.08301132007952867
21.4,-0.00803135335445404,385.0,-0.08301132007952867
65.2,-0.00830569677054882,385.0,-0.08301132007952867
15.8,0.048823826014995575,385.0,-0.08301132007952867
42.5,-0.009691900573670864,385.0,-0.08301132007952867
50.0,0.021110793575644493,385.0,-0.08301132007952867
21.4,0.009919940494000912,385.0,-0.08301132007952867
15.2,0.07693200558423996,385.0,-0.08301132007952867
11.6,0.03752005100250244,385.0,-0.08301132007952867
385.0,-0.07798489928245544,385.0,-0.08301132007952867
15.8,0.036002326756715775,385.0,-0.08301132007952867
146.0,-0.07362447679042816,385.0,-0.08301132007952867
146.0,-0.08071798086166382,385.0,-0.08301132007952867
6.7,0.02869335561990738,385.0,-0.08301132007952867
21.4,-0.00838206522166729,385.0,-0.08301132007952867
21.4,-0.00929613970220089,385.0,-0.08301132007952867
9.8,0.04580080509185791,385.0,-0.08301132007952867
21.4,0.017518620938062668,385.0,-0.08301132007952867
72.7,-0.01662478968501091,385.0,-0.08301132007952867
121.0,-0.02259291335940361,385.0,-0.08301132007952867
21.4,0.008155718445777893,385.0,-0.08301132007952867
216.434305,-0.0636855959892273,385.0,-0.08301132007952867
9.8,0.03683806210756302,385.0,-0.08301132007952867
320.0,-0.0756930410861969,385.0,-0.08301132007952867
320.0,-0.07893542945384979,385.0,-0.08301132007952867
21.4,-0.007469620555639267,385.0,-0.08301132007952867
167.0,-0.060334280133247375,385.0,-0.08301132007952867
5.3,0.03462182730436325,385.0,-0.08301132007952867
21.4,0.007306904532015324,385.0,-0.08301132007952867
51.3,-0.01628519780933857,385.0,-0.08301132007952867
21.4,-0.02063721790909767,385.0,-0.08301132007952867
130.0,-0.06733159720897675,385.0,-0.08301132007952867
51.3,0.0038313986733555794,385.0,-0.08301132007952867
9.8,0.02676408365368843,385.0,-0.08301132007952867
21.4,-0.00847377348691225,385.0,-0.08301132007952867
21.4,-0.004861362278461456,385.0,-0.08301132007952867
21.4,-0.004122575279325247,385.0,-0.08301132007952867
21.4,-0.004738871939480305,385.0,-0.08301132007952867
51.3,-0.012577703222632408,385.0,-0.08301132007952867
5.3,0.01842416636645794,385.0,-0.08301132007952867
121.0,-0.056820347905159,385.0,-0.08301132007952867
51.3,-0.01537263859063387,385.0,-0.08301132007952867
