density(g/cm3),shap,lowess density(g/cm3),lowess shap
2.698224,0.005501389503479004,1.8,-0.0005749351571675474
8.44,0.010298822075128555,1.8,-0.0005749351571675474
4.65,0.014790519140660763,1.8,-0.0005749351571675474
2.67,-0.015700731426477432,1.8,-0.0005749351571675474
8.44,0.015841040760278702,1.8,-0.0005749351571675474
8.44,0.014843698590993881,1.8,-0.0005749351571675474
8.9,0.028378590941429138,1.8,-0.0005749351571675474
1.81,-0.014622285962104797,1.8,-0.0005749351571675474
8.44,0.006608669646084309,1.8,-0.0005749351571675474
4.54,-0.016422349959611893,1.8,-0.0005749351571675474
7.8,-0.00493147037923336,1.8,-0.0005749351571675474
4.43,-0.003006936516612768,1.8,-0.0005749351571675474
7.85,0.027242504060268402,1.8,-0.0005749351571675474
2.67,-0.012651634402573109,1.8,-0.0005749351571675474
8.0,0.03137553110718727,1.8,-0.0005749351571675474
2.655008,-0.010873464867472649,1.803,-0.000586475318866124
8.23,0.012947024777531624,1.803,-0.000586475318866124
1.84,0.009212654083967209,1.803,-0.000586475318866124
7.85,0.03320896998047829,1.803,-0.000586475318866124
8.44,0.02205132506787777,1.803,-0.000586475318866124
8.93,-0.1329387128353119,1.803,-0.000586475318866124
7.83,0.007153268903493881,1.803,-0.000586475318866124
8.0,0.026567844673991203,1.803,-0.000586475318866124
2.78,-0.0008368915878236294,1.803,-0.000586475318866124
1.81,0.009671966545283794,1.803,-0.000586475318866124
8.23,0.02006899192929268,1.803,-0.000586475318866124
8.0,0.019483238458633423,1.803,-0.000586475318866124
8.44,0.01994229480624199,1.803,-0.000586475318866124
4.43,-0.01789516769349575,1.803,-0.000586475318866124
8.0,0.01598869264125824,1.803,-0.000586475318866124
1.81,0.0035521825775504112,1.803,-0.000586475318866124
8.0,0.03618030622601509,1.803,-0.000586475318866124
4.43,0.0020045735873281956,1.803,-0.000586475318866124
8.0,0.010430680587887764,1.803,-0.000586475318866124
4.43,-0.01719125360250473,1.803,-0.000586475318866124
4.65,-0.00231044739484787,1.803,-0.000586475318866124
19.3,-0.12730933725833893,1.81,-0.0006134008858089521
7.8,-0.009646824561059475,1.81,-0.0006134008858089521
8.0,0.02946474589407444,1.81,-0.0006134008858089521
8.23,0.026423241943120956,1.81,-0.0006134008858089521
8.0,0.016170749440789223,1.81,-0.0006134008858089521
8.44,0.0221570897847414,1.81,-0.0006134008858089521
8.0,0.01948234625160694,1.81,-0.0006134008858089521
1.81,0.0009003700688481331,1.81,-0.0006134008858089521
8.0,0.008661923930048943,1.81,-0.0006134008858089521
8.19,0.025903034955263138,1.81,-0.0006134008858089521
8.62,0.037665028125047684,1.81,-0.0006134008858089521
5.66,-0.023405123502016068,1.81,-0.0006134008858089521
1.84,-0.013455446809530258,1.81,-0.0006134008858089521
4.65,-0.01176714152097702,1.81,-0.0006134008858089521
1.81,0.018214456737041473,1.81,-0.0006134008858089521
2.7,-0.015905775129795074,1.81,-0.0006134008858089521
2.78,-0.012951863929629326,1.81,-0.0006134008858089521
8.44,0.016076920554041862,1.81,-0.0006134008858089521
7.8,-0.0024171038530766964,1.81,-0.0006134008858089521
4.43,-0.016854578629136086,1.81,-0.0006134008858089521
8.44,0.014461482875049114,1.81,-0.0006134008858089521
8.19,0.017339158803224564,1.81,-0.0006134008858089521
4.43,-0.01084896083921194,1.81,-0.0006134008858089521
8.0,0.01255128812044859,1.81,-0.0006134008858089521
7.8,-0.009339414536952972,1.81,-0.0006134008858089521
4.43,0.004594213329255581,1.81,-0.0006134008858089521
7.872,0.006595173850655556,1.84,-0.0007287716455726478
1.81,0.007544292137026787,1.84,-0.0007287716455726478
8.74,0.02186754159629345,1.84,-0.0007287716455726478
7.83,0.015063523314893246,1.84,-0.0007287716455726478
2.67,-0.012938735075294971,1.84,-0.0007287716455726478
4.43,-0.021835600957274437,1.84,-0.0007287716455726478
8.0,0.02473672851920128,1.84,-0.0007287716455726478
8.62,0.007882592268288136,1.84,-0.0007287716455726478
4.43,-0.01598205417394638,1.84,-0.0007287716455726478
4.43,-0.020467402413487434,1.84,-0.0007287716455726478
8.0,0.017926102504134178,1.84,-0.0007287716455726478
4.43,-0.015301322564482689,1.84,-0.0007287716455726478
2.78,-0.014824414625763893,1.84,-0.0007287716455726478
7.8,0.005242503248155117,1.84,-0.0007287716455726478
8.0,0.003805141896009445,1.84,-0.0007287716455726478
19.3,-0.12673528492450714,1.84,-0.0007287716455726478
8.93,-0.13687409460544586,1.84,-0.0007287716455726478
4.43,-0.0023545760195702314,1.84,-0.0007287716455726478
2.67,0.0003391886129975319,1.84,-0.0007287716455726478
2.67,0.014478066936135292,1.84,-0.0007287716455726478
4.43,-0.016985679045319557,1.84,-0.0007287716455726478
1.803,-0.006880014203488827,1.84,-0.0007287716455726478
2.67,0.0247816052287817,1.84,-0.0007287716455726478
1.84,-0.02770528569817543,1.84,-0.0007287716455726478
8.9,0.014846660196781158,1.84,-0.0007287716455726478
8.9,0.01199035719037056,1.84,-0.0007287716455726478
8.0,0.02879972569644451,1.84,-0.0007287716455726478
8.93,-0.11865603923797607,1.84,-0.0007287716455726478
8.0,0.029454410076141357,1.84,-0.0007287716455726478
1.84,-0.011788702569901943,1.84,-0.0007287716455726478
8.9,0.034028977155685425,1.84,-0.0007287716455726478
8.44,0.018280941992998123,1.84,-0.0007287716455726478
8.78,0.010652248747646809,1.84,-0.0007287716455726478
4.43,-0.0140113215893507,1.84,-0.0007287716455726478
5.66,0.018268104642629623,1.84,-0.0007287716455726478
8.78,0.02903720736503601,1.84,-0.0007287716455726478
8.0,0.030558129772543907,1.84,-0.0007287716455726478
8.0,0.01588784158229828,1.84,-0.0007287716455726478
2.66,-0.0013666050508618355,1.84,-0.0007287716455726478
8.9,0.03677050769329071,1.84,-0.0007287716455726478
7.85,0.01873440109193325,1.84,-0.0007287716455726478
8.23,0.027743151411414146,1.84,-0.0007287716455726478
8.0,0.011113802902400494,1.84,-0.0007287716455726478
2.81,-0.014057527296245098,1.84,-0.0007287716455726478
4.43,-0.018791133537888527,1.84,-0.0007287716455726478
2.696448,0.010562717914581299,1.84,-0.0007287716455726478
7.8,-0.019093649461865425,1.84,-0.0007287716455726478
2.67,0.005332040600478649,1.84,-0.0007287716455726478
8.44,0.02276976965367794,1.84,-0.0007287716455726478
8.23,-0.0008790092542767525,1.84,-0.0007287716455726478
8.0,0.023283647373318672,1.84,-0.0007287716455726478
2.81,-0.01686626859009266,1.84,-0.0007287716455726478
8.19,0.02209617756307125,1.84,-0.0007287716455726478
2.66,0.02561570331454277,1.84,-0.0007287716455726478
8.19,0.02245347946882248,2.642761,-0.0037844297729196464
8.0,0.004597291350364685,2.642761,-0.0037844297729196464
8.23,0.04529332369565964,2.642761,-0.0037844297729196464
4.43,-0.023476475849747658,2.642761,-0.0037844297729196464
1.84,0.013302045874297619,2.642761,-0.0037844297729196464
1.8,0.006321556866168976,2.642761,-0.0037844297729196464
8.93,-0.12360066920518875,2.655008,-0.0038303016961671685
8.19,0.012847382575273514,2.655008,-0.0038303016961671685
6.471,-0.011570533737540245,2.655008,-0.0038303016961671685
8.0,0.014997033402323723,2.655008,-0.0038303016961671685
8.93,-0.12721571326255798,2.655008,-0.0038303016961671685
8.23,0.008755035698413849,2.655008,-0.0038303016961671685
8.44,0.016270780935883522,2.655008,-0.0038303016961671685
2.67,0.02543918788433075,2.655008,-0.0038303016961671685
4.43,0.0039841001853346825,2.66,-0.003848990658928206
8.0,0.012217869982123375,2.66,-0.003848990658928206
8.05,0.02039242349565029,2.66,-0.003848990658928206
2.78,-0.005937657319009304,2.66,-0.003848990658928206
4.43,-0.004441666416823864,2.66,-0.003848990658928206
1.8,0.006335821934044361,2.66,-0.003848990658928206
7.8,-0.012222778052091599,2.66,-0.003848990658928206
8.23,0.005674326792359352,2.66,-0.003848990658928206
8.23,0.028736339882016182,2.66,-0.003848990658928206
2.78,-0.012953042984008789,2.66,-0.003848990658928206
8.0,0.02710837498307228,2.66,-0.003848990658928206
1.81,0.017995236441493034,2.66,-0.003848990658928206
8.93,-0.12020821124315262,2.66,-0.003848990658928206
8.0,0.026801418513059616,2.66,-0.003848990658928206
1.84,-0.014065545052289963,2.66,-0.003848990658928206
8.0,0.02150457352399826,2.66,-0.003848990658928206
2.81,-0.012783071026206017,2.66,-0.003848990658928206
8.0,0.010136031545698643,2.66,-0.003848990658928206
7.83,0.015573440119624138,2.66,-0.003848990658928206
8.44,0.027753137052059174,2.66,-0.003848990658928206
2.67,0.009052164852619171,2.66,-0.003848990658928206
8.93,-0.13634110987186432,2.66,-0.003848990658928206
8.9,0.021842163056135178,2.66,-0.003848990658928206
7.8,-0.0020819855853915215,2.66,-0.003848990658928206
4.65,-0.013043457642197609,2.66,-0.003848990658928206
8.93,-0.11225789785385132,2.66,-0.003848990658928206
8.93,-0.13128361105918884,2.66,-0.003848990658928206
8.44,0.026753826066851616,2.66,-0.003848990658928206
8.0,0.03086273930966854,2.66,-0.003848990658928206
8.19,0.03374059498310089,2.66,-0.003848990658928206
2.685755,0.003758783917874098,2.67,-0.0038864128634120694
2.67,-0.0029064966365695,2.67,-0.0038864128634120694
8.23,0.016190987080335617,2.67,-0.0038864128634120694
8.909,0.004129091277718544,2.67,-0.0038864128634120694
8.19,0.03216804191470146,2.67,-0.0038864128634120694
1.81,-0.0013373661786317825,2.67,-0.0038864128634120694
4.43,-0.018825974315404892,2.67,-0.0038864128634120694
2.78,-0.00868191197514534,2.67,-0.0038864128634120694
8.0,0.026525065302848816,2.67,-0.0038864128634120694
8.19,0.009536944329738617,2.67,-0.0038864128634120694
8.0,0.03093508630990982,2.67,-0.0038864128634120694
4.43,-0.01717212423682213,2.67,-0.0038864128634120694
8.44,0.015443820506334305,2.67,-0.0038864128634120694
2.67,0.011155062355101109,2.67,-0.0038864128634120694
4.43,-0.016263913363218307,2.67,-0.0038864128634120694
1.803,-0.005988324526697397,2.67,-0.0038864128634120694
8.05,0.016792679205536842,2.67,-0.0038864128634120694
8.0,0.01196502335369587,2.67,-0.0038864128634120694
8.0,0.015969911590218544,2.67,-0.0038864128634120694
8.0,0.03053184226155281,2.67,-0.0038864128634120694
8.0,0.030387260019779205,2.67,-0.0038864128634120694
8.0,0.029526228085160255,2.67,-0.0038864128634120694
2.67,-0.023049984127283096,2.67,-0.0038864128634120694
1.84,0.008046399801969528,2.67,-0.0038864128634120694
4.43,0.008809801191091537,2.67,-0.0038864128634120694
8.05,0.016704179346561432,2.67,-0.0038864128634120694
8.44,0.020307181403040886,2.67,-0.0038864128634120694
2.67,-0.01705768331885338,2.67,-0.0038864128634120694
8.19,0.01808428205549717,2.67,-0.0038864128634120694
8.0,0.00881414208561182,2.67,-0.0038864128634120694
19.3,-0.1234479770064354,2.67,-0.0038864128634120694
7.8,-0.02932704985141754,2.67,-0.0038864128634120694
7.8,-0.02084020897746086,2.67,-0.0038864128634120694
8.44,0.018524564802646637,2.67,-0.0038864128634120694
8.44,0.02345881052315235,2.67,-0.0038864128634120694
8.93,-0.12885820865631104,2.67,-0.0038864128634120694
1.84,0.005581788718700409,2.67,-0.0038864128634120694
8.62,0.009490692056715488,2.67,-0.0038864128634120694
8.0,0.043106380850076675,2.67,-0.0038864128634120694
8.0,0.029690861701965332,2.67,-0.0038864128634120694
19.3,-0.16135670244693756,2.67,-0.0038864128634120694
8.0,0.05534520000219345,2.67,-0.0038864128634120694
7.8,-0.005496754311025143,2.67,-0.0038864128634120694
2.67,-0.006326972506940365,2.67,-0.0038864128634120694
2.67,-0.021006930619478226,2.67,-0.0038864128634120694
4.43,-0.015534752979874611,2.67,-0.0038864128634120694
2.7,-0.017178332433104515,2.67,-0.0038864128634120694
8.0,0.017104122787714005,2.67,-0.0038864128634120694
6.471,-0.000657680444419384,2.67,-0.0038864128634120694
8.9,0.013961821794509888,2.67,-0.0038864128634120694
4.43,-0.01732761226594448,2.67,-0.0038864128634120694
8.78,0.012397106736898422,2.67,-0.0038864128634120694
8.0,0.03855573385953903,2.67,-0.0038864128634120694
5.66,-0.01972513273358345,2.67,-0.0038864128634120694
8.93,-0.12437663227319717,2.67,-0.0038864128634120694
8.0,0.01800631731748581,2.67,-0.0038864128634120694
2.66,-0.002661853563040495,2.67,-0.0038864128634120694
2.678,-0.01241332944482565,2.67,-0.0038864128634120694
7.8,-0.0006003007292747498,2.67,-0.0038864128634120694
4.43,-0.0019232402555644512,2.67,-0.0038864128634120694
2.67,0.008248116821050644,2.67,-0.0038864128634120694
1.81,-0.01253332570195198,2.67,-0.0038864128634120694
8.23,0.01522868499159813,2.67,-0.0038864128634120694
2.66,0.008709113113582134,2.67,-0.0038864128634120694
8.0,0.030204905197024345,2.67,-0.0038864128634120694
1.81,-0.016999879851937294,2.67,-0.0038864128634120694
5.66,-0.018202360719442368,2.67,-0.0038864128634120694
8.93,-0.1632360965013504,2.67,-0.0038864128634120694
8.78,0.008386220782995224,2.67,-0.0038864128634120694
8.23,0.017069365829229355,2.67,-0.0038864128634120694
1.803,-0.004962129518389702,2.67,-0.0038864128634120694
8.4,0.0294796172529459,2.67,-0.0038864128634120694
8.23,0.015196871012449265,2.67,-0.0038864128634120694
7.83,0.029635906219482422,2.67,-0.0038864128634120694
8.19,0.019047513604164124,2.67,-0.0038864128634120694
4.43,-0.024239476770162582,2.67,-0.0038864128634120694
2.67,0.008360989391803741,2.67,-0.0038864128634120694
2.7,0.007048527244478464,2.67,-0.0038864128634120694
7.8,-0.01644377037882805,2.67,-0.0038864128634120694
4.43,-0.015530592761933804,2.67,-0.0038864128634120694
8.19,0.029309116303920746,2.67,-0.0038864128634120694
8.0,0.028064440935850143,2.67,-0.0038864128634120694
4.43,-0.013407250866293907,2.67,-0.0038864128634120694
8.05,0.018265344202518463,2.67,-0.0038864128634120694
8.78,0.012624308466911316,2.67,-0.0038864128634120694
8.44,0.03032626211643219,2.67,-0.0038864128634120694
2.7,-0.019198458641767502,2.67,-0.0038864128634120694
8.19,0.040688857436180115,2.67,-0.0038864128634120694
8.93,-0.11607691645622253,2.67,-0.0038864128634120694
8.44,0.022270582616329193,2.67,-0.0038864128634120694
4.43,-0.013669674284756184,2.67,-0.0038864128634120694
7.8,-0.0298402588814497,2.67,-0.0038864128634120694
8.05,0.015170244500041008,2.67,-0.0038864128634120694
7.8,-0.011124150827527046,2.67,-0.0038864128634120694
8.19,0.01975708268582821,2.67,-0.0038864128634120694
1.84,0.03969994932413101,2.67,-0.0038864128634120694
8.0,0.0324578732252121,2.67,-0.0038864128634120694
1.84,0.02024194784462452,2.67,-0.0038864128634120694
2.67,0.003722888883203268,2.67,-0.0038864128634120694
4.43,-0.002020695246756077,2.67,-0.0038864128634120694
4.54,-0.020442407578229904,2.67,-0.0038864128634120694
2.81,-0.011304953135550022,2.67,-0.0038864128634120694
8.9,0.019245684146881104,2.67,-0.0038864128634120694
6.471,-0.007660774048417807,2.67,-0.0038864128634120694
2.81,-0.008593919686973095,2.67,-0.0038864128634120694
8.0,0.0190400630235672,2.67,-0.0038864128634120694
8.0,0.021158145740628242,2.67,-0.0038864128634120694
7.85,0.026728138327598572,2.67,-0.0038864128634120694
4.43,0.005335399881005287,2.67,-0.0038864128634120694
7.8,0.008968373760581017,2.67,-0.0038864128634120694
4.43,-0.016733849421143532,2.67,-0.0038864128634120694
4.43,-0.01631784811615944,2.67,-0.0038864128634120694
8.0,0.021869217976927757,2.67,-0.0038864128634120694
19.3,-0.1254052221775055,2.678,-0.003916335574483352
8.93,-0.13441680371761322,2.678,-0.003916335574483352
4.43,-0.019165249541401863,2.678,-0.003916335574483352
8.44,0.017134889960289,2.678,-0.003916335574483352
8.9,0.015187792479991913,2.678,-0.003916335574483352
7.8,-0.0029099201783537865,2.678,-0.003916335574483352
2.76,0.012488231062889099,2.685755,-0.003945329165584607
8.0,0.03131791576743126,2.685755,-0.003945329165584607
7.872,0.007046177051961422,2.685755,-0.003945329165584607
19.3,-0.13694319128990173,2.685755,-0.003945329165584607
4.43,-0.017338037490844727,2.685755,-0.003945329165584607
2.67,-0.004454816225916147,2.685755,-0.003945329165584607
7.85,0.01799078658223152,2.685755,-0.003945329165584607
6.471,-0.005105111747980118,2.692896,-0.003972016152824964
4.43,-0.017566680908203125,2.692896,-0.003972016152824964
2.81,-0.013502760790288448,2.692896,-0.003972016152824964
8.62,0.015658162534236908,2.692896,-0.003972016152824964
4.43,-0.0034942450001835823,2.692896,-0.003972016152824964
2.67,-0.004807936958968639,2.692896,-0.003972016152824964
2.7,-0.023989707231521606,2.692896,-0.003972016152824964
4.43,-0.010837176814675331,2.692896,-0.003972016152824964
2.67,0.010052582249045372,2.696448,-0.0039852865785001855
19.3,-0.12285107374191284,2.696448,-0.0039852865785001855
2.67,0.0040151141583919525,2.696448,-0.0039852865785001855
8.44,0.009776167571544647,2.696448,-0.0039852865785001855
2.67,-0.020170016214251518,2.696448,-0.0039852865785001855
4.43,-0.022244637832045555,2.696448,-0.0039852865785001855
2.81,-0.009485866874456406,2.696448,-0.0039852865785001855
8.0,0.019475789740681648,2.696448,-0.0039852865785001855
4.43,-0.014633772894740105,2.696448,-0.0039852865785001855
19.3,-0.12379183620214462,2.698224,-0.003991920814455459
7.8,-0.00913753267377615,2.698224,-0.003991920814455459
8.44,0.03250710666179657,2.698224,-0.003991920814455459
8.9,0.025760143995285034,2.698224,-0.003991920814455459
8.9,0.012360082939267159,2.698224,-0.003991920814455459
2.7,-0.008845753036439419,2.698224,-0.003991920814455459
5.66,-0.013506683520972729,2.698224,-0.003991920814455459
8.0,0.03027568943798542,2.7,-0.003998554400187934
2.7,-0.014715051278471947,2.7,-0.003998554400187934
6.471,-0.031597383320331573,2.7,-0.003998554400187934
8.0,-0.000774109736084938,2.7,-0.003998554400187934
1.84,0.016903288662433624,2.7,-0.003998554400187934
19.3,-0.13420642912387848,2.7,-0.003998554400187934
2.696448,-0.011083992198109627,2.7,-0.003998554400187934
8.0,0.01193304918706417,2.7,-0.003998554400187934
8.23,0.01658347249031067,2.7,-0.003998554400187934
19.3,-0.17107680439949036,2.7,-0.003998554400187934
2.685755,-0.006032836623489857,2.7,-0.003998554400187934
1.8,0.01125417836010456,2.7,-0.003998554400187934
7.8,0.014902185648679733,2.7,-0.003998554400187934
8.0,0.01511465199291706,2.7,-0.003998554400187934
8.78,0.005244947969913483,2.7,-0.003998554400187934
4.43,-0.01631627231836319,2.7,-0.003998554400187934
4.43,-0.025827204808592796,2.7,-0.003998554400187934
7.8,-0.023840492591261864,2.7,-0.003998554400187934
8.78,0.020435675978660583,2.7,-0.003998554400187934
8.0,0.031336672604084015,2.7,-0.003998554400187934
8.19,0.006591480225324631,2.7,-0.003998554400187934
8.44,0.014595539309084415,2.7,-0.003998554400187934
8.44,0.008814562112092972,2.7,-0.003998554400187934
8.44,0.02443603053689003,2.7,-0.003998554400187934
8.9,0.020328085869550705,2.7,-0.003998554400187934
8.0,0.01961761713027954,2.7,-0.003998554400187934
8.44,0.007337111048400402,2.7,-0.003998554400187934
8.93,-0.1336604356765747,2.7,-0.003998554400187934
8.44,0.019622666761279106,2.7,-0.003998554400187934
19.3,-0.1118224635720253,2.7,-0.003998554400187934
7.83,0.029087243601679802,2.7,-0.003998554400187934
4.43,-0.019027017056941986,2.7,-0.003998554400187934
8.44,0.012163067236542702,2.7,-0.003998554400187934
8.0,0.007677141577005386,2.7,-0.003998554400187934
2.66,0.019619449973106384,2.7,-0.003998554400187934
8.9,0.020889481529593468,2.7,-0.003998554400187934
2.692896,0.008748546242713928,2.7,-0.003998554400187934
8.9,0.017280371859669685,2.7,-0.003998554400187934
8.0,0.041122596710920334,2.7,-0.003998554400187934
8.23,0.007286768406629562,2.7,-0.003998554400187934
7.8,-0.010421261191368103,2.7,-0.003998554400187934
2.76,-0.0019292111974209547,2.76,-0.004222282429386637
8.4,0.015627078711986542,2.76,-0.004222282429386637
1.84,-0.014194156974554062,2.76,-0.004222282429386637
1.84,0.014164305292069912,2.76,-0.004222282429386637
7.8,-0.009628325700759888,2.76,-0.004222282429386637
8.0,0.014198729768395424,2.76,-0.004222282429386637
4.43,0.001849696971476078,2.76,-0.004222282429386637
5.66,-0.017373597249388695,2.76,-0.004222282429386637
19.3,-0.11716460436582565,2.76,-0.004222282429386637
8.0,0.017978806048631668,2.76,-0.004222282429386637
2.7,-0.003669707104563713,2.76,-0.004222282429386637
2.66,0.0058864145539700985,2.76,-0.004222282429386637
7.83,0.009995512664318085,2.76,-0.004222282429386637
1.81,-0.022294852882623672,2.76,-0.004222282429386637
4.43,0.01932680420577526,2.78,-0.004296695899652078
7.8,-0.014428012073040009,2.78,-0.004296695899652078
8.0,0.013707419857382774,2.78,-0.004296695899652078
2.7,0.006267119664698839,2.78,-0.004296695899652078
8.0,0.02291989140212536,2.78,-0.004296695899652078
2.67,0.008263935334980488,2.78,-0.004296695899652078
1.8,-0.016558539122343063,2.78,-0.004296695899652078
4.65,-0.010689359158277512,2.78,-0.004296695899652078
8.23,0.02711440995335579,2.78,-0.004296695899652078
2.78,-0.008516335859894753,2.78,-0.004296695899652078
8.0,0.007151232101023197,2.78,-0.004296695899652078
1.84,3.0919909477233887e-07,2.78,-0.004296695899652078
19.3,-0.12164650112390518,2.78,-0.004296695899652078
8.23,0.029088759794831276,2.78,-0.004296695899652078
8.19,0.029641779139637947,2.78,-0.004296695899652078
4.43,-0.02476452849805355,2.78,-0.004296695899652078
1.84,-0.008689993992447853,2.78,-0.004296695899652078
6.471,-0.0008083749562501907,2.81,-0.00440816556175463
2.67,0.023372381925582886,2.81,-0.00440816556175463
8.0,0.013449430465698242,2.81,-0.00440816556175463
2.66,-0.00043041910976171494,2.81,-0.00440816556175463
7.8,-0.0029531666077673435,2.81,-0.00440816556175463
7.8,0.0025700251571834087,2.81,-0.00440816556175463
1.84,0.0002910597249865532,2.81,-0.00440816556175463
8.93,-0.12954413890838623,2.81,-0.00440816556175463
2.81,-0.02539718896150589,2.81,-0.00440816556175463
2.696448,-0.015315482392907143,2.81,-0.00440816556175463
7.8,-0.010265959426760674,2.81,-0.00440816556175463
7.8,-0.0007609892636537552,2.81,-0.00440816556175463
2.696448,0.0069513022899627686,2.81,-0.00440816556175463
4.43,0.002025262452661991,2.81,-0.00440816556175463
8.0,0.010106081143021584,2.81,-0.00440816556175463
7.8,-0.014656380750238895,2.81,-0.00440816556175463
2.81,-0.01676804944872856,2.81,-0.00440816556175463
2.76,0.005874535534530878,2.81,-0.00440816556175463
7.85,0.021462110802531242,2.81,-0.00440816556175463
19.3,-0.1253570169210434,2.81,-0.00440816556175463
5.66,-0.0013160128146409988,2.81,-0.00440816556175463
7.8,-0.017240222543478012,2.81,-0.00440816556175463
4.43,-0.01904883235692978,2.81,-0.00440816556175463
4.43,-0.012711291201412678,2.81,-0.00440816556175463
8.9,0.01683211885392666,2.81,-0.00440816556175463
8.9,0.020775234326720238,2.81,-0.00440816556175463
4.65,0.020133713260293007,2.81,-0.00440816556175463
8.0,0.013384638354182243,2.81,-0.00440816556175463
4.43,-0.006415924988687038,2.81,-0.00440816556175463
1.84,-0.006199160125106573,2.81,-0.00440816556175463
8.44,0.02040201798081398,4.43,-0.010123384660795567
8.0,0.015124469995498657,4.43,-0.010123384660795567
2.7,-0.022329432889819145,4.43,-0.010123384660795567
1.8,0.007667439058423042,4.43,-0.010123384660795567
2.7,0.0005403552204370499,4.43,-0.010123384660795567
8.74,0.0012137871235609055,4.43,-0.010123384660795567
8.0,0.04012906923890114,4.43,-0.010123384660795567
8.9,0.013359025120735168,4.43,-0.010123384660795567
4.43,-0.025931399315595627,4.43,-0.010123384660795567
8.9,0.019158121198415756,4.43,-0.010123384660795567
8.0,0.024118609726428986,4.43,-0.010123384660795567
19.3,-0.12949301302433014,4.43,-0.010123384660795567
2.7,-0.007675893604755402,4.43,-0.010123384660795567
4.43,-0.016145983710885048,4.43,-0.010123384660795567
2.7,-0.010218190029263496,4.43,-0.010123384660795567
5.66,-0.016051439568400383,4.43,-0.010123384660795567
4.43,-0.020671870559453964,4.43,-0.010123384660795567
8.62,0.01382538303732872,4.43,-0.010123384660795567
7.8,-0.018280666321516037,4.43,-0.010123384660795567
8.44,0.021724587306380272,4.43,-0.010123384660795567
4.43,0.0021784212440252304,4.43,-0.010123384660795567
4.43,-0.0219108946621418,4.43,-0.010123384660795567
2.67,0.009569118730723858,4.43,-0.010123384660795567
7.8,-0.02492758445441723,4.43,-0.010123384660795567
8.0,0.03148540481925011,4.43,-0.010123384660795567
1.8,0.010043184272944927,4.43,-0.010123384660795567
7.8,-0.01772402413189411,4.43,-0.010123384660795567
2.81,-0.011713158339262009,4.43,-0.010123384660795567
8.44,0.023800639435648918,4.43,-0.010123384660795567
8.62,0.012606053613126278,4.43,-0.010123384660795567
8.23,0.010767623782157898,4.43,-0.010123384660795567
8.05,0.016222571954131126,4.43,-0.010123384660795567
4.43,-0.02267366647720337,4.43,-0.010123384660795567
8.78,0.01550549641251564,4.43,-0.010123384660795567
2.67,0.00721792783588171,4.43,-0.010123384660795567
1.84,0.016403701156377792,4.43,-0.010123384660795567
2.7,-0.014953603968024254,4.43,-0.010123384660795567
19.3,-0.12632177770137787,4.43,-0.010123384660795567
8.909,0.006251700222492218,4.43,-0.010123384660795567
8.0,0.014155760407447815,4.43,-0.010123384660795567
2.67,0.02336968295276165,4.43,-0.010123384660795567
8.23,0.014269627630710602,4.43,-0.010123384660795567
2.66,0.0049473075196146965,4.43,-0.010123384660795567
8.93,-0.14283068478107452,4.43,-0.010123384660795567
7.872,0.014930566772818565,4.43,-0.010123384660795567
2.67,-0.006826617289334536,4.43,-0.010123384660795567
4.43,-0.01984345354139805,4.43,-0.010123384660795567
4.43,-0.017310183495283127,4.43,-0.010123384660795567
4.65,-0.013667145743966103,4.43,-0.010123384660795567
8.44,0.012189889326691628,4.43,-0.010123384660795567
8.44,0.021601583808660507,4.43,-0.010123384660795567
2.7,-0.014213121496140957,4.43,-0.010123384660795567
8.0,0.02178027108311653,4.43,-0.010123384660795567
8.19,0.026615433394908905,4.43,-0.010123384660795567
2.7,-0.007759246975183487,4.43,-0.010123384660795567
7.83,0.0207147765904665,4.43,-0.010123384660795567
8.23,0.028240270912647247,4.43,-0.010123384660795567
7.83,0.017427626997232437,4.43,-0.010123384660795567
2.67,0.016416437923908234,4.43,-0.010123384660795567
8.9,0.013947203755378723,4.43,-0.010123384660795567
8.0,0.0321202278137207,4.43,-0.010123384660795567
8.93,-0.12327791005373001,4.43,-0.010123384660795567
8.9,0.017035020515322685,4.43,-0.010123384660795567
1.81,0.0033674025908112526,4.43,-0.010123384660795567
8.0,0.010963213630020618,4.43,-0.010123384660795567
8.19,0.009740764275193214,4.43,-0.010123384660795567
2.655008,0.0029035955667495728,4.43,-0.010123384660795567
2.81,-0.011823364533483982,4.43,-0.010123384660795567
2.67,-0.0030673774890601635,4.43,-0.010123384660795567
8.93,-0.11194871366024017,4.43,-0.010123384660795567
8.78,0.023217670619487762,4.43,-0.010123384660795567
19.3,-0.1726965308189392,4.43,-0.010123384660795567
8.44,0.01642652042210102,4.43,-0.010123384660795567
4.43,-0.02661081776022911,4.43,-0.010123384660795567
2.67,0.002143379533663392,4.43,-0.010123384660795567
4.43,-0.01935303770005703,4.43,-0.010123384660795567
8.44,0.020696129649877548,4.43,-0.010123384660795567
2.67,0.005575409159064293,4.43,-0.010123384660795567
4.43,-0.017901185899972916,4.43,-0.010123384660795567
4.43,-0.019453322514891624,4.43,-0.010123384660795567
8.0,0.03060029447078705,4.43,-0.010123384660795567
1.81,0.015679899603128433,4.43,-0.010123384660795567
8.23,0.018687734380364418,4.43,-0.010123384660795567
6.471,-0.01464424654841423,4.43,-0.010123384660795567
7.8,-0.024242902174592018,4.43,-0.010123384660795567
8.93,-0.13508284091949463,4.43,-0.010123384660795567
8.0,0.017836738377809525,4.43,-0.010123384660795567
8.909,0.003265656530857086,4.43,-0.010123384660795567
8.19,0.031170383095741272,4.43,-0.010123384660795567
8.9,0.028054017573595047,4.43,-0.010123384660795567
7.8,-0.020073512569069862,4.43,-0.010123384660795567
5.66,-0.003164154477417469,4.43,-0.010123384660795567
8.0,0.016088824719190598,4.43,-0.010123384660795567
8.23,0.018385153263807297,4.43,-0.010123384660795567
8.0,0.03704598918557167,4.43,-0.010123384660795567
4.65,-0.02018035762012005,4.43,-0.010123384660795567
8.44,0.011875398457050323,4.43,-0.010123384660795567
4.43,-0.024794600903987885,4.43,-0.010123384660795567
4.65,-0.02669389732182026,4.43,-0.010123384660795567
1.803,-0.004366419743746519,4.43,-0.010123384660795567
2.698224,-0.012579379603266716,4.43,-0.010123384660795567
7.85,0.018160386011004448,4.43,-0.010123384660795567
8.44,0.03561900928616524,4.43,-0.010123384660795567
2.692896,0.0026560407131910324,4.43,-0.010123384660795567
2.76,0.00021673180162906647,4.43,-0.010123384660795567
8.19,0.021126270294189453,4.43,-0.010123384660795567
8.23,0.024981360882520676,4.43,-0.010123384660795567
4.54,-0.022622110322117805,4.43,-0.010123384660795567
8.44,0.017865490168333054,4.43,-0.010123384660795567
7.8,-0.01773589476943016,4.43,-0.010123384660795567
2.66,0.0012765105348080397,4.43,-0.010123384660795567
8.23,0.03488534316420555,4.43,-0.010123384660795567
8.909,0.004821833223104477,4.43,-0.010123384660795567
8.0,0.020228561013936996,4.43,-0.010123384660795567
2.67,-0.0010438384488224983,4.43,-0.010123384660795567
8.9,0.017956746742129326,4.43,-0.010123384660795567
7.8,-0.004082088358700275,4.43,-0.010123384660795567
1.84,-0.006631416734308004,4.43,-0.010123384660795567
8.0,0.030488796532154083,4.43,-0.010123384660795567
7.8,-0.01701456494629383,4.43,-0.010123384660795567
8.93,-0.15884560346603394,4.43,-0.010123384660795567
8.9,0.014999760314822197,4.43,-0.010123384660795567
8.19,0.020144104957580566,4.43,-0.010123384660795567
2.78,-0.008768412284553051,4.43,-0.010123384660795567
19.3,-0.16381773352622986,4.43,-0.010123384660795567
8.0,0.019357766956090927,4.43,-0.010123384660795567
2.66,0.014639606699347496,4.43,-0.010123384660795567
4.43,-0.010642802342772484,4.43,-0.010123384660795567
8.19,0.006871487945318222,4.43,-0.010123384660795567
8.9,0.018561741337180138,4.43,-0.010123384660795567
2.81,-0.01344235334545374,4.43,-0.010123384660795567
4.43,-0.011219903826713562,4.43,-0.010123384660795567
8.0,0.031146515160799026,4.43,-0.010123384660795567
2.7,-0.01803884096443653,4.43,-0.010123384660795567
2.67,0.022306768223643303,4.43,-0.010123384660795567
8.19,0.007252847775816917,4.43,-0.010123384660795567
4.43,0.012844394892454147,4.43,-0.010123384660795567
8.0,0.03132623806595802,4.43,-0.010123384660795567
7.8,-0.02407796122133732,4.43,-0.010123384660795567
8.23,0.021233774721622467,4.43,-0.010123384660795567
6.471,-0.004768663551658392,4.43,-0.010123384660795567
7.85,0.026036899536848068,4.43,-0.010123384660795567
4.43,0.01212658453732729,4.43,-0.010123384660795567
4.43,-0.009839899837970734,4.43,-0.010123384660795567
4.43,-0.01331243384629488,4.43,-0.010123384660795567
7.8,-0.006403121165931225,4.43,-0.010123384660795567
19.3,-0.12893381714820862,4.43,-0.010123384660795567
2.67,-0.026563001796603203,4.43,-0.010123384660795567
8.93,-0.1325817108154297,4.43,-0.010123384660795567
6.471,-0.014815114438533783,4.43,-0.010123384660795567
8.9,0.016219522804021835,4.43,-0.010123384660795567
1.84,0.013928156346082687,4.43,-0.010123384660795567
8.0,0.01717405952513218,4.43,-0.010123384660795567
2.81,-0.014143895357847214,4.43,-0.010123384660795567
4.65,-0.03492532670497894,4.43,-0.010123384660795567
4.43,-0.0229277815669775,4.43,-0.010123384660795567
8.19,0.006098832003772259,4.43,-0.010123384660795567
4.43,-0.020760847255587578,4.43,-0.010123384660795567
8.44,0.016683250665664673,4.43,-0.010123384660795567
4.43,-0.017396587878465652,4.43,-0.010123384660795567
19.3,-0.16948536038398743,4.43,-0.010123384660795567
6.471,-0.005350498482584953,4.43,-0.010123384660795567
8.0,0.016731780022382736,4.43,-0.010123384660795567
1.84,-0.0022703157737851143,4.43,-0.010123384660795567
8.909,-0.0029169097542762756,4.43,-0.010123384660795567
1.84,0.00038725510239601135,4.43,-0.010123384660795567
4.43,-0.021199921146035194,4.43,-0.010123384660795567
8.19,0.017681242898106575,4.43,-0.010123384660795567
2.7,-0.014148821122944355,4.43,-0.010123384660795567
8.0,0.02171444147825241,4.43,-0.010123384660795567
8.93,-0.13403068482875824,4.43,-0.010123384660795567
8.44,0.009618982672691345,4.43,-0.010123384660795567
1.803,-0.0014307033270597458,4.43,-0.010123384660795567
2.66,-0.02163258194923401,4.54,-0.010479194175021462
4.65,-0.024265091866254807,4.54,-0.010479194175021462
4.43,0.004669767804443836,4.54,-0.010479194175021462
19.3,-0.18123897910118103,4.54,-0.010479194175021462
8.93,-0.10864414274692535,4.54,-0.010479194175021462
2.67,-0.01302037388086319,4.65,-0.01081906067714428
2.655008,-0.008142528124153614,4.65,-0.01081906067714428
8.0,0.00842193327844143,4.65,-0.01081906067714428
8.44,0.019638171419501305,4.65,-0.01081906067714428
8.78,0.015399040654301643,4.65,-0.01081906067714428
4.43,0.0037169884890317917,4.65,-0.01081906067714428
8.93,-0.1586315780878067,4.65,-0.01081906067714428
4.43,0.0059661101549863815,4.65,-0.01081906067714428
8.0,0.02342449128627777,4.65,-0.01081906067714428
7.8,-0.007569143548607826,4.65,-0.01081906067714428
8.93,-0.14764973521232605,4.65,-0.01081906067714428
8.44,0.010200380347669125,4.65,-0.01081906067714428
4.43,-0.022627374157309532,4.65,-0.01081906067714428
8.0,0.025639526546001434,4.65,-0.01081906067714428
1.84,0.01618456281721592,4.65,-0.01081906067714428
8.0,0.023883450776338577,4.65,-0.01081906067714428
2.67,0.021051382645964622,4.65,-0.01081906067714428
6.471,-0.0012372254859656096,4.65,-0.01081906067714428
1.84,0.0017580745043233037,4.65,-0.01081906067714428
2.67,-0.007679995149374008,4.65,-0.01081906067714428
2.66,-0.0064356280490756035,4.65,-0.01081906067714428
8.19,0.03424374759197235,4.65,-0.01081906067714428
2.81,-0.01607482135295868,4.65,-0.01081906067714428
2.67,0.023479122668504715,4.65,-0.01081906067714428
8.19,0.015873434022068977,4.65,-0.01081906067714428
7.8,-0.020191587507724762,4.65,-0.01081906067714428
2.81,-0.014152323827147484,4.65,-0.01081906067714428
7.8,-0.010328805074095726,4.65,-0.01081906067714428
8.23,0.011133046820759773,4.65,-0.01081906067714428
19.3,-0.15960842370986938,4.65,-0.01081906067714428
2.66,0.007730934303253889,4.65,-0.01081906067714428
6.471,-0.03884732350707054,4.65,-0.01081906067714428
8.23,0.006583739072084427,4.65,-0.01081906067714428
4.43,-0.011550995521247387,4.65,-0.01081906067714428
8.62,0.023641187697649002,4.65,-0.01081906067714428
2.7,-0.01445324718952179,5.66,-0.0042875107504202845
8.93,-0.12507489323616028,5.66,-0.0042875107504202845
8.93,-0.1375480592250824,5.66,-0.0042875107504202845
5.66,0.0016720592975616455,5.66,-0.0042875107504202845
8.0,0.02879638411104679,5.66,-0.0042875107504202845
8.909,-0.002248574048280716,5.66,-0.0042875107504202845
2.7,-0.014941557310521603,5.66,-0.0042875107504202845
1.84,-0.014293826185166836,5.66,-0.0042875107504202845
1.8,0.011870290152728558,5.66,-0.0042875107504202845
4.43,-0.012979655526578426,5.66,-0.0042875107504202845
8.23,0.01227746531367302,5.66,-0.0042875107504202845
8.19,0.019201049581170082,5.66,-0.0042875107504202845
2.81,-0.011272884905338287,5.66,-0.0042875107504202845
8.0,0.011972256004810333,5.66,-0.0042875107504202845
4.43,-0.016756447032094002,5.66,-0.0042875107504202845
8.0,0.025972407311201096,5.66,-0.0042875107504202845
8.23,0.018485678359866142,5.66,-0.0042875107504202845
8.0,0.03468474745750427,5.66,-0.0042875107504202845
2.76,0.0020126579329371452,5.66,-0.0042875107504202845
1.8,-0.021817123517394066,6.471,0.0002782427461182459
8.62,0.010404730215668678,6.471,0.0002782427461182459
2.67,-0.008104627020657063,6.471,0.0002782427461182459
2.76,-0.012074988335371017,6.471,0.0002782427461182459
8.0,0.029281212016940117,6.471,0.0002782427461182459
2.78,-0.010993669740855694,6.471,0.0002782427461182459
8.0,0.004437634721398354,6.471,0.0002782427461182459
8.44,0.008696095086634159,6.471,0.0002782427461182459
7.85,0.018343696370720863,6.471,0.0002782427461182459
4.43,0.0004830840043723583,6.471,0.0002782427461182459
19.3,-0.1227349117398262,6.471,0.0002782427461182459
8.74,0.013130662962794304,6.471,0.0002782427461182459
1.84,-0.016304075717926025,6.471,0.0002782427461182459
4.43,-0.02328040823340416,6.471,0.0002782427461182459
7.87,0.03151600807905197,6.471,0.0002782427461182459
8.0,0.010624900460243225,6.471,0.0002782427461182459
7.8,0.007609437219798565,6.471,0.0002782427461182459
4.43,0.0013732938095927238,6.471,0.0002782427461182459
7.85,0.019920120015740395,6.471,0.0002782427461182459
8.19,0.03839142248034477,6.471,0.0002782427461182459
8.9,0.018721822649240494,6.471,0.0002782427461182459
8.0,0.03173517435789108,6.471,0.0002782427461182459
2.7,-0.010607905685901642,6.471,0.0002782427461182459
2.685755,-0.013942567631602287,6.471,0.0002782427461182459
8.0,0.033827103674411774,6.471,0.0002782427461182459
8.44,0.01560339517891407,6.471,0.0002782427461182459
8.62,0.02023640275001526,6.471,0.0002782427461182459
6.471,-0.020825542509555817,7.8,0.013079350950590695
8.44,0.013362077996134758,7.8,0.013079350950590695
8.19,0.0151972696185112,7.8,0.013079350950590695
8.0,0.018023883923888206,7.8,0.013079350950590695
8.0,0.014370914548635483,7.8,0.013079350950590695
4.43,-0.015856139361858368,7.8,0.013079350950590695
8.44,0.01735803298652172,7.8,0.013079350950590695
7.8,-0.014976467937231064,7.8,0.013079350950590695
8.44,0.021587932482361794,7.8,0.013079350950590695
8.44,0.032608576118946075,7.8,0.013079350950590695
2.678,0.004075202159583569,7.8,0.013079350950590695
8.44,0.04338977113366127,7.8,0.013079350950590695
8.0,0.032293710857629776,7.8,0.013079350950590695
8.93,-0.18310080468654633,7.8,0.013079350950590695
8.0,0.016322249546647072,7.8,0.013079350950590695
7.85,0.03236403688788414,7.8,0.013079350950590695
2.78,-0.006432662717998028,7.8,0.013079350950590695
8.19,0.006767665036022663,7.8,0.013079350950590695
8.23,0.034148216247558594,7.8,0.013079350950590695
8.44,0.01644291542470455,7.8,0.013079350950590695
2.67,0.0024644150398671627,7.8,0.013079350950590695
2.67,0.008280619978904724,7.8,0.013079350950590695
2.655008,0.013770567253232002,7.8,0.013079350950590695
4.43,-0.011267132125794888,7.8,0.013079350950590695
8.0,0.012854699045419693,7.8,0.013079350950590695
8.0,0.0314968004822731,7.8,0.013079350950590695
8.44,0.022686943411827087,7.8,0.013079350950590695
4.43,-0.0020733033306896687,7.8,0.013079350950590695
4.43,-0.01627342589199543,7.8,0.013079350950590695
8.19,0.016851209104061127,7.8,0.013079350950590695
8.23,0.01675848662853241,7.8,0.013079350950590695
8.0,0.023152023553848267,7.8,0.013079350950590695
2.67,0.018069425597786903,7.8,0.013079350950590695
8.909,0.005719976499676704,7.8,0.013079350950590695
1.81,0.01410901639610529,7.8,0.013079350950590695
1.803,-0.006621471606194973,7.8,0.013079350950590695
7.8,-0.02594447135925293,7.8,0.013079350950590695
8.0,0.013366658240556717,7.8,0.013079350950590695
5.66,-0.02249753288924694,7.8,0.013079350950590695
8.23,0.021548494696617126,7.8,0.013079350950590695
8.93,-0.11528677493333817,7.8,0.013079350950590695
8.9,0.015409998595714569,7.8,0.013079350950590695
4.43,-0.0076019493862986565,7.8,0.013079350950590695
8.0,0.018561404198408127,7.8,0.013079350950590695
8.0,0.017043469473719597,7.8,0.013079350950590695
2.7,-0.014867239631712437,7.8,0.013079350950590695
7.8,-0.012161116115748882,7.8,0.013079350950590695
8.0,0.015837112441658974,7.8,0.013079350950590695
4.43,0.002650858834385872,7.8,0.013079350950590695
4.65,-0.012516890652477741,7.8,0.013079350950590695
5.66,-0.004434092435985804,7.8,0.013079350950590695
2.66,0.013889345340430737,7.8,0.013079350950590695
7.872,0.011130132712423801,7.8,0.013079350950590695
8.93,-0.13581249117851257,7.8,0.013079350950590695
8.78,0.021108463406562805,7.8,0.013079350950590695
2.67,0.0035905148833990097,7.8,0.013079350950590695
4.43,-0.020726416260004044,7.8,0.013079350950590695
2.67,-0.015390032902359962,7.8,0.013079350950590695
4.43,0.00042818207293748856,7.8,0.013079350950590695
8.0,0.005632233805954456,7.8,0.013079350950590695
8.78,0.006925297901034355,7.8,0.013079350950590695
4.43,0.002607882022857666,7.8,0.013079350950590695
8.62,0.02109275572001934,7.8,0.013079350950590695
8.93,-0.13063524663448334,7.8,0.013079350950590695
7.8,-0.009205775335431099,7.8,0.013079350950590695
2.67,-0.00848571676760912,7.8,0.013079350950590695
4.65,-0.019874893128871918,7.8,0.013079350950590695
7.85,0.027757668867707253,7.8,0.013079350950590695
8.23,0.008814368396997452,7.8,0.013079350950590695
7.85,0.026745593175292015,7.8,0.013079350950590695
19.3,-0.12592674791812897,7.8,0.013079350950590695
1.803,-0.008810492232441902,7.8,0.013079350950590695
4.43,-0.018129151314496994,7.8,0.013079350950590695
2.67,-0.006037779152393341,7.8,0.013079350950590695
2.678,-0.020171208307147026,7.8,0.013079350950590695
19.3,-0.11596588790416718,7.8,0.013079350950590695
2.7,-0.013229284435510635,7.8,0.013079350950590695
2.67,-0.01613442413508892,7.8,0.013079350950590695
6.471,-0.03843904659152031,7.8,0.013079350950590695
4.65,-0.03865480422973633,7.8,0.013079350950590695
8.19,0.009793467819690704,7.8,0.013079350950590695
4.65,-0.023593470454216003,7.8,0.013079350950590695
1.81,-0.02127249352633953,7.8,0.013079350950590695
8.0,0.010736491531133652,7.8,0.013079350950590695
8.0,0.02307092770934105,7.8,0.013079350950590695
8.93,-0.1298254281282425,7.8,0.013079350950590695
4.65,-0.011989913880825043,7.8,0.013079350950590695
8.0,0.018636077642440796,7.8,0.013079350950590695
8.0,0.006717057898640633,7.83,0.013380906915109307
2.67,-0.008792109787464142,7.83,0.013380906915109307
2.67,-0.0002656164579093456,7.83,0.013380906915109307
4.43,0.005113052204251289,7.83,0.013380906915109307
1.803,-0.004139193799346685,7.83,0.013380906915109307
7.8,-0.028275402262806892,7.83,0.013380906915109307
19.3,-0.14272023737430573,7.83,0.013380906915109307
4.43,0.0017371214926242828,7.83,0.013380906915109307
2.692896,-0.012868249788880348,7.83,0.013380906915109307
7.83,0.02515585720539093,7.83,0.013380906915109307
2.81,-0.009033347479999065,7.83,0.013380906915109307
8.74,0.0030640587210655212,7.83,0.013380906915109307
8.78,0.03702228143811226,7.83,0.013380906915109307
4.43,-0.0024711275473237038,7.83,0.013380906915109307
2.67,0.0048200879245996475,7.83,0.013380906915109307
8.44,0.021610252559185028,7.85,0.013580728396385182
2.81,-0.013560221530497074,7.85,0.013580728396385182
2.7,-0.0016580354422330856,7.85,0.013580728396385182
19.3,-0.13958770036697388,7.85,0.013580728396385182
4.43,0.020192617550492287,7.85,0.013580728396385182
4.65,0.02450656145811081,7.85,0.013580728396385182
2.67,-0.004622722044587135,7.85,0.013580728396385182
4.43,-0.013914952985942364,7.85,0.013580728396385182
8.0,0.013721106573939323,7.85,0.013580728396385182
8.23,0.024287372827529907,7.85,0.013580728396385182
2.78,-0.01112736202776432,7.85,0.013580728396385182
19.3,-0.1411655992269516,7.85,0.013580728396385182
4.43,-0.01941927894949913,7.85,0.013580728396385182
2.642761,0.00902171153575182,7.85,0.013580728396385182
8.78,0.03675086796283722,7.85,0.013580728396385182
8.05,0.017667662352323532,7.85,0.013580728396385182
8.62,0.020002854987978935,7.85,0.013580728396385182
4.43,0.01355441752821207,7.85,0.013580728396385182
2.685755,0.0032620104029774666,7.85,0.013580728396385182
8.23,0.025589533150196075,7.85,0.013580728396385182
19.3,-0.1195654422044754,7.85,0.013580728396385182
8.19,0.023327838629484177,7.85,0.013580728396385182
4.43,-0.01883539929986,7.85,0.013580728396385182
2.7,0.010897808708250523,7.85,0.013580728396385182
8.93,-0.11318347603082657,7.85,0.013580728396385182
4.43,-0.00045717088505625725,7.85,0.013580728396385182
8.0,0.01958400011062622,7.85,0.013580728396385182
8.9,0.01102038286626339,7.85,0.013580728396385182
8.93,-0.12267506122589111,7.85,0.013580728396385182
4.43,-0.011705379001796246,7.85,0.013580728396385182
8.9,0.018637843430042267,7.85,0.013580728396385182
2.642761,-0.007219410967081785,7.85,0.013580728396385182
1.8,-0.028419381007552147,7.87,0.013779643060437559
7.872,0.010935526341199875,7.87,0.013779643060437559
5.66,0.0003787917084991932,7.872,0.013799486561001807
7.85,0.00949210673570633,7.872,0.013799486561001807
8.9,0.018529530614614487,7.872,0.013799486561001807
8.62,0.01446148008108139,7.872,0.013799486561001807
8.0,0.009951001033186913,7.872,0.013799486561001807
2.67,0.01172022894024849,7.872,0.013799486561001807
6.471,-0.02879561297595501,7.872,0.013799486561001807
8.62,0.033811043947935104,7.872,0.013799486561001807
7.83,0.022031055763363838,7.872,0.013799486561001807
7.8,0.0048758480697870255,7.872,0.013799486561001807
8.62,0.0035324878990650177,8.0,0.015053429934892396
7.8,5.9674493968486786e-05,8.0,0.015053429934892396
8.23,0.01977180689573288,8.0,0.015053429934892396
8.23,0.009350690990686417,8.0,0.015053429934892396
1.81,-0.018269792199134827,8.0,0.015053429934892396
2.698224,0.010986549779772758,8.0,0.015053429934892396
2.81,-0.015826523303985596,8.0,0.015053429934892396
2.678,-0.01517785806208849,8.0,0.015053429934892396
7.8,-0.021036380901932716,8.0,0.015053429934892396
8.44,0.022907372564077377,8.0,0.015053429934892396
8.0,0.01672193594276905,8.0,0.015053429934892396
8.93,-0.11244459450244904,8.0,0.015053429934892396
2.66,0.01709473319351673,8.0,0.015053429934892396
8.0,0.016154805198311806,8.0,0.015053429934892396
2.67,0.009741640649735928,8.0,0.015053429934892396
7.85,0.01520281657576561,8.0,0.015053429934892396
4.65,-0.006759178824722767,8.0,0.015053429934892396
4.43,-0.012294674292206764,8.0,0.015053429934892396
2.67,0.010243539698421955,8.0,0.015053429934892396
8.0,0.027995958924293518,8.0,0.015053429934892396
8.05,0.017191017046570778,8.0,0.015053429934892396
2.67,0.023323390632867813,8.0,0.015053429934892396
8.78,0.018263034522533417,8.0,0.015053429934892396
2.76,0.004390952177345753,8.0,0.015053429934892396
8.9,0.025579756125807762,8.0,0.015053429934892396
8.0,0.032390423119068146,8.0,0.015053429934892396
2.66,0.010477282106876373,8.0,0.015053429934892396
8.44,0.025665877386927605,8.0,0.015053429934892396
8.0,0.013319967314600945,8.0,0.015053429934892396
8.23,0.030086999759078026,8.0,0.015053429934892396
6.471,-0.0014035250060260296,8.0,0.015053429934892396
2.66,-0.0012080485466867685,8.0,0.015053429934892396
8.74,0.029954800382256508,8.0,0.015053429934892396
4.43,-0.012288320809602737,8.0,0.015053429934892396
8.44,0.019930729642510414,8.0,0.015053429934892396
2.696448,0.009176242165267467,8.0,0.015053429934892396
4.43,0.010988166555762291,8.0,0.015053429934892396
8.9,0.012360244989395142,8.0,0.015053429934892396
8.0,0.022899024188518524,8.0,0.015053429934892396
8.93,-0.12361107021570206,8.0,0.015053429934892396
2.698224,-0.008166495710611343,8.0,0.015053429934892396
8.0,0.013528598472476006,8.0,0.015053429934892396
7.85,0.02804665081202984,8.0,0.015053429934892396
8.19,0.01336100697517395,8.0,0.015053429934892396
8.05,0.02546503394842148,8.0,0.015053429934892396
19.3,-0.13408532738685608,8.0,0.015053429934892396
8.78,0.006464933976531029,8.0,0.015053429934892396
7.8,-0.019828200340270996,8.0,0.015053429934892396
8.0,0.02463681623339653,8.0,0.015053429934892396
7.8,-0.026816612109541893,8.0,0.015053429934892396
1.84,-0.0051852744072675705,8.0,0.015053429934892396
2.81,-0.00981325563043356,8.0,0.015053429934892396
8.44,0.02300415374338627,8.0,0.015053429934892396
7.872,0.009566698223352432,8.0,0.015053429934892396
8.44,0.03239808976650238,8.0,0.015053429934892396
8.9,0.01925474777817726,8.0,0.015053429934892396
8.9,0.023000506684184074,8.0,0.015053429934892396
2.81,-0.00735507532954216,8.0,0.015053429934892396
4.43,-0.011588002555072308,8.0,0.015053429934892396
19.3,-0.1318282186985016,8.0,0.015053429934892396
2.67,0.005379718728363514,8.0,0.015053429934892396
8.0,0.05112483352422714,8.0,0.015053429934892396
8.62,0.02022315375506878,8.0,0.015053429934892396
8.19,0.018432741984725,8.0,0.015053429934892396
1.84,-0.014850693754851818,8.0,0.015053429934892396
4.65,-0.025416690856218338,8.0,0.015053429934892396
8.0,0.021424856036901474,8.0,0.015053429934892396
8.44,0.020774174481630325,8.0,0.015053429934892396
4.43,0.015407691709697247,8.0,0.015053429934892396
8.05,0.013569874688982964,8.0,0.015053429934892396
8.78,0.025209937244653702,8.0,0.015053429934892396
4.65,0.03406607359647751,8.0,0.015053429934892396
19.3,-0.15493722259998322,8.0,0.015053429934892396
8.19,0.014978647232055664,8.0,0.015053429934892396
7.8,-0.029964391142129898,8.0,0.015053429934892396
2.66,0.008642478846013546,8.0,0.015053429934892396
1.8,0.011338133364915848,8.0,0.015053429934892396
8.0,0.020041052252054214,8.0,0.015053429934892396
8.44,0.017497466877102852,8.0,0.015053429934892396
19.3,-0.15615026652812958,8.0,0.015053429934892396
7.8,-0.02545100450515747,8.0,0.015053429934892396
8.9,0.027157241478562355,8.0,0.015053429934892396
2.7,-0.009030072949826717,8.0,0.015053429934892396
1.84,-0.016723226755857468,8.0,0.015053429934892396
8.62,0.01495001744478941,8.0,0.015053429934892396
4.43,-0.011400322429835796,8.0,0.015053429934892396
8.93,-0.12960006296634674,8.0,0.015053429934892396
4.43,0.016316112130880356,8.0,0.015053429934892396
19.3,-0.12993548810482025,8.0,0.015053429934892396
1.81,0.0035961931571364403,8.0,0.015053429934892396
5.66,-0.016227038577198982,8.0,0.015053429934892396
8.44,0.02457418665289879,8.0,0.015053429934892396
8.0,0.016403544694185257,8.0,0.015053429934892396
1.803,0.0033217091113328934,8.0,0.015053429934892396
2.7,-0.007399216294288635,8.0,0.015053429934892396
8.0,0.024386467412114143,8.0,0.015053429934892396
1.84,-0.008351525291800499,8.0,0.015053429934892396
4.43,-0.02474374696612358,8.0,0.015053429934892396
8.62,0.015418149530887604,8.0,0.015053429934892396
2.7,-0.014149782247841358,8.0,0.015053429934892396
4.43,-0.019157519564032555,8.0,0.015053429934892396
2.67,-0.007042138371616602,8.0,0.015053429934892396
1.81,0.017522428184747696,8.0,0.015053429934892396
4.43,-0.012393231503665447,8.0,0.015053429934892396
2.67,0.00852266512811184,8.0,0.015053429934892396
8.0,0.023434534668922424,8.0,0.015053429934892396
8.78,0.03826986998319626,8.0,0.015053429934892396
4.43,0.003538000863045454,8.0,0.015053429934892396
8.0,0.011144021525979042,8.0,0.015053429934892396
8.23,0.009911281988024712,8.0,0.015053429934892396
2.67,-0.006310714408755302,8.0,0.015053429934892396
4.43,-0.017306536436080933,8.0,0.015053429934892396
8.9,0.01246238499879837,8.0,0.015053429934892396
1.8,-0.02775239571928978,8.0,0.015053429934892396
2.692896,-0.0007003019563853741,8.0,0.015053429934892396
8.0,0.006079232320189476,8.0,0.015053429934892396
8.23,0.01612212136387825,8.0,0.015053429934892396
2.66,-0.011302623897790909,8.0,0.015053429934892396
8.93,-0.14325319230556488,8.0,0.015053429934892396
8.44,0.020022200420498848,8.0,0.015053429934892396
8.0,0.023062409833073616,8.0,0.015053429934892396
8.0,0.022086262702941895,8.0,0.015053429934892396
8.0,0.018101412802934647,8.0,0.015053429934892396
2.78,-0.01436325442045927,8.0,0.015053429934892396
7.85,0.02400514855980873,8.0,0.015053429934892396
4.65,-0.011659303680062294,8.0,0.015053429934892396
8.44,0.011499838903546333,8.0,0.015053429934892396
8.0,0.023621615022420883,8.0,0.015053429934892396
5.66,-0.003055522684007883,8.0,0.015053429934892396
4.43,-0.017422329634428024,8.0,0.015053429934892396
7.83,0.02707003988325596,8.0,0.015053429934892396
8.93,-0.13781702518463135,8.0,0.015053429934892396
8.93,-0.1542046070098877,8.0,0.015053429934892396
8.0,0.030836962163448334,8.0,0.015053429934892396
1.81,-0.021876472979784012,8.0,0.015053429934892396
8.19,0.010893270373344421,8.0,0.015053429934892396
1.81,0.009849464520812035,8.0,0.015053429934892396
1.84,-0.0056552039459347725,8.0,0.015053429934892396
4.43,-0.02132474072277546,8.0,0.015053429934892396
2.67,-0.012129206210374832,8.0,0.015053429934892396
8.05,0.0279530081897974,8.0,0.015053429934892396
2.696448,0.005601399578154087,8.0,0.015053429934892396
4.43,-0.002447720617055893,8.0,0.015053429934892396
8.78,0.00963115505874157,8.0,0.015053429934892396
8.0,0.020561583340168,8.0,0.015053429934892396
6.471,-0.011204130947589874,8.0,0.015053429934892396
7.83,0.018446283414959908,8.0,0.015053429934892396
4.43,-0.01751152239739895,8.0,0.015053429934892396
1.803,-0.00561705743893981,8.0,0.015053429934892396
8.74,0.04044449329376221,8.0,0.015053429934892396
7.8,-0.02536868117749691,8.0,0.015053429934892396
7.8,-0.005201454274356365,8.0,0.015053429934892396
8.0,0.03465462476015091,8.0,0.015053429934892396
8.93,-0.11434756219387054,8.0,0.015053429934892396
19.3,-0.14493505656719208,8.0,0.015053429934892396
8.0,0.02016260474920273,8.0,0.015053429934892396
4.43,-0.01743507757782936,8.0,0.015053429934892396
8.44,0.009764881804585457,8.0,0.015053429934892396
8.0,0.013717146590352058,8.0,0.015053429934892396
8.0,0.02679239585995674,8.0,0.015053429934892396
8.23,0.017242003232240677,8.0,0.015053429934892396
8.93,-0.12424182891845703,8.0,0.015053429934892396
8.9,0.021191507577896118,8.0,0.015053429934892396
8.93,-0.15362083911895752,8.0,0.015053429934892396
8.0,0.021486498415470123,8.0,0.015053429934892396
2.81,-0.010171310044825077,8.0,0.015053429934892396
2.67,-0.0035841120406985283,8.0,0.015053429934892396
8.0,0.017589259892702103,8.0,0.015053429934892396
8.23,0.014470703899860382,8.0,0.015053429934892396
8.9,0.017450083047151566,8.0,0.015053429934892396
6.471,-0.021978935226798058,8.0,0.015053429934892396
8.9,0.02452258951961994,8.0,0.015053429934892396
4.43,-0.010864386335015297,8.0,0.015053429934892396
8.93,-0.1401379108428955,8.0,0.015053429934892396
4.43,-0.01032528467476368,8.0,0.015053429934892396
4.43,-0.02008734829723835,8.0,0.015053429934892396
8.93,-0.1230124905705452,8.0,0.015053429934892396
1.84,-0.006432594731450081,8.0,0.015053429934892396
4.43,-0.02016015537083149,8.0,0.015053429934892396
8.44,0.022532738745212555,8.0,0.015053429934892396
4.43,-0.014990824274718761,8.0,0.015053429934892396
8.0,0.014789396896958351,8.0,0.015053429934892396
1.81,0.007521938998252153,8.0,0.015053429934892396
8.9,0.01643526926636696,8.0,0.015053429934892396
1.84,0.009335711598396301,8.0,0.015053429934892396
2.67,-0.008963665924966335,8.0,0.015053429934892396
4.43,-0.01950802467763424,8.0,0.015053429934892396
2.642761,-0.0044968631118535995,8.0,0.015053429934892396
8.9,0.017778322100639343,8.0,0.015053429934892396
1.803,-0.007386934943497181,8.0,0.015053429934892396
4.43,-0.0032984334975481033,8.0,0.015053429934892396
8.23,0.02751472033560276,8.0,0.015053429934892396
8.0,0.030282462015748024,8.0,0.015053429934892396
8.93,-0.11239580810070038,8.0,0.015053429934892396
4.43,0.0008999090641736984,8.0,0.015053429934892396
2.67,-0.007710152305662632,8.0,0.015053429934892396
8.44,0.04871524125337601,8.0,0.015053429934892396
4.65,0.0012403186410665512,8.0,0.015053429934892396
8.44,0.018303629010915756,8.0,0.015053429934892396
4.65,-0.006919245235621929,8.0,0.015053429934892396
8.0,0.04280272126197815,8.0,0.015053429934892396
8.19,0.012839174829423428,8.0,0.015053429934892396
8.19,0.03437969833612442,8.0,0.015053429934892396
8.0,0.020417436957359314,8.0,0.015053429934892396
8.19,0.03486189618706703,8.0,0.015053429934892396
2.67,0.004683623090386391,8.0,0.015053429934892396
8.9,0.019673960283398628,8.0,0.015053429934892396
7.8,-0.01816425658762455,8.0,0.015053429934892396
8.44,0.02276650257408619,8.0,0.015053429934892396
8.78,0.010468428954482079,8.0,0.015053429934892396
1.81,0.004692963790148497,8.0,0.015053429934892396
8.9,0.023483090102672577,8.0,0.015053429934892396
8.0,0.034759268164634705,8.0,0.015053429934892396
8.44,0.019146762788295746,8.0,0.015053429934892396
8.78,0.02315399795770645,8.0,0.015053429934892396
8.62,0.02656552940607071,8.0,0.015053429934892396
8.62,0.013907482847571373,8.0,0.015053429934892396
8.19,0.016690624877810478,8.0,0.015053429934892396
7.8,-0.008691935800015926,8.0,0.015053429934892396
2.67,-0.0196458138525486,8.0,0.015053429934892396
8.05,0.03065582364797592,8.0,0.015053429934892396
4.65,-0.0182502381503582,8.0,0.015053429934892396
8.0,0.03831672668457031,8.0,0.015053429934892396
1.84,-0.009327451698482037,8.0,0.015053429934892396
2.692896,0.01088776532560587,8.0,0.015053429934892396
7.83,0.024174468591809273,8.0,0.015053429934892396
8.93,-0.13199137151241302,8.0,0.015053429934892396
4.43,-0.01174797024577856,8.0,0.015053429934892396
8.9,0.03648984432220459,8.0,0.015053429934892396
7.85,0.02448159083724022,8.0,0.015053429934892396
7.8,-0.028462227433919907,8.0,0.015053429934892396
1.84,-0.033551134169101715,8.0,0.015053429934892396
8.0,0.01939770206809044,8.0,0.015053429934892396
8.19,0.018905509263277054,8.0,0.015053429934892396
8.44,0.020272403955459595,8.0,0.015053429934892396
19.3,-0.1469593346118927,8.0,0.015053429934892396
6.471,-0.009521936066448689,8.0,0.015053429934892396
8.0,0.02743910253047943,8.0,0.015053429934892396
2.698224,-0.011385063640773296,8.0,0.015053429934892396
4.43,-0.02151789888739586,8.0,0.015053429934892396
2.67,-0.006777097471058369,8.0,0.015053429934892396
8.0,0.030633626505732536,8.0,0.015053429934892396
8.19,0.021755870431661606,8.0,0.015053429934892396
8.9,0.01968645304441452,8.0,0.015053429934892396
7.85,0.02257990464568138,8.0,0.015053429934892396
4.43,0.007771974429488182,8.0,0.015053429934892396
8.0,0.010735047981142998,8.05,0.015535713781860364
8.74,0.02744372747838497,8.05,0.015535713781860364
8.0,0.05448351800441742,8.05,0.015535713781860364
1.803,-0.0063584232702851295,8.05,0.015535713781860364
8.0,0.021458793431520462,8.05,0.015535713781860364
8.0,0.020790347829461098,8.05,0.015535713781860364
2.67,-0.009991091676056385,8.05,0.015535713781860364
8.0,0.019774368032813072,8.05,0.015535713781860364
7.8,-0.019528422504663467,8.05,0.015535713781860364
2.696448,-0.009963739663362503,8.05,0.015535713781860364
8.0,0.015444926917552948,8.05,0.015535713781860364
8.93,-0.14694204926490784,8.05,0.015535713781860364
8.44,0.015513671562075615,8.05,0.015535713781860364
8.0,0.01840883493423462,8.05,0.015535713781860364
2.67,0.03184746205806732,8.05,0.015535713781860364
2.7,-0.007907919585704803,8.05,0.015535713781860364
2.655008,0.003327216487377882,8.19,0.01686623345968625
8.0,0.011359897442162037,8.19,0.01686623345968625
2.67,-0.007201557978987694,8.19,0.01686623345968625
1.81,-0.011251885443925858,8.19,0.01686623345968625
8.62,0.01049451157450676,8.19,0.01686623345968625
8.44,0.00783725455403328,8.19,0.01686623345968625
7.8,-0.007417835295200348,8.19,0.01686623345968625
2.67,0.014298468828201294,8.19,0.01686623345968625
2.7,-0.016769101843237877,8.19,0.01686623345968625
7.85,0.027000099420547485,8.19,0.01686623345968625
8.4,0.011806217953562737,8.19,0.01686623345968625
7.8,-0.03406229987740517,8.19,0.01686623345968625
8.23,-0.0008262805640697479,8.19,0.01686623345968625
8.93,-0.1292807012796402,8.19,0.01686623345968625
2.78,-0.005725503899157047,8.19,0.01686623345968625
8.44,0.020399069413542747,8.19,0.01686623345968625
2.67,-0.017155762761831284,8.19,0.01686623345968625
4.43,-0.0017029894515872002,8.19,0.01686623345968625
1.84,-0.0064900037832558155,8.19,0.01686623345968625
4.43,-0.0012328550219535828,8.19,0.01686623345968625
8.0,0.037772100418806076,8.19,0.01686623345968625
19.3,-0.1253025382757187,8.19,0.01686623345968625
8.05,0.01428484357893467,8.19,0.01686623345968625
6.471,-0.032581839710474014,8.19,0.01686623345968625
8.0,0.026754550635814667,8.19,0.01686623345968625
1.84,-0.003687601536512375,8.19,0.01686623345968625
8.0,0.017840277403593063,8.19,0.01686623345968625
6.471,-0.008104681968688965,8.19,0.01686623345968625
8.0,0.01415911316871643,8.19,0.01686623345968625
1.84,-0.005965154618024826,8.19,0.01686623345968625
2.78,-0.014700673520565033,8.19,0.01686623345968625
1.84,-0.018010089173913002,8.19,0.01686623345968625
2.66,-0.007355124223977327,8.19,0.01686623345968625
8.0,0.028617655858397484,8.19,0.01686623345968625
2.685755,-0.011045136488974094,8.19,0.01686623345968625
2.655008,-0.005615197122097015,8.19,0.01686623345968625
8.44,0.03151436895132065,8.19,0.01686623345968625
8.0,0.030854355543851852,8.19,0.01686623345968625
4.43,-0.019847562536597252,8.19,0.01686623345968625
4.43,-0.013776347041130066,8.19,0.01686623345968625
4.65,0.0012262891978025436,8.19,0.01686623345968625
7.8,-0.028417855501174927,8.19,0.01686623345968625
8.0,0.02655407227575779,8.19,0.01686623345968625
7.85,0.023769667372107506,8.19,0.01686623345968625
7.8,-0.005081594921648502,8.19,0.01686623345968625
2.642761,0.0007899831980466843,8.19,0.01686623345968625
8.78,0.005353180691599846,8.19,0.01686623345968625
8.909,0.01284361258149147,8.19,0.01686623345968625
4.43,-0.019969362765550613,8.19,0.01686623345968625
4.43,0.018333401530981064,8.19,0.01686623345968625
7.872,0.023761507123708725,8.19,0.01686623345968625
2.67,-0.003761297557502985,8.19,0.01686623345968625
7.85,0.01710447669029236,8.23,0.017241206217187475
8.19,0.017163626849651337,8.23,0.017241206217187475
8.909,0.0050208680331707,8.23,0.017241206217187475
8.0,0.015302697196602821,8.23,0.017241206217187475
4.65,-0.0230106133967638,8.23,0.017241206217187475
8.44,0.01360701210796833,8.23,0.017241206217187475
1.84,0.03892482817173004,8.23,0.017241206217187475
1.803,-0.009374191984534264,8.23,0.017241206217187475
2.678,0.020242799073457718,8.23,0.017241206217187475
19.3,-0.16707617044448853,8.23,0.017241206217187475
4.54,-0.0159902386367321,8.23,0.017241206217187475
8.62,0.015694912523031235,8.23,0.017241206217187475
8.93,-0.12835070490837097,8.23,0.017241206217187475
8.0,0.012003648094832897,8.23,0.017241206217187475
1.8,-0.021812884137034416,8.23,0.017241206217187475
8.9,0.020175013691186905,8.23,0.017241206217187475
1.81,-0.022214271128177643,8.23,0.017241206217187475
7.872,0.013176675885915756,8.23,0.017241206217187475
8.44,0.02134980633854866,8.23,0.017241206217187475
2.67,0.007792280986905098,8.23,0.017241206217187475
1.803,-0.00038391631096601486,8.23,0.017241206217187475
8.78,0.004936862736940384,8.23,0.017241206217187475
8.23,0.010098847560584545,8.23,0.017241206217187475
8.0,0.015134833753108978,8.23,0.017241206217187475
2.696448,0.0025395555421710014,8.23,0.017241206217187475
8.0,0.022749025374650955,8.23,0.017241206217187475
7.8,-0.019875679165124893,8.23,0.017241206217187475
2.81,-0.015621693804860115,8.23,0.017241206217187475
8.9,0.01900395378470421,8.23,0.017241206217187475
8.0,0.017957473173737526,8.23,0.017241206217187475
2.698224,0.0015609245747327805,8.23,0.017241206217187475
1.803,-0.006359484512358904,8.23,0.017241206217187475
8.19,0.010770151391625404,8.23,0.017241206217187475
8.9,0.015053166076540947,8.23,0.017241206217187475
2.7,-0.014045095071196556,8.23,0.017241206217187475
2.655008,-0.0009168889373540878,8.23,0.017241206217187475
6.471,-0.03465123474597931,8.23,0.017241206217187475
2.67,-0.007020064629614353,8.23,0.017241206217187475
2.67,0.006776344962418079,8.23,0.017241206217187475
2.67,0.0044001126661896706,8.23,0.017241206217187475
8.0,0.009620282799005508,8.23,0.017241206217187475
8.78,0.03327590227127075,8.23,0.017241206217187475
8.9,0.02921971306204796,8.23,0.017241206217187475
1.81,-0.015202125534415245,8.23,0.017241206217187475
8.78,0.03476283326745033,8.23,0.017241206217187475
2.67,0.012393197044730186,8.23,0.017241206217187475
2.67,0.0038618072867393494,8.23,0.017241206217187475
7.8,0.003949317149817944,8.23,0.017241206217187475
2.7,-0.015387886203825474,8.23,0.017241206217187475
8.0,0.0124181117862463,8.23,0.017241206217187475
1.84,0.002608512993901968,8.23,0.017241206217187475
8.74,0.023603226989507675,8.23,0.017241206217187475
8.78,0.00512482225894928,8.23,0.017241206217187475
2.67,-0.0029592663049697876,8.23,0.017241206217187475
8.0,0.031922221183776855,8.23,0.017241206217187475
8.93,-0.129407599568367,8.23,0.017241206217187475
2.66,0.006501310039311647,8.23,0.017241206217187475
8.44,0.027277836576104164,8.23,0.017241206217187475
8.74,0.02585086226463318,8.23,0.017241206217187475
4.43,-0.019935719668865204,8.23,0.017241206217187475
2.67,0.0063184089958667755,8.4,0.018809552713162793
7.8,-0.01870034635066986,8.4,0.018809552713162793
8.74,0.008204836398363113,8.4,0.018809552713162793
4.65,-0.0008764085359871387,8.44,0.019172558568966196
8.23,0.04451996088027954,8.44,0.019172558568966196
19.3,-0.16141799092292786,8.44,0.019172558568966196
8.23,0.01800055429339409,8.44,0.019172558568966196
8.93,-0.16358889639377594,8.44,0.019172558568966196
8.78,0.014136925339698792,8.44,0.019172558568966196
4.43,0.0008793030865490437,8.44,0.019172558568966196
2.67,0.008566197007894516,8.44,0.019172558568966196
2.67,-0.015085804276168346,8.44,0.019172558568966196
8.19,0.013126485049724579,8.44,0.019172558568966196
1.84,-0.0060988375917077065,8.44,0.019172558568966196
1.803,-0.009302029386162758,8.44,0.019172558568966196
4.43,-0.0022782543674111366,8.44,0.019172558568966196
8.9,0.01673789881169796,8.44,0.019172558568966196
8.0,0.018563466146588326,8.44,0.019172558568966196
4.43,-0.016727011650800705,8.44,0.019172558568966196
2.696448,-0.0016347356140613556,8.44,0.019172558568966196
7.8,-0.0250716395676136,8.44,0.019172558568966196
8.0,0.031086301431059837,8.44,0.019172558568966196
8.93,-0.1317467838525772,8.44,0.019172558568966196
8.0,0.03144146129488945,8.44,0.019172558568966196
7.8,-0.004475161898881197,8.44,0.019172558568966196
4.43,-0.022676654160022736,8.44,0.019172558568966196
2.66,0.012948996387422085,8.44,0.019172558568966196
8.44,0.022461535409092903,8.44,0.019172558568966196
7.8,-0.0357508584856987,8.44,0.019172558568966196
8.0,0.04716777056455612,8.44,0.019172558568966196
4.43,-0.024363823235034943,8.44,0.019172558568966196
8.909,0.039034150540828705,8.44,0.019172558568966196
1.84,-0.0011533405631780624,8.44,0.019172558568966196
2.67,0.008652960881590843,8.44,0.019172558568966196
2.78,-0.012810919433832169,8.44,0.019172558568966196
4.43,-0.020080294460058212,8.44,0.019172558568966196
1.803,0.000842610839754343,8.44,0.019172558568966196
4.43,-0.009955346584320068,8.44,0.019172558568966196
4.43,-0.002257158048450947,8.44,0.019172558568966196
8.9,0.017857085913419724,8.44,0.019172558568966196
8.23,0.01300550065934658,8.44,0.019172558568966196
2.76,-0.014661249704658985,8.44,0.019172558568966196
8.0,0.02784631960093975,8.44,0.019172558568966196
2.66,-0.02397298254072666,8.44,0.019172558568966196
2.76,0.0015407075406983495,8.44,0.019172558568966196
8.44,0.012154772877693176,8.44,0.019172558568966196
2.642761,-0.002438354305922985,8.44,0.019172558568966196
8.0,0.03142455965280533,8.44,0.019172558568966196
8.0,0.007658827118575573,8.44,0.019172558568966196
7.872,0.012612693011760712,8.44,0.019172558568966196
7.85,0.02367587201297283,8.44,0.019172558568966196
7.85,0.021777931600809097,8.44,0.019172558568966196
8.0,0.031493283808231354,8.44,0.019172558568966196
2.81,-0.011016912758350372,8.44,0.019172558568966196
4.43,-0.026284929364919662,8.44,0.019172558568966196
8.9,0.018417660146951675,8.44,0.019172558568966196
8.78,0.025753097608685493,8.44,0.019172558568966196
8.44,0.019813885912299156,8.44,0.019172558568966196
8.0,0.021785365417599678,8.44,0.019172558568966196
8.78,0.016281602904200554,8.44,0.019172558568966196
8.9,0.0208967924118042,8.44,0.019172558568966196
4.54,-0.014921125955879688,8.44,0.019172558568966196
8.93,-0.13567852973937988,8.44,0.019172558568966196
8.93,-0.10702089965343475,8.44,0.019172558568966196
7.83,0.020699964836239815,8.44,0.019172558568966196
8.0,0.018728988245129585,8.44,0.019172558568966196
8.78,0.014817902818322182,8.44,0.019172558568966196
8.0,0.020542094483971596,8.44,0.019172558568966196
2.67,-0.0016146637499332428,8.44,0.019172558568966196
8.78,0.014203762635588646,8.44,0.019172558568966196
2.81,-0.011520983651280403,8.44,0.019172558568966196
1.84,0.0010573402978479862,8.44,0.019172558568966196
8.0,0.006735192611813545,8.44,0.019172558568966196
8.23,0.017816539853811264,8.44,0.019172558568966196
4.43,-0.014091349206864834,8.44,0.019172558568966196
8.0,0.026807410642504692,8.44,0.019172558568966196
1.84,0.024754218757152557,8.44,0.019172558568966196
8.0,0.020285308361053467,8.44,0.019172558568966196
8.0,0.012668242678046227,8.44,0.019172558568966196
8.19,0.02041151002049446,8.44,0.019172558568966196
8.44,0.020153086632490158,8.44,0.019172558568966196
2.67,0.010642568580806255,8.44,0.019172558568966196
8.0,0.0072686453349888325,8.44,0.019172558568966196
6.471,-0.018582258373498917,8.44,0.019172558568966196
6.471,-0.006269104313105345,8.44,0.019172558568966196
4.43,-0.016841571778059006,8.44,0.019172558568966196
19.3,-0.1259784996509552,8.44,0.019172558568966196
2.67,0.006343230605125427,8.44,0.019172558568966196
2.67,0.009717941284179688,8.44,0.019172558568966196
7.8,0.009100323542952538,8.44,0.019172558568966196
7.85,0.027063341811299324,8.44,0.019172558568966196
4.43,-0.016251811757683754,8.44,0.019172558568966196
8.93,-0.19037461280822754,8.44,0.019172558568966196
8.93,-0.13892264664173126,8.44,0.019172558568966196
2.692896,-6.916653364896774e-05,8.44,0.019172558568966196
8.0,0.0339914932847023,8.44,0.019172558568966196
8.0,0.018314938992261887,8.44,0.019172558568966196
8.0,0.0076803117990493774,8.44,0.019172558568966196
8.0,0.017961494624614716,8.44,0.019172558568966196
2.67,-0.005230688489973545,8.44,0.019172558568966196
2.67,0.008280131034553051,8.44,0.019172558568966196
8.9,0.015423096716403961,8.44,0.019172558568966196
8.78,0.031024819239974022,8.44,0.019172558568966196
4.43,-0.016202539205551147,8.44,0.019172558568966196
2.67,0.01727539859712124,8.62,0.020776690683578822
19.3,-0.15025857090950012,8.62,0.020776690683578822
8.0,0.013534456491470337,8.62,0.020776690683578822
19.3,-0.1484772115945816,8.62,0.020776690683578822
8.44,0.040645845234394073,8.62,0.020776690683578822
7.85,0.024260081350803375,8.62,0.020776690683578822
7.85,0.01605110429227352,8.62,0.020776690683578822
2.67,0.026685969904065132,8.62,0.020776690683578822
8.0,0.011939587071537971,8.62,0.020776690683578822
8.44,0.017991522327065468,8.62,0.020776690683578822
2.67,-0.009235001169145107,8.62,0.020776690683578822
2.7,0.0057727275416255,8.62,0.020776690683578822
8.44,0.014876293018460274,8.62,0.020776690683578822
8.44,0.0054338239133358,8.62,0.020776690683578822
4.43,-0.0023155929520726204,8.62,0.020776690683578822
8.23,0.012767504900693893,8.62,0.020776690683578822
2.692896,-0.011888294480741024,8.62,0.020776690683578822
8.0,0.017710251733660698,8.62,0.020776690683578822
2.67,0.019056525081396103,8.62,0.020776690683578822
19.3,-0.1308356076478958,8.62,0.020776690683578822
2.78,-0.007254476193338633,8.62,0.020776690683578822
8.23,0.03735341131687164,8.62,0.020776690683578822
8.0,0.02972697839140892,8.62,0.020776690683578822
4.65,0.0025454522110521793,8.62,0.020776690683578822
8.93,-0.15755954384803772,8.74,0.021818288256714637
4.43,-0.007413243874907494,8.74,0.021818288256714637
8.0,0.03054002672433853,8.74,0.021818288256714637
8.0,0.01676194742321968,8.74,0.021818288256714637
1.8,-0.004061873070895672,8.74,0.021818288256714637
1.8,0.007200020365417004,8.74,0.021818288256714637
4.43,-0.0031820866279304028,8.74,0.021818288256714637
8.0,0.01150660403072834,8.74,0.021818288256714637
4.43,0.001277822069823742,8.74,0.021818288256714637
2.66,-1.658964902162552e-05,8.74,0.021818288256714637
8.0,0.004510721191763878,8.78,0.022160347333038587
6.471,-0.005566305946558714,8.78,0.022160347333038587
2.655008,-0.009974018670618534,8.78,0.022160347333038587
2.642761,-0.008356893435120583,8.78,0.022160347333038587
8.9,0.021289488300681114,8.78,0.022160347333038587
2.67,-0.004034700337797403,8.78,0.022160347333038587
4.43,-0.004963750019669533,8.78,0.022160347333038587
8.0,0.010435775853693485,8.78,0.022160347333038587
8.0,0.010465165600180626,8.78,0.022160347333038587
2.76,-0.02975732833147049,8.78,0.022160347333038587
19.3,-0.12960396707057953,8.78,0.022160347333038587
2.67,0.0011358605697751045,8.78,0.022160347333038587
8.0,0.024221353232860565,8.78,0.022160347333038587
1.8,0.007862175814807415,8.78,0.022160347333038587
1.803,-0.008332517929375172,8.78,0.022160347333038587
7.85,0.02482086606323719,8.78,0.022160347333038587
8.9,0.01662396639585495,8.78,0.022160347333038587
4.43,-0.015697745606303215,8.78,0.022160347333038587
2.7,-0.017968690022826195,8.78,0.022160347333038587
8.0,0.03716399520635605,8.78,0.022160347333038587
8.19,0.024494081735610962,8.78,0.022160347333038587
19.3,-0.13977481424808502,8.78,0.022160347333038587
1.84,-0.012427276000380516,8.78,0.022160347333038587
8.0,0.003981299698352814,8.78,0.022160347333038587
4.65,-0.02311818301677704,8.78,0.022160347333038587
8.23,0.02670672908425331,8.78,0.022160347333038587
8.23,0.015804117545485497,8.78,0.022160347333038587
8.44,0.050431109964847565,8.78,0.022160347333038587
8.78,0.03330535441637039,8.78,0.022160347333038587
4.43,-0.020572680979967117,8.78,0.022160347333038587
8.44,0.015460855327546597,8.78,0.022160347333038587
8.0,0.036023303866386414,8.78,0.022160347333038587
7.8,-0.010670413263142109,8.78,0.022160347333038587
8.0,0.010179789736866951,8.78,0.022160347333038587
2.78,-0.015109676867723465,8.78,0.022160347333038587
8.44,0.019606418907642365,8.78,0.022160347333038587
8.23,0.01577763818204403,8.78,0.022160347333038587
7.87,0.03398248553276062,8.9,0.023170703115745584
2.7,-0.0011608046479523182,8.9,0.023170703115745584
8.44,0.05002398043870926,8.9,0.023170703115745584
2.76,0.0027922457084059715,8.9,0.023170703115745584
7.8,-0.026066113263368607,8.9,0.023170703115745584
2.66,-0.0028733930084854364,8.9,0.023170703115745584
5.66,-0.02062111720442772,8.9,0.023170703115745584
8.44,0.021899346262216568,8.9,0.023170703115745584
2.678,-0.019552286714315414,8.9,0.023170703115745584
2.7,-0.019018810242414474,8.9,0.023170703115745584
7.8,0.018374839797616005,8.9,0.023170703115745584
8.44,0.023401178419589996,8.9,0.023170703115745584
4.43,0.0018862467259168625,8.9,0.023170703115745584
8.93,-0.1672913283109665,8.9,0.023170703115745584
8.0,0.011680739000439644,8.9,0.023170703115745584
7.8,-0.02793561853468418,8.9,0.023170703115745584
8.9,0.014424657449126244,8.9,0.023170703115745584
4.43,-0.015268227085471153,8.9,0.023170703115745584
8.0,0.013663530349731445,8.9,0.023170703115745584
4.43,-0.006460036616772413,8.9,0.023170703115745584
8.44,0.0015907525084912777,8.9,0.023170703115745584
7.8,-0.01677660644054413,8.9,0.023170703115745584
8.0,0.011983539909124374,8.9,0.023170703115745584
8.19,0.020344048738479614,8.9,0.023170703115745584
2.7,-0.017861181870102882,8.9,0.023170703115745584
8.0,0.01156008429825306,8.9,0.023170703115745584
2.67,0.024563018232584,8.9,0.023170703115745584
19.3,-0.12717220187187195,8.9,0.023170703115745584
2.76,-0.003163561224937439,8.9,0.023170703115745584
2.67,0.007160713896155357,8.9,0.023170703115745584
8.93,-0.12569423019886017,8.9,0.023170703115745584
8.19,0.023322172462940216,8.9,0.023170703115745584
2.76,-0.0020937384106218815,8.9,0.023170703115745584
2.67,0.0072365859523415565,8.9,0.023170703115745584
8.9,0.019856886938214302,8.9,0.023170703115745584
4.65,0.010352741926908493,8.9,0.023170703115745584
4.43,0.00540690403431654,8.9,0.023170703115745584
2.698224,-0.02010694146156311,8.9,0.023170703115745584
8.23,0.029831519350409508,8.9,0.023170703115745584
2.81,-0.012434826232492924,8.9,0.023170703115745584
6.471,-0.0064404793083667755,8.9,0.023170703115745584
8.0,0.02408517338335514,8.9,0.023170703115745584
1.84,-0.00043526291847229004,8.9,0.023170703115745584
19.3,-0.10492676496505737,8.9,0.023170703115745584
8.0,0.031761422753334045,8.9,0.023170703115745584
8.0,0.026535892859101295,8.9,0.023170703115745584
19.3,-0.14607283473014832,8.9,0.023170703115745584
2.67,0.00430726446211338,8.9,0.023170703115745584
8.93,-0.1339370310306549,8.9,0.023170703115745584
8.23,0.005677070468664169,8.9,0.023170703115745584
5.66,-0.0009953808039426804,8.9,0.023170703115745584
8.0,0.007806512527167797,8.9,0.023170703115745584
8.44,0.019051091745495796,8.9,0.023170703115745584
7.8,-0.03384747356176376,8.9,0.023170703115745584
4.43,-0.015595615841448307,8.9,0.023170703115745584
8.44,0.04518316313624382,8.9,0.023170703115745584
4.43,-0.014318704605102539,8.9,0.023170703115745584
8.23,0.05140678957104683,8.9,0.023170703115745584
8.0,0.020369455218315125,8.9,0.023170703115745584
8.44,0.02381565421819687,8.9,0.023170703115745584
2.67,-0.010504581034183502,8.9,0.023170703115745584
8.19,0.019591689109802246,8.9,0.023170703115745584
2.67,0.014111559838056564,8.9,0.023170703115745584
8.78,0.03678932040929794,8.9,0.023170703115745584
7.85,0.026973186060786247,8.909,0.023245512441931165
8.44,0.01153494045138359,8.909,0.023245512441931165
2.67,0.008758491836488247,8.909,0.023245512441931165
2.81,-0.008596790954470634,8.909,0.023245512441931165
1.803,-0.007971306331455708,8.909,0.023245512441931165
7.85,0.02500433288514614,8.909,0.023245512441931165
4.43,-0.017080126330256462,8.909,0.023245512441931165
4.43,-0.025920631363987923,8.909,0.023245512441931165
8.19,0.04081670194864273,8.909,0.023245512441931165
8.0,0.027539892122149467,8.909,0.023245512441931165
7.85,0.01697668991982937,8.909,0.023245512441931165
2.692896,0.014019481837749481,8.93,0.023419540126907744
8.23,0.013013040646910667,8.93,0.023419540126907744
4.43,-0.016283825039863586,8.93,0.023419540126907744
7.8,-0.017420029267668724,8.93,0.023419540126907744
7.85,0.02222704142332077,8.93,0.023419540126907744
2.66,0.019073747098445892,8.93,0.023419540126907744
8.0,0.010078869760036469,8.93,0.023419540126907744
4.43,0.002700483426451683,8.93,0.023419540126907744
7.8,-0.02112518809735775,8.93,0.023419540126907744
2.67,0.010171186178922653,8.93,0.023419540126907744
8.62,0.0161033496260643,8.93,0.023419540126907744
5.66,-0.020209111273288727,8.93,0.023419540126907744
2.66,-0.007869289256632328,8.93,0.023419540126907744
8.9,0.020139344036579132,8.93,0.023419540126907744
8.62,0.014177970588207245,8.93,0.023419540126907744
8.9,0.01901090145111084,8.93,0.023419540126907744
4.43,0.0013162503018975258,8.93,0.023419540126907744
8.0,0.028592903167009354,8.93,0.023419540126907744
2.685755,-0.007686296012252569,8.93,0.023419540126907744
7.8,-0.007288248278200626,8.93,0.023419540126907744
1.803,-0.003090902464464307,8.93,0.023419540126907744
4.43,-0.01673170179128647,8.93,0.023419540126907744
2.66,0.015341578982770443,8.93,0.023419540126907744
8.9,0.016715412959456444,8.93,0.023419540126907744
7.8,-0.011411283165216446,8.93,0.023419540126907744
8.44,0.0189032144844532,8.93,0.023419540126907744
2.67,-0.003212305251508951,8.93,0.023419540126907744
8.0,0.023640170693397522,8.93,0.023419540126907744
2.7,0.010323815047740936,8.93,0.023419540126907744
2.67,0.009982253424823284,8.93,0.023419540126907744
8.9,0.014758002012968063,8.93,0.023419540126907744
6.471,-0.019577812403440475,8.93,0.023419540126907744
1.803,-0.008736541494727135,8.93,0.023419540126907744
4.65,-0.013072405010461807,8.93,0.023419540126907744
8.0,0.016675183549523354,8.93,0.023419540126907744
8.909,0.00626767985522747,8.93,0.023419540126907744
7.8,-0.01881754957139492,8.93,0.023419540126907744
8.93,-0.11784524470567703,8.93,0.023419540126907744
8.78,0.010869093239307404,8.93,0.023419540126907744
1.84,0.008634981699287891,8.93,0.023419540126907744
8.78,0.008588703349232674,8.93,0.023419540126907744
4.65,-0.023326285183429718,8.93,0.023419540126907744
2.67,-0.004951929207891226,8.93,0.023419540126907744
8.0,0.014947636052966118,8.93,0.023419540126907744
8.0,0.030795712023973465,8.93,0.023419540126907744
7.83,0.018328597769141197,8.93,0.023419540126907744
4.43,-0.015996262431144714,8.93,0.023419540126907744
8.44,0.01706266589462757,8.93,0.023419540126907744
8.0,0.008150991052389145,8.93,0.023419540126907744
2.67,0.006462543271481991,8.93,0.023419540126907744
4.43,-0.01736319251358509,8.93,0.023419540126907744
8.62,0.019307315349578857,8.93,0.023419540126907744
2.67,-0.0029835980385541916,8.93,0.023419540126907744
19.3,-0.13121598958969116,8.93,0.023419540126907744
5.66,0.007371448911726475,8.93,0.023419540126907744
4.65,-0.019415486603975296,8.93,0.023419540126907744
1.84,-0.0014299899339675903,8.93,0.023419540126907744
1.84,0.005423767492175102,8.93,0.023419540126907744
8.0,0.029140036553144455,8.93,0.023419540126907744
7.8,-0.01576964743435383,8.93,0.023419540126907744
2.67,-0.009396378882229328,8.93,0.023419540126907744
7.8,-0.03108755499124527,8.93,0.023419540126907744
2.81,-0.011520983651280403,8.93,0.023419540126907744
2.7,0.00030391570180654526,8.93,0.023419540126907744
7.8,-0.01643967628479004,19.3,-0.13298535562324826
8.05,0.01697610877454281,19.3,-0.13298535562324826
2.81,-0.015067214146256447,19.3,-0.13298535562324826
2.76,-0.0032734954729676247,19.3,-0.13298535562324826
8.0,0.0171750970184803,19.3,-0.13298535562324826
7.8,-0.008390456438064575,19.3,-0.13298535562324826
8.23,0.019489489495754242,19.3,-0.13298535562324826
2.7,0.015316842123866081,19.3,-0.13298535562324826
8.0,0.01661578007042408,19.3,-0.13298535562324826
7.872,0.0229042898863554,19.3,-0.13298535562324826
8.05,0.024873442947864532,19.3,-0.13298535562324826
7.8,-0.008022129535675049,19.3,-0.13298535562324826
8.78,0.03454609960317612,19.3,-0.13298535562324826
8.0,0.02486768364906311,19.3,-0.13298535562324826
8.0,0.04203462600708008,19.3,-0.13298535562324826
8.23,0.014306554570794106,19.3,-0.13298535562324826
8.93,-0.12958690524101257,19.3,-0.13298535562324826
8.05,0.01490061730146408,19.3,-0.13298535562324826
2.67,-0.008411373011767864,19.3,-0.13298535562324826
2.67,-0.009132220409810543,19.3,-0.13298535562324826
4.43,-0.02099021151661873,19.3,-0.13298535562324826
8.0,0.01413637399673462,19.3,-0.13298535562324826
8.0,0.017379308119416237,19.3,-0.13298535562324826
8.44,0.011059701442718506,19.3,-0.13298535562324826
8.0,0.0299701951444149,19.3,-0.13298535562324826
1.81,0.010650387033820152,19.3,-0.13298535562324826
2.66,0.02344621904194355,19.3,-0.13298535562324826
8.0,0.03167951852083206,19.3,-0.13298535562324826
2.685755,-0.0013802871108055115,19.3,-0.13298535562324826
8.44,0.014139054343104362,19.3,-0.13298535562324826
8.9,0.017854472622275352,19.3,-0.13298535562324826
8.9,0.017713293433189392,19.3,-0.13298535562324826
8.0,0.010331385768949986,19.3,-0.13298535562324826
2.7,0.008300919085741043,19.3,-0.13298535562324826
4.65,-0.012537369504570961,19.3,-0.13298535562324826
8.0,0.031027542427182198,19.3,-0.13298535562324826
1.84,-0.007358363829553127,19.3,-0.13298535562324826
8.0,0.010959282517433167,19.3,-0.13298535562324826
2.81,-0.017034702003002167,19.3,-0.13298535562324826
1.84,0.014622535556554794,19.3,-0.13298535562324826
8.44,0.009491718374192715,19.3,-0.13298535562324826
8.0,0.009705323725938797,19.3,-0.13298535562324826
8.0,0.021489154547452927,19.3,-0.13298535562324826
8.0,0.013827679678797722,19.3,-0.13298535562324826
8.0,0.01998552680015564,19.3,-0.13298535562324826
1.84,0.0029928660951554775,19.3,-0.13298535562324826
4.65,-0.022215895354747772,19.3,-0.13298535562324826
2.66,0.0035318173468112946,19.3,-0.13298535562324826
1.84,0.0073517439886927605,19.3,-0.13298535562324826
