energy density (J/mm3),shap,lowess energy density (J/mm3),lowess shap
44.87,0.012947430834174156,6.41,-0.1412574317411331
42.44,-0.053577445447444916,8.33,-0.1350522973664
184.32,0.034926965832710266,8.68,-0.13392514330014793
52.6,0.015635821968317032,10.94,-0.12667803325542934
52.61,0.034810472279787064,10.96,-0.12661414670572843
71.43,0.03554846718907356,11.11,-0.12613513944882182
494.79,0.05423569679260254,11.87,-0.12371205608101792
136.36,-0.022204361855983734,12.35,-0.12218508365539642
54.71,0.008373796939849854,12.4,-0.12202617736871982
43.29,-0.05428106337785721,12.5,-0.12170845219243885
64.1,0.04105541110038757,12.82,-0.12069251875835109
34.26,-0.0874733254313469,13.35,-0.11901254515765414
80.0,0.05512618646025658,13.89,-0.11730434635123892
444.44,0.03548283874988556,13.89,-0.11730434635123892
72.62,0.057251639664173126,14.29,-0.11604131062390942
32.05,-0.13247662782669067,14.88,-0.11418196202835472
87.96,0.02915673702955246,15.01,-0.11377286391048838
29.99,-0.13828279078006744,15.19,-0.11320677496405757
100.0,0.05068492889404297,15.26,-0.11298674094762969
30.11,-0.13838274776935577,15.26,-0.11298674094762969
211.64,0.03220302239060402,15.39,-0.11257827298692105
33.33,-0.16843247413635254,15.53,-0.11213862761225914
50.51,-0.004706907086074352,15.87,-0.11107197465378865
104.17,0.04372197017073631,15.87,-0.11107197465378865
45.45,0.025794655084609985,16.07,-0.11044523676428702
96.66,0.03008277714252472,16.64,-0.1086619351288547
39.68,-0.037793271243572235,16.67,-0.10856819721995559
89.8,0.043821170926094055,16.67,-0.10856819721995559
88.89,0.01692575216293335,17.36,-0.10641558825915537
57.69,0.0709761530160904,17.54,-0.10585510908973762
37.04,-0.03135066479444504,17.81,-0.10501523216098192
52.08,0.052444130182266235,17.81,-0.10501523216098192
83.47,0.026305221021175385,17.86,-0.10485981089052528
104.61,0.016185235232114792,17.86,-0.10485981089052528
96.39,0.017540352419018745,17.98,-0.10448694271527348
462.96,0.06571708619594574,18.52,-0.10281155249398272
162.04,0.026305213570594788,18.75,-0.1020992237626603
60.71,0.04508369415998459,18.85,-0.10178975340631606
33.12,-0.10895338654518127,18.97,-0.10141858020060172
73.86,0.023254789412021637,19.03,-0.1012330720787027
93.48,0.037118084728717804,19.84,-0.09873389255913023
85.71,0.02997267246246338,19.84,-0.09873389255913023
66.67,0.0643286257982254,19.97,-0.09833369844603723
100.0,0.0031206682324409485,20.0,-0.09824138205944176
23.28,-0.27541083097457886,20.03,-0.09814907924077251
91.67,0.07510019838809967,20.03,-0.09814907924077251
34.72,-0.10189151763916016,20.09,-0.09796451436427334
31.86,-0.14385969936847687,20.2,-0.09762628690745041
75.0,0.034182172268629074,20.41,-0.096981090640945
428.57,0.07575574517250061,20.41,-0.096981090640945
50.0,-0.013342069461941719,20.74,-0.09596857539958346
208.33,0.04146672785282135,20.83,-0.09569272648555782
39.68,-0.028048638254404068,20.83,-0.09569272648555782
70.95,0.058781422674655914,20.83,-0.09569272648555782
184.62,0.019135817885398865,20.94,-0.09535574858917638
34.72,-0.08734211325645447,21.26,-0.09437652393640292
87.59,0.032055988907814026,21.37,-0.0940402872394108
66.67,0.0387580469250679,21.37,-0.0940402872394108
50.0,-0.04123220965266228,21.37,-0.0940402872394108
267.86,0.03912382572889328,21.46,-0.09376532683609169
31.48,-0.06871519982814789,22.07,-0.09190511565637029
50.64,-0.029756169766187668,22.22,-0.09144860609770293
54.55,0.061755165457725525,22.22,-0.09144860609770293
47.72,0.017513509839773178,22.22,-0.09144860609770293
41.67,-0.04844208061695099,22.22,-0.09144860609770293
306.67,0.012973569333553314,22.22,-0.09144860609770293
67.69,0.028427356854081154,22.32,-0.09114447008132476
21.37,-0.3383823037147522,22.89,-0.08941403684823958
153.85,0.018663644790649414,22.89,-0.08941403684823958
77.78,0.029616303741931915,22.96,-0.08920189935313766
101.33,0.033820461481809616,23.28,-0.08823317572838746
123.08,0.03058372251689434,23.32,-0.08811220679559718
55.56,0.05147215723991394,23.42,-0.08780990325942215
55.56,-0.010737955570220947,23.81,-0.08663255136395459
277.78,0.04938465729355812,23.81,-0.08663255136395459
437.5,0.0513208732008934,23.81,-0.08663255136395459
34.57,-0.0653003379702568,23.97,-0.08615029255525548
21.37,-0.34514760971069336,24.02,-0.08599967769594455
32.05,-0.08957774192094803,24.29,-0.08518711074163493
196.92,0.025843102484941483,24.31,-0.08512697137188936
214.29,0.03830696642398834,24.65,-0.08410568177590644
213.68,0.05013047158718109,24.69,-0.08398566478598395
31.76,-0.15227188169956207,24.69,-0.08398566478598395
444.44,0.028502769768238068,24.97,-0.0831463463881382
156.25,0.045082688331604004,25.0,-0.08305650285992837
111.11,0.05598900094628334,25.0,-0.08305650285992837
173.61,0.04388805851340294,25.19,-0.08248787116657169
166.67,-0.0036377012729644775,25.46,-0.08168094340165583
492.06,0.07217574864625931,25.51,-0.08153165852246493
32.95,-0.10247215628623962,25.64,-0.08114373280670312
226.67,0.02113370969891548,25.93,-0.08027948541201575
48.61,-0.019138015806674957,26.04,-0.07995207659402981
83.33,0.06969425827264786,26.46,-0.07870406094113265
138.89,0.05947701632976532,26.67,-0.07808130698764532
92.86,0.06182273477315903,26.71,-0.07796278273902135
66.67,0.0358118899166584,26.71,-0.07796278273902135
55.56,0.01151224598288536,26.71,-0.07796278273902135
100.0,0.026922736316919327,26.71,-0.07796278273902135
34.72,-0.07145875692367554,27.06,-0.07692700945025102
151.52,0.01998605579137802,27.08,-0.07686789399221058
76.39,0.04355410113930702,27.41,-0.07589361578184875
55.56,-0.00589945912361145,27.47,-0.07571670370727226
37.39,-0.024518094956874847,27.49,-0.07565774877951488
138.89,0.013649579137563705,27.55,-0.07548093136656661
20.03,-0.33804962038993835,27.78,-0.07480379194029445
97.22,0.03801007196307182,27.78,-0.07480379194029445
141.67,0.015351429581642151,27.78,-0.07480379194029445
61.11,0.039518605917692184,27.78,-0.07480379194029445
85.76,0.03475326672196388,27.78,-0.07480379194029445
37.1,-0.0522785447537899,27.78,-0.07480379194029445
64.1,0.06312501430511475,27.78,-0.07480379194029445
76.39,0.04208461940288544,28.57,-0.0724860419919742
129.63,0.01095861941576004,28.59,-0.07242752893923908
51.14,0.03955273702740669,28.74,-0.0719889420551383
133.33,0.012399785220623016,28.85,-0.07166760527636389
72.09,0.042424820363521576,29.14,-0.07082164231568953
78.13,0.061283741146326065,29.28,-0.0704138714163575
185.19,0.03832399100065231,29.32,-0.07029744056203859
40.48,-0.05125250667333603,29.59,-0.06951240956438816
80.0,0.04884318262338638,29.63,-0.06939623910332514
233.33,0.028720920905470848,29.91,-0.06858399397228904
321.43,0.05022052675485611,29.91,-0.06858399397228904
175.93,0.0038192421197891235,29.91,-0.06858399397228904
85.71,0.03972117602825165,29.91,-0.06858399397228904
41.67,0.006607651710510254,29.91,-0.06858399397228904
29.63,-0.1995527595281601,29.91,-0.06858399397228904
41.67,-0.056505002081394196,29.99,-0.0683522299126275
138.89,0.040139488875865936,30.11,-0.06800483995642041
37.04,-0.04515302926301956,30.22,-0.06768666988413585
44.64,-0.003465671092271805,30.3,-0.06745543653120134
87.69,0.047835659235715866,30.3,-0.06745543653120134
88.54,0.029884885996580124,30.36,-0.06728210180958565
58.71,0.031624935567379,30.48,-0.06693566500500248
416.67,0.037504151463508606,30.61,-0.06656070928846572
234.38,0.05678660795092583,30.86,-0.06584066966975403
272.73,0.07566992193460464,31.06,-0.06526561677602707
92.59,0.06040416285395622,31.14,-0.06503584009615301
70.18,0.05570720508694649,31.25,-0.06472012583499376
43.88,-0.0582088977098465,31.48,-0.06406085375747267
23.81,-0.2938391864299774,31.75,-0.06328841163275671
128.51,0.040921472012996674,31.75,-0.06328841163275671
34.72,-0.11313828825950623,31.76,-0.06325983357568453
23.81,-0.28514087200164795,31.86,-0.06297417469641964
23.32,-0.251326322555542,32.05,-0.06243203331122745
44.98,-0.01314529124647379,32.05,-0.06243203331122745
62.5,0.04598189890384674,32.05,-0.06243203331122745
272.73,0.025827428326010704,32.05,-0.06243203331122745
48.61,0.004357140511274338,32.05,-0.06243203331122745
31.14,-0.10945304483175278,32.05,-0.06243203331122745
428.57,0.05408314988017082,32.05,-0.06243203331122745
173.61,0.05170701444149017,32.05,-0.06243203331122745
89.05,0.05908304080367088,32.14,-0.062175509212768314
138.89,0.0510566309094429,32.41,-0.06140701785596779
74.79,0.04864753037691116,32.41,-0.06140701785596779
83.33,0.022240713238716125,32.5,-0.0611512148427572
78.13,0.029548946768045425,32.68,-0.060640150693225744
79.17,0.026629269123077393,32.89,-0.0600448232353757
32.14,-0.09549468755722046,32.95,-0.059874910635591826
68.18,0.07854238897562027,33.12,-0.05939392868591957
107.69,0.01979106478393078,33.29,-0.05891359319777686
185.19,0.03265729546546936,33.33,-0.0588006670725119
44.87,0.013664409518241882,33.33,-0.0588006670725119
58.71,0.010169237852096558,33.33,-0.0588006670725119
102.38,0.05209869146347046,33.33,-0.0588006670725119
55.56,0.00966981053352356,33.33,-0.0588006670725119
54.99,0.011246416717767715,33.33,-0.0588006670725119
64.1,0.06017705053091049,33.33,-0.0588006670725119
33.33,-0.17014163732528687,33.33,-0.0588006670725119
224.49,0.03813718259334564,33.33,-0.0588006670725119
64.15,0.04104121774435043,33.33,-0.0588006670725119
66.67,0.01469452679157257,33.93,-0.05711107191455366
214.3,0.025058060884475708,34.01,-0.056886401094776926
96.82,0.06150161102414131,34.09,-0.056661873408779456
96.19,0.05813878774642944,34.19,-0.05638141504134499
59.49,0.05078117549419403,34.26,-0.05618522719214701
444.44,0.010512299835681915,34.31,-0.0560451600592548
48.19,0.016297921538352966,34.37,-0.05587715323027448
97.22,0.059155210852622986,34.52,-0.05545748789565182
61.82,0.03949452191591263,34.57,-0.05531771105817403
114.08,0.03229230269789696,34.72,-0.05489871512062593
35.61,-0.0962400883436203,34.72,-0.05489871512062593
55.88,0.017033260315656662,34.72,-0.05489871512062593
37.04,-0.06885776668787003,34.72,-0.05489871512062593
265.63,0.052478864789009094,34.72,-0.05489871512062593
277.78,0.03196047246456146,34.72,-0.05489871512062593
243.06,0.03822445869445801,34.72,-0.05489871512062593
54.01,0.043197453022003174,34.8,-0.05467545569049483
77.78,0.04964182898402214,34.97,-0.054201502452920054
296.3,0.050602227449417114,34.99,-0.0541457855027555
17.98,-0.40876293182373047,35.09,-0.053867334034942656
275.0,0.024376973509788513,35.09,-0.053867334034942656
116.67,0.07188882678747177,35.35,-0.05314439810131323
58.09,0.037743642926216125,35.35,-0.05314439810131323
228.4,0.00962541252374649,35.61,-0.05242295715030831
38.1,0.01646958291530609,35.61,-0.05242295715030831
69.44,0.039448369294404984,35.71,-0.05214587680592954
63.25,0.029094258323311806,35.71,-0.05214587680592954
266.67,0.013789556920528412,35.88,-0.05167534501167063
48.61,-0.006709747016429901,36.17,-0.0508741359752528
25.51,-0.3176746368408203,36.43,-0.0501573728610246
135.42,0.014625109732151031,37.04,-0.04848149713466962
60.0,0.05405852943658829,37.04,-0.04848149713466962
221.54,0.02943715825676918,37.04,-0.04848149713466962
108.02,0.010342828929424286,37.04,-0.04848149713466962
34.01,-0.06917537748813629,37.04,-0.04848149713466962
23.81,-0.3288586139678955,37.04,-0.04848149713466962
231.48,0.046011894941329956,37.04,-0.04848149713466962
75.76,0.02462911233305931,37.04,-0.04848149713466962
61.67,0.02683486044406891,37.04,-0.04848149713466962
312.5,0.002497434616088867,37.1,-0.04831709099922723
64.81,0.05630892142653465,37.2,-0.04804325276498471
148.15,0.04218745976686478,37.39,-0.047523551041711506
12.82,-0.41187429428100586,37.39,-0.047523551041711506
277.78,0.005627654492855072,37.39,-0.047523551041711506
77.27,0.03136841952800751,37.39,-0.047523551041711506
85.47,0.03801162168383598,37.39,-0.047523551041711506
145.83,0.05526752024888992,37.5,-0.047223024046481106
142.86,-0.007315181195735931,37.7,-0.04667727216337497
48.61,-0.021298546344041824,37.78,-0.04645920950519967
476.19,0.03573828563094139,37.97,-0.045941854101751466
114.58,0.026735898107290268,38.02,-0.045805834752064026
75.4,0.026136793196201324,38.1,-0.04558831343018446
107.14,0.04340623319149017,38.1,-0.04558831343018446
75.76,0.058837153017520905,38.19,-0.04534376296925857
89.29,0.032464705407619476,38.19,-0.04534376296925857
79.37,0.04499136283993721,38.22,-0.04526228398092527
87.32,0.033522069454193115,38.35,-0.04490942653346367
246.15,0.021738681942224503,38.4,-0.04477380637714282
17.81,-0.39946937561035156,38.46,-0.044611131174564334
112.18,0.047023024410009384,38.59,-0.04425892592843126
222.22,0.03232136368751526,38.61,-0.04420477175428934
230.76,0.03247153386473656,38.65,-0.04409648836816457
86.81,0.045842066407203674,38.66,-0.04406942271930501
37.39,-0.0203230082988739,38.89,-0.043447485412261996
38.89,-0.028426211327314377,38.89,-0.043447485412261996
95.24,0.03447790443897247,38.97,-0.043231416036877766
75.76,0.03611619770526886,39.06,-0.042988495851414704
27.55,-0.17043402791023254,39.14,-0.042772706860256846
250.0,0.026160605251789093,39.16,-0.042718780180911686
43.07,0.020097792148590088,39.22,-0.04255704944860604
121.53,0.04760020971298218,39.29,-0.04236845696516539
81.02,0.04264919459819794,39.68,-0.041319560975695564
51.39,0.013868149369955063,39.68,-0.041319560975695564
67.57,0.027056246995925903,39.68,-0.041319560975695564
54.55,0.027881108224391937,39.68,-0.041319560975695564
277.78,0.04944367706775665,39.68,-0.041319560975695564
127.31,0.03342309221625328,39.68,-0.041319560975695564
100.0,0.07056134939193726,39.68,-0.041319560975695564
41.27,-0.0207100547850132,40.0,-0.04046123676601027
71.43,0.052709244191646576,40.0,-0.04046123676601027
104.17,0.018689263612031937,40.0,-0.04046123676601027
27.78,-0.16594365239143372,40.0,-0.04046123676601027
48.38,-0.028676897287368774,40.06,-0.04030053128613246
170.85,0.024365371093153954,40.06,-0.04030053128613246
200.0,0.01758096180856228,40.06,-0.04030053128613246
140.0,0.035595111548900604,40.06,-0.04030053128613246
227.16,0.03543085604906082,40.06,-0.04030053128613246
92.59,0.025893863290548325,40.06,-0.04030053128613246
20.83,-0.3820660412311554,40.06,-0.04030053128613246
110.0,0.035821281373500824,40.08,-0.04024697890701427
33.33,-0.04282259941101074,40.28,-0.03971189740990149
62.5,0.07396823912858963,40.4,-0.03939123361938924
169.23,0.011414362117648125,40.48,-0.03917761778168851
200.0,0.024583645164966583,40.48,-0.03917761778168851
101.33,0.03596886992454529,40.63,-0.03877743229657551
416.67,0.052938371896743774,40.85,-0.03819130310814158
428.57,0.050535064190626144,41.11,-0.03749984038235833
80.0,0.021180057898163795,41.13,-0.037446706171149514
62.5,0.03696613013744354,41.25,-0.037128066094335894
101.01,0.04873330891132355,41.27,-0.03707498691318939
42.62,-0.012353144586086273,41.38,-0.03678319158781258
86.67,0.058120787143707275,41.43,-0.03665063565888294
49.3,-0.03004790097475052,41.47,-0.03654462610067597
250.0,0.04014530032873154,41.48,-0.036518128594126356
215.38,0.030286019667983055,41.67,-0.03601504636673032
50.0,-0.013367291539907455,41.67,-0.03601504636673032
110.0,0.020560909062623978,41.67,-0.03601504636673032
66.67,0.04301532357931137,41.67,-0.03601504636673032
39.06,-0.04175528883934021,41.67,-0.03601504636673032
69.44,0.03899725154042244,41.67,-0.03601504636673032
316.67,0.02520718425512314,41.67,-0.03601504636673032
15.87,-0.39330413937568665,41.67,-0.03601504636673032
26.46,-0.260629802942276,41.67,-0.03601504636673032
61.67,0.021258126944303513,41.67,-0.03601504636673032
55.56,0.020240526646375656,41.98,-0.03519573250543098
69.44,0.041086819022893906,42.33,-0.034272926732209635
208.33,0.04363449662923813,42.44,-0.03398338637947796
37.04,-0.02868124097585678,42.44,-0.03398338637947796
38.66,-0.0287567637860775,42.5,-0.03382555245215393
240.0,0.005265653133392334,42.5,-0.03382555245215393
102.56,0.0038715116679668427,42.62,-0.03351008981872626
301.57,0.049616970121860504,42.67,-0.03337872763641566
98.7,0.03663055598735809,42.74,-0.03319490003348802
47.22,-0.007155090570449829,42.86,-0.03287998216802778
333.33,0.05234275385737419,42.93,-0.03269640528770822
69.44,0.05866941064596176,43.0,-0.03251292043616809
48.08,0.03242862969636917,43.07,-0.0323295274279479
492.06,0.0560779944062233,43.07,-0.0323295274279479
400.0,0.028453178703784943,43.1,-0.032250958493841526
71.43,0.042765334248542786,43.21,-0.03196301620495907
19.84,-0.3675653338432312,43.21,-0.03196301620495907
100.79,0.05613638833165169,43.27,-0.03180605183861039
14.29,-0.4472006559371948,43.29,-0.03175374526762568
231.48,0.011719301342964172,43.4,-0.031466191907666675
106.06,0.0046276673674583435,43.65,-0.030813494025849042
27.08,-0.1596631407737732,43.88,-0.030214026947616726
293.21,0.03807828947901726,43.93,-0.030083836007457593
53.42,0.013943761587142944,43.98,-0.029953690614524704
37.04,-0.08795078098773956,43.98,-0.029953690614524704
62.5,0.02072490006685257,44.05,-0.029771563438815676
293.65,0.0120127834379673,44.19,-0.02940757563466189
40.06,-0.026598991826176643,44.19,-0.02940757563466189
65.79,0.06307259202003479,44.29,-0.029147801196376624
54.76,0.07504550367593765,44.44,-0.028758476910651115
280.0,0.035688385367393494,44.44,-0.028758476910651115
74.07,0.02048487961292267,44.44,-0.028758476910651115
238.46,0.03291928023099899,44.44,-0.028758476910651115
184.61,0.001770123839378357,44.44,-0.028758476910651115
101.3,0.025860939174890518,44.64,-0.028240004472632217
92.59,0.04417956620454788,44.87,-0.027644640743784428
81.9,0.06020289659500122,44.87,-0.027644640743784428
38.19,-0.06112878769636154,44.87,-0.027644640743784428
46.08,-0.003579234704375267,44.87,-0.027644640743784428
160.0,0.010355815291404724,44.87,-0.027644640743784428
10.94,-0.41788506507873535,44.87,-0.027644640743784428
397.73,0.03560059517621994,44.87,-0.027644640743784428
66.67,0.04733316972851753,44.9,-0.027567053617967838
38.19,-0.05531013011932373,44.98,-0.02736023218728454
395.6,0.0519246868789196,45.24,-0.026688838796632527
114.6,0.030529916286468506,45.24,-0.026688838796632527
208.33,0.04366707801818848,45.33,-0.02645670876612365
83.33,0.04196201637387276,45.39,-0.02630203375096038
92.31,0.01924254186451435,45.45,-0.026147421266327135
49.6,-0.016401082277297974,45.45,-0.026147421266327135
128.21,0.018412820994853973,45.75,-0.02537529268028347
74.79,0.04592885076999664,45.79,-0.02527245930742978
420.45,0.03619427606463432,45.83,-0.025169653379680097
29.91,-0.1485317200422287,45.83,-0.025169653379680097
207.79,0.021594185382127762,46.08,-0.024527736003782722
140.0,0.058603473007678986,46.15,-0.02434818987810137
101.56,0.020580783486366272,46.18,-0.024271266990918947
94.7,0.03501106798648834,46.19,-0.02424562941833275
51.0,0.01900729164481163,46.3,-0.02396372781550563
82.29,0.028651811182498932,46.3,-0.02396372781550563
34.37,-0.11389864981174469,46.3,-0.02396372781550563
18.75,-0.40659552812576294,46.3,-0.02396372781550563
277.78,0.06162206456065178,46.3,-0.02396372781550563
75.59,0.012204986065626144,46.3,-0.02396372781550563
20.83,-0.3218228816986084,46.78,-0.022735994380974362
33.33,-0.14795197546482086,47.06,-0.02202159226714091
277.78,0.051125239580869675,47.22,-0.021613944876136493
58.04,0.027350228279829025,47.22,-0.021613944876136493
69.44,0.041914939880371094,47.27,-0.021486641531400924
69.44,0.0430757962167263,47.35,-0.021283041593773602
30.61,-0.16512750089168549,47.35,-0.021283041593773602
83.33,-0.001834191381931305,47.41,-0.021130410511317095
51.28,0.048403386026620865,47.62,-0.020596665180626254
100.4,0.04111376032233238,47.62,-0.020596665180626254
101.33,0.02777376025915146,47.62,-0.020596665180626254
56.09,0.03825216740369797,47.62,-0.020596665180626254
101.33,0.03658479452133179,47.62,-0.020596665180626254
15.26,-0.41184189915657043,47.72,-0.02034275331897811
125.0,0.01315966248512268,47.74,-0.020291990446996405
91.67,0.035914383828639984,47.75,-0.02026661144595937
40.28,-0.03317256271839142,48.03,-0.019556656892995704
138.89,0.044937361031770706,48.08,-0.01943001254382536
34.72,-0.09074535965919495,48.15,-0.019252778084196384
63.96,0.032507073134183884,48.19,-0.01915153663328137
283.33,0.04950270801782608,48.38,-0.018670990410862183
50.0,-0.00714647164568305,48.57,-0.018191021853948462
487.5,0.053232211619615555,48.61,-0.018090049233428666
138.46,-0.00305214524269104,48.61,-0.018090049233428666
40.63,-0.05744069814682007,48.61,-0.018090049233428666
100.0,0.05646589398384094,48.61,-0.018090049233428666
53.42,0.04232408106327057,48.61,-0.018090049233428666
53.03,0.023191235959529877,48.61,-0.018090049233428666
50.0,-0.014414593577384949,48.81,-0.017585567931210296
112.18,0.05132269486784935,49.21,-0.016578506560808944
111.11,0.058004554361104965,49.23,-0.016528219777066425
74.07,0.045133449137210846,49.3,-0.016352265597209197
194.44,0.028228599578142166,49.38,-0.016151269416489464
57.13,0.006199974566698074,49.6,-0.015599047475187824
80.13,0.0340578556060791,49.68,-0.01539842727054668
500.0,0.06687381863594055,49.86,-0.014947396933624534
66.29,0.058125004172325134,50.0,-0.01459694428326674
26.71,-0.2006169706583023,50.0,-0.01459694428326674
20.2,-0.3427848219871521,50.0,-0.01459694428326674
37.04,-0.09009429067373276,50.0,-0.01459694428326674
104.17,0.024879924952983856,50.0,-0.01459694428326674
203.66,0.022941695526242256,50.0,-0.01459694428326674
63.13,0.03624943643808365,50.0,-0.01459694428326674
48.57,0.003597548231482506,50.0,-0.01459694428326674
80.0,0.04734550416469574,50.0,-0.01459694428326674
351.85,0.04619944840669632,50.0,-0.01459694428326674
14.88,-0.392034649848938,50.0,-0.01459694428326674
187.5,0.023594919592142105,50.0,-0.01459694428326674
115.39,0.020645204931497574,50.0,-0.01459694428326674
41.48,-0.044921111315488815,50.37,-0.013672211566769161
280.0,0.030326105654239655,50.51,-0.01332286480507243
75.49,0.07168206572532654,50.64,-0.012998742014565183
77.38,0.021722525358200073,50.79,-0.012625077420694271
78.7,0.03894795477390289,50.95,-0.012226882857078148
50.79,-0.014273947104811668,51.0,-0.012102527587339007
57.48,0.03109835274517536,51.14,-0.011754536558146074
65.0,0.029486700892448425,51.28,-0.011406845393912485
68.52,0.02638235315680504,51.28,-0.011406845393912485
34.72,-0.06884662806987762,51.39,-0.011133869564755934
55.56,0.02232326939702034,51.39,-0.011133869564755934
100.65,0.004284285008907318,51.41,-0.011084257441884944
29.32,-0.150748610496521,52.08,-0.009425773147712093
84.61,0.014229100197553635,52.08,-0.009425773147712093
99.35,0.03952157497406006,52.08,-0.009425773147712093
125.0,0.0394064262509346,52.08,-0.009425773147712093
172.31,0.013959009200334549,52.08,-0.009425773147712093
128.21,0.030243344604969025,52.08,-0.009425773147712093
35.09,-0.0633581280708313,52.08,-0.009425773147712093
100.0,0.014258249662816525,52.29,-0.00890735486426916
125.0,0.021069936454296112,52.47,-0.008463529476997168
83.33,0.01959005370736122,52.6,-0.008143295003521482
76.39,0.043611470609903336,52.61,-0.008118672217171809
25.19,-0.23293180763721466,52.63,-0.008069431202682097
55.56,-0.011707857251167297,52.78,-0.007700317363916331
20.03,-0.3407520055770874,52.91,-0.0073806954266752945
92.59,0.017029430717229843,52.91,-0.0073806954266752945
55.71,0.04191286116838455,53.03,-0.007085888026023998
140.0,0.05213923379778862,53.03,-0.007085888026023998
324.07,0.056751273572444916,53.17,-0.006742223249023991
75.76,0.04606020450592041,53.33,-0.006349829515686702
23.42,-0.29418614506721497,53.33,-0.006349829515686702
70.08,0.018658094108104706,53.42,-0.006129279852664788
98.48,0.029037747532129288,53.42,-0.006129279852664788
34.19,-0.13852006196975708,53.42,-0.006129279852664788
129.63,0.015003286302089691,53.42,-0.006129279852664788
17.81,-0.38087227940559387,53.42,-0.006129279852664788
19.03,-0.3491324186325073,53.42,-0.006129279852664788
19.84,-0.37499046325683594,53.42,-0.006129279852664788
151.79,0.03479136526584625,53.42,-0.006129279852664788
79.37,0.03201504796743393,53.82,-0.005150560904657835
52.08,0.023481719195842743,53.85,-0.005077256156034095
105.56,0.023729681968688965,53.88,-0.005003965288912294
102.78,0.03855536878108978,54.01,-0.004686532171038005
185.19,0.0289559755474329,54.01,-0.004686532171038005
61.97,0.03164604306221008,54.01,-0.004686532171038005
52.08,0.026974007487297058,54.17,-0.004296204529900781
205.13,0.02515280991792679,54.2,-0.004223062354191928
116.92,0.019982710480690002,54.2,-0.004223062354191928
22.07,-0.30084216594696045,54.42,-0.003687115067661226
57.14,0.014359917491674423,54.55,-0.0033707748911448424
75.48,0.047080300748348236,54.55,-0.0033707748911448424
16.07,-0.44186073541641235,54.56,-0.003346452023566852
22.22,-0.3154650032520294,54.56,-0.003346452023566852
43.0,-0.03359927237033844,54.56,-0.003346452023566852
100.0,0.03970266506075859,54.69,-0.003030398068929357
39.68,-0.021980058401823044,54.7,-0.0030060972706519766
49.68,0.0020621158182621002,54.71,-0.0029817980529678713
54.56,0.027916721999645233,54.76,-0.002860325693988286
200.0,0.04397039860486984,54.76,-0.002860325693988286
67.62,0.06220521777868271,54.76,-0.002860325693988286
308.64,0.05490308254957199,54.81,-0.0027388929390323793
138.89,0.0427573099732399,54.96,-0.002374833083913625
45.75,-0.005817487835884094,54.99,-0.002302064159853608
39.68,-0.047954682260751724,55.0,-0.0022778110488075403
29.91,-0.15422002971172333,55.38,-0.001357384558981274
69.44,0.04269177094101906,55.45,-0.0011880873571093332
111.11,0.02645908109843731,55.56,-0.0009222106033243011
324.07,0.04520246759057045,55.56,-0.0009222106033243011
162.04,0.032166749238967896,55.56,-0.0009222106033243011
55.56,0.01521984115242958,55.56,-0.0009222106033243011
123.08,0.003154139965772629,55.56,-0.0009222106033243011
59.52,0.03351638466119766,55.56,-0.0009222106033243011
256.41,0.030742298811674118,55.56,-0.0009222106033243011
57.87,0.00861339271068573,55.56,-0.0009222106033243011
40.0,-0.016866764053702354,55.56,-0.0009222106033243011
123.08,0.02519216015934944,55.56,-0.0009222106033243011
246.16,0.030023586004972458,55.56,-0.0009222106033243011
88.89,0.06199410930275917,55.56,-0.0009222106033243011
38.46,-0.0007155239582061768,55.56,-0.0009222106033243011
131.94,0.029164768755435944,55.56,-0.0009222106033243011
111.11,0.029374293982982635,55.56,-0.0009222106033243011
100.0,0.023725498467683792,55.56,-0.0009222106033243011
321.43,0.05070772022008896,55.56,-0.0009222106033243011
69.62,0.037164345383644104,55.56,-0.0009222106033243011
76.77,0.02775515988469124,55.56,-0.0009222106033243011
33.93,-0.09663871675729752,55.56,-0.0009222106033243011
126.26,0.018583912402391434,55.56,-0.0009222106033243011
17.54,-0.39330390095710754,55.56,-0.0009222106033243011
88.89,0.020061984658241272,55.71,-0.0005599717067136478
34.09,-0.12043644487857819,55.82,-0.00029456643776888756
44.44,0.03567434102296829,55.88,-0.00014988485535031976
34.8,-0.07918926328420639,55.95,1.8834176131976398e-05
114.29,0.030112184584140778,56.09,0.00035602480112076194
215.39,0.015587158501148224,56.09,0.00035602480112076194
38.97,-0.04001447930932045,56.09,0.00035602480112076194
125.0,0.04318024963140488,56.09,0.00035602480112076194
56.09,0.010000061243772507,56.09,0.00035602480112076194
90.0,0.02853851020336151,56.09,0.00035602480112076194
134.48,0.05481462925672531,56.09,0.00035602480112076194
44.87,-0.006369772367179394,56.09,0.00035602480112076194
36.43,-0.04417579248547554,56.16,0.0005244956353939119
87.59,0.034307874739170074,56.39,0.0010205188840788847
34.52,-0.08756398409605026,56.6,0.0015231350634584404
68.54,0.030296118929982185,56.67,0.00169050313274841
66.67,0.038629889488220215,56.67,0.00169050313274841
72.12,0.0345122367143631,56.82,0.002048858566008519
71.43,0.03133031725883484,56.91,0.002263680195458417
56.82,0.04640277847647667,57.13,0.0027881872234360792
77.19,0.027503300458192825,57.14,0.0028120076152914823
25.64,-0.30415844917297363,57.48,0.003493292989177399
61.73,0.03849310427904129,57.58,0.0036623151154517777
500.0,0.04560449719429016,57.69,0.003917660834513716
178.57,0.044367581605911255,57.77,0.004105655035688919
46.18,-0.006665883585810661,57.87,0.00434047857938103
93.81,0.058290351182222366,57.87,0.00434047857938103
170.45,0.015063831582665443,57.87,0.00434047857938103
61.73,0.030082762241363525,57.87,0.00434047857938103
121.53,0.04363465681672096,57.97,0.0045751125411953395
277.78,0.02422477677464485,58.04,0.004739242592997655
80.0,0.0295167937874794,58.09,0.004856420620255286
166.67,0.04830855131149292,58.64,0.006142135944555174
41.98,-0.04888945817947388,58.64,0.006142135944555174
43.65,-0.06071068346500397,58.71,0.0063053365803032325
83.33,0.0477091483771801,58.71,0.0063053365803032325
52.08,0.013943139463663101,58.82,0.006561590987573908
81.55,0.06055203825235367,59.26,0.007362399853598711
22.32,-0.32181450724601746,59.26,0.007362399853598711
55.56,0.05049695819616318,59.26,0.007362399853598711
41.47,-0.06485004723072052,59.46,0.00771273751014387
130.0,0.08344005793333054,59.49,0.0077813065405804285
65.24,0.06275016814470291,59.52,0.007849856307376968
160.26,0.006224874407052994,59.52,0.007849856307376968
101.88,0.02537441998720169,59.52,0.007849856307376968
140.0,0.03879307210445404,59.52,0.007849856307376968
100.0,0.04160916432738304,59.52,0.007849856307376968
128.47,0.0472436361014843,59.87,0.008648157850100757
31.75,-0.09708069264888763,60.0,0.008943978000202538
55.38,0.02934083342552185,60.0,0.008943978000202538
108.02,0.034203678369522095,60.0,0.008943978000202538
354.17,0.04854033514857292,60.0,0.008943978000202538
333.33,0.0116804838180542,60.06,0.009047787005965913
69.93,0.02719665877521038,60.06,0.009047787005965913
466.67,0.03771199285984039,60.15,0.0091784598129653
48.03,0.02903672307729721,60.32,0.009484500759616788
167.37,0.030155327171087265,60.38,0.00957023331750181
233.04,0.029240839183330536,60.48,0.009712363009749557
39.16,-0.05623876303434372,60.69,0.010135981021734948
76.92,0.023122787475585938,60.71,0.010168079521164745
129.17,0.018750227987766266,60.75,0.010223849232006121
184.61,0.01886889338493347,60.76,0.010237768767764104
30.86,-0.11028920859098434,60.78,0.010265580468950729
63.49,0.029439367353916168,60.78,0.010265580468950729
336.36,0.009633548557758331,61.11,0.010727640756759903
83.33,0.05772554501891136,61.38,0.011306368139872139
39.68,-0.0381946787238121,61.4,0.011333095483706881
63.49,0.03555234894156456,61.54,0.0115192491180042
95.24,0.013886809349060059,61.54,0.0115192491180042
96.33,0.039680883288383484,61.54,0.0115192491180042
40.4,-0.041508905589580536,61.54,0.0115192491180042
44.19,-0.007258273661136627,61.67,0.011690664979171128
15.87,-0.44681400060653687,61.67,0.011690664979171128
73.81,0.032017096877098083,61.67,0.011690664979171128
133.33,0.026961278170347214,61.73,0.011820314423627451
250.0,0.051841363310813904,61.73,0.011820314423627451
256.41,0.0137648805975914,61.82,0.012014620192674708
45.24,-0.03335019201040268,61.9,0.012187164946040567
22.22,-0.25789111852645874,61.97,0.012333677398119242
29.14,-0.2073068767786026,62.15,0.012720922278499521
44.87,-0.021533403545618057,62.22,0.012871287294132018
104.68,0.0026888176798820496,62.5,0.01347142347007513
100.0,0.03810844197869301,62.5,0.01347142347007513
95.72,0.039835091680288315,62.5,0.01347142347007513
34.72,-0.03907430171966553,62.5,0.01347142347007513
64.81,0.035390257835388184,62.5,0.01347142347007513
55.95,0.022013936191797256,62.67,0.01379851550996246
125.0,0.054380495101213455,62.7,0.01383533235629426
158.73,0.0202689990401268,62.86,0.014030543382037675
50.0,-0.02314932644367218,63.13,0.01441424826916462
54.17,0.00628054141998291,63.13,0.01441424826916462
133.33,0.04059019312262535,63.25,0.014556958218898694
24.02,-0.2580351233482361,63.49,0.015056985770563767
150.15,0.022016463801264763,63.49,0.015056985770563767
111.11,0.06444577872753143,63.49,0.015056985770563767
170.0,0.03190741315484047,63.49,0.015056985770563767
144.41,0.02634347975254059,63.61,0.015306349267230507
400.0,0.02023262530565262,63.66,0.015410119797104601
128.21,0.026785457506775856,63.66,0.015410119797104601
47.27,0.04160795733332634,63.66,0.015410119797104601
53.42,0.028395824134349823,63.66,0.015410119797104601
160.26,0.04196927323937416,63.96,0.016031080755907905
62.15,0.02403724193572998,64.1,0.016319858490991077
101.35,0.024058420211076736,64.1,0.016319858490991077
90.28,0.0414898656308651,64.1,0.016319858490991077
85.23,0.03664617985486984,64.1,0.016319858490991077
185.0,0.0168444961309433,64.1,0.016319858490991077
416.67,0.020948141813278198,64.1,0.016319858490991077
208.33,0.03482058644294739,64.1,0.016319858490991077
69.44,0.0039032138884067535,64.1,0.016319858490991077
125.0,0.017589040100574493,64.1,0.016319858490991077
30.22,-0.12919750809669495,64.15,0.016422833903557043
88.1,0.03696732223033905,64.24,0.01660797437943549
375.0,0.05029851198196411,64.39,0.016915915281270115
54.69,0.031146898865699768,64.39,0.016915915281270115
10.96,-0.38219955563545227,64.48,0.01710029577990978
46.19,0.018555324524641037,64.81,0.017773798346168098
84.21,0.02319968119263649,64.81,0.017773798346168098
17.86,-0.43877434730529785,64.81,0.017773798346168098
197.53,0.008891817182302475,64.81,0.017773798346168098
180.0,0.03876886144280434,65.0,0.01815967097502947
111.11,0.007071260362863541,65.0,0.01815967097502947
73.86,0.022935017943382263,65.08,0.01828203409539904
162.04,0.02482401579618454,65.24,0.018475881231123002
75.23,0.04855244234204292,65.79,0.019209174259124443
150.15,0.0010048113763332367,65.9,0.019425753873448273
31.25,-0.139512300491333,65.97,0.019563298790253952
43.21,-0.04120776802301407,66.14,0.01976619163444728
52.63,0.020505264401435852,66.29,0.01990828173297471
125.0,0.05098206177353859,66.67,0.02032585261182499
42.5,-0.04258555918931961,66.67,0.02032585261182499
250.0,0.019848540425300598,66.67,0.02032585261182499
375.0,0.026596039533615112,66.67,0.02032585261182499
61.67,0.02531074732542038,66.67,0.02032585261182499
24.29,-0.3063443899154663,66.67,0.02032585261182499
34.31,-0.07350313663482666,66.67,0.02032585261182499
138.89,0.04159309342503548,66.67,0.02032585261182499
89.74,0.010119736194610596,66.67,0.02032585261182499
38.02,-0.06322404742240906,66.67,0.02032585261182499
80.0,0.034666381776332855,66.67,0.02032585261182499
166.67,0.012711568735539913,66.67,0.02032585261182499
370.37,0.052081264555454254,66.67,0.02032585261182499
92.61,0.0296308696269989,66.67,0.02032585261182499
29.28,-0.2113535851240158,66.67,0.02032585261182499
66.67,-0.006360508501529694,66.71,0.020362413291650956
38.4,-0.031074777245521545,67.03,0.02068075328167334
41.67,-0.04775507375597954,67.27,0.021080888179486203
78.31,0.07505147904157639,67.41,0.021262032097798218
49.23,0.025403425097465515,67.57,0.02154861480302665
100.0,0.01869077980518341,67.57,0.02154861480302665
173.61,0.058076053857803345,67.62,0.021591013793547685
318.18,0.025076616555452347,67.69,0.021650107887469898
77.14,0.06054386869072914,67.86,0.021792342357887465
20.09,-0.369618684053421,68.0,0.02190812252256794
32.05,-0.12987083196640015,68.18,0.02212449323232603
100.25,0.06757012009620667,68.52,0.022594342738017453
86.81,0.02433808520436287,68.52,0.022594342738017453
52.08,0.014559566974639893,68.52,0.022594342738017453
44.9,-0.007928849197924137,68.54,0.022610046119365047
37.7,-0.07099241018295288,69.05,0.02304682458370702
69.44,0.030399970710277557,69.23,0.023343960958272732
46.3,-0.012639541178941727,69.44,0.02370540027776591
74.07,0.020039711147546768,69.44,0.02370540027776591
55.56,0.012227185070514679,69.44,0.02370540027776591
238.1,0.021117568016052246,69.44,0.02370540027776591
92.59,0.03597978502511978,69.44,0.02370540027776591
111.43,0.050176654011011124,69.44,0.02370540027776591
208.33,0.036542948335409164,69.44,0.02370540027776591
115.56,0.05721662938594818,69.44,0.02370540027776591
103.7,0.0370718315243721,69.44,0.02370540027776591
53.33,0.052411992102861404,69.44,0.02370540027776591
308.64,0.01421397179365158,69.44,0.02370540027776591
277.78,0.024974878877401352,69.44,0.02370540027776591
90.0,0.05055398866534233,69.62,0.023839681088102967
127.31,0.052103448659181595,69.64,0.023853942316735054
45.24,-0.04110051319003105,69.93,0.024058355138148843
45.45,0.018078356981277466,70.0,0.024107044419021534
60.76,0.03306575492024422,70.08,0.024162387544590897
100.0,0.022206870838999748,70.11,0.024183059282011823
11.87,-0.392043799161911,70.18,0.024231121835600375
80.13,0.06134066358208656,70.95,0.024745019291235203
73.41,0.03726058080792427,71.43,0.02535283725564522
52.29,0.030626241117715836,71.43,0.02535283725564522
79.52,0.06311339884996414,71.43,0.02535283725564522
82.24,0.04391009360551834,71.43,0.02535283725564522
26.04,-0.2420652210712433,71.43,0.02535283725564522
41.67,-0.05376183241605759,71.43,0.02535283725564522
79.55,0.03132116049528122,71.43,0.02535283725564522
28.85,-0.20989495515823364,71.43,0.02535283725564522
67.86,0.033008962869644165,71.79,0.02558799684651856
320.51,0.052774578332901,72.09,0.025768809682218227
78.79,0.026857983320951462,72.12,0.025786733762387225
230.77,0.06619805842638016,72.12,0.025786733762387225
244.9,0.03992367535829544,72.62,0.026452245072054556
60.06,0.014235302805900574,72.9,0.02665421815505969
80.0,0.024659477174282074,72.92,0.02666529595084125
37.2,-0.07321314513683319,73.02,0.02676543263585591
88.64,0.027158290147781372,73.41,0.027025882767652498
277.78,0.04448269307613373,73.78,0.027422679671653728
111.11,0.021338891237974167,73.81,0.02746437260579556
47.62,-0.007769027724862099,73.85,0.0275198475819681
51.28,0.003819994628429413,73.86,0.027533695574396312
46.3,-0.001585623249411583,73.86,0.027533695574396312
133.93,0.031742632389068604,74.07,0.027657509760357513
52.47,0.00567559152841568,74.07,0.027657509760357513
24.69,-0.2475988119840622,74.07,0.027657509760357513
78.57,0.035394877195358276,74.07,0.027657509760357513
21.26,-0.3003886640071869,74.07,0.027657509760357513
89.74,0.04226848483085632,74.07,0.027657509760357513
57.97,0.012685682624578476,74.79,0.02801783226246577
367.35,0.05030755326151848,74.79,0.02801783226246577
74.07,0.03761964291334152,74.79,0.02801783226246577
40.85,-0.03633508086204529,74.79,0.02801783226246577
174.36,0.012313731014728546,74.79,0.02801783226246577
54.7,0.0005026832222938538,75.0,0.02824729361473805
16.67,-0.4144935607910156,75.0,0.02824729361473805
138.89,0.012800399214029312,75.23,0.028544367303739746
198.2,0.013094648718833923,75.4,0.028760898309865765
25.0,-0.23922096192836761,75.48,0.028861874598681028
370.37,0.05220000445842743,75.49,0.02887445459910353
125.0,0.04415028169751167,75.59,0.02894272397252922
35.61,-0.06976212561130524,75.6,0.02894708446422396
38.35,-0.05098570138216019,75.76,0.029020575013462155
90.0,0.04944603890180588,75.76,0.029020575013462155
100.0,0.02632215991616249,75.76,0.029020575013462155
80.0,0.053095877170562744,75.76,0.029020575013462155
340.0,0.039813779294490814,75.76,0.029020575013462155
95.24,0.04912479966878891,76.19,0.029448926593587936
37.04,-0.07986925542354584,76.39,0.029530115718868963
166.67,0.015189480036497116,76.39,0.029530115718868963
416.67,0.006195962429046631,76.39,0.029530115718868963
166.67,0.032918527722358704,76.39,0.029530115718868963
62.5,0.0331733413040638,76.77,0.029697152574336274
222.22,0.022028367966413498,76.92,0.02975598022437382
57.87,-0.006432514637708664,76.92,0.02975598022437382
41.38,-0.06438802927732468,76.92,0.02975598022437382
42.44,-0.056669410318136215,76.92,0.02975598022437382
56.16,-0.0039452314376831055,76.99,0.029783253616996498
107.14,-0.015869148075580597,77.14,0.029841314036894225
103.57,0.018088608980178833,77.19,0.029860551998627093
24.69,-0.29937586188316345,77.27,0.029891213206999456
461.54,0.05664556473493576,77.27,0.029891213206999456
60.69,0.026530828326940536,77.34,0.029917921685575846
97.62,0.03403287008404732,77.38,0.02993313363579509
147.73,0.0009114518761634827,77.78,0.030315173474281316
63.61,0.030896898359060287,77.78,0.030315173474281316
22.89,-0.2807880640029907,77.78,0.030315173474281316
107.69,0.05014393478631973,77.78,0.030315173474281316
160.71,0.034763727337121964,77.78,0.030315173474281316
486.11,0.033678650856018066,77.78,0.030315173474281316
33.33,-0.07558374851942062,77.92,0.030386582104595786
53.42,0.007314540445804596,78.13,0.030488682539972972
66.67,0.03671148791909218,78.13,0.030488682539972972
280.24,0.050093188881874084,78.13,0.030488682539972972
130.08,0.010838381946086884,78.22,0.03054102931766919
416.67,0.06889413297176361,78.24,0.030547896665753548
71.79,0.04732325300574303,78.31,0.030571864507951685
33.29,-0.1167633980512619,78.31,0.030571864507951685
75.0,0.04505738615989685,78.43,0.030661623359556012
64.1,0.040577005594968796,78.57,0.030739663131867
83.33,0.048003025352954865,78.7,0.030782547946600087
204.34,0.04045163094997406,78.7,0.030782547946600087
76.92,0.06934306025505066,78.79,0.03081202452442825
98.66,0.054751310497522354,79.17,0.030934528436294826
111.11,0.021713539958000183,79.37,0.030997719008615136
49.38,-0.01928485929965973,79.37,0.030997719008615136
27.78,-0.2236727476119995,79.37,0.030997719008615136
121.88,0.03870265930891037,79.52,0.031044528766738383
104.17,0.04143102467060089,79.55,0.031053831021322854
177.98,0.02744598314166069,79.67,0.03109084233713854
194.44,0.00749582052230835,79.76,0.03111839462715728
80.13,0.05703061819076538,80.0,0.031191016515503413
72.9,0.04113762080669403,80.0,0.031191016515503413
237.5,0.032371364533901215,80.0,0.031191016515503413
118.06,0.04757201671600342,80.0,0.031191016515503413
29.91,-0.1570226550102234,80.0,0.031191016515503413
312.5,0.07433757930994034,80.0,0.031191016515503413
439.81,0.056987546384334564,80.0,0.031191016515503413
95.49,0.03828047215938568,80.0,0.031191016515503413
133.59,0.030538102611899376,80.0,0.031191016515503413
98.46,0.01715245097875595,80.0,0.031191016515503413
89.74,0.05235997587442398,80.0,0.031191016515503413
22.22,-0.2501106858253479,80.0,0.031191016515503413
55.56,0.0203891359269619,80.0,0.031191016515503413
74.07,0.05792537331581116,80.0,0.031191016515503413
64.48,0.038108840584754944,80.0,0.031191016515503413
181.82,0.011775294318795204,80.0,0.031191016515503413
53.42,0.016515031456947327,80.0,0.031191016515503413
208.33,0.011231392621994019,80.13,0.031229844826130084
57.77,0.013634616509079933,80.13,0.031229844826130084
242.86,0.023511219769716263,80.13,0.031229844826130084
8.68,-0.40781930088996887,80.13,0.031229844826130084
80.0,0.02719731628894806,80.13,0.031229844826130084
200.0,0.03003605082631111,80.13,0.031229844826130084
375.0,0.02960987761616707,80.13,0.031229844826130084
66.14,0.01357400044798851,81.02,0.031764017582003735
19.97,-0.3368304967880249,81.02,0.031764017582003735
170.07,-0.001017991453409195,81.3,0.03199996745998582
137.5,0.05683431029319763,81.55,0.03207521858804602
85.71,0.034459494054317474,81.63,0.032097250580846164
54.76,0.050729092210531235,81.9,0.03223368815536268
85.47,0.05552446097135544,82.07,0.03228341251177246
84.09,0.030590303242206573,82.24,0.03233508506088445
84.44,0.013265952467918396,82.29,0.032373261094950444
76.92,0.01683555543422699,82.49,0.03245139150924799
32.05,-0.060172393918037415,82.63,0.03248100796064517
133.29,0.029687579721212387,83.33,0.032623897589485175
208.33,0.015938639640808105,83.33,0.032623897589485175
189.39,0.010065145790576935,83.33,0.032623897589485175
87.5,0.04301059618592262,83.33,0.032623897589485175
466.67,0.04400990903377533,83.33,0.032623897589485175
64.1,0.058713577687740326,83.33,0.032623897589485175
55.0,0.016838576644659042,83.33,0.032623897589485175
47.62,0.010178937576711178,83.33,0.032623897589485175
90.0,0.02825510874390602,83.33,0.032623897589485175
67.03,0.0374656543135643,83.33,0.032623897589485175
32.89,-0.12445729970932007,83.33,0.032623897589485175
16.64,-0.40652552247047424,83.33,0.032623897589485175
76.99,0.055057816207408905,83.33,0.032623897589485175
56.6,0.023690272122621536,83.33,0.032623897589485175
62.22,0.048360779881477356,83.33,0.032623897589485175
205.56,0.057054877281188965,83.33,0.032623897589485175
115.74,0.02650865726172924,83.33,0.032623897589485175
42.67,-0.03200994059443474,83.33,0.032623897589485175
155.56,0.04000859707593918,83.47,0.03265144272719964
33.33,-0.08729342371225357,84.09,0.03276938868099536
15.01,-0.42432457208633423,84.21,0.032803348818550966
31.75,-0.142449751496315,84.29,0.03282495655004359
60.32,0.05893072113394737,84.44,0.032851849983481486
80.0,0.06288003921508789,84.52,0.03290312122948278
68.52,0.028316881507635117,84.61,0.0329600592554021
41.67,-0.01514330506324768,85.0,0.03319771317224167
37.78,-0.059218596667051315,85.23,0.03333097060319667
80.0,0.04134242236614227,85.47,0.033401951223744925
32.05,-0.09824588149785995,85.47,0.033401951223744925
100.0,0.07683676481246948,85.47,0.033401951223744925
363.64,0.03015809692442417,85.47,0.033401951223744925
69.05,0.047891765832901,85.65,0.03344435940422519
333.33,0.04938609153032303,85.65,0.03344435940422519
40.06,-0.021116213873028755,85.71,0.03345621266103614
41.67,-0.05132361501455307,85.71,0.03345621266103614
100.0,0.04144443944096565,85.71,0.03345621266103614
46.3,-0.011556025594472885,85.71,0.03345621266103614
17.36,-0.41533392667770386,85.76,0.0334626081041894
177.08,0.01667279191315174,86.25,0.03356055567551018
133.33,0.021646808832883835,86.67,0.0336079489365109
208.33,0.014238312840461731,86.67,0.0336079489365109
178.57,0.023492872714996338,86.81,0.03362303460781646
62.67,0.03270413726568222,86.81,0.03362303460781646
27.06,-0.21340113878250122,86.81,0.03362303460781646
142.81,0.039826951920986176,86.81,0.03362303460781646
70.0,0.04461813345551491,87.32,0.033674931816253265
53.82,0.017214588820934296,87.5,0.03370841274177053
270.53,0.055789604783058167,87.5,0.03370841274177053
218.18,0.02731666900217533,87.5,0.03370841274177053
340.91,0.040767595171928406,87.59,0.03374898029689959
257.24,0.04249575734138489,87.59,0.03374898029689959
50.37,-0.013238899409770966,87.69,0.03379322483836934
138.89,0.009262461215257645,87.96,0.03387931244580891
104.17,0.08304096013307571,87.96,0.03387931244580891
158.33,0.032851457595825195,88.1,0.033889789569123606
63.66,0.03831880912184715,88.1,0.033889789569123606
55.56,0.011208411306142807,88.54,0.03393034973915781
51.41,-0.013549111783504486,88.64,0.03393677209721601
95.49,0.03312603011727333,88.82,0.03397534714021141
33.33,-0.11309527605772018,88.89,0.03397939573043422
92.31,0.06263534724712372,88.89,0.03397939573043422
114.04,0.027692625299096107,88.89,0.03397939573043422
208.33,0.013700699433684349,88.89,0.03397939573043422
110.72,0.064385324716568,88.89,0.03397939573043422
347.83,0.022762304171919823,89.05,0.033988324125724105
54.01,0.035571515560150146,89.29,0.0340273966425699
78.24,0.030632175505161285,89.29,0.0340273966425699
88.1,0.05003902688622475,89.29,0.0340273966425699
120.0,0.05771471560001373,89.74,0.03405359234844512
81.02,0.03260785713791847,89.74,0.03405359234844512
37.5,-0.07121104001998901,89.74,0.03405359234844512
500.0,0.04216419905424118,89.8,0.03405599873723654
100.4,0.02445847913622856,90.0,0.03406359388000406
41.67,-0.025128846988081932,90.0,0.03406359388000406
40.08,-0.05628063529729843,90.0,0.03406359388000406
65.0,0.030189357697963715,90.0,0.03406359388000406
264.55,0.04354919493198395,90.0,0.03406359388000406
85.65,0.06276099383831024,90.0,0.03406359388000406
425.0,0.04683011770248413,90.0,0.03406359388000406
71.43,0.06003398075699806,90.28,0.03407315636313406
61.4,0.025704022496938705,90.28,0.03407315636313406
18.97,-0.3873705267906189,90.4,0.034076885626289584
59.52,0.016964461654424667,90.48,0.03407925269592256
428.57,0.05234810709953308,90.91,0.03409040167544211
154.17,0.026518918573856354,91.67,0.03410401154673419
45.83,0.0026000645011663437,91.67,0.03410401154673419
43.1,-0.052526526153087616,91.67,0.03410401154673419
200.0,0.01118592917919159,92.31,0.0341100618697795
250.0,0.027622587978839874,92.31,0.0341100618697795
13.89,-0.4565471112728119,92.31,0.0341100618697795
266.66,0.033170465379953384,92.31,0.0341100618697795
26.71,-0.27690672874450684,92.59,0.034111285116261034
333.33,0.07320046424865723,92.59,0.034111285116261034
54.81,0.0013014152646064758,92.59,0.034111285116261034
13.35,-0.39136940240859985,92.59,0.034111285116261034
65.08,0.05088285356760025,92.59,0.034111285116261034
277.78,0.06148938089609146,92.59,0.034111285116261034
20.0,-0.32283949851989746,92.59,0.034111285116261034
37.04,-0.08361942321062088,92.59,0.034111285116261034
64.39,0.027616966515779495,92.61,0.034111340858077085
68.52,0.02670825645327568,92.86,0.03411169014823393
141.54,0.02049483358860016,93.45,0.034110070581252865
388.89,0.02659151703119278,93.48,0.034109900488785705
156.25,-0.010932885110378265,93.81,0.034157094824359115
56.09,0.00850699469447136,94.55,0.034222883460930276
54.01,0.01972678303718567,94.61,0.03422132419858903
88.82,0.030584879219532013,94.7,0.03422495835738635
41.67,-0.042447153478860855,95.07,0.034227737330961634
218.75,0.03409625217318535,95.24,0.034222127948013686
69.44,0.03911370038986206,95.24,0.034222127948013686
32.41,-0.10373146086931229,95.24,0.034222127948013686
28.59,-0.19335868954658508,95.49,0.034214279279416955
157.41,0.030821770429611206,95.49,0.034214279279416955
486.11,0.042007751762866974,95.72,0.03421205748395822
80.0,0.03666668012738228,96.02,0.03419971329574427
35.88,-0.038261376321315765,96.15,0.0342020959529373
116.67,0.025256233289837837,96.19,0.03420739428138295
47.06,-0.0012953216210007668,96.33,0.03420087800277147
13.89,-0.39617273211479187,96.39,0.034198017256427495
233.84,0.02997520938515663,96.66,0.03418635444881241
69.44,0.036387331783771515,96.82,0.03417801735848372
185.19,0.039454054087400436,97.22,0.03416416853862394
62.86,0.060451846569776535,97.22,0.03416416853862394
111.11,-0.011111199855804443,97.22,0.03416416853862394
39.29,-0.050201743841171265,97.22,0.03416416853862394
214.29,0.07435502111911774,97.62,0.034152060186880925
66.67,0.03519069403409958,98.46,0.03412280049312141
143.59,0.009127393364906311,98.48,0.034121320115454844
222.22,0.026917291805148125,98.57,0.034114607089468695
15.19,-0.4198465049266815,98.66,0.03410781048359706
29.91,-0.15678444504737854,98.7,0.034104763101395236
16.67,-0.39454278349876404,99.21,0.034117423649185664
236.56,0.0216410830616951,99.35,0.03410875722569017
39.68,-0.04023999348282814,99.41,0.03410354533301609
63.13,0.04428712651133537,99.44,0.03410092614740667
71.43,0.03660183399915695,100.0,0.03408863567426201
252.31,0.029561523348093033,100.0,0.03408863567426201
183.67,0.03305119648575783,100.0,0.03408863567426201
54.2,0.07393263280391693,100.0,0.03408863567426201
101.35,0.030298013240098953,100.0,0.03408863567426201
55.56,0.036874353885650635,100.0,0.03408863567426201
37.04,-0.019604265689849854,100.0,0.03408863567426201
416.67,0.04946276545524597,100.0,0.03408863567426201
425.0,0.01848573237657547,100.0,0.03408863567426201
64.1,0.027308389544487,100.0,0.03408863567426201
176.92,0.013584280386567116,100.0,0.03408863567426201
38.22,-0.051036857068538666,100.0,0.03408863567426201
102.0,0.022926196455955505,100.0,0.03408863567426201
156.25,0.030728496611118317,100.0,0.03408863567426201
83.33,0.03243732452392578,100.0,0.03408863567426201
138.89,0.04860907047986984,100.0,0.03408863567426201
171.43,0.0204752366989851,100.0,0.03408863567426201
185.19,0.02410254254937172,100.0,0.03408863567426201
53.33,0.028587447479367256,100.0,0.03408863567426201
199.28,0.03070864826440811,100.0,0.03408863567426201
66.71,0.0379185825586319,100.0,0.03408863567426201
78.7,0.026690974831581116,100.0,0.03408863567426201
106.25,0.022092711180448532,100.0,0.03408863567426201
462.5,0.03535819426178932,100.25,0.0340644990137817
62.7,0.035126447677612305,100.4,0.03404972521839624
50.0,-0.03702159225940704,100.4,0.03404972521839624
48.61,-0.00632191076874733,100.65,0.03402461717571456
64.24,0.031109966337680817,100.79,0.03401029308518587
47.62,-0.0270746648311615,100.96,0.03399264613524606
166.67,0.025679798796772957,101.01,0.03398740321491736
38.59,-0.0524832084774971,101.01,0.03398740321491736
194.87,0.022833865135908127,101.23,0.03396405259139947
66.67,0.04533156752586365,101.3,0.03395652737798217
160.0,0.020813249051570892,101.3,0.03395652737798217
27.78,-0.22097443044185638,101.33,0.03395328830928235
46.15,0.03149307891726494,101.33,0.03395328830928235
12.5,-0.37234950065612793,101.33,0.03395328830928235
190.48,0.021008487790822983,101.33,0.03395328830928235
61.54,0.030696427449584007,101.35,0.03395112428937266
44.87,-0.01643817126750946,101.35,0.03395112428937266
190.48,0.03334185481071472,101.56,0.03392818002071803
83.33,0.04982930049300194,101.56,0.03392818002071803
43.98,-0.008674554526805878,101.59,0.03392486949764181
60.48,0.0511477068066597,101.88,0.03389520127427355
18.52,-0.39063185453414917,102.0,0.033894534909882645
46.3,-0.004905864596366882,102.04,0.03389313528721341
94.55,0.08214090019464493,102.38,0.03385331179677739
21.46,-0.28882917761802673,102.56,0.03383748942472538
138.89,0.0295453779399395,102.56,0.03383748942472538
28.74,-0.1588522046804428,102.78,0.03381072305428423
43.98,3.598630428314209e-05,102.78,0.03381072305428423
47.35,-0.0060910992324352264,102.78,0.03381072305428423
30.36,-0.10501402616500854,103.57,0.03372059888221718
20.41,-0.3936644494533539,103.7,0.03370354516717278
37.97,-0.02556145191192627,104.17,0.033653242341999845
26.71,-0.2024795114994049,104.17,0.033653242341999845
468.75,0.04019756615161896,104.17,0.033653242341999845
77.78,0.035140130668878555,104.17,0.033653242341999845
60.0,0.037092424929142,104.17,0.033653242341999845
191.18,0.014316931366920471,104.17,0.033653242341999845
111.11,0.050583042204380035,104.17,0.033653242341999845
50.0,0.024560444056987762,104.17,0.033653242341999845
15.53,-0.43835151195526123,104.61,0.033598186475374804
172.84,0.03806788846850395,104.68,0.03358831544919586
187.5,0.049309954047203064,105.56,0.03347142571129078
55.56,0.007806602865457535,105.56,0.03347142571129078
194.44,0.040314931422472,106.06,0.03340249091983075
333.33,0.02210143208503723,106.25,0.03337730854725963
24.31,-0.27329766750335693,106.84,0.03328620413366525
34.97,-0.0872688964009285,106.84,0.03328620413366525
32.68,-0.07352861762046814,107.14,0.03323822144227339
119.99,0.013957519084215164,107.14,0.03323822144227339
40.06,0.005698449909687042,107.69,0.03314944297616977
102.04,0.029560476541519165,107.69,0.03314944297616977
400.0,0.05360303074121475,108.02,0.03310377145762807
38.89,-0.022118892520666122,108.02,0.03310377145762807
458.33,0.07008162140846252,108.57,0.03301515440354978
90.0,0.041433561593294144,109.38,0.03288690459093772
77.92,0.03381356969475746,109.99,0.03278503204852749
36.17,-0.10433425009250641,110.0,0.03278332073412747
102.56,0.025269996374845505,110.0,0.03278332073412747
47.35,-0.005112177692353725,110.0,0.03278332073412747
38.61,-0.014399930834770203,110.0,0.03278332073412747
296.3,0.05020805075764656,110.0,0.03278332073412747
100.0,0.04520867019891739,110.0,0.03278332073412747
50.0,0.02127896249294281,110.0,0.03278332073412747
74.79,0.023816987872123718,110.72,0.03266922577008752
153.85,0.0069117471575737,111.11,0.03260355548570438
45.79,-0.02870956063270569,111.11,0.03260355548570438
40.0,-0.00512358546257019,111.11,0.03260355548570438
35.71,-0.06411948800086975,111.11,0.03260355548570438
240.0,0.02833895944058895,111.11,0.03260355548570438
110.0,0.029267674311995506,111.11,0.03260355548570438
27.78,-0.140883669257164,111.11,0.03260355548570438
43.4,-0.05352329462766647,111.11,0.03260355548570438
54.2,0.06104828417301178,111.11,0.03260355548570438
44.05,0.03296239674091339,111.11,0.03260355548570438
142.86,0.03742166608572006,111.11,0.03260355548570438
76.39,0.037651561200618744,111.11,0.03260355548570438
91.67,0.03245090693235397,111.11,0.03260355548570438
41.67,-0.03881368413567543,111.11,0.03260355548570438
63.49,0.038481924682855606,111.11,0.03260355548570438
462.96,0.052271947264671326,111.11,0.03260355548570438
56.09,0.005433589220046997,111.11,0.03260355548570438
55.56,0.016903966665267944,111.11,0.03260355548570438
83.33,0.03881654143333435,111.43,0.032548336940560495
53.17,0.027013249695301056,112.18,0.03241926260993195
106.84,0.06076184660196304,112.18,0.03241926260993195
104.17,0.028258666396141052,112.82,0.03231765843961836
26.71,-0.19608859717845917,113.64,0.03217736572445596
40.06,-0.04966682940721512,113.64,0.03217736572445596
85.71,0.019857410341501236,113.75,0.03215865906299084
475.0,0.04131539538502693,114.04,0.03210948678360697
64.1,0.01318390667438507,114.07,0.03210441269500558
123.46,0.03333595395088196,114.08,0.032102721883418235
80.13,0.051209624856710434,114.08,0.032102721883418235
166.67,0.008224435150623322,114.29,0.032067280350526736
110.0,0.03287142142653465,114.29,0.032067280350526736
154.76,0.0023186132311820984,114.58,0.03201855404239936
67.57,0.020117443054914474,114.6,0.03201520333641991
154.17,0.005377940833568573,115.38,0.03188822343646537
370.37,0.051050033420324326,115.39,0.03188656785145922
156.25,0.028247684240341187,115.56,0.03185927669447313
31.06,-0.11771710962057114,115.74,0.031830148543474004
32.05,-0.15475720167160034,116.36,0.03172950326739364
20.83,-0.3319438397884369,116.55,0.0316986975984734
60.78,0.026853099465370178,116.67,0.03167931515042181
27.78,-0.15750956535339355,116.67,0.03167931515042181
58.64,0.054693181067705154,116.92,0.03163911926915357
222.22,0.04478472098708153,118.06,0.03146123431915169
52.08,0.014906875789165497,119.05,0.031307425483044306
200.8,0.002310454845428467,119.99,0.031164704422231664
66.67,0.05858610197901726,120.0,0.031163206766770403
55.56,0.009846817702054977,120.0,0.031163206766770403
59.26,0.031402722001075745,120.0,0.031163206766770403
60.0,0.045340053737163544,121.53,0.030937811280619943
66.67,0.030587416142225266,121.53,0.030937811280619943
29.59,-0.17729075253009796,121.53,0.030937811280619943
47.62,-0.00934343971312046,121.53,0.030937811280619943
52.08,0.0223013274371624,121.53,0.030937811280619943
74.07,0.05110108107328415,121.88,0.030887877509994055
53.42,0.01853664591908455,121.88,0.030887877509994055
37.39,-0.0719040259718895,122.13,0.03085257484267182
121.88,0.041611164808273315,122.45,0.030806496125865186
75.6,0.0572439506649971,123.08,0.030713627572617985
44.44,-0.037063900381326675,123.08,0.030713627572617985
47.22,-0.005966879427433014,123.08,0.030713627572617985
27.47,-0.1861603856086731,123.46,0.030661637322646998
101.23,0.028445269912481308,123.46,0.030661637322646998
41.43,-0.017064891755580902,125.0,0.03045761080708298
100.0,0.03481230512261391,125.0,0.03045761080708298
77.34,0.0679502934217453,125.0,0.03045761080708298
56.09,0.017785750329494476,125.0,0.03045761080708298
134.8,0.021800145506858826,125.0,0.03045761080708298
76.19,0.028386995196342468,125.0,0.03045761080708298
69.23,0.024939944967627525,125.0,0.03045761080708298
61.54,0.07309560477733612,125.0,0.03045761080708298
82.63,0.03988049179315567,125.0,0.03045761080708298
111.11,0.02346784994006157,125.47,0.030396180353329142
100.0,0.027243252843618393,125.67,0.030365023715088417
39.68,-0.03404312580823898,126.26,0.030285296479465266
88.89,0.024275418370962143,127.27,0.030159262386502884
46.3,-0.021524250507354736,127.31,0.030154573620471543
44.29,-0.030269518494606018,127.31,0.030154573620471543
100.0,0.03367675095796585,128.21,0.03004592578030993
83.33,0.07681427896022797,128.21,0.03004592578030993
119.05,0.039004646241664886,128.21,0.03004592578030993
156.25,0.05802189186215401,128.47,0.030017163224274737
284.62,0.009491056203842163,128.51,0.030012781311366303
37.39,-0.07092005014419556,128.79,0.02998243017001616
283.33,0.02288288250565529,129.17,0.02993925856995171
300.0,0.050699226558208466,129.23,0.029930320178835696
162.04,0.002548210322856903,129.63,0.029888235641491432
138.89,-0.0002673417329788208,129.63,0.029888235641491432
254.55,0.024320261552929878,130.0,0.029844537648743875
90.91,0.0011059269309043884,130.08,0.029836581193885225
56.91,0.013547871261835098,131.94,0.02966549494116042
70.11,0.03609520196914673,132.58,0.02961261474845162
15.26,-0.39855706691741943,133.29,0.029550629422381902
178.57,0.030224967747926712,133.33,0.029547602065338144
145.09,0.014823153614997864,133.33,0.029547602065338144
45.83,-0.038602180778980255,133.33,0.029547602065338144
80.0,0.02214854210615158,133.33,0.029547602065338144
40.06,-0.0031983982771635056,133.59,0.02952035901665332
25.46,-0.2875211238861084,133.93,0.029495504800476278
416.67,0.0518675372004509,134.48,0.029456921694245502
199.83,0.026413921266794205,134.8,0.029435382544351546
233.33,0.02617204748094082,135.42,0.02939552639794827
78.43,0.03689287602901459,135.42,0.02939552639794827
29.91,-0.14389175176620483,136.36,0.029335476765851472
89.29,0.04471931606531143,137.5,0.029264221957890076
90.28,0.02976476401090622,138.46,0.029209830156033685
266.67,0.020406480878591537,138.46,0.029209830156033685
17.86,-0.4458015263080597,138.89,0.029190048446632394
56.09,0.016931038349866867,138.89,0.029190048446632394
56.39,-0.00020823627710342407,138.89,0.029190048446632394
52.91,0.025914261117577553,138.89,0.029190048446632394
208.33,0.028135862201452255,138.89,0.029190048446632394
25.0,-0.2998400628566742,138.89,0.029190048446632394
57.87,0.0074518099427223206,138.89,0.029190048446632394
194.44,0.05550065264105797,138.89,0.029190048446632394
390.95,0.05151995271444321,138.89,0.029190048446632394
115.38,-0.019489608705043793,138.89,0.029190048446632394
166.67,0.051739804446697235,138.89,0.029190048446632394
33.33,-0.08024455606937408,138.89,0.029190048446632394
64.1,0.04125317558646202,138.89,0.029190048446632394
56.09,0.0521584115922451,138.89,0.029190048446632394
102.78,0.025340188294649124,139.2,0.029176599138440125
48.61,-0.011421380564570427,139.46,0.02915985229302343
48.15,-0.004661169368773699,140.0,0.029127960678088476
171.98,0.03447726368904114,140.0,0.029127960678088476
92.59,0.020179912447929382,140.0,0.029127960678088476
32.05,-0.1147722601890564,140.0,0.029127960678088476
87.5,0.057951655238866806,140.0,0.029127960678088476
266.67,0.043708525598049164,140.09,0.029124422332763276
104.17,0.020365102216601372,141.54,0.029058357461432427
135.42,0.0348527766764164,141.67,0.02905404780926336
81.3,0.03825325518846512,142.81,0.029012502652918624
215.38,0.02700072154402733,142.86,0.02901106994924087
50.0,0.0053015537559986115,142.86,0.02901106994924087
333.33,0.030313216149806976,142.86,0.02901106994924087
162.6,-0.004771329462528229,142.86,0.02901106994924087
15.39,-0.4057055413722992,142.86,0.02901106994924087
60.75,0.07163321226835251,143.59,0.02899113156018279
312.5,0.01347682997584343,144.41,0.028970827297135578
140.09,0.016880400478839874,145.09,0.02892230517275965
97.22,0.025917716324329376,145.83,0.028907147090638432
27.78,-0.13436536490917206,147.69,0.028863090190559798
154.17,0.02018851786851883,147.73,0.02886252073996929
55.82,0.007296724244952202,148.15,0.02885678741758186
77.78,0.05780890956521034,149.57,0.02882859090967379
57.87,0.006473280489444733,150.15,0.02882322770668513
47.41,-0.00803232192993164,150.15,0.02882322770668513
142.86,0.037748515605926514,151.52,0.028813273279792752
12.35,-0.3973742425441742,151.79,0.028811716951998665
166.67,0.009088929742574692,153.1,0.028800141738066134
55.56,0.02095782198011875,153.85,0.028785820216083335
261.54,0.031073812395334244,153.85,0.028785820216083335
44.87,-0.009260653518140316,153.85,0.028785820216083335
96.15,0.020636238157749176,154.17,0.02878503761816674
50.0,0.002485036849975586,154.17,0.02878503761816674
72.92,0.04518194496631622,154.17,0.02878503761816674
99.41,0.05629025027155876,154.17,0.02878503761816674
55.56,0.031317777931690216,154.32,0.02878470604044732
73.85,0.02438785508275032,154.76,0.02878385148950002
83.33,0.04157804697751999,154.82,0.028781644221040455
60.0,0.021950043737888336,155.56,0.028780605149778052
101.3,0.02067090943455696,155.84,0.028780302883455743
42.74,0.006516382098197937,156.25,0.028777061013886978
92.31,0.016938477754592896,156.25,0.028777061013886978
101.01,0.05174461007118225,156.25,0.028777061013886978
23.97,-0.30340030789375305,156.25,0.028777061013886978
18.85,-0.37789708375930786,156.25,0.028777061013886978
243.06,0.03973040729761124,157.41,0.028767246847643903
235.9,0.029409438371658325,158.33,0.028758315088663597
500.0,0.053698427975177765,158.73,0.028758626110750463
83.33,0.03735443577170372,160.0,0.02876042896630697
11.11,-0.4087505042552948,160.0,0.02876042896630697
195.0,0.01905575394630432,160.26,0.02876096570711398
68.0,0.024518221616744995,160.26,0.02876096570711398
50.0,0.010980453342199326,160.71,0.028758968776368663
56.67,0.04657038301229477,161.9,0.028758288932089916
54.56,0.02444317564368248,162.04,0.02874860004079794
32.05,-0.10686792433261871,162.04,0.02874860004079794
93.45,0.058632656931877136,162.04,0.02874860004079794
35.09,-0.07076307386159897,162.04,0.02874860004079794
61.38,0.026521265506744385,162.6,0.028746223107182868
90.0,0.03289274871349335,164.1,0.028725325035952102
171.43,0.013064630329608917,166.15,0.028743341415368
80.0,0.03657419607043266,166.67,0.02874941964539939
84.52,0.05771075189113617,166.67,0.02874941964539939
171.12,0.02527517080307007,166.67,0.02874941964539939
112.82,0.00383160263299942,166.67,0.02874941964539939
320.0,0.028028985485434532,166.67,0.02874941964539939
99.21,0.04562839865684509,166.67,0.02874941964539939
59.52,0.032338302582502365,166.67,0.02874941964539939
48.81,-0.007169409189373255,166.67,0.02874941964539939
86.81,0.03451409935951233,166.67,0.02874941964539939
41.13,-0.04155581071972847,166.67,0.02874941964539939
222.22,0.03814440593123436,166.67,0.02874941964539939
142.86,0.019133763387799263,166.67,0.02874941964539939
200.0,0.03064737468957901,166.9,0.028752334534262722
111.11,0.012404672801494598,167.37,0.02875874751085997
58.82,0.02260042540729046,169.23,0.028790481872384255
86.25,0.030115630477666855,170.0,0.028806557497067346
92.59,0.028535213321447372,170.07,0.028808099711197167
114.07,0.045114241540431976,170.45,0.02881669738754958
59.26,0.030879314988851547,170.85,0.02882614617680113
30.3,-0.1609201282262802,171.12,0.02883274554644919
39.14,-0.028515178710222244,171.43,0.028840533166768392
51.39,0.011854827404022217,171.43,0.028840533166768392
55.56,0.04253163933753967,171.98,0.028840213054917817
60.15,0.047823742032051086,172.31,0.028843572675583226
79.76,0.033443883061409,172.84,0.028858340918984135
54.56,0.019029758870601654,173.61,0.02886964939582826
69.44,0.03557419776916504,173.61,0.02886964939582826
82.49,0.0425395742058754,173.61,0.02886964939582826
22.22,-0.2483063042163849,174.36,0.028892418066966793
42.33,-0.050978049635887146,175.93,0.028936539867745352
92.59,0.03129192069172859,176.92,0.028968044411590163
120.0,0.04485297203063965,177.08,0.028973559386986134
190.77,0.023691892623901367,177.98,0.029005120451949293
283.33,0.052575282752513885,178.47,0.029022667693445286
33.33,-0.14730443060398102,178.57,0.029026278278396704
22.89,-0.23261278867721558,178.57,0.029026278278396704
55.45,0.06671805679798126,178.57,0.029026278278396704
110.0,0.033851444721221924,180.0,0.029068549909721072
129.23,0.03331545367836952,181.82,0.029137871276937472
462.96,0.025590036064386368,183.67,0.02920540832360333
109.38,0.03521760180592537,184.32,0.029212088257042
74.79,0.03260388970375061,184.61,0.029219963757006674
347.22,0.06878968328237534,184.61,0.029219963757006674
101.56,0.017760172486305237,184.62,0.0292203638955871
32.41,-0.13927623629570007,185.0,0.029235575397377044
121.53,0.02268598973751068,185.19,0.029243184213341333
102.78,0.016962314024567604,185.19,0.029243184213341333
6.41,-0.4093420207500458,185.19,0.029243184213341333
185.19,0.029699763283133507,185.19,0.029243184213341333
147.69,0.017570802941918373,185.19,0.029243184213341333
80.13,0.059622738510370255,185.19,0.029243184213341333
333.33,0.02935861051082611,185.19,0.029243184213341333
55.56,0.007667869329452515,187.5,0.0293355564022951
113.75,0.048554930835962296,187.5,0.0293355564022951
100.0,0.03608814626932144,187.5,0.0293355564022951
110.0,0.017037034034729004,189.39,0.029395994583187316
153.1,0.004935882985591888,190.48,0.029440628205577205
116.36,0.027944406494498253,190.48,0.029440628205577205
139.2,0.025206642225384712,190.77,0.029452614156552617
59.46,0.017466630786657333,191.18,0.029469651005353592
74.79,0.04227925091981888,194.44,0.029598018852654843
109.99,0.02826634794473648,194.44,0.029598018852654843
65.9,0.02777327224612236,194.44,0.029598018852654843
22.22,-0.24742290377616882,194.44,0.029598018852654843
105.56,0.01346944272518158,194.87,0.02960929302742067
80.13,0.03090735152363777,195.0,0.029615142256622786
44.44,-0.02371508628129959,196.92,0.029703354385329783
416.67,0.0652754008769989,197.53,0.02972980083257412
239.88,0.05177859961986542,198.2,0.029761719995019635
208.33,0.03547981008887291,199.28,0.0298139236474985
43.27,-0.020268701016902924,199.83,0.029840839531515756
50.95,0.014741707593202591,200.0,0.029849200788234487
125.67,0.04767651855945587,200.0,0.029849200788234487
370.37,0.031647779047489166,200.0,0.029849200788234487
53.85,0.02683376893401146,200.0,0.029849200788234487
100.96,0.05389202758669853,200.0,0.029849200788234487
140.0,0.02988484501838684,200.0,0.029849200788234487
113.64,0.03851477429270744,200.0,0.029849200788234487
83.33,0.05884271487593651,200.0,0.029849200788234487
85.65,0.047615934163331985,200.8,0.029888797165192122
166.67,0.00980638712644577,202.38,0.029968296440069372
86.67,0.05629487335681915,203.07,0.030003589054509974
100.0,0.031991735100746155,203.13,0.03000667479331744
33.33,-0.15161800384521484,203.66,0.030034050398245703
200.0,0.03296376019716263,204.34,0.030069486647797652
40.06,-0.038899801671504974,205.13,0.030111105429787764
40.06,-0.034845996648073196,205.56,0.03013396338011115
375.0,0.038069821894168854,207.79,0.03025472714548351
111.11,0.022802231833338737,208.33,0.03028448952150018
64.81,0.038394197821617126,208.33,0.03028448952150018
39.22,-0.03252734988927841,208.33,0.03028448952150018
125.47,0.015883397310972214,208.33,0.03028448952150018
99.44,0.006173074245452881,208.33,0.03028448952150018
219.91,0.03161899372935295,208.33,0.03028448952150018
125.0,0.022302355617284775,208.33,0.03028448952150018
61.9,0.03376476466655731,208.33,0.03028448952150018
89.29,0.054590050131082535,208.33,0.03028448952150018
166.67,0.03123491443693638,208.33,0.03028448952150018
100.0,0.03545960783958435,208.33,0.03028448952150018
61.54,0.02392088621854782,208.33,0.03028448952150018
208.33,0.018642984330654144,208.33,0.03028448952150018
42.93,-0.006914779543876648,209.23,0.03033448993893004
35.71,-0.05528939887881279,211.11,0.03043290212159262
34.99,-0.09441078454256058,211.64,0.03046314001140488
44.19,-0.04587056487798691,213.68,0.030577393474724636
57.58,0.011727947741746902,214.29,0.030612976019249602
58.64,0.04206456243991852,214.29,0.030612976019249602
211.11,0.04467640817165375,214.3,0.030613560968569306
96.02,0.07708851993083954,215.38,0.030670408200055652
243.06,0.05308651179075241,215.38,0.030670408200055652
92.31,0.020340578630566597,215.39,0.030671001075693507
42.86,-0.07031218707561493,218.18,0.030838508909778704
38.1,-0.02316221594810486,218.75,0.030873209792497316
154.32,0.02589298039674759,218.75,0.030873209792497316
76.92,0.034338999539613724,219.91,0.03094425353268575
59.87,0.029723037034273148,221.54,0.03104487733344251
263.89,0.05291026085615158,222.22,0.031085426310343466
40.0,-0.012633740901947021,222.22,0.031085426310343466
116.55,0.06318733841180801,222.22,0.031085426310343466
42.5,-0.027061350643634796,222.22,0.031085426310343466
78.31,0.03308780863881111,222.22,0.031085426310343466
59.52,0.024697009474039078,224.36,0.031218856821109062
27.41,-0.2242991179227829,224.49,0.03122697862940073
94.61,0.040449097752571106,226.67,0.03136320611086506
277.78,0.00729987770318985,227.16,0.03139387388344517
22.96,-0.31807518005371094,228.4,0.03147026848932779
54.96,0.06290110945701599,230.76,0.03161805852610741
67.41,0.04615253955125809,230.77,0.03161868383397545
20.74,-0.30068472027778625,231.48,0.03166305097094769
246.91,0.016178276389837265,231.48,0.03166305097094769
128.79,0.020880907773971558,233.04,0.031760278163808935
106.84,0.009231392294168472,233.33,0.031778305643394754
424.24,0.032749567180871964,233.33,0.031778305643394754
41.11,-0.03844833746552467,233.84,0.03180996823505166
53.03,0.032303690910339355,234.38,0.031843432628054155
30.3,-0.1566910743713379,235.9,0.03193611194269882
43.93,-0.062109626829624176,236.56,0.031976803887075814
77.27,0.03171558678150177,237.5,0.03203461312845729
80.0,0.024350546300411224,238.1,0.032070514425656324
79.67,0.02037588506937027,238.46,0.03209267300737013
20.41,-0.3888557553291321,239.88,0.03217986172862897
52.91,0.02487076260149479,240.0,0.032187236535446424
347.22,0.04376334324479103,240.0,0.032187236535446424
30.48,-0.12788811326026917,242.86,0.03236272900806481
66.67,0.0514112189412117,243.06,0.03237499505716692
500.0,0.05980181321501732,243.06,0.03237499505716692
97.22,0.03699713200330734,243.06,0.03237499505716692
85.0,0.05195993185043335,244.9,0.03248795547156136
24.65,-0.25377383828163147,246.15,0.032564941462550956
336.36,0.025892792269587517,246.16,0.03256555844290865
67.27,0.05791911482810974,246.91,0.03261188659722095
61.54,0.060958851128816605,250.0,0.03280401627845915
80.13,0.02612990513443947,250.0,0.03280401627845915
52.78,0.06453581154346466,250.0,0.03280401627845915
82.07,0.04690173268318176,250.0,0.03280401627845915
120.0,0.04459446668624878,250.0,0.03280401627845915
49.21,-0.01593874581158161,252.31,0.03294900035222789
32.5,-0.12183628976345062,254.55,0.03309007321568576
90.48,0.05957159772515297,256.41,0.033207101792439096
73.02,0.049098215997219086,256.41,0.033207101792439096
85.47,0.029776033014059067,257.24,0.033259202736269075
142.86,0.01283014565706253,258.46,0.03333560673127198
12.4,-0.4059322476387024,261.54,0.033527682540290725
46.78,-0.00276913121342659,263.89,0.03367376242185804
121.53,0.025169212371110916,264.55,0.033714734900514666
60.06,0.01304643601179123,265.63,0.03378258768846445
166.15,0.016794534400105476,266.66,0.03384707857759713
139.46,0.05436015874147415,266.67,0.033847698133436084
111.11,0.005145099014043808,266.67,0.033847698133436084
40.0,0.03862389922142029,266.67,0.033847698133436084
88.89,0.043780021369457245,267.86,0.0339213581924481
80.0,0.050780825316905975,270.53,0.03408601129752517
60.78,0.019066132605075836,272.73,0.03422267553500183
121.53,0.02389882132411003,272.73,0.03422267553500183
53.42,0.05490317568182945,275.0,0.03436085884906549
324.07,0.06244634464383125,277.78,0.034528846379067654
110.0,0.030940938740968704,277.78,0.034528846379067654
90.4,0.026142343878746033,277.78,0.034528846379067654
53.42,0.029023686423897743,277.78,0.034528846379067654
319.24,0.03972797840833664,277.78,0.034528846379067654
122.45,0.04061179608106613,277.78,0.034528846379067654
80.0,0.051473572850227356,277.78,0.034528846379067654
203.07,0.02887367084622383,277.78,0.034528846379067654
153.85,-0.01095595583319664,277.78,0.034528846379067654
43.07,0.0009137392044067383,277.78,0.034528846379067654
54.76,0.027341295033693314,277.78,0.034528846379067654
100.0,0.021905697882175446,280.0,0.034663029004110946
37.39,-0.029836080968379974,280.0,0.034663029004110946
87.96,0.017352379858493805,280.24,0.034677480412422496
178.47,0.016568992286920547,283.33,0.03486402947540755
113.64,0.02063068374991417,283.33,0.03486402947540755
90.0,0.03016579896211624,283.33,0.03486402947540755
149.57,0.036659784615039825,284.62,0.03494231224248265
38.65,-0.034116700291633606,290.91,0.035328485128789604
78.13,0.06291045248508453,293.21,0.03547151853393761
77.78,0.029699750244617462,293.65,0.03549898093832576
21.37,-0.2956323027610779,296.3,0.03566498552105096
187.5,0.026725925505161285,296.3,0.03566498552105096
27.78,-0.21407726407051086,300.0,0.035898241243683286
46.3,-0.0036792010068893433,301.57,0.03599762995311643
155.84,0.02543349377810955,306.67,0.03632166344568811
454.55,0.04162187501788139,308.64,0.0364471630756025
25.93,-0.21771462261676788,308.64,0.0364471630756025
50.0,0.007405046373605728,312.5,0.036693370293299304
44.87,-0.020382434129714966,312.5,0.036693370293299304
132.58,0.04036823660135269,312.5,0.036693370293299304
209.23,0.030774377286434174,316.67,0.03695958253870985
224.36,0.0545608252286911,318.18,0.03705600167167509
161.9,0.015098180621862411,319.24,0.03712368731059364
437.5,0.025128301233053207,320.0,0.03717221592908103
208.33,0.032256342470645905,320.51,0.0372047805628623
95.07,0.04068630561232567,321.43,0.037263522863121415
71.43,0.024535074830055237,321.43,0.037263522863121415
28.57,-0.19795545935630798,324.07,0.037432068807378746
64.1,0.06256318092346191,324.07,0.037432068807378746
24.97,-0.23036912083625793,324.07,0.037432068807378746
66.67,0.02039145678281784,333.33,0.038022813348873134
81.63,0.0458298958837986,333.33,0.038022813348873134
71.43,0.03398106247186661,333.33,0.038022813348873134
63.66,0.03351021185517311,333.33,0.038022813348873134
78.22,0.03219610080122948,333.33,0.038022813348873134
54.42,0.014173805713653564,333.33,0.038022813348873134
123.46,0.05424460768699646,333.33,0.038022813348873134
202.38,0.019633308053016663,336.36,0.038215901153949836
77.78,0.04947424679994583,336.36,0.038215901153949836
79.37,0.025072336196899414,340.0,0.03844770667737586
40.48,-0.047693781554698944,340.91,0.03850563270774233
111.11,0.022035405039787292,347.22,0.03890704189119689
64.39,0.02943165972828865,347.22,0.03890704189119689
98.57,0.05696432664990425,347.22,0.03890704189119689
47.62,-0.008360588923096657,347.83,0.03894582514175669
138.46,0.02467091754078865,351.85,0.039201323064077795
63.66,0.040831513702869415,354.17,0.03934870430119407
44.44,-0.019466424360871315,363.64,0.039949762945221776
26.67,-0.1983831822872162,367.35,0.040184996241514205
258.46,0.029615163803100586,370.37,0.04037638027595908
45.39,-0.020307034254074097,370.37,0.04037638027595908
59.52,0.05400928854942322,370.37,0.04037638027595908
45.33,-0.021306566894054413,370.37,0.04037638027595908
64.81,0.029141882434487343,375.0,0.04066961382644502
27.49,-0.17566390335559845,375.0,0.04066961382644502
29.91,-0.15844789147377014,375.0,0.04066961382644502
185.19,0.007677685469388962,375.0,0.04066961382644502
41.25,-0.04314599558711052,375.0,0.04066961382644502
101.59,0.022136904299259186,388.89,0.041547909466890846
114.08,0.045114241540431976,390.95,0.04167798901350505
85.47,0.02897971123456955,395.6,0.04197144943777417
166.67,0.022986534982919693,397.73,0.04210579699912585
60.38,0.03162798285484314,400.0,0.042248921739078606
166.9,0.024532342329621315,400.0,0.042248921739078606
56.67,0.03795421123504639,400.0,0.042248921739078606
83.33,0.023453891277313232,416.67,0.04329840458280331
75.76,0.035369619727134705,416.67,0.04329840458280331
65.97,0.04574998840689659,416.67,0.04329840458280331
111.11,0.07201774418354034,416.67,0.04329840458280331
104.17,0.011043641716241837,416.67,0.04329840458280331
73.78,0.03238239511847496,416.67,0.04329840458280331
8.33,-0.4249444007873535,416.67,0.04329840458280331
138.89,0.03256744146347046,416.67,0.04329840458280331
347.22,0.059593960642814636,420.45,0.04353603447271099
200.0,0.05615460127592087,424.24,0.043774174080376545
127.27,0.07584357261657715,425.0,0.04382191360082608
122.13,0.019974198192358017,425.0,0.04382191360082608
87.5,0.043258100748062134,428.57,0.0440461046023293
114.29,0.024356644600629807,428.57,0.0440461046023293
111.11,0.02061517722904682,428.57,0.0440461046023293
154.82,0.007287550717592239,428.57,0.0440461046023293
164.1,0.009588170796632767,437.5,0.04460649510354106
111.11,0.014366872608661652,437.5,0.04460649510354106
108.57,0.030281338840723038,439.81,0.044751357782195945
47.74,-0.0023739710450172424,444.44,0.045041582686443524
35.35,-0.03818351775407791,444.44,0.045041582686443524
55.56,0.05137744918465614,444.44,0.045041582686443524
154.17,0.0582001768052578,454.55,0.045674759035317876
69.64,0.05585314333438873,458.33,0.045911350441206075
56.09,0.0176926851272583,461.54,0.046112224609745095
72.12,0.012137509882450104,462.5,0.04617229296473646
375.0,0.022762641310691833,462.96,0.04620107477307226
290.91,0.02606658637523651,462.96,0.04620107477307226
35.35,-0.06556390225887299,462.96,0.04620107477307226
49.86,0.008386768400669098,466.67,0.0464331855160836
83.33,0.03777680546045303,466.67,0.0464331855160836
84.29,0.05994691699743271,468.75,0.046563303091319695
59.26,0.021316751837730408,475.0,0.04695424082370109
86.81,0.01974502205848694,476.19,0.04702867218370405
63.66,0.03860935568809509,486.11,0.04764921256197294
20.94,-0.2990874946117401,486.11,0.04764921256197294
44.44,-0.03904319554567337,487.5,0.04773618647738358
43.21,-0.05109941586852074,492.06,0.048021583835468055
218.75,0.030416373163461685,492.06,0.048021583835468055
203.13,0.015313409268856049,494.79,0.04819251369412981
83.33,0.01914726197719574,500.0,0.04851888225887756
63.49,0.032013390213251114,500.0,0.04851888225887756
53.88,0.004445523023605347,500.0,0.04851888225887756
138.89,0.011420993134379387,500.0,0.04851888225887756
47.75,0.0028941668570041656,500.0,0.04851888225887756
