hatch spacing (mm),shap,lowess hatch spacing (mm),lowess shap
0.13,-0.017532479017972946,0.02,-0.013285005063514375
0.12,-0.016804398968815804,0.02,-0.013285005063514375
0.095,0.024515926837921143,0.02,-0.013285005063514375
0.0975,-0.01884160004556179,0.02,-0.013285005063514375
0.099,0.006300446577370167,0.03,-0.011664302556660334
0.1,0.005853729322552681,0.03,-0.011664302556660334
0.08,0.025272024795413017,0.03,-0.011664302556660334
0.11,-0.01861264556646347,0.03,-0.011664302556660334
0.053,-0.016330290585756302,0.03,-0.011664302556660334
0.077,-0.0022936686873435974,0.03,-0.011664302556660334
0.08,-0.0035963263362646103,0.03,-0.011664302556660334
0.12,-0.011401527561247349,0.03,-0.011664302556660334
0.07,-0.0019008270464837551,0.03,-0.011664302556660334
0.03,-0.03183569386601448,0.03,-0.011664302556660334
0.12,-0.0046195052564144135,0.03,-0.011664302556660334
0.13,-0.036979250609874725,0.03,-0.011664302556660334
0.09,-0.008292488753795624,0.03,-0.011664302556660334
0.13,-0.023619474843144417,0.03,-0.011664302556660334
0.07,0.0008756872266530991,0.03,-0.011664302556660334
0.09,0.007665962912142277,0.03,-0.011664302556660334
0.1,-0.005850058048963547,0.031,-0.011493593874028487
0.11,0.012997251935303211,0.035,-0.010792932181297418
0.09,0.009708229452371597,0.036,-0.010613055639462163
0.11,0.010608384385704994,0.037,-0.010431183518363857
0.11,0.006734277121722698,0.04,-0.009872985951809502
0.12,-0.020224476233124733,0.04,-0.009872985951809502
0.058,-0.01390216127038002,0.04,-0.009872985951809502
0.1,-0.011759163811802864,0.04,-0.009872985951809502
0.04,-0.014532670378684998,0.04,-0.009872985951809502
0.13,-0.0020869839936494827,0.04,-0.009872985951809502
0.09,0.01598069816827774,0.04,-0.009872985951809502
0.12,0.012572629377245903,0.04,-0.009872985951809502
0.124,-0.05079260468482971,0.04,-0.009872985951809502
0.065,-0.036198217421770096,0.04,-0.009872985951809502
0.095,-0.0002421550452709198,0.04,-0.009872985951809502
0.06,0.008126028813421726,0.04,-0.009872985951809502
0.04,0.004267506301403046,0.04,-0.009872985951809502
0.12,-0.008243084885179996,0.04,-0.009872985951809502
0.13,-0.013076478615403175,0.04,-0.009872985951809502
0.12,-0.013732531107962132,0.04,-0.009872985951809502
0.117,-0.01546432077884674,0.04,-0.009872985951809502
0.12,-0.012496360577642918,0.04,-0.009872985951809502
0.09,0.0014514895156025887,0.04,-0.009872985951809502
0.05,-0.013451943174004555,0.04,-0.009872985951809502
0.157,-0.04128916189074516,0.04,-0.009872985951809502
0.04,0.01810210570693016,0.04,-0.009872985951809502
0.08,-0.011128019541501999,0.04,-0.009872985951809502
0.13,-0.03445698320865631,0.04,-0.009872985951809502
0.1,0.0007676072418689728,0.04,-0.009872985951809502
0.07,0.013306824490427971,0.04,-0.009872985951809502
0.1,-0.0012195957824587822,0.04,-0.009872985951809502
0.09,0.008230159059166908,0.04,-0.009872985951809502
0.14,-0.03207571804523468,0.04,-0.009872985951809502
0.08,0.010051549412310123,0.04,-0.009872985951809502
0.065,-0.03416118025779724,0.04,-0.009872985951809502
0.12,-0.01657709851861,0.04,-0.009872985951809502
0.11,0.005247069522738457,0.04,-0.009872985951809502
0.14,-0.025944499298930168,0.04,-0.009872985951809502
0.08,-0.00128872599452734,0.04,-0.009872985951809502
0.04,0.006214942783117294,0.04,-0.009872985951809502
0.12,-0.008562232367694378,0.04,-0.009872985951809502
0.06,-0.03716017305850983,0.04,-0.009872985951809502
0.11,0.012671981006860733,0.04,-0.009872985951809502
0.042,0.010012234561145306,0.04,-0.009872985951809502
0.12,-0.019559107720851898,0.04,-0.009872985951809502
0.05,-0.05251338332891464,0.04,-0.009872985951809502
0.065,-0.035914164036512375,0.04,-0.009872985951809502
0.12,-0.008698235265910625,0.04,-0.009872985951809502
0.04,-0.015038199722766876,0.04,-0.009872985951809502
0.065,-0.031216494739055634,0.04,-0.009872985951809502
0.08,-0.003044538665562868,0.04,-0.009872985951809502
0.12,-0.015333008021116257,0.04,-0.009872985951809502
0.065,-0.03007398173213005,0.04,-0.009872985951809502
0.09,0.005181433632969856,0.04,-0.009872985951809502
0.08,0.018800312653183937,0.04,-0.009872985951809502
0.09,-0.007863743230700493,0.04,-0.009872985951809502
0.1,0.015452039428055286,0.04,-0.009872985951809502
0.1,0.009938308969140053,0.04,-0.009872985951809502
0.09,-0.0037409737706184387,0.042,-0.009489944337205077
0.13,-0.039663903415203094,0.042,-0.009489944337205077
0.13,-0.021431678906083107,0.042,-0.009489944337205077
0.065,-0.03226330876350403,0.044,-0.009098618432510915
0.07,0.005352492909878492,0.045,-0.008900093274125397
0.13,0.012731717899441719,0.045,-0.008900093274125397
0.13,-0.039951398968696594,0.045,-0.008900093274125397
0.08,0.001919744536280632,0.046,-0.008699804265746146
0.12,-0.04018081724643707,0.05,-0.007883537145178037
0.06,0.015916215255856514,0.05,-0.007883537145178037
0.09,0.004227219615131617,0.05,-0.007883537145178037
0.12,0.0026631373912096024,0.05,-0.007883537145178037
0.07,0.026486599817872047,0.05,-0.007883537145178037
0.088,0.0019627539440989494,0.05,-0.007883537145178037
0.05,-0.012006042525172234,0.05,-0.007883537145178037
0.12,-0.023245342075824738,0.05,-0.007883537145178037
0.08,0.036747951060533524,0.05,-0.007883537145178037
0.12,0.008658777922391891,0.05,-0.007883537145178037
0.12,0.005117727443575859,0.05,-0.007883537145178037
0.075,-0.0002101580612361431,0.05,-0.007883537145178037
0.1,0.0014873864129185677,0.05,-0.007883537145178037
0.07,0.032209835946559906,0.05,-0.007883537145178037
0.07,-0.012269974686205387,0.05,-0.007883537145178037
0.12,-0.0036903582513332367,0.05,-0.007883537145178037
0.11,0.005380071233958006,0.05,-0.007883537145178037
0.12,-0.009123319759964943,0.05,-0.007883537145178037
0.1,-0.0034768935292959213,0.05,-0.007883537145178037
0.13,-0.018934786319732666,0.05,-0.007883537145178037
0.04,-0.0006340062245726585,0.05,-0.007883537145178037
0.13,-0.03236071392893791,0.05,-0.007883537145178037
0.12,-0.015555381774902344,0.05,-0.007883537145178037
0.05,-0.014032550156116486,0.05,-0.007883537145178037
0.12,-0.012111509218811989,0.05,-0.007883537145178037
0.14,-0.02700982242822647,0.05,-0.007883537145178037
0.14,-0.02766009233891964,0.05,-0.007883537145178037
0.13,-0.009792333468794823,0.05,-0.007883537145178037
0.12,-0.015035317279398441,0.05,-0.007883537145178037
0.09,-0.008800992742180824,0.05,-0.007883537145178037
0.11,0.024947360157966614,0.05,-0.007883537145178037
0.065,-0.045631859451532364,0.05,-0.007883537145178037
0.13,-0.026559732854366302,0.05,-0.007883537145178037
0.06,0.0018183509819209576,0.05,-0.007883537145178037
0.09,0.0012430609203875065,0.05,-0.007883537145178037
0.14,-0.032795459032058716,0.05,-0.007883537145178037
0.1,0.02519383281469345,0.05,-0.007883537145178037
0.05,-0.007765274494886398,0.05,-0.007883537145178037
0.08,0.007361810188740492,0.05,-0.007883537145178037
0.09,-0.0307189729064703,0.05,-0.007883537145178037
0.1,0.007753990590572357,0.05,-0.007883537145178037
0.02,0.01711672730743885,0.05,-0.007883537145178037
0.1,0.015830719843506813,0.05,-0.007883537145178037
0.15,-0.04015670344233513,0.05,-0.007883537145178037
0.12,-0.029228592291474342,0.05,-0.007883537145178037
0.09,0.009028429165482521,0.05,-0.007883537145178037
0.1,0.0028474824503064156,0.05,-0.007883537145178037
0.06,-0.0002178773283958435,0.05,-0.007883537145178037
0.09,0.014566872268915176,0.05,-0.007883537145178037
0.08,0.0037749074399471283,0.05,-0.007883537145178037
0.11,0.0073791127651929855,0.05,-0.007883537145178037
0.09,0.0075943972915410995,0.05,-0.007883537145178037
0.04,0.025639470666646957,0.05,-0.007883537145178037
0.11,0.006026183255016804,0.05,-0.007883537145178037
0.09,0.006458207964897156,0.05,-0.007883537145178037
0.114,0.03248140588402748,0.053,-0.007259727268034019
0.13,-0.03353632241487503,0.055,-0.006841176097926366
0.15,0.003831537440419197,0.058,-0.006213991454734943
0.14,-0.019025515764951706,0.06,-0.005799472237550459
0.15,-0.03662417083978653,0.06,-0.005799472237550459
0.14,-0.02533584088087082,0.06,-0.005799472237550459
0.13,-0.02250613644719124,0.06,-0.005799472237550459
0.1,0.007928074337542057,0.06,-0.005799472237550459
0.11,0.008806496858596802,0.06,-0.005799472237550459
0.08,0.016255101189017296,0.06,-0.005799472237550459
0.13,-0.019968872889876366,0.06,-0.005799472237550459
0.12,-0.00774781871587038,0.06,-0.005799472237550459
0.06,0.000368654727935791,0.06,-0.005799472237550459
0.12,0.00974237360060215,0.06,-0.005799472237550459
0.12,-0.0035385671071708202,0.06,-0.005799472237550459
0.12,0.00563700869679451,0.06,-0.005799472237550459
0.13,-0.019382456317543983,0.06,-0.005799472237550459
0.1,-0.010473029688000679,0.06,-0.005799472237550459
0.08,0.003716118633747101,0.06,-0.005799472237550459
0.08,-0.0012131058610975742,0.06,-0.005799472237550459
0.14,-0.019234128296375275,0.06,-0.005799472237550459
0.11,0.024217918515205383,0.06,-0.005799472237550459
0.065,-0.03605950251221657,0.06,-0.005799472237550459
0.09,0.009412061423063278,0.06,-0.005799472237550459
0.13,-0.012350033968687057,0.06,-0.005799472237550459
0.11,-0.004199576564133167,0.06,-0.005799472237550459
0.12,-0.003973902203142643,0.06,-0.005799472237550459
0.1,-0.003407781943678856,0.06,-0.005799472237550459
0.13,-0.0021306294947862625,0.06,-0.005799472237550459
0.1,-0.004181914031505585,0.06,-0.005799472237550459
0.07,0.004116409923881292,0.06,-0.005799472237550459
0.106,0.007450929842889309,0.06,-0.005799472237550459
0.08,-0.005157237872481346,0.06,-0.005799472237550459
0.05,-0.006246492266654968,0.06,-0.005799472237550459
0.12,0.004776686895638704,0.06,-0.005799472237550459
0.12,-0.0046751550398766994,0.06,-0.005799472237550459
0.13,-0.019428255036473274,0.06,-0.005799472237550459
0.05,-0.031087536364793777,0.06,-0.005799472237550459
0.13,-0.0015749577432870865,0.06,-0.005799472237550459
0.12,0.02730153687298298,0.06,-0.005799472237550459
0.11,0.007029473781585693,0.06,-0.005799472237550459
0.065,-0.0172496996819973,0.06,-0.005799472237550459
0.13,-0.04305841028690338,0.06,-0.005799472237550459
0.121,-0.02028968371450901,0.06,-0.005799472237550459
0.15,-0.010623496025800705,0.06,-0.005799472237550459
0.04,0.012697173282504082,0.06,-0.005799472237550459
0.08,-0.0003345739096403122,0.06,-0.005799472237550459
0.08,0.007021220400929451,0.06,-0.005799472237550459
0.12,-0.007470365613698959,0.06,-0.005799472237550459
0.1,0.010304011404514313,0.06,-0.005799472237550459
0.09,0.00785764679312706,0.06,-0.005799472237550459
0.13,-0.023134496062994003,0.06,-0.005799472237550459
0.04,-0.0023429132997989655,0.06,-0.005799472237550459
0.05,0.02541905641555786,0.06,-0.005799472237550459
0.12,-0.0031469808891415596,0.06,-0.005799472237550459
0.09,-0.013049934059381485,0.06,-0.005799472237550459
0.12,0.02529967948794365,0.06,-0.005799472237550459
0.08,0.010842968709766865,0.06,-0.005799472237550459
0.15,-0.00999070517718792,0.06,-0.005799472237550459
0.05,-0.04209979623556137,0.06,-0.005799472237550459
0.16,-0.036791298538446426,0.06,-0.005799472237550459
0.14,-0.027400102466344833,0.06,-0.005799472237550459
0.09,0.0020690206438302994,0.06,-0.005799472237550459
0.1,0.019407305866479874,0.06,-0.005799472237550459
0.11,0.010851116850972176,0.06,-0.005799472237550459
0.065,-0.031140606850385666,0.06,-0.005799472237550459
0.12,-0.023375995457172394,0.06,-0.005799472237550459
0.14,0.011457711458206177,0.06,-0.005799472237550459
0.09,0.006873368285596371,0.06,-0.005799472237550459
0.11,0.00518307089805603,0.06,-0.005799472237550459
0.1,0.004292392171919346,0.06,-0.005799472237550459
0.1,-0.005549786612391472,0.06,-0.005799472237550459
0.06,-0.014916034415364265,0.06,-0.005799472237550459
0.1,0.02909415028989315,0.06,-0.005799472237550459
0.13,-0.030734434723854065,0.06,-0.005799472237550459
0.03,-0.027259638532996178,0.06,-0.005799472237550459
0.11,0.0034800004214048386,0.06,-0.005799472237550459
0.13,-0.021732063964009285,0.06,-0.005799472237550459
0.06,0.015951193869113922,0.061,-0.005594218344522823
0.07,-0.003814397379755974,0.065,-0.004794579462019373
0.08,-0.008809711784124374,0.065,-0.004794579462019373
0.07,-0.003352715168148279,0.065,-0.004794579462019373
0.08,0.0012397454120218754,0.065,-0.004794579462019373
0.06,-0.037280138581991196,0.065,-0.004794579462019373
0.07,0.0019650347530841827,0.065,-0.004794579462019373
0.06,-0.0024801651015877724,0.065,-0.004794579462019373
0.08,0.0022904747165739536,0.065,-0.004794579462019373
0.14,-0.02328146994113922,0.065,-0.004794579462019373
0.085,0.002852281555533409,0.065,-0.004794579462019373
0.065,-0.03336898237466812,0.065,-0.004794579462019373
0.13,-0.030752748250961304,0.065,-0.004794579462019373
0.13,-0.011304609477519989,0.065,-0.004794579462019373
0.06,0.00039510801434516907,0.065,-0.004794579462019373
0.065,-0.030789664015173912,0.065,-0.004794579462019373
0.12,0.0017085112631320953,0.065,-0.004794579462019373
0.12,0.004773205146193504,0.065,-0.004794579462019373
0.12,-0.017933767288923264,0.065,-0.004794579462019373
0.105,-0.005569923669099808,0.065,-0.004794579462019373
0.11,0.008891047909855843,0.065,-0.004794579462019373
0.1,-0.003657059744000435,0.065,-0.004794579462019373
0.157,0.024767640978097916,0.065,-0.004794579462019373
0.12,-0.0069557130336761475,0.065,-0.004794579462019373
0.12,-0.015658486634492874,0.065,-0.004794579462019373
0.15,-0.01076655276119709,0.065,-0.004794579462019373
0.08,-0.009345225989818573,0.065,-0.004794579462019373
0.11,0.0032781194895505905,0.065,-0.004794579462019373
0.06,0.005298770032823086,0.065,-0.004794579462019373
0.12,-0.01476655900478363,0.065,-0.004794579462019373
0.09,0.015784364193677902,0.065,-0.004794579462019373
0.12,-0.013134930282831192,0.065,-0.004794579462019373
0.09,0.00696682371199131,0.065,-0.004794579462019373
0.1,-0.004708556458353996,0.065,-0.004794579462019373
0.1,0.00496761966496706,0.065,-0.004794579462019373
0.077,-0.0011017946526408195,0.065,-0.004794579462019373
0.14,-0.02591438964009285,0.065,-0.004794579462019373
0.1,0.005108083598315716,0.065,-0.004794579462019373
0.1,0.014190852642059326,0.065,-0.004794579462019373
0.14,-0.027298584580421448,0.065,-0.004794579462019373
0.12,-0.016137264668941498,0.065,-0.004794579462019373
0.15,0.004911709576845169,0.065,-0.004794579462019373
0.07,-0.008327191695570946,0.065,-0.004794579462019373
0.1,0.01779695227742195,0.065,-0.004794579462019373
0.08,0.01861310563981533,0.065,-0.004794579462019373
0.065,-0.03387879207730293,0.065,-0.004794579462019373
0.065,-0.03352000564336777,0.065,-0.004794579462019373
0.05,-0.010632426477968693,0.065,-0.004794579462019373
0.08,0.016036495566368103,0.065,-0.004794579462019373
0.07,-0.0021075718104839325,0.065,-0.004794579462019373
0.065,-0.050668999552726746,0.065,-0.004794579462019373
0.1,0.006559538654983044,0.065,-0.004794579462019373
0.08,0.0015298109501600266,0.065,-0.004794579462019373
0.06,-0.001677418127655983,0.065,-0.004794579462019373
0.1,0.014842678792774677,0.065,-0.004794579462019373
0.12,-0.003946701996028423,0.065,-0.004794579462019373
0.06,-0.031789109110832214,0.065,-0.004794579462019373
0.1,0.022895952686667442,0.065,-0.004794579462019373
0.065,-0.03168075531721115,0.065,-0.004794579462019373
0.1,0.0007585566490888596,0.065,-0.004794579462019373
0.07,-0.011544352397322655,0.065,-0.004794579462019373
0.06,-0.0023486418649554253,0.065,-0.004794579462019373
0.12,-0.036914292722940445,0.065,-0.004794579462019373
0.12,-0.008676212280988693,0.065,-0.004794579462019373
0.04,-0.005393758416175842,0.065,-0.004794579462019373
0.1,0.010289859026670456,0.065,-0.004794579462019373
0.105,-0.0047878120094537735,0.065,-0.004794579462019373
0.1,-0.004279155284166336,0.065,-0.004794579462019373
0.14,-0.023560265079140663,0.065,-0.004794579462019373
0.1,0.008714982308447361,0.065,-0.004794579462019373
0.1,0.01868930459022522,0.065,-0.004794579462019373
0.1,0.01827867329120636,0.065,-0.004794579462019373
0.075,-0.0010655466467142105,0.065,-0.004794579462019373
0.05,-0.03239794820547104,0.065,-0.004794579462019373
0.065,-0.047438472509384155,0.065,-0.004794579462019373
0.12,-0.02311740443110466,0.065,-0.004794579462019373
0.11,0.007610376924276352,0.065,-0.004794579462019373
0.15,-0.013948215171694756,0.065,-0.004794579462019373
0.1,0.009597542695701122,0.065,-0.004794579462019373
0.03,-0.00593014620244503,0.065,-0.004794579462019373
0.06,0.00581013597548008,0.065,-0.004794579462019373
0.09,0.02013462595641613,0.065,-0.004794579462019373
0.1,7.117167115211487e-05,0.066,-0.004601930659237469
0.1,0.008045287802815437,0.069,-0.00404499868540417
0.14,-0.03203420341014862,0.07,-0.00386656396657557
0.12,0.005479808896780014,0.07,-0.00386656396657557
0.14,-0.022695040330290794,0.07,-0.00386656396657557
0.1,-0.008012073114514351,0.07,-0.00386656396657557
0.11,-0.006178741343319416,0.07,-0.00386656396657557
0.09,0.005143993534147739,0.07,-0.00386656396657557
0.13,-0.03324407711625099,0.07,-0.00386656396657557
0.15,-0.06616263091564178,0.07,-0.00386656396657557
0.1,-0.0004077740013599396,0.07,-0.00386656396657557
0.09,-0.01968618854880333,0.07,-0.00386656396657557
0.13,-0.0339619517326355,0.07,-0.00386656396657557
0.06,-0.0008117114193737507,0.07,-0.00386656396657557
0.11,0.028400663286447525,0.07,-0.00386656396657557
0.05,-0.007785983383655548,0.07,-0.00386656396657557
0.12,-0.019752074033021927,0.07,-0.00386656396657557
0.065,-0.03001718781888485,0.07,-0.00386656396657557
0.065,-0.04217897355556488,0.07,-0.00386656396657557
0.07,-0.002432052046060562,0.07,-0.00386656396657557
0.12,-0.006174697540700436,0.07,-0.00386656396657557
0.12,-0.0042234426364302635,0.07,-0.00386656396657557
0.12,-0.026142658665776253,0.07,-0.00386656396657557
0.031,-0.017962709069252014,0.07,-0.00386656396657557
0.1,0.001995472237467766,0.07,-0.00386656396657557
0.11,0.010327493771910667,0.07,-0.00386656396657557
0.15,-0.0020157452672719955,0.07,-0.00386656396657557
0.12,-0.016473548486828804,0.07,-0.00386656396657557
0.07,-0.000362529419362545,0.07,-0.00386656396657557
0.071,-0.006012707948684692,0.07,-0.00386656396657557
0.08,0.010300598107278347,0.07,-0.00386656396657557
0.12,-0.012021915055811405,0.07,-0.00386656396657557
0.065,-0.04538901150226593,0.07,-0.00386656396657557
0.14,-0.023523006588220596,0.07,-0.00386656396657557
0.13,-0.03996075689792633,0.07,-0.00386656396657557
0.13,-0.015607183799147606,0.07,-0.00386656396657557
0.11,0.010699067264795303,0.07,-0.00386656396657557
0.13,-0.02184307388961315,0.07,-0.00386656396657557
0.11,0.0038612624630331993,0.07,-0.00386656396657557
0.05,0.020508356392383575,0.07,-0.00386656396657557
0.08,0.005289073102176189,0.07,-0.00386656396657557
0.08,0.006378426216542721,0.07,-0.00386656396657557
0.1,0.008307570591568947,0.07,-0.00386656396657557
0.13,-0.0349230132997036,0.07,-0.00386656396657557
0.03,0.008979341015219688,0.07,-0.00386656396657557
0.126,-0.06626470386981964,0.07,-0.00386656396657557
0.12,-0.012351969256997108,0.07,-0.00386656396657557
0.08,0.011982571333646774,0.07,-0.00386656396657557
0.12,-0.01419972162693739,0.07,-0.00386656396657557
0.1,0.011018326506018639,0.07,-0.00386656396657557
0.1,0.007300247438251972,0.07,-0.00386656396657557
0.14,-0.029227985069155693,0.07,-0.00386656396657557
0.09,-0.01709667220711708,0.07,-0.00386656396657557
0.065,0.06967927515506744,0.07,-0.00386656396657557
0.07,0.0092396792024374,0.07,-0.00386656396657557
0.03,-0.027997300028800964,0.07,-0.00386656396657557
0.13,-0.01627088338136673,0.07,-0.00386656396657557
0.1,0.004148779436945915,0.07,-0.00386656396657557
0.13,-0.03071681410074234,0.07,-0.00386656396657557
0.06,-0.004174180328845978,0.07,-0.00386656396657557
0.1,0.00819305144250393,0.07,-0.00386656396657557
0.12,-0.013013416901230812,0.07,-0.00386656396657557
0.09,0.005198657978326082,0.07,-0.00386656396657557
0.12,-0.02343461662530899,0.07,-0.00386656396657557
0.13,-0.033776771277189255,0.07,-0.00386656396657557
0.05,0.011364629492163658,0.07,-0.00386656396657557
0.08,0.009184619411826134,0.07,-0.00386656396657557
0.05,-0.004593195393681526,0.07,-0.00386656396657557
0.065,-0.052876219153404236,0.07,-0.00386656396657557
0.04,0.02658284269273281,0.07,-0.00386656396657557
0.13,-0.009225545451045036,0.07,-0.00386656396657557
0.12,-0.02487395890057087,0.07,-0.00386656396657557
0.1,0.0014119353145360947,0.07,-0.00386656396657557
0.04,0.014301113784313202,0.07,-0.00386656396657557
0.04,0.025298800319433212,0.07,-0.00386656396657557
0.08,0.005402339156717062,0.07,-0.00386656396657557
0.12,-0.008338961750268936,0.07,-0.00386656396657557
0.14,-0.03481072932481766,0.07,-0.00386656396657557
0.13,-0.029519416391849518,0.07,-0.00386656396657557
0.03,0.009049730375409126,0.07,-0.00386656396657557
0.08,0.009692268446087837,0.07,-0.00386656396657557
0.13,-0.02020886354148388,0.07,-0.00386656396657557
0.1,0.008995641022920609,0.07,-0.00386656396657557
0.15,-0.0398714542388916,0.07,-0.00386656396657557
0.08,0.002538377419114113,0.07,-0.00386656396657557
0.07,-0.006719445809721947,0.07,-0.00386656396657557
0.12,-0.0127652483060956,0.07,-0.00386656396657557
0.1,0.008743951097130775,0.071,-0.0036916771123417856
0.07,-0.0045774588361382484,0.075,-0.0029860899624005624
0.09,0.008673228323459625,0.075,-0.0029860899624005624
0.08,-0.000399123877286911,0.075,-0.0029860899624005624
0.065,-0.034380052238702774,0.075,-0.0029860899624005624
0.09,-0.006479404866695404,0.075,-0.0029860899624005624
0.08,0.0014942530542612076,0.075,-0.0029860899624005624
0.1,0.004763723351061344,0.075,-0.0029860899624005624
0.095,0.024211544543504715,0.075,-0.0029860899624005624
0.09,-0.003279348835349083,0.075,-0.0029860899624005624
0.09,0.006380145438015461,0.075,-0.0029860899624005624
0.1,0.0007055634632706642,0.075,-0.0029860899624005624
0.129,-0.021183710545301437,0.077,-0.002572753939329552
0.12,-0.012268991209566593,0.077,-0.002572753939329552
0.1,-0.0031901858747005463,0.077,-0.002572753939329552
0.06,0.001256575807929039,0.077,-0.002572753939329552
0.1,0.007666080258786678,0.077,-0.002572753939329552
0.042,-0.03455616161227226,0.078,-0.002326785090692097
0.09,0.018362801522016525,0.078,-0.002326785090692097
0.08,0.00020542368292808533,0.078,-0.002326785090692097
0.065,-0.04246934875845909,0.08,-0.001730504440647541
0.06,-0.004389243200421333,0.08,-0.001730504440647541
0.09,0.003631080500781536,0.08,-0.001730504440647541
0.06,0.00822521559894085,0.08,-0.001730504440647541
0.1,0.008226918056607246,0.08,-0.001730504440647541
0.065,-0.03289400041103363,0.08,-0.001730504440647541
0.13,-0.03064361773431301,0.08,-0.001730504440647541
0.14,-0.028701994568109512,0.08,-0.001730504440647541
0.065,-0.04875541850924492,0.08,-0.001730504440647541
0.04,-0.0130113260820508,0.08,-0.001730504440647541
0.06,-0.03464590013027191,0.08,-0.001730504440647541
0.12,-0.01467931643128395,0.08,-0.001730504440647541
0.15,0.0007285752799361944,0.08,-0.001730504440647541
0.05,-0.03935746103525162,0.08,-0.001730504440647541
0.13,-0.029307633638381958,0.08,-0.001730504440647541
0.06,-0.03258783370256424,0.08,-0.001730504440647541
0.12,-0.003594249952584505,0.08,-0.001730504440647541
0.05,0.028517697006464005,0.08,-0.001730504440647541
0.06,0.01629660278558731,0.08,-0.001730504440647541
0.12,-0.00860158447176218,0.08,-0.001730504440647541
0.061,-0.007973603904247284,0.08,-0.001730504440647541
0.04,-0.0034394320100545883,0.08,-0.001730504440647541
0.11,0.002622663974761963,0.08,-0.001730504440647541
0.11,-0.008400555700063705,0.08,-0.001730504440647541
0.1,-0.01589941792190075,0.08,-0.001730504440647541
0.12,-0.02168305218219757,0.08,-0.001730504440647541
0.13,-0.028941120952367783,0.08,-0.001730504440647541
0.13,-0.025060201063752174,0.08,-0.001730504440647541
0.14,-0.026396358385682106,0.08,-0.001730504440647541
0.07,0.007620992138981819,0.08,-0.001730504440647541
0.105,0.0005285441875457764,0.08,-0.001730504440647541
0.16,-0.03350646793842316,0.08,-0.001730504440647541
0.13,-0.011922324076294899,0.08,-0.001730504440647541
0.075,-0.004548082128167152,0.08,-0.001730504440647541
0.1,0.007312851957976818,0.08,-0.001730504440647541
0.09,0.005753904581069946,0.08,-0.001730504440647541
0.07,-0.013916019350290298,0.08,-0.001730504440647541
0.1,0.007188006769865751,0.08,-0.001730504440647541
0.065,-0.03497900813817978,0.08,-0.001730504440647541
0.065,-0.032817572355270386,0.08,-0.001730504440647541
0.095,-0.0063599515706300735,0.08,-0.001730504440647541
0.1,0.0026876255869865417,0.08,-0.001730504440647541
0.069,-0.005724700167775154,0.08,-0.001730504440647541
0.14,-0.02242717519402504,0.08,-0.001730504440647541
0.15,0.00665925070643425,0.08,-0.001730504440647541
0.085,0.01162155531346798,0.08,-0.001730504440647541
0.1,0.009099073708057404,0.08,-0.001730504440647541
0.14,-0.026134543120861053,0.08,-0.001730504440647541
0.13,-0.014906808733940125,0.08,-0.001730504440647541
0.12,-0.020657874643802643,0.08,-0.001730504440647541
0.05,0.01894484832882881,0.08,-0.001730504440647541
0.11,0.010894613340497017,0.08,-0.001730504440647541
0.12,-0.0031195771880447865,0.08,-0.001730504440647541
0.09,0.0069131264463067055,0.08,-0.001730504440647541
0.08,0.002583671361207962,0.08,-0.001730504440647541
0.03,0.013106785714626312,0.08,-0.001730504440647541
0.15,-0.00017328467220067978,0.08,-0.001730504440647541
0.14,-0.047555021941661835,0.08,-0.001730504440647541
0.13,-0.028265545144677162,0.08,-0.001730504440647541
0.12,-0.008190065622329712,0.08,-0.001730504440647541
0.036,-0.011914280243217945,0.08,-0.001730504440647541
0.12,-0.0069175600074231625,0.08,-0.001730504440647541
0.12,-0.006999604403972626,0.08,-0.001730504440647541
0.1,-0.00752188079059124,0.08,-0.001730504440647541
0.1,0.003108660690486431,0.08,-0.001730504440647541
0.065,-0.0465812161564827,0.08,-0.001730504440647541
0.1,0.011895591393113136,0.08,-0.001730504440647541
0.065,-0.03464498370885849,0.08,-0.001730504440647541
0.12,-0.02090158872306347,0.08,-0.001730504440647541
0.15,-0.0015257783234119415,0.08,-0.001730504440647541
0.065,-0.03336786478757858,0.08,-0.001730504440647541
0.065,-0.03596537560224533,0.08,-0.001730504440647541
0.12,0.0024856803938746452,0.08,-0.001730504440647541
0.13,-0.018088195472955704,0.08,-0.001730504440647541
0.06,-0.010574409738183022,0.08,-0.001730504440647541
0.12,-0.017336677759885788,0.08,-0.001730504440647541
0.07,-0.013034029863774776,0.08,-0.001730504440647541
0.07,-0.0011682398617267609,0.08,-0.001730504440647541
0.126,-0.03000010922551155,0.08,-0.001730504440647541
0.11,0.005543669685721397,0.08,-0.001730504440647541
0.14,-0.02486344426870346,0.08,-0.001730504440647541
0.08,0.027622174471616745,0.08,-0.001730504440647541
0.06,-0.023646710440516472,0.08,-0.001730504440647541
0.1,0.00266974326223135,0.08,-0.001730504440647541
0.11,0.0043859779834747314,0.08,-0.001730504440647541
0.09,0.01791057363152504,0.08,-0.001730504440647541
0.13,-0.026671934872865677,0.08,-0.001730504440647541
0.1,0.007049320265650749,0.08,-0.001730504440647541
0.065,-0.03440921753644943,0.08,-0.001730504440647541
0.13,-0.03582022339105606,0.08,-0.001730504440647541
0.07,0.003340881783515215,0.08,-0.001730504440647541
0.13,-0.028321050107479095,0.08,-0.001730504440647541
0.07,-0.011115867644548416,0.08,-0.001730504440647541
0.1,0.01616838201880455,0.08,-0.001730504440647541
0.13,-0.02405061013996601,0.08,-0.001730504440647541
0.1,0.003915827255696058,0.08,-0.001730504440647541
0.11,0.0074097635224461555,0.085,0.00016350670897189947
0.14,-0.018794240429997444,0.085,0.00016350670897189947
0.077,0.0028633326292037964,0.085,0.00016350670897189947
0.1,0.004915281198918819,0.085,0.00016350670897189947
0.08,0.0026766699738800526,0.085,0.00016350670897189947
0.1,0.0027498118579387665,0.085,0.00016350670897189947
0.08,0.024823643267154694,0.086,0.0006064780791111519
0.095,0.002887408249080181,0.087,0.0010645090748276752
0.15,0.0010926350951194763,0.088,0.001532497223366945
0.045,0.0016048206016421318,0.09,0.002417116877251147
0.11,0.01237310841679573,0.09,0.002417116877251147
0.06,0.014145967550575733,0.09,0.002417116877251147
0.11,0.005617012269794941,0.09,0.002417116877251147
0.12,-0.003979304805397987,0.09,0.002417116877251147
0.04,-0.002076558768749237,0.09,0.002417116877251147
0.05,-0.000283287838101387,0.09,0.002417116877251147
0.1,-0.003914088010787964,0.09,0.002417116877251147
0.12,-0.01646392047405243,0.09,0.002417116877251147
0.09,0.011233550496399403,0.09,0.002417116877251147
0.09,-0.0074516525492072105,0.09,0.002417116877251147
0.14,-0.026595262810587883,0.09,0.002417116877251147
0.1,0.012206521816551685,0.09,0.002417116877251147
0.09,-0.011696896515786648,0.09,0.002417116877251147
0.14,-0.046708330512046814,0.09,0.002417116877251147
0.08,-0.0012228302657604218,0.09,0.002417116877251147
0.12,-0.008944179862737656,0.09,0.002417116877251147
0.09,-0.0117754265666008,0.09,0.002417116877251147
0.12,-0.005018879193812609,0.09,0.002417116877251147
0.14,-0.02992798015475273,0.09,0.002417116877251147
0.1,0.03335166722536087,0.09,0.002417116877251147
0.14,-0.04642065614461899,0.09,0.002417116877251147
0.1,0.04360354691743851,0.09,0.002417116877251147
0.12,-0.0031616140622645617,0.09,0.002417116877251147
0.04,-0.0031174253672361374,0.09,0.002417116877251147
0.11,0.00553126260638237,0.09,0.002417116877251147
0.1,0.01715908758342266,0.09,0.002417116877251147
0.07,-0.004009010270237923,0.09,0.002417116877251147
0.12,0.019966455176472664,0.09,0.002417116877251147
0.1,-0.0012392215430736542,0.09,0.002417116877251147
0.065,-0.03027113527059555,0.09,0.002417116877251147
0.06,-0.006756532937288284,0.09,0.002417116877251147
0.06,0.0016589919105172157,0.09,0.002417116877251147
0.05,-0.028365246951580048,0.09,0.002417116877251147
0.09,0.002139852847903967,0.09,0.002417116877251147
0.13,-0.03924261033535004,0.09,0.002417116877251147
0.1,-1.4388933777809143e-05,0.09,0.002417116877251147
0.13,0.0005869679152965546,0.09,0.002417116877251147
0.124,-0.03594189137220383,0.09,0.002417116877251147
0.12,-0.0344180092215538,0.09,0.002417116877251147
0.095,-0.015601840801537037,0.09,0.002417116877251147
0.065,-0.04663827270269394,0.09,0.002417116877251147
0.05,-0.015919163823127747,0.09,0.002417116877251147
0.065,-0.03562663868069649,0.09,0.002417116877251147
0.12,-0.011374128982424736,0.09,0.002417116877251147
0.1,-0.005300214514136314,0.09,0.002417116877251147
0.11,-0.022971544414758682,0.09,0.002417116877251147
0.04,0.014013216830790043,0.09,0.002417116877251147
0.15,-0.010644607245922089,0.09,0.002417116877251147
0.08,-0.0009885551407933235,0.09,0.002417116877251147
0.07,-0.019210966303944588,0.09,0.002417116877251147
0.13,-0.020802687853574753,0.09,0.002417116877251147
0.1,-0.007120520807802677,0.09,0.002417116877251147
0.12,-0.009466065093874931,0.09,0.002417116877251147
0.14,-0.022668801248073578,0.09,0.002417116877251147
0.12,-0.012153223156929016,0.09,0.002417116877251147
0.09,0.002601749962195754,0.09,0.002417116877251147
0.1,0.004784326534718275,0.09,0.002417116877251147
0.08,0.015256683342158794,0.09,0.002417116877251147
0.13,-0.04193972796201706,0.09,0.002417116877251147
0.1,-0.01068534143269062,0.09,0.002417116877251147
0.1,0.009725300595164299,0.09,0.002417116877251147
0.1,-0.011538997292518616,0.09,0.002417116877251147
0.05,0.019230658188462257,0.09,0.002417116877251147
0.13,-0.044924382120370865,0.09,0.002417116877251147
0.13,-0.03317822888493538,0.09,0.002417116877251147
0.124,-0.06314907222986221,0.09,0.002417116877251147
0.1,0.009350385516881943,0.09,0.002417116877251147
0.08,0.004937855061143637,0.09,0.002417116877251147
0.09,0.01800011470913887,0.09,0.002417116877251147
0.05,0.0014606751501560211,0.09,0.002417116877251147
0.12,-0.015003712847828865,0.09,0.002417116877251147
0.12,-0.007136762607842684,0.09,0.002417116877251147
0.03,0.002088005654513836,0.09,0.002417116877251147
0.09,0.0046462612226605415,0.09,0.002417116877251147
0.1,0.00014336127787828445,0.09,0.002417116877251147
0.1,-0.006262432783842087,0.09,0.002417116877251147
0.09,0.009860293939709663,0.09,0.002417116877251147
0.13,-0.021965615451335907,0.09,0.002417116877251147
0.111,0.01697305589914322,0.09,0.002417116877251147
0.075,0.014813493005931377,0.09,0.002417116877251147
0.1,0.014850041829049587,0.09,0.002417116877251147
0.13,-0.044756487011909485,0.09,0.002417116877251147
0.05,-0.04069288820028305,0.09,0.002417116877251147
0.13,-0.03622094541788101,0.09,0.002417116877251147
0.157,0.00974171794950962,0.09,0.002417116877251147
0.12,-0.012492366135120392,0.09,0.002417116877251147
0.13,0.010001719929277897,0.09,0.002417116877251147
0.1,0.0017186347395181656,0.09,0.002417116877251147
0.11,0.007694781757891178,0.09,0.002417116877251147
0.12,-0.010781021788716316,0.09,0.002417116877251147
0.08,0.005857347510755062,0.09,0.002417116877251147
0.05,-0.015803538262844086,0.09,0.002417116877251147
0.08,-0.010349215939640999,0.09,0.002417116877251147
0.1,0.0007904302328824997,0.09,0.002417116877251147
0.12,-0.04694496840238571,0.09,0.002417116877251147
0.08,-0.0006406176835298538,0.09,0.002417116877251147
0.15,-0.012865658849477768,0.09,0.002417116877251147
0.04,0.011414884589612484,0.09,0.002417116877251147
0.1,0.0027897381223738194,0.09,0.002417116877251147
0.08,0.006548519711941481,0.09,0.002417116877251147
0.1,0.006828813813626766,0.09,0.002417116877251147
0.12,-0.0033923787996172905,0.09,0.002417116877251147
0.095,-0.0041099656373262405,0.09,0.002417116877251147
0.14,-0.02544425241649151,0.09,0.002417116877251147
0.045,-0.014897827059030533,0.09,0.002417116877251147
0.05,0.025977756828069687,0.09,0.002417116877251147
0.1,-0.0064764805138111115,0.09,0.002417116877251147
0.11,0.0020973291248083115,0.09,0.002417116877251147
0.12,-0.015388096682727337,0.09,0.002417116877251147
0.12,-0.008385654538869858,0.09,0.002417116877251147
0.12,-0.045915208756923676,0.09,0.002417116877251147
0.15,-0.02561112493276596,0.09,0.002417116877251147
0.09,0.002249371027573943,0.09,0.002417116877251147
0.1,-0.0026212651282548904,0.09,0.002417116877251147
0.08,0.022593270987272263,0.09,0.002417116877251147
0.1,0.002869094256311655,0.09,0.002417116877251147
0.06,-0.015242837369441986,0.09,0.002417116877251147
0.04,-0.0048081763088703156,0.09,0.002417116877251147
0.1,0.0014858366921544075,0.09,0.002417116877251147
0.1,0.001555626280605793,0.09,0.002417116877251147
0.12,-0.0010127462446689606,0.09,0.002417116877251147
0.09,0.010008906945586205,0.092,0.0025899087132698452
0.13,-0.04000556841492653,0.094,0.0028707154488495485
0.07,-0.00810269732028246,0.095,0.002988591417484682
0.14,-0.019577186554670334,0.095,0.002988591417484682
0.06,0.0004602242261171341,0.095,0.002988591417484682
0.078,-0.0004955818876624107,0.095,0.002988591417484682
0.13,-0.040727827697992325,0.095,0.002988591417484682
0.1,-0.0019818153232336044,0.095,0.002988591417484682
0.05,-0.003032134845852852,0.095,0.002988591417484682
0.15,-0.005402114242315292,0.095,0.002988591417484682
0.07,0.03109288588166237,0.095,0.002988591417484682
0.065,-0.00795871950685978,0.095,0.002988591417484682
0.07,-0.012660158798098564,0.095,0.002988591417484682
0.12,0.02346794679760933,0.095,0.002988591417484682
0.11,0.006853832397609949,0.095,0.002988591417484682
0.12,-0.0034020491875708103,0.095,0.002988591417484682
0.14,-0.019773490726947784,0.095,0.002988591417484682
0.13,-0.03969718888401985,0.095,0.002988591417484682
0.114,0.036444202065467834,0.095,0.002988591417484682
0.12,-0.01690707542002201,0.095,0.002988591417484682
0.04,0.011149286292493343,0.095,0.002988591417484682
0.12,-0.024923188611865044,0.095,0.002988591417484682
0.116,-0.011007076129317284,0.095,0.002988591417484682
0.14,-0.04278305917978287,0.095,0.002988591417484682
0.12,-0.016738226637244225,0.095,0.002988591417484682
0.15,-0.014573115855455399,0.0975,0.0020075801704893172
0.1,-0.008992806077003479,0.0975,0.0020075801704893172
0.12,-0.01672750897705555,0.0975,0.0020075801704893172
0.04,-0.006761396303772926,0.0975,0.0020075801704893172
0.12,-0.018596632406115532,0.0975,0.0020075801704893172
0.1,0.013903181999921799,0.0975,0.0020075801704893172
0.1,0.005839027464389801,0.0975,0.0020075801704893172
0.09,0.009014451876282692,0.099,0.0018484517678576176
0.03,-0.01011710800230503,0.1,0.0016582980017930617
0.12,-0.0030740280635654926,0.1,0.0016582980017930617
0.09,-0.0129010621458292,0.1,0.0016582980017930617
0.12,-0.028013985604047775,0.1,0.0016582980017930617
0.07,-0.004019254818558693,0.1,0.0016582980017930617
0.09,0.004012470133602619,0.1,0.0016582980017930617
0.14,-0.0397946760058403,0.1,0.0016582980017930617
0.1,0.017608294263482094,0.1,0.0016582980017930617
0.12,-0.012956209480762482,0.1,0.0016582980017930617
0.05,-0.006527971476316452,0.1,0.0016582980017930617
0.13,-0.028948312625288963,0.1,0.0016582980017930617
0.13,-0.013227138668298721,0.1,0.0016582980017930617
0.14,-0.02377198077738285,0.1,0.0016582980017930617
0.15,0.0009200833737850189,0.1,0.0016582980017930617
0.12,-0.0043320562690496445,0.1,0.0016582980017930617
0.133,-0.025677889585494995,0.1,0.0016582980017930617
0.12,-0.003742071334272623,0.1,0.0016582980017930617
0.1,0.0013656262308359146,0.1,0.0016582980017930617
0.085,-0.004370419308543205,0.1,0.0016582980017930617
0.13,-0.025563327595591545,0.1,0.0016582980017930617
0.12,-0.00833852868527174,0.1,0.0016582980017930617
0.13,0.00012804940342903137,0.1,0.0016582980017930617
0.055,-0.012877585366368294,0.1,0.0016582980017930617
0.13,-0.03806212544441223,0.1,0.0016582980017930617
0.07,0.004066938534379005,0.1,0.0016582980017930617
0.075,-0.006241118535399437,0.1,0.0016582980017930617
0.08,-0.0051201824098825455,0.1,0.0016582980017930617
0.08,-0.011042371392250061,0.1,0.0016582980017930617
0.11,0.0029608067125082016,0.1,0.0016582980017930617
0.12,-0.007730522658675909,0.1,0.0016582980017930617
0.11,0.00971224159002304,0.1,0.0016582980017930617
0.1,-0.0025317370891571045,0.1,0.0016582980017930617
0.15,-0.02125326171517372,0.1,0.0016582980017930617
0.15,-0.004831058904528618,0.1,0.0016582980017930617
0.1,0.00356222502887249,0.1,0.0016582980017930617
0.08,-0.003953852690756321,0.1,0.0016582980017930617
0.09,-0.005019097588956356,0.1,0.0016582980017930617
0.1,0.01131671853363514,0.1,0.0016582980017930617
0.1,0.007504649460315704,0.1,0.0016582980017930617
0.14,-0.013481969945132732,0.1,0.0016582980017930617
0.13,-0.01781575009226799,0.1,0.0016582980017930617
0.06,-0.02286728285253048,0.1,0.0016582980017930617
0.07,-0.0008214241825044155,0.1,0.0016582980017930617
0.065,-0.03678465262055397,0.1,0.0016582980017930617
0.0975,-0.028023552149534225,0.1,0.0016582980017930617
0.15,-8.041784167289734e-05,0.1,0.0016582980017930617
0.12,-0.031884439289569855,0.1,0.0016582980017930617
0.05,-0.01700352504849434,0.1,0.0016582980017930617
0.12,-0.009208504110574722,0.1,0.0016582980017930617
0.04,-0.0011564409360289574,0.1,0.0016582980017930617
0.09,0.006643911823630333,0.1,0.0016582980017930617
0.04,0.020124781876802444,0.1,0.0016582980017930617
0.13,-0.0366390086710453,0.1,0.0016582980017930617
0.095,-0.008150756359100342,0.1,0.0016582980017930617
0.07,-0.0011161044239997864,0.1,0.0016582980017930617
0.1,0.0006298883818089962,0.1,0.0016582980017930617
0.07,-0.0016860510222613811,0.1,0.0016582980017930617
0.05,0.013387862592935562,0.1,0.0016582980017930617
0.07,0.003919110167771578,0.1,0.0016582980017930617
0.1,-0.0016365395858883858,0.1,0.0016582980017930617
0.05,-0.026744671165943146,0.1,0.0016582980017930617
0.1,-0.008329877629876137,0.1,0.0016582980017930617
0.1,0.014223475940525532,0.1,0.0016582980017930617
0.1,0.0030282395891845226,0.1,0.0016582980017930617
0.05,-0.037606313824653625,0.1,0.0016582980017930617
0.08,-0.01197616197168827,0.1,0.0016582980017930617
0.095,-0.015799056738615036,0.1,0.0016582980017930617
0.12,-0.0259639210999012,0.1,0.0016582980017930617
0.095,-0.01011926680803299,0.1,0.0016582980017930617
0.07,-0.016568979248404503,0.1,0.0016582980017930617
0.12,-0.02150210365653038,0.1,0.0016582980017930617
0.09,0.008892443031072617,0.1,0.0016582980017930617
0.06,0.002942250110208988,0.1,0.0016582980017930617
0.095,0.0012501874007284641,0.1,0.0016582980017930617
0.12,-0.013086182065308094,0.1,0.0016582980017930617
0.06,-0.02396560274064541,0.1,0.0016582980017930617
0.0975,-0.0072387997061014175,0.1,0.0016582980017930617
0.13,-0.0430259145796299,0.1,0.0016582980017930617
0.065,-0.0037052128463983536,0.1,0.0016582980017930617
0.07,0.0033967094495892525,0.1,0.0016582980017930617
0.04,-0.014501897618174553,0.1,0.0016582980017930617
0.09,-0.0135076604783535,0.1,0.0016582980017930617
0.1,0.005921167321503162,0.1,0.0016582980017930617
0.13,-0.035405561327934265,0.1,0.0016582980017930617
0.1,-0.001257704570889473,0.1,0.0016582980017930617
0.1,0.005105623975396156,0.1,0.0016582980017930617
0.06,-0.026256849989295006,0.1,0.0016582980017930617
0.12,-0.006087667308747768,0.1,0.0016582980017930617
0.065,-0.0036240830086171627,0.1,0.0016582980017930617
0.1,0.008542866446077824,0.1,0.0016582980017930617
0.12,-0.008868849836289883,0.1,0.0016582980017930617
0.1,0.011881289072334766,0.1,0.0016582980017930617
0.135,-0.027938006445765495,0.1,0.0016582980017930617
0.065,0.056996166706085205,0.1,0.0016582980017930617
0.095,0.027781149372458458,0.1,0.0016582980017930617
0.06,-0.028114762157201767,0.1,0.0016582980017930617
0.1,-0.0021918751299381256,0.1,0.0016582980017930617
0.15,-0.023995351046323776,0.1,0.0016582980017930617
0.08,0.016122080385684967,0.1,0.0016582980017930617
0.09,0.009471939876675606,0.1,0.0016582980017930617
0.155,-0.026880305260419846,0.1,0.0016582980017930617
0.04,-0.015186753123998642,0.1,0.0016582980017930617
0.13,-0.017841637134552002,0.1,0.0016582980017930617
0.12,-0.0056419288739562035,0.1,0.0016582980017930617
0.106,0.005244802683591843,0.1,0.0016582980017930617
0.04,0.001917526125907898,0.1,0.0016582980017930617
0.12,0.023105040192604065,0.1,0.0016582980017930617
0.13,-0.02798410691320896,0.1,0.0016582980017930617
0.08,0.02071119099855423,0.1,0.0016582980017930617
0.09,0.013411425054073334,0.1,0.0016582980017930617
0.12,-0.015432959422469139,0.1,0.0016582980017930617
0.07,-0.010739827528595924,0.1,0.0016582980017930617
0.065,-0.04436655342578888,0.1,0.0016582980017930617
0.13,-0.015312669798731804,0.1,0.0016582980017930617
0.12,-0.008510356768965721,0.1,0.0016582980017930617
0.1,0.009080718271434307,0.1,0.0016582980017930617
0.15,-0.004286538809537888,0.1,0.0016582980017930617
0.12,-0.03811908885836601,0.1,0.0016582980017930617
0.09,0.005244494881480932,0.1,0.0016582980017930617
0.14,-0.02478152886033058,0.1,0.0016582980017930617
0.11,0.0057381391525268555,0.1,0.0016582980017930617
0.13,-0.03526730835437775,0.1,0.0016582980017930617
0.06,-0.01672321930527687,0.1,0.0016582980017930617
0.06,-0.02255595102906227,0.1,0.0016582980017930617
0.07,-0.008003879338502884,0.1,0.0016582980017930617
0.07,-0.013193734921514988,0.1,0.0016582980017930617
0.12,-0.013374246656894684,0.1,0.0016582980017930617
0.04,-0.0038444679230451584,0.1,0.0016582980017930617
0.126,-0.06299513578414917,0.1,0.0016582980017930617
0.1,-0.007784203626215458,0.1,0.0016582980017930617
0.04,0.015568692237138748,0.1,0.0016582980017930617
0.1,0.0021453769877552986,0.1,0.0016582980017930617
0.07,-0.005582297220826149,0.1,0.0016582980017930617
0.04,-0.0146445631980896,0.1,0.0016582980017930617
0.06,0.0013543032109737396,0.1,0.0016582980017930617
0.11,0.004152561537921429,0.1,0.0016582980017930617
0.075,-0.011962676420807838,0.1,0.0016582980017930617
0.13,-0.02256050705909729,0.1,0.0016582980017930617
0.13,-0.014356499537825584,0.1,0.0016582980017930617
0.12,-0.03888322785496712,0.1,0.0016582980017930617
0.1,-0.002400496043264866,0.1,0.0016582980017930617
0.04,-0.011128673329949379,0.1,0.0016582980017930617
0.1,0.009699070826172829,0.1,0.0016582980017930617
0.05,-0.007658723741769791,0.1,0.0016582980017930617
0.12,-0.007444471120834351,0.1,0.0016582980017930617
0.13,-0.010046904906630516,0.1,0.0016582980017930617
0.12,-0.009934134781360626,0.1,0.0016582980017930617
0.1,0.026161491870880127,0.1,0.0016582980017930617
0.07,-0.010837141424417496,0.1,0.0016582980017930617
0.095,0.00927648227661848,0.1,0.0016582980017930617
0.15,-0.011133229359984398,0.1,0.0016582980017930617
0.12,-0.0036423029378056526,0.1,0.0016582980017930617
0.106,0.004840187728404999,0.1,0.0016582980017930617
0.03,-0.011743380688130856,0.1,0.0016582980017930617
0.1,0.012982213869690895,0.1,0.0016582980017930617
0.12,-0.006644652225077152,0.1,0.0016582980017930617
0.1,0.007246072869747877,0.1,0.0016582980017930617
0.07,0.029578976333141327,0.1,0.0016582980017930617
0.05,0.015416841953992844,0.1,0.0016582980017930617
0.1,0.009966686367988586,0.1,0.0016582980017930617
0.15,-0.04649224132299423,0.1,0.0016582980017930617
0.075,0.0028370115906000137,0.1,0.0016582980017930617
0.1,0.018327347934246063,0.1,0.0016582980017930617
0.1,0.0030326135456562042,0.1,0.0016582980017930617
0.06,-0.008619062602519989,0.1,0.0016582980017930617
0.12,-0.019428474828600883,0.1,0.0016582980017930617
0.1,0.006006017327308655,0.1,0.0016582980017930617
0.13,-0.026929248124361038,0.1,0.0016582980017930617
0.1,0.023561274632811546,0.1,0.0016582980017930617
0.11,0.0001639723777770996,0.1,0.0016582980017930617
0.12,-0.011303244158625603,0.1,0.0016582980017930617
0.09,0.004256346728652716,0.1,0.0016582980017930617
0.13,-0.030045056715607643,0.1,0.0016582980017930617
0.08,-0.0035090474411845207,0.1,0.0016582980017930617
0.07,-0.004149984568357468,0.1,0.0016582980017930617
0.12,-0.02855493128299713,0.1,0.0016582980017930617
0.06,-0.019577106460928917,0.1,0.0016582980017930617
0.11,-0.00038744229823350906,0.1,0.0016582980017930617
0.04,-0.012099016457796097,0.1,0.0016582980017930617
0.08,0.015214872546494007,0.1,0.0016582980017930617
0.115,0.00027020182460546494,0.1,0.0016582980017930617
0.13,-0.032885268330574036,0.1,0.0016582980017930617
0.14,-0.016026899218559265,0.1,0.0016582980017930617
0.1,0.010225306265056133,0.1,0.0016582980017930617
0.06,-0.02455556020140648,0.1,0.0016582980017930617
0.06,0.00046220235526561737,0.1,0.0016582980017930617
0.11,0.003268740139901638,0.1,0.0016582980017930617
0.11,0.013210964389145374,0.1,0.0016582980017930617
0.14,-0.02788252755999565,0.1,0.0016582980017930617
0.09,-0.004139019176363945,0.1,0.0016582980017930617
0.08,0.017793972045183182,0.1,0.0016582980017930617
0.1,-0.012110993266105652,0.1,0.0016582980017930617
0.08,0.041856762021780014,0.1,0.0016582980017930617
0.04,0.006750504486262798,0.1,0.0016582980017930617
0.12,-0.01635223627090454,0.1,0.0016582980017930617
0.09,-0.014568811282515526,0.1,0.0016582980017930617
0.095,-0.009369990788400173,0.1,0.0016582980017930617
0.12,-0.017503775656223297,0.1,0.0016582980017930617
0.1,0.0038363956846296787,0.1,0.0016582980017930617
0.065,0.03222958371043205,0.1,0.0016582980017930617
0.095,-0.003415308892726898,0.1,0.0016582980017930617
0.12,-0.01620212383568287,0.1,0.0016582980017930617
0.095,0.033738911151885986,0.1,0.0016582980017930617
0.115,-0.018568983301520348,0.1,0.0016582980017930617
0.12,-0.017714880406856537,0.1,0.0016582980017930617
0.11,-0.0018231011927127838,0.1,0.0016582980017930617
0.1,0.009311700239777565,0.1,0.0016582980017930617
0.05,0.02522280625998974,0.1,0.0016582980017930617
0.12,-0.025256723165512085,0.1,0.0016582980017930617
0.1,-0.005501201376318932,0.1,0.0016582980017930617
0.1,0.0026651136577129364,0.1,0.0016582980017930617
0.09,-0.00540778785943985,0.1,0.0016582980017930617
0.06,0.023407576605677605,0.1,0.0016582980017930617
0.1,0.004028520546853542,0.1,0.0016582980017930617
0.13,-0.03407659754157066,0.1,0.0016582980017930617
0.04,-0.0031058844178915024,0.1,0.0016582980017930617
0.1,-0.012564260512590408,0.1,0.0016582980017930617
0.09,0.00602591410279274,0.1,0.0016582980017930617
0.12,0.0018399432301521301,0.1,0.0016582980017930617
0.05,0.014363599941134453,0.1,0.0016582980017930617
0.07,-0.004371006041765213,0.1,0.0016582980017930617
0.08,-0.0033349008299410343,0.1,0.0016582980017930617
0.14,-0.02216305397450924,0.1,0.0016582980017930617
0.1,0.011499829590320587,0.1,0.0016582980017930617
0.1,0.006456845439970493,0.1,0.0016582980017930617
0.12,-0.011687247082591057,0.1,0.0016582980017930617
0.11,0.008749566972255707,0.1,0.0016582980017930617
0.065,-0.03635585308074951,0.1,0.0016582980017930617
0.04,-0.004679394885897636,0.1,0.0016582980017930617
0.14,-0.023896947503089905,0.1,0.0016582980017930617
0.065,-0.034488558769226074,0.1,0.0016582980017930617
0.13,-0.0473165437579155,0.1,0.0016582980017930617
0.09,0.017764827236533165,0.1,0.0016582980017930617
0.09,-0.004913953132927418,0.1,0.0016582980017930617
0.13,-0.027532920241355896,0.1,0.0016582980017930617
0.12,-0.008661003783345222,0.1,0.0016582980017930617
0.12,-0.00818836223334074,0.105,-0.0016272404178907744
0.15,0.0027197999879717827,0.105,-0.0016272404178907744
0.15,-0.0483953058719635,0.105,-0.0016272404178907744
0.11,0.0021194973960518837,0.105,-0.0016272404178907744
0.1,-0.0018390268087387085,0.105,-0.0016272404178907744
0.065,-0.032639987766742706,0.105,-0.0016272404178907744
0.12,-0.03506193310022354,0.105,-0.0016272404178907744
0.06,-0.018419338390231133,0.106,-0.00204167942423191
0.13,-0.02768668718636036,0.106,-0.00204167942423191
0.12,-0.024854162707924843,0.106,-0.00204167942423191
0.11,0.006150226108729839,0.106,-0.00204167942423191
0.1,-0.0003996351733803749,0.11,-0.004102083589520593
0.1,0.009503811597824097,0.11,-0.004102083589520593
0.12,-0.014469217509031296,0.11,-0.004102083589520593
0.12,0.0005775615572929382,0.11,-0.004102083589520593
0.12,-0.0023573245853185654,0.11,-0.004102083589520593
0.09,0.004768126644194126,0.11,-0.004102083589520593
0.09,0.007337724789977074,0.11,-0.004102083589520593
0.07,-0.0052094412967562675,0.11,-0.004102083589520593
0.095,0.0013673445209860802,0.11,-0.004102083589520593
0.1,0.005966295953840017,0.11,-0.004102083589520593
0.085,0.0013900466728955507,0.11,-0.004102083589520593
0.065,-0.031295277178287506,0.11,-0.004102083589520593
0.12,-0.01469805371016264,0.11,-0.004102083589520593
0.09,0.001664473908022046,0.11,-0.004102083589520593
0.03,-0.006890486925840378,0.11,-0.004102083589520593
0.12,-0.0031953132711350918,0.11,-0.004102083589520593
0.09,-0.013190524652600288,0.11,-0.004102083589520593
0.14,-0.037580378353595734,0.11,-0.004102083589520593
0.07,0.02787717990577221,0.11,-0.004102083589520593
0.09,-0.010838523507118225,0.11,-0.004102083589520593
0.065,-0.041423242539167404,0.11,-0.004102083589520593
0.06,-0.03045492433011532,0.11,-0.004102083589520593
0.13,-0.02688371203839779,0.11,-0.004102083589520593
0.1,0.011202816851437092,0.11,-0.004102083589520593
0.05,-0.012506719678640366,0.11,-0.004102083589520593
0.12,-0.022314559668302536,0.11,-0.004102083589520593
0.12,-0.0007121947128325701,0.11,-0.004102083589520593
0.1,0.0008819214999675751,0.11,-0.004102083589520593
0.065,-0.032399892807006836,0.11,-0.004102083589520593
0.07,0.003726570401340723,0.11,-0.004102083589520593
0.09,0.025177907198667526,0.11,-0.004102083589520593
0.09,0.00046851858496665955,0.11,-0.004102083589520593
0.07,-0.000831285840831697,0.11,-0.004102083589520593
0.12,0.015981271862983704,0.11,-0.004102083589520593
0.12,-0.0027626464143395424,0.11,-0.004102083589520593
0.04,-0.0117279551923275,0.11,-0.004102083589520593
0.13,-0.01848176307976246,0.11,-0.004102083589520593
0.065,-0.03413949906826019,0.11,-0.004102083589520593
0.07,-0.006367962807416916,0.11,-0.004102083589520593
0.08,0.018062688410282135,0.11,-0.004102083589520593
0.1,0.0027139130979776382,0.11,-0.004102083589520593
0.09,0.004215157590806484,0.11,-0.004102083589520593
0.1,0.010246586054563522,0.11,-0.004102083589520593
0.09,-0.003952540922909975,0.11,-0.004102083589520593
0.075,0.00021504517644643784,0.11,-0.004102083589520593
0.14,-0.026781298220157623,0.11,-0.004102083589520593
0.0975,-0.0006261169910430908,0.11,-0.004102083589520593
0.09,0.003527744673192501,0.11,-0.004102083589520593
0.08,0.0052294060587882996,0.11,-0.004102083589520593
0.08,-0.004984821192920208,0.11,-0.004102083589520593
0.11,-0.0029796622693538666,0.11,-0.004102083589520593
0.06,-0.008471108973026276,0.11,-0.004102083589520593
0.1,0.0001739542931318283,0.11,-0.004102083589520593
0.1,0.007931189611554146,0.11,-0.004102083589520593
0.12,-0.024179009720683098,0.11,-0.004102083589520593
0.1,0.0009036781266331673,0.11,-0.004102083589520593
0.12,-0.007678475230932236,0.11,-0.004102083589520593
0.13,-0.02541443146765232,0.11,-0.004102083589520593
0.065,-0.03467801958322525,0.11,-0.004102083589520593
0.1,0.010362918488681316,0.11,-0.004102083589520593
0.065,-0.031122561544179916,0.11,-0.004102083589520593
0.15,-0.029949679970741272,0.11,-0.004102083589520593
0.13,-0.016665665432810783,0.11,-0.004102083589520593
0.08,0.0025397371500730515,0.11,-0.004102083589520593
0.08,0.007175840437412262,0.11,-0.004102083589520593
0.05,-0.02397925779223442,0.11,-0.004102083589520593
0.065,-0.03983983397483826,0.11,-0.004102083589520593
0.13,-0.02984686568379402,0.11,-0.004102083589520593
0.06,0.010808167979121208,0.11,-0.004102083589520593
0.07,0.004105399362742901,0.11,-0.004102083589520593
0.1,0.006004705093801022,0.11,-0.004102083589520593
0.09,0.011801055632531643,0.11,-0.004102083589520593
0.12,-0.003564489772543311,0.11,-0.004102083589520593
0.12,0.00018464215099811554,0.11,-0.004102083589520593
0.1,0.00904505979269743,0.11,-0.004102083589520593
0.1,0.006865066010504961,0.11,-0.004102083589520593
0.11,0.0320294052362442,0.11,-0.004102083589520593
0.095,0.008790558204054832,0.11,-0.004102083589520593
0.12,-0.018025023862719536,0.111,-0.004984485254536109
0.095,0.002792111597955227,0.114,-0.007550115733782051
0.09,0.0177580788731575,0.114,-0.007550115733782051
0.11,0.00011784769594669342,0.115,-0.00838051466606558
0.14,-0.019744280725717545,0.115,-0.00838051466606558
0.14,-0.021304000169038773,0.115,-0.00838051466606558
0.1,0.020497631281614304,0.116,-0.009198537459198691
0.13,-0.029160503298044205,0.117,-0.009988225764645893
0.08,-0.0028169360011816025,0.12,-0.012239615566651126
0.11,0.0046127187088131905,0.12,-0.012239615566651126
0.1,0.009414222091436386,0.12,-0.012239615566651126
0.05,-0.013164930045604706,0.12,-0.012239615566651126
0.03,0.01233510673046112,0.12,-0.012239615566651126
0.07,0.02709481492638588,0.12,-0.012239615566651126
0.14,0.003313954919576645,0.12,-0.012239615566651126
0.092,0.0018706547562032938,0.12,-0.012239615566651126
0.09,0.010847553610801697,0.12,-0.012239615566651126
0.04,0.015674732625484467,0.12,-0.012239615566651126
0.04,-0.001782633364200592,0.12,-0.012239615566651126
0.12,-0.020671656355261803,0.12,-0.012239615566651126
0.06,0.009150239638984203,0.12,-0.012239615566651126
0.04,-0.025184396654367447,0.12,-0.012239615566651126
0.13,-0.036545529961586,0.12,-0.012239615566651126
0.12,0.01972644403576851,0.12,-0.012239615566651126
0.03,-0.02941645309329033,0.12,-0.012239615566651126
0.13,-0.02098054066300392,0.12,-0.012239615566651126
0.14,-0.03101257234811783,0.12,-0.012239615566651126
0.06,-0.0022319499403238297,0.12,-0.012239615566651126
0.15,-0.013092881068587303,0.12,-0.012239615566651126
0.08,0.029263213276863098,0.12,-0.012239615566651126
0.07,-0.007308591157197952,0.12,-0.012239615566651126
0.11,-0.0006519630551338196,0.12,-0.012239615566651126
0.13,-0.03917332738637924,0.12,-0.012239615566651126
0.065,-0.01619359478354454,0.12,-0.012239615566651126
0.11,0.0048936400562524796,0.12,-0.012239615566651126
0.037,-0.004258643835783005,0.12,-0.012239615566651126
0.135,-0.0163249708712101,0.12,-0.012239615566651126
0.1,0.02643461897969246,0.12,-0.012239615566651126
0.14,-0.007038092240691185,0.12,-0.012239615566651126
0.13,-0.02948819100856781,0.12,-0.012239615566651126
0.065,-0.03844015672802925,0.12,-0.012239615566651126
0.13,-0.0362311415374279,0.12,-0.012239615566651126
0.1,0.018530163913965225,0.12,-0.012239615566651126
0.14,-0.02831161394715309,0.12,-0.012239615566651126
0.1,0.004606167320162058,0.12,-0.012239615566651126
0.07,-0.010251827538013458,0.12,-0.012239615566651126
0.1,0.01205394696444273,0.12,-0.012239615566651126
0.12,-0.03665417432785034,0.12,-0.012239615566651126
0.078,0.013009963557124138,0.12,-0.012239615566651126
0.12,0.013450570404529572,0.12,-0.012239615566651126
0.07,0.0038031102158129215,0.12,-0.012239615566651126
0.12,-0.016066696494817734,0.12,-0.012239615566651126
0.12,-0.012307594530284405,0.12,-0.012239615566651126
0.1,0.006552643142640591,0.12,-0.012239615566651126
0.105,0.0035620201379060745,0.12,-0.012239615566651126
0.06,0.0026489002630114555,0.12,-0.012239615566651126
0.13,-0.031320586800575256,0.12,-0.012239615566651126
0.15,-0.004112618044018745,0.12,-0.012239615566651126
0.09,-0.012183429673314095,0.12,-0.012239615566651126
0.1,0.005569387227296829,0.12,-0.012239615566651126
0.12,-0.015369092114269733,0.12,-0.012239615566651126
0.13,0.020819073542952538,0.12,-0.012239615566651126
0.1,0.008993417024612427,0.12,-0.012239615566651126
0.13,-0.025442685931921005,0.12,-0.012239615566651126
0.05,-0.01596911810338497,0.12,-0.012239615566651126
0.13,-0.03808892145752907,0.12,-0.012239615566651126
0.07,-0.001611580839380622,0.12,-0.012239615566651126
0.04,-0.002052275463938713,0.12,-0.012239615566651126
0.06,-0.012915799394249916,0.12,-0.012239615566651126
0.06,-0.01077441405504942,0.12,-0.012239615566651126
0.13,-0.01206233911216259,0.12,-0.012239615566651126
0.1,0.0010674996301531792,0.12,-0.012239615566651126
0.07,-0.007222933694720268,0.12,-0.012239615566651126
0.06,-0.02317042648792267,0.12,-0.012239615566651126
0.07,-0.016791876405477524,0.12,-0.012239615566651126
0.05,-0.017344370484352112,0.12,-0.012239615566651126
0.09,0.005596961360424757,0.12,-0.012239615566651126
0.09,0.0043870918452739716,0.12,-0.012239615566651126
0.046,0.010539449751377106,0.12,-0.012239615566651126
0.13,-0.045063018798828125,0.12,-0.012239615566651126
0.15,0.0033699460327625275,0.12,-0.012239615566651126
0.09,-0.006645551882684231,0.12,-0.012239615566651126
0.1,0.0034779568668454885,0.12,-0.012239615566651126
0.09,0.027561955153942108,0.12,-0.012239615566651126
0.1,0.012367414310574532,0.12,-0.012239615566651126
0.12,-0.03062266856431961,0.12,-0.012239615566651126
0.1,-0.007810060866177082,0.12,-0.012239615566651126
0.05,0.002723896875977516,0.12,-0.012239615566651126
0.09,-0.015556765720248222,0.12,-0.012239615566651126
0.15,0.002691298723220825,0.12,-0.012239615566651126
0.1,0.027257371693849564,0.12,-0.012239615566651126
0.1,-0.0034052073024213314,0.12,-0.012239615566651126
0.13,-0.030810032039880753,0.12,-0.012239615566651126
0.09,0.0053176553919911385,0.12,-0.012239615566651126
0.09,-0.013126898556947708,0.12,-0.012239615566651126
0.1,0.0025145700201392174,0.12,-0.012239615566651126
0.09,0.017352446913719177,0.12,-0.012239615566651126
0.13,-0.037993788719177246,0.12,-0.012239615566651126
0.13,-0.03822970762848854,0.12,-0.012239615566651126
0.1,0.010440603829920292,0.12,-0.012239615566651126
0.12,-0.0051702638156712055,0.12,-0.012239615566651126
0.1,-0.002736111171543598,0.12,-0.012239615566651126
0.12,-0.01841653324663639,0.12,-0.012239615566651126
0.13,-0.015219761058688164,0.12,-0.012239615566651126
0.09,-0.0017548687756061554,0.12,-0.012239615566651126
0.12,-0.008259736001491547,0.12,-0.012239615566651126
0.07,-0.00683673657476902,0.12,-0.012239615566651126
0.065,-0.0054972534999251366,0.12,-0.012239615566651126
0.13,-0.029126746580004692,0.12,-0.012239615566651126
0.08,-0.005838552489876747,0.12,-0.012239615566651126
0.07,-0.010954923927783966,0.12,-0.012239615566651126
0.065,-0.04284070432186127,0.12,-0.012239615566651126
0.065,0.058758486062288284,0.12,-0.012239615566651126
0.08,-0.0004962151870131493,0.12,-0.012239615566651126
0.06,-0.021324343979358673,0.12,-0.012239615566651126
0.07,-0.009116455912590027,0.12,-0.012239615566651126
0.12,-0.02933373861014843,0.12,-0.012239615566651126
0.065,-0.016820920631289482,0.12,-0.012239615566651126
0.12,-0.024246659129858017,0.12,-0.012239615566651126
0.13,-0.034769393503665924,0.12,-0.012239615566651126
0.1,0.007204122841358185,0.12,-0.012239615566651126
0.09,0.014040983282029629,0.12,-0.012239615566651126
0.07,0.005137097090482712,0.12,-0.012239615566651126
0.1,0.01942697912454605,0.12,-0.012239615566651126
0.13,-0.05560678243637085,0.12,-0.012239615566651126
0.077,-0.005436392035335302,0.12,-0.012239615566651126
0.04,-0.013342484831809998,0.12,-0.012239615566651126
0.08,0.006333229597657919,0.12,-0.012239615566651126
0.12,-0.025897923856973648,0.12,-0.012239615566651126
0.06,-0.010113615542650223,0.12,-0.012239615566651126
0.11,0.0035664746537804604,0.12,-0.012239615566651126
0.11,-0.0015288637951016426,0.12,-0.012239615566651126
0.08,-0.006853434257209301,0.12,-0.012239615566651126
0.156,-0.02585264854133129,0.12,-0.012239615566651126
0.13,-0.02768172323703766,0.12,-0.012239615566651126
0.08,0.010151594877243042,0.12,-0.012239615566651126
0.08,-0.009463353082537651,0.12,-0.012239615566651126
0.12,-0.0346592478454113,0.12,-0.012239615566651126
0.08,-0.0016078818589448929,0.12,-0.012239615566651126
0.13,-0.023478955030441284,0.12,-0.012239615566651126
0.12,-0.005271347239613533,0.12,-0.012239615566651126
0.06,0.008653215132653713,0.12,-0.012239615566651126
0.12,-0.034923333674669266,0.12,-0.012239615566651126
0.12,-0.020157771185040474,0.12,-0.012239615566651126
0.085,0.003030889667570591,0.12,-0.012239615566651126
0.13,-0.022767504677176476,0.12,-0.012239615566651126
0.07,0.0011195661500096321,0.12,-0.012239615566651126
0.09,0.001356593333184719,0.12,-0.012239615566651126
0.12,-0.0225900299847126,0.12,-0.012239615566651126
0.14,-0.02440042234957218,0.12,-0.012239615566651126
0.13,-0.03058677725493908,0.12,-0.012239615566651126
0.08,-0.012094881385564804,0.12,-0.012239615566651126
0.105,0.004282594658434391,0.12,-0.012239615566651126
0.1,-0.010270362719893456,0.12,-0.012239615566651126
0.1,-0.0039005791768431664,0.12,-0.012239615566651126
0.12,-0.025865154340863228,0.12,-0.012239615566651126
0.12,0.0016979854553937912,0.12,-0.012239615566651126
0.09,0.017750293016433716,0.12,-0.012239615566651126
0.13,-0.04812762513756752,0.12,-0.012239615566651126
0.12,0.0023742057383060455,0.12,-0.012239615566651126
0.1,0.022707853466272354,0.12,-0.012239615566651126
0.13,-0.016719166189432144,0.12,-0.012239615566651126
0.08,0.01303331833332777,0.12,-0.012239615566651126
0.1,0.0013547055423259735,0.12,-0.012239615566651126
0.15,-0.00047003570944070816,0.12,-0.012239615566651126
0.13,-0.020633697509765625,0.12,-0.012239615566651126
0.042,0.02622072398662567,0.12,-0.012239615566651126
0.12,-0.018964827060699463,0.12,-0.012239615566651126
0.13,-0.034739576280117035,0.12,-0.012239615566651126
0.12,-0.0047682817094028,0.12,-0.012239615566651126
0.09,0.0038413519505411386,0.12,-0.012239615566651126
0.1,0.0016181739047169685,0.12,-0.012239615566651126
0.09,-0.002872044686228037,0.12,-0.012239615566651126
0.06,-0.010556032881140709,0.12,-0.012239615566651126
0.065,-0.03515734523534775,0.12,-0.012239615566651126
0.1,0.00850493274629116,0.12,-0.012239615566651126
0.04,0.002586573362350464,0.12,-0.012239615566651126
0.03,-0.031161310151219368,0.12,-0.012239615566651126
0.095,0.0074440548196434975,0.12,-0.012239615566651126
0.12,0.012549953535199165,0.12,-0.012239615566651126
0.08,-0.01745685376226902,0.12,-0.012239615566651126
0.08,0.004550531506538391,0.12,-0.012239615566651126
0.05,-0.002401679754257202,0.12,-0.012239615566651126
0.12,-0.020526332780718803,0.12,-0.012239615566651126
0.09,0.01022719219326973,0.12,-0.012239615566651126
0.1,0.0037572537548840046,0.12,-0.012239615566651126
0.0975,-0.0210760235786438,0.12,-0.012239615566651126
0.03,-0.012360338121652603,0.12,-0.012239615566651126
0.12,-0.024667080491781235,0.12,-0.012239615566651126
0.1,0.0001976178027689457,0.12,-0.012239615566651126
0.07,0.004546803887933493,0.12,-0.012239615566651126
0.1,0.009227856062352657,0.12,-0.012239615566651126
0.12,-0.019116804003715515,0.12,-0.012239615566651126
0.15,-0.007793834432959557,0.12,-0.012239615566651126
0.065,-0.03178057074546814,0.12,-0.012239615566651126
0.13,-0.02638981118798256,0.12,-0.012239615566651126
0.06,-0.026288660243153572,0.12,-0.012239615566651126
0.05,-0.000560268759727478,0.12,-0.012239615566651126
0.1,0.009153571911156178,0.12,-0.012239615566651126
0.12,-0.004221385810524225,0.12,-0.012239615566651126
0.09,0.00020315975416451693,0.12,-0.012239615566651126
0.065,-0.04410673305392265,0.12,-0.012239615566651126
0.1,0.008451798930764198,0.12,-0.012239615566651126
0.1,0.0015445658937096596,0.12,-0.012239615566651126
0.11,-0.0061505623161792755,0.12,-0.012239615566651126
0.13,0.010838210582733154,0.12,-0.012239615566651126
0.065,-0.04359853267669678,0.12,-0.012239615566651126
0.13,-0.031348105520009995,0.12,-0.012239615566651126
0.13,-0.030612824484705925,0.12,-0.012239615566651126
0.09,0.010761262848973274,0.12,-0.012239615566651126
0.065,-0.035216446965932846,0.12,-0.012239615566651126
0.1,0.008733783848583698,0.12,-0.012239615566651126
0.14,-0.03380420058965683,0.12,-0.012239615566651126
0.1,0.0072422930970788,0.12,-0.012239615566651126
0.08,-0.0005688965320587158,0.12,-0.012239615566651126
0.05,-0.0141585823148489,0.12,-0.012239615566651126
0.1,8.899904787540436e-05,0.12,-0.012239615566651126
0.08,0.016641631722450256,0.12,-0.012239615566651126
0.13,-0.048122912645339966,0.12,-0.012239615566651126
0.1,0.008898725733160973,0.12,-0.012239615566651126
0.12,-0.017737969756126404,0.12,-0.012239615566651126
0.13,-0.02968801185488701,0.12,-0.012239615566651126
0.12,-0.004852523561567068,0.12,-0.012239615566651126
0.15,-0.008016470819711685,0.12,-0.012239615566651126
0.07,-0.013180580921471119,0.12,-0.012239615566651126
0.07,-0.010108760558068752,0.12,-0.012239615566651126
0.07,-0.01108531467616558,0.12,-0.012239615566651126
0.07,-0.009875819087028503,0.12,-0.012239615566651126
0.12,-0.0051658619195222855,0.12,-0.012239615566651126
0.14,-0.025231409817934036,0.12,-0.012239615566651126
0.065,-0.042140230536460876,0.12,-0.012239615566651126
0.1,0.003075231797993183,0.12,-0.012239615566651126
0.12,-0.004140913486480713,0.12,-0.012239615566651126
0.14,-0.019866712391376495,0.12,-0.012239615566651126
0.12,-0.009281673468649387,0.12,-0.012239615566651126
0.12,-0.009049974381923676,0.12,-0.012239615566651126
0.08,0.023039011284708977,0.12,-0.012239615566651126
0.077,-0.0029558558017015457,0.12,-0.012239615566651126
0.09,0.006108466535806656,0.12,-0.012239615566651126
0.05,0.02608235739171505,0.121,-0.013022853386025048
0.1,0.0005052583292126656,0.124,-0.015152607615286634
0.05,-0.0037552290596067905,0.124,-0.015152607615286634
0.12,-0.020283974707126617,0.124,-0.015152607615286634
0.085,0.002398710697889328,0.124,-0.015152607615286634
0.11,0.003995174542069435,0.125,-0.015806747702857206
0.12,-0.02027149684727192,0.126,-0.016450172593447398
0.14,-0.017405593767762184,0.126,-0.016450172593447398
0.1,0.004103885963559151,0.126,-0.016450172593447398
0.15,-0.013619031757116318,0.126,-0.016450172593447398
0.11,-0.001106814481317997,0.129,-0.018358166611366272
0.12,-0.019514406099915504,0.13,-0.018994871238853173
0.12,-0.004041791427880526,0.13,-0.018994871238853173
0.13,-0.014691153541207314,0.13,-0.018994871238853173
0.12,-0.01302958745509386,0.13,-0.018994871238853173
0.12,-0.024067848920822144,0.13,-0.018994871238853173
0.12,-0.015934225171804428,0.13,-0.018994871238853173
0.075,0.009767227806150913,0.13,-0.018994871238853173
0.15,-0.00451730377972126,0.13,-0.018994871238853173
0.12,-0.024516519159078598,0.13,-0.018994871238853173
0.1,0.020323097705841064,0.13,-0.018994871238853173
0.065,-0.03238115459680557,0.13,-0.018994871238853173
0.06,0.003771531395614147,0.13,-0.018994871238853173
0.1,-0.006707921624183655,0.13,-0.018994871238853173
0.13,-0.0271899551153183,0.13,-0.018994871238853173
0.09,0.01639643870294094,0.13,-0.018994871238853173
0.07,-0.00821655709296465,0.13,-0.018994871238853173
0.065,-0.030310185626149178,0.13,-0.018994871238853173
0.09,-0.010849663987755775,0.13,-0.018994871238853173
0.1,0.011487451381981373,0.13,-0.018994871238853173
0.13,-0.024869542568922043,0.13,-0.018994871238853173
0.12,0.0011290116235613823,0.13,-0.018994871238853173
0.12,-0.012426497414708138,0.13,-0.018994871238853173
0.15,-0.0157025083899498,0.13,-0.018994871238853173
0.12,-0.023339208215475082,0.13,-0.018994871238853173
0.1,-0.003580130636692047,0.13,-0.018994871238853173
0.13,-0.030743218958377838,0.13,-0.018994871238853173
0.11,0.009664288721978664,0.13,-0.018994871238853173
0.12,-0.008000241592526436,0.13,-0.018994871238853173
0.065,-0.03158948943018913,0.13,-0.018994871238853173
0.13,0.0019546328112483025,0.13,-0.018994871238853173
0.1,0.012909690849483013,0.13,-0.018994871238853173
0.12,-0.0196133591234684,0.13,-0.018994871238853173
0.08,0.008458198979496956,0.13,-0.018994871238853173
0.1,0.00943523645401001,0.13,-0.018994871238853173
0.07,-0.006403916981071234,0.13,-0.018994871238853173
0.07,-0.007825395092368126,0.13,-0.018994871238853173
0.02,0.021470854058861732,0.13,-0.018994871238853173
0.07,-0.010431396774947643,0.13,-0.018994871238853173
0.094,0.005567139945924282,0.13,-0.018994871238853173
0.07,-0.009224471636116505,0.13,-0.018994871238853173
0.0975,-0.015623612329363823,0.13,-0.018994871238853173
0.13,-0.018814627081155777,0.13,-0.018994871238853173
0.138,-0.025068990886211395,0.13,-0.018994871238853173
0.044,-0.012702150270342827,0.13,-0.018994871238853173
0.1,0.008857921697199345,0.13,-0.018994871238853173
0.06,-0.01750957779586315,0.13,-0.018994871238853173
0.13,-0.03136814013123512,0.13,-0.018994871238853173
0.15,-0.030669908970594406,0.13,-0.018994871238853173
0.02,0.03127849102020264,0.13,-0.018994871238853173
0.115,-0.006025569513440132,0.13,-0.018994871238853173
0.09,0.007331874221563339,0.13,-0.018994871238853173
0.13,-0.01366112008690834,0.13,-0.018994871238853173
0.12,-0.002733113244175911,0.13,-0.018994871238853173
0.095,0.03142741322517395,0.13,-0.018994871238853173
0.09,-0.008121230639517307,0.13,-0.018994871238853173
0.065,-0.013554925099015236,0.13,-0.018994871238853173
0.12,-0.0041058249771595,0.13,-0.018994871238853173
0.05,0.0019538626074790955,0.13,-0.018994871238853173
0.06,0.0009566163644194603,0.13,-0.018994871238853173
0.06,0.0032999985851347446,0.13,-0.018994871238853173
0.09,0.006537461653351784,0.13,-0.018994871238853173
0.03,-0.024583686143159866,0.13,-0.018994871238853173
0.1,0.007506559137254953,0.13,-0.018994871238853173
0.1,0.001776987686753273,0.13,-0.018994871238853173
0.15,-0.018517285585403442,0.13,-0.018994871238853173
0.1,0.019313054159283638,0.13,-0.018994871238853173
0.13,-0.03455314040184021,0.13,-0.018994871238853173
0.13,-0.03243378549814224,0.13,-0.018994871238853173
0.11,0.011016828007996082,0.13,-0.018994871238853173
0.045,-0.013467518612742424,0.13,-0.018994871238853173
0.09,0.006757414899766445,0.13,-0.018994871238853173
0.15,-0.003401743248105049,0.13,-0.018994871238853173
0.124,-0.05214006453752518,0.13,-0.018994871238853173
0.1,-0.0016420655883848667,0.13,-0.018994871238853173
0.09,0.004819049499928951,0.13,-0.018994871238853173
0.1,-0.006888813339173794,0.13,-0.018994871238853173
0.12,-0.008136490359902382,0.13,-0.018994871238853173
0.06,0.003742798464372754,0.13,-0.018994871238853173
0.07,0.004549757577478886,0.13,-0.018994871238853173
0.07,-0.005201338790357113,0.13,-0.018994871238853173
0.11,0.011493086814880371,0.13,-0.018994871238853173
0.065,-0.03154003620147705,0.13,-0.018994871238853173
0.1,-0.003214111551642418,0.13,-0.018994871238853173
0.11,0.022215526551008224,0.13,-0.018994871238853173
0.14,-0.03227241337299347,0.13,-0.018994871238853173
0.06,0.012985136359930038,0.13,-0.018994871238853173
0.13,-0.03370562940835953,0.13,-0.018994871238853173
0.12,-0.022773396223783493,0.13,-0.018994871238853173
0.1,-0.00862208940088749,0.13,-0.018994871238853173
0.09,0.00671254051849246,0.13,-0.018994871238853173
0.075,0.00242030993103981,0.13,-0.018994871238853173
0.11,0.03731849789619446,0.13,-0.018994871238853173
0.12,-0.0037218863144516945,0.13,-0.018994871238853173
0.065,-0.043983615934848785,0.13,-0.018994871238853173
0.1,-0.006176436319947243,0.13,-0.018994871238853173
0.105,0.022353438660502434,0.13,-0.018994871238853173
0.06,-0.0065262457355856895,0.13,-0.018994871238853173
0.065,-0.020661089569330215,0.13,-0.018994871238853173
0.09,0.0075442250818014145,0.13,-0.018994871238853173
0.087,0.0005527697503566742,0.13,-0.018994871238853173
0.06,0.0027138851583003998,0.13,-0.018994871238853173
0.05,-0.002346104010939598,0.13,-0.018994871238853173
0.13,-0.020084425806999207,0.13,-0.018994871238853173
0.1,0.025925595313310623,0.13,-0.018994871238853173
0.1,0.006317080929875374,0.13,-0.018994871238853173
0.09,-0.005242953076958656,0.13,-0.018994871238853173
0.1,0.004327325150370598,0.13,-0.018994871238853173
0.08,-0.011685466393828392,0.13,-0.018994871238853173
0.086,0.005072931759059429,0.13,-0.018994871238853173
0.1,-0.007133731618523598,0.13,-0.018994871238853173
0.14,-0.02825343795120716,0.13,-0.018994871238853173
0.11,0.029119189828634262,0.13,-0.018994871238853173
0.11,0.010444926097989082,0.13,-0.018994871238853173
0.15,0.003297053510323167,0.13,-0.018994871238853173
0.09,-0.00912722572684288,0.13,-0.018994871238853173
0.11,0.0022633643820881844,0.13,-0.018994871238853173
0.06,-0.02830250933766365,0.13,-0.018994871238853173
0.11,0.0024198628962039948,0.13,-0.018994871238853173
0.12,-0.01707753725349903,0.13,-0.018994871238853173
0.11,0.0035720141604542732,0.13,-0.018994871238853173
0.1,-0.0023295851424336433,0.13,-0.018994871238853173
0.066,-0.025875413790345192,0.13,-0.018994871238853173
0.11,0.007794491946697235,0.13,-0.018994871238853173
0.05,-0.011725540272891521,0.13,-0.018994871238853173
0.157,-0.04236062988638878,0.13,-0.018994871238853173
0.14,-0.025896718725562096,0.13,-0.018994871238853173
0.126,-0.04613545164465904,0.13,-0.018994871238853173
0.02,0.023480257019400597,0.13,-0.018994871238853173
0.08,0.011663122102618217,0.13,-0.018994871238853173
0.1,0.0021700956858694553,0.13,-0.018994871238853173
0.05,0.0012985528446733952,0.13,-0.018994871238853173
0.06,0.003038870170712471,0.13,-0.018994871238853173
0.12,-0.016398895531892776,0.13,-0.018994871238853173
0.1,0.010937690734863281,0.13,-0.018994871238853173
0.13,-0.02941446378827095,0.13,-0.018994871238853173
0.11,0.006859712768346071,0.13,-0.018994871238853173
0.095,0.017246779054403305,0.13,-0.018994871238853173
0.065,0.03942163288593292,0.13,-0.018994871238853173
0.13,-0.03493909537792206,0.13,-0.018994871238853173
0.075,0.006116971373558044,0.13,-0.018994871238853173
0.12,-0.010407364927232265,0.13,-0.018994871238853173
0.1,0.02046060375869274,0.13,-0.018994871238853173
0.12,-0.015755057334899902,0.13,-0.018994871238853173
0.05,0.05914945900440216,0.13,-0.018994871238853173
0.12,-0.004787626676261425,0.13,-0.018994871238853173
0.12,-0.004886253736913204,0.13,-0.018994871238853173
0.04,-0.018408432602882385,0.13,-0.018994871238853173
0.13,-0.021891890093684196,0.13,-0.018994871238853173
0.09,0.010301516391336918,0.13,-0.018994871238853173
0.1,-0.013632301241159439,0.13,-0.018994871238853173
0.14,-0.01728140190243721,0.13,-0.018994871238853173
0.15,0.0014715371653437614,0.13,-0.018994871238853173
0.12,-0.015997763723134995,0.13,-0.018994871238853173
0.09,-0.006592463701963425,0.13,-0.018994871238853173
0.065,-0.03243551403284073,0.13,-0.018994871238853173
0.09,0.007461428642272949,0.13,-0.018994871238853173
0.1,-0.009337006136775017,0.133,-0.020917857760320978
0.1,0.038181062787771225,0.135,-0.022206222147875758
0.09,0.01004599779844284,0.135,-0.022206222147875758
0.1,0.011003870517015457,0.138,-0.024135471689251568
0.0975,-0.01440109871327877,0.14,-0.02541173533766997
0.12,-0.017187729477882385,0.14,-0.02541173533766997
0.13,-0.008936863392591476,0.14,-0.02541173533766997
0.12,-0.006374415010213852,0.14,-0.02541173533766997
0.07,-0.008656157180666924,0.14,-0.02541173533766997
0.09,-0.005770970601588488,0.14,-0.02541173533766997
0.13,-0.02042248286306858,0.14,-0.02541173533766997
0.1,0.0027655521407723427,0.14,-0.02541173533766997
0.07,0.004455680027604103,0.14,-0.02541173533766997
0.07,-0.002957747085019946,0.14,-0.02541173533766997
0.065,-0.03223557025194168,0.14,-0.02541173533766997
0.065,-0.05577140301465988,0.14,-0.02541173533766997
0.157,0.009386032819747925,0.14,-0.02541173533766997
0.12,-0.008748780936002731,0.14,-0.02541173533766997
0.07,-0.010779219679534435,0.14,-0.02541173533766997
0.13,-0.016854051500558853,0.14,-0.02541173533766997
0.06,-0.02904905565083027,0.14,-0.02541173533766997
0.065,-0.03222334384918213,0.14,-0.02541173533766997
0.06,-0.024923812597990036,0.14,-0.02541173533766997
0.07,-0.009747381322085857,0.14,-0.02541173533766997
0.13,-0.016098499298095703,0.14,-0.02541173533766997
0.15,-0.002795116975903511,0.14,-0.02541173533766997
0.12,0.04296967387199402,0.14,-0.02541173533766997
0.09,-0.00882602110505104,0.14,-0.02541173533766997
0.13,-0.027493709698319435,0.14,-0.02541173533766997
0.04,-0.0010734107345342636,0.14,-0.02541173533766997
0.14,-0.03269881010055542,0.14,-0.02541173533766997
0.1,0.000705427024513483,0.14,-0.02541173533766997
0.11,0.010356750339269638,0.14,-0.02541173533766997
0.04,-0.008899468928575516,0.14,-0.02541173533766997
0.11,0.01394723728299141,0.14,-0.02541173533766997
0.12,-0.008644369430840015,0.14,-0.02541173533766997
0.08,0.0063704694621264935,0.14,-0.02541173533766997
0.13,-0.033263545483350754,0.14,-0.02541173533766997
0.04,-0.0011268369853496552,0.14,-0.02541173533766997
0.1,0.004090840928256512,0.14,-0.02541173533766997
0.065,-0.031727224588394165,0.14,-0.02541173533766997
0.13,-0.011090126819908619,0.14,-0.02541173533766997
0.07,-0.009941551834344864,0.14,-0.02541173533766997
0.08,-0.005082381889224052,0.14,-0.02541173533766997
0.04,0.00020895898342132568,0.14,-0.02541173533766997
0.078,0.00010342942550778389,0.14,-0.02541173533766997
0.1,-0.004600657150149345,0.14,-0.02541173533766997
0.14,-0.017223618924617767,0.14,-0.02541173533766997
0.13,-0.014001196250319481,0.14,-0.02541173533766997
0.08,0.001476392149925232,0.14,-0.02541173533766997
0.04,-0.007120236754417419,0.14,-0.02541173533766997
0.07,0.0024741943925619125,0.14,-0.02541173533766997
0.1,0.006948120892047882,0.14,-0.02541173533766997
0.12,-0.019779739901423454,0.14,-0.02541173533766997
0.125,-0.00661313533782959,0.14,-0.02541173533766997
0.07,-0.021304933354258537,0.14,-0.02541173533766997
0.09,0.005061221309006214,0.14,-0.02541173533766997
0.05,-0.011326029896736145,0.14,-0.02541173533766997
0.09,0.0040689194574952126,0.14,-0.02541173533766997
0.12,-0.019253287464380264,0.14,-0.02541173533766997
0.1,-0.009299683384597301,0.14,-0.02541173533766997
0.04,-0.00686304084956646,0.14,-0.02541173533766997
0.11,0.0050605302676558495,0.14,-0.02541173533766997
0.12,-0.002482360228896141,0.14,-0.02541173533766997
0.14,-0.027862438932061195,0.14,-0.02541173533766997
0.065,-0.03254165127873421,0.14,-0.02541173533766997
0.12,-0.014614187180995941,0.14,-0.02541173533766997
0.15,0.002212176099419594,0.14,-0.02541173533766997
0.15,0.0129854716360569,0.15,-0.0315038340315317
0.065,-0.03191282972693443,0.15,-0.0315038340315317
0.04,0.007773424498736858,0.15,-0.0315038340315317
0.07,0.02068876288831234,0.15,-0.0315038340315317
0.08,0.024211600422859192,0.15,-0.0315038340315317
0.1,-0.004550565034151077,0.15,-0.0315038340315317
0.09,-0.011784116737544537,0.15,-0.0315038340315317
0.13,-0.022735770791769028,0.15,-0.0315038340315317
0.13,-0.017744850367307663,0.15,-0.0315038340315317
0.04,-0.011574787087738514,0.15,-0.0315038340315317
0.09,-0.004554497078061104,0.15,-0.0315038340315317
0.14,-0.017405593767762184,0.15,-0.0315038340315317
0.13,-0.027585480362176895,0.15,-0.0315038340315317
0.08,0.003215573728084564,0.15,-0.0315038340315317
0.106,0.007601193152368069,0.15,-0.0315038340315317
0.12,-0.03547915443778038,0.15,-0.0315038340315317
0.1,0.005874708294868469,0.15,-0.0315038340315317
0.1,0.0032210014760494232,0.15,-0.0315038340315317
0.08,-0.004183979704976082,0.15,-0.0315038340315317
0.06,-0.02587611973285675,0.15,-0.0315038340315317
0.1,0.023335644975304604,0.15,-0.0315038340315317
0.08,-0.0028033226262778044,0.15,-0.0315038340315317
0.09,-0.0030455649830400944,0.15,-0.0315038340315317
0.06,-0.005911113694310188,0.15,-0.0315038340315317
0.12,-0.008390577509999275,0.15,-0.0315038340315317
0.05,0.016433097422122955,0.15,-0.0315038340315317
0.05,0.025630302727222443,0.15,-0.0315038340315317
0.08,0.0023576924577355385,0.15,-0.0315038340315317
0.1,0.008793425746262074,0.15,-0.0315038340315317
0.105,-0.006273876875638962,0.15,-0.0315038340315317
0.06,-0.014953836798667908,0.15,-0.0315038340315317
0.04,-0.016996916383504868,0.15,-0.0315038340315317
0.065,-0.03727469593286514,0.15,-0.0315038340315317
0.08,-0.0035719219595193863,0.15,-0.0315038340315317
0.035,-0.02278001978993416,0.15,-0.0315038340315317
0.12,-0.014887599274516106,0.15,-0.0315038340315317
0.11,0.01702711172401905,0.15,-0.0315038340315317
0.09,0.005225833505392075,0.15,-0.0315038340315317
0.1,0.018363825976848602,0.15,-0.0315038340315317
0.12,-0.004832526668906212,0.15,-0.0315038340315317
0.13,-0.02999459020793438,0.15,-0.0315038340315317
0.04,-0.008570610545575619,0.15,-0.0315038340315317
0.08,-0.006164705380797386,0.15,-0.0315038340315317
0.11,0.001901928335428238,0.15,-0.0315038340315317
0.15,-0.007973015308380127,0.15,-0.0315038340315317
0.13,-0.015209458768367767,0.15,-0.0315038340315317
0.1,0.006305474787950516,0.15,-0.0315038340315317
0.12,-0.003990367986261845,0.15,-0.0315038340315317
0.08,-0.0018390044569969177,0.15,-0.0315038340315317
0.12,-0.030836941674351692,0.15,-0.0315038340315317
0.12,-0.009411635808646679,0.15,-0.0315038340315317
0.13,-0.022747838869690895,0.15,-0.0315038340315317
0.1,-0.004217394161969423,0.155,-0.03428770399049259
0.15,-0.0020474540069699287,0.156,-0.03482353902259697
0.04,-0.0012305192649364471,0.157,-0.03535303604510855
0.06,-0.0174183901399374,0.157,-0.03535303604510855
0.08,-0.004597695078700781,0.157,-0.03535303604510855
0.09,-0.011171339079737663,0.157,-0.03535303604510855
0.095,-0.008998801931738853,0.157,-0.03535303604510855
0.1,-0.005495809949934483,0.16,-0.03690615931333866
0.13,-0.021668855100870132,0.16,-0.03690615931333866
