specific heat capacity (J/gK),shap,lowess specific heat capacity (J/gK),lowess shap
0.902487047,0.007643857039511204,0.134,-0.00972626448354673
0.41,0.0004924801178276539,0.134,-0.00972626448354673
0.5,0.010281971655786037,0.134,-0.00972626448354673
0.88414745,-0.015535995364189148,0.134,-0.00972626448354673
0.41,0.0013511022552847862,0.134,-0.00972626448354673
0.41,0.00615503266453743,0.134,-0.00972626448354673
0.38,0.008552657440304756,0.134,-0.00972626448354673
1.047,-0.0786399245262146,0.134,-0.00972626448354673
0.41,-0.014459731057286263,0.134,-0.00972626448354673
0.46,-0.015009598806500435,0.134,-0.00972626448354673
0.47,0.0004973344039171934,0.134,-0.00972626448354673
0.5263,-0.0010484317317605019,0.134,-0.00972626448354673
0.47,0.0008060317486524582,0.134,-0.00972626448354673
0.88414745,-0.013554657809436321,0.134,-0.00972626448354673
0.5,0.003905639983713627,0.134,-0.00972626448354673
0.963005181,-0.004041915759444237,0.134,-0.00972626448354673
0.461,-0.008081658743321896,0.134,-0.00972626448354673
1.0,0.012639462947845459,0.134,-0.00972626448354673
0.47,-0.0025128221604973078,0.134,-0.00972626448354673
0.41,0.00437832809984684,0.134,-0.00972626448354673
0.385,0.0037333436775952578,0.134,-0.00972626448354673
0.48,-0.0013656835071742535,0.134,-0.00972626448354673
0.5,0.003364636329934001,0.134,-0.00972626448354673
0.875,-0.005435689352452755,0.134,-0.00972626448354673
1.047,-0.06247681379318237,0.134,-0.00972626448354673
0.461,-0.009565810672938824,0.134,-0.00972626448354673
0.5,-0.0034006433561444283,0.134,-0.00972626448354673
0.41,0.0026927157305181026,0.134,-0.00972626448354673
0.5263,-0.0033303704112768173,0.134,-0.00972626448354673
0.5,-0.007037635892629623,0.134,-0.00972626448354673
1.047,-0.05970677733421326,0.134,-0.00972626448354673
0.5,0.008765621110796928,0.134,-0.00972626448354673
0.5263,0.014837155118584633,0.134,-0.00972626448354673
0.5,-0.008397557772696018,0.134,-0.00972626448354673
0.5263,-0.004413112998008728,0.134,-0.00972626448354673
0.5,-0.0034052240662276745,0.134,-0.00972626448354673
0.134,-0.00786618236452341,0.134,-0.00972626448354673
0.47,-0.0017745215445756912,0.134,-0.00972626448354673
0.5,0.0020394588354974985,0.134,-0.00972626448354673
0.461,-0.0020062867552042007,0.134,-0.00972626448354673
0.5,-0.005454679951071739,0.134,-0.00972626448354673
0.41,0.006446285173296928,0.134,-0.00972626448354673
0.5,2.2495631128549576e-05,0.134,-0.00972626448354673
1.047,-0.07016882300376892,0.134,-0.00972626448354673
0.5,-0.005465055350214243,0.134,-0.00972626448354673
0.435,0.007842125371098518,0.134,-0.00972626448354673
0.422,0.022891364991664886,0.134,-0.00972626448354673
0.56,-0.0059650614857673645,0.134,-0.00972626448354673
1.0,-0.007751313969492912,0.134,-0.00972626448354673
0.5,-0.003846936859190464,0.377,0.0025501502036760814
1.047,-0.03997672349214554,0.377,0.0025501502036760814
0.89,-0.01921124756336212,0.377,0.0025501502036760814
0.875,-0.007851794362068176,0.377,0.0025501502036760814
0.41,-0.0011860989034175873,0.377,0.0025501502036760814
0.705,0.017627840861678123,0.377,0.0025501502036760814
0.5263,-0.004248676355928183,0.377,0.0025501502036760814
0.41,-0.010108386166393757,0.377,0.0025501502036760814
0.435,-0.0048534865491092205,0.377,0.0025501502036760814
0.5263,-0.0008926137816160917,0.377,0.0025501502036760814
0.5,-0.007960569113492966,0.377,0.0025501502036760814
0.47,-0.0013237455859780312,0.377,0.0025501502036760814
0.5263,0.005492413882166147,0.377,0.0025501502036760814
0.481,-0.005268039181828499,0.377,0.0025501502036760814
1.047,-0.06717229634523392,0.377,0.0025501502036760814
0.5,0.0010376768186688423,0.377,0.0025501502036760814
0.48,0.0031950895208865404,0.377,0.0025501502036760814
0.88414745,-0.01935647428035736,0.377,0.0025501502036760814
0.5263,-0.0036389040760695934,0.377,0.0025501502036760814
0.5,-0.0015057721175253391,0.377,0.0025501502036760814
0.422,-0.002834684681147337,0.377,0.0025501502036760814
0.5263,-0.0031081666238605976,0.377,0.0025501502036760814
0.5263,-0.001544301863759756,0.377,0.0025501502036760814
0.5,0.0009046002523973584,0.377,0.0025501502036760814
0.5263,-0.0035284729674458504,0.377,0.0025501502036760814
0.875,-0.011402951553463936,0.377,0.0025501502036760814
0.47,0.015063012018799782,0.377,0.0025501502036760814
0.5,-0.0041488343849778175,0.377,0.0025501502036760814
0.134,-0.008529789745807648,0.377,0.0025501502036760814
0.385,0.0033601904287934303,0.377,0.0025501502036760814
0.5263,9.577651508152485e-05,0.377,0.0025501502036760814
0.88414745,-0.01000251155346632,0.377,0.0025501502036760814
0.88414745,0.003088831901550293,0.377,0.0025501502036760814
0.5263,-0.004663272760808468,0.377,0.0025501502036760814
1.06,-0.06618434190750122,0.377,0.0025501502036760814
0.88414745,0.002301035914570093,0.377,0.0025501502036760814
1.0,-0.005277233198285103,0.377,0.0025501502036760814
0.38,-0.0036179199814796448,0.38,0.0024275606918290455
0.38,-0.0012235641479492188,0.38,0.0024275606918290455
0.5,0.004828047938644886,0.38,0.0024275606918290455
0.385,0.009196620434522629,0.38,0.0024275606918290455
0.5,0.002798058558255434,0.38,0.0024275606918290455
1.0,-0.006999088451266289,0.38,0.0024275606918290455
0.38,0.013101339340209961,0.38,0.0024275606918290455
0.41,-0.002363225445151329,0.38,0.0024275606918290455
0.377,-0.010544474236667156,0.38,0.0024275606918290455
0.5263,-0.004811781458556652,0.38,0.0024275606918290455
0.56,0.020271550863981247,0.38,0.0024275606918290455
0.377,0.020239168778061867,0.38,0.0024275606918290455
0.5,0.004697196651250124,0.38,0.0024275606918290455
0.5,-0.0025156501214951277,0.38,0.0024275606918290455
0.963,-1.2331176549196243e-05,0.38,0.0024275606918290455
0.38,0.014626185409724712,0.38,0.0024275606918290455
0.47,-0.009283478371798992,0.38,0.0024275606918290455
0.461,-0.0019479002803564072,0.38,0.0024275606918290455
0.5,-0.005289355292916298,0.38,0.0024275606918290455
0.7148,-0.0011533903889358044,0.38,0.0024275606918290455
0.5263,-0.0015737763606011868,0.38,0.0024275606918290455
0.904974093,0.005393782630562782,0.38,0.0024275606918290455
0.47,-0.005217402707785368,0.38,0.0024275606918290455
0.88414745,-0.005358944181352854,0.38,0.0024275606918290455
0.41,0.004479151219129562,0.38,0.0024275606918290455
0.461,-0.009253807365894318,0.38,0.0024275606918290455
0.5,0.0011247680522501469,0.38,0.0024275606918290455
0.7148,-0.001127034891396761,0.38,0.0024275606918290455
0.435,0.0009256056509912014,0.38,0.0024275606918290455
0.9,0.013226886279881,0.38,0.0024275606918290455
0.435,-0.0017564557492733002,0.38,0.0024275606918290455
0.5,-0.012861848808825016,0.38,0.0024275606918290455
0.461,0.005676588974893093,0.38,0.0024275606918290455
0.5263,-0.007345162332057953,0.38,0.0024275606918290455
1.0,0.013290987350046635,0.38,0.0024275606918290455
1.05,-0.04826684296131134,0.38,0.0024275606918290455
0.385,0.00694881659001112,0.38,0.0024275606918290455
0.435,-0.006880798377096653,0.38,0.0024275606918290455
0.5718,0.010007258504629135,0.38,0.0024275606918290455
0.5,-0.0024661608040332794,0.38,0.0024275606918290455
0.385,0.004730573855340481,0.38,0.0024275606918290455
0.461,-0.015333668328821659,0.38,0.0024275606918290455
0.41,0.002344912849366665,0.38,0.0024275606918290455
0.88414745,0.010206297971308231,0.38,0.0024275606918290455
0.5263,0.008955363184213638,0.38,0.0024275606918290455
0.5,-0.008425360545516014,0.38,0.0024275606918290455
0.43,-0.03163795545697212,0.38,0.0024275606918290455
0.875,-0.0054936278611421585,0.38,0.0024275606918290455
0.5263,0.005344012286514044,0.38,0.0024275606918290455
1.05,-0.0563068613409996,0.38,0.0024275606918290455
0.705,0.009287890046834946,0.38,0.0024275606918290455
0.461,-0.009447334334254265,0.38,0.0024275606918290455
0.461,-0.00045337609481066465,0.38,0.0024275606918290455
0.875,-0.009102045558393002,0.38,0.0024275606918290455
0.5,0.004193480592221022,0.38,0.0024275606918290455
1.047,-0.037668704986572266,0.38,0.0024275606918290455
0.385,0.008361930958926678,0.38,0.0024275606918290455
0.5,0.004932055249810219,0.38,0.0024275606918290455
1.0,0.0005882633849978447,0.38,0.0024275606918290455
0.5,0.0013507097028195858,0.38,0.0024275606918290455
0.7148,-0.001001805067062378,0.38,0.0024275606918290455
0.5,-0.007628782652318478,0.38,0.0024275606918290455
0.48,0.01065535843372345,0.38,0.0024275606918290455
0.41,0.015351294539868832,0.38,0.0024275606918290455
0.88414745,-0.0037870006635785103,0.385,0.0022249018970874864
0.385,0.007167213596403599,0.385,0.0022249018970874864
0.38,0.002075251191854477,0.385,0.0022249018970874864
0.47,0.004245765507221222,0.385,0.0022249018970874864
0.5,0.0009563176427036524,0.385,0.0022249018970874864
0.385,0.004762645810842514,0.385,0.0022249018970874864
0.385,0.004683570004999638,0.385,0.0022249018970874864
0.41,0.012522932142019272,0.385,0.0022249018970874864
0.5,0.004426239989697933,0.385,0.0022249018970874864
0.435,0.0196351557970047,0.385,0.0022249018970874864
0.919948187,0.004614954348653555,0.385,0.0022249018970874864
0.88414745,-0.011621708981692791,0.385,0.0022249018970874864
0.461,-0.003937528468668461,0.385,0.0022249018970874864
0.63619,-0.0035723289474844933,0.385,0.0022249018970874864
0.435,0.006218554452061653,0.385,0.0022249018970874864
1.047,-0.06386145204305649,0.385,0.0022249018970874864
0.5263,-0.004916233941912651,0.385,0.0022249018970874864
0.875,-0.00937863439321518,0.385,0.0022249018970874864
0.5,0.005904452875256538,0.385,0.0022249018970874864
0.435,-0.011923462152481079,0.385,0.0022249018970874864
0.5,0.0042428746819496155,0.385,0.0022249018970874864
0.5263,-0.0004652654752135277,0.385,0.0022249018970874864
0.41,-0.0024510431103408337,0.385,0.0022249018970874864
0.88414745,0.0019039902836084366,0.385,0.0022249018970874864
0.5263,-0.004819951485842466,0.385,0.0022249018970874864
1.06,-0.0687514916062355,0.385,0.0022249018970874864
0.43,0.0034343674778938293,0.385,0.0022249018970874864
0.5,-0.0030838793609291315,0.385,0.0022249018970874864
0.5,-0.006746875587850809,0.385,0.0022249018970874864
0.5,0.004523643292486668,0.385,0.0022249018970874864
0.5,0.004622573032975197,0.385,0.0022249018970874864
0.5,0.003122912719845772,0.385,0.0022249018970874864
0.88414745,-0.021847743541002274,0.385,0.0022249018970874864
1.0,0.016009826213121414,0.385,0.0022249018970874864
0.5263,0.013946907594799995,0.385,0.0022249018970874864
0.43,0.003113042563199997,0.385,0.0022249018970874864
0.41,0.001949432771652937,0.385,0.0022249018970874864
0.88414745,-0.018309365957975388,0.385,0.0022249018970874864
0.435,-0.004797501489520073,0.385,0.0022249018970874864
0.5,-0.0066296374425292015,0.385,0.0022249018970874864
0.134,-0.009267961606383324,0.385,0.0022249018970874864
0.47,-0.005388509016484022,0.385,0.0022249018970874864
0.47,-0.005201846361160278,0.385,0.0022249018970874864
0.41,0.009697305969893932,0.385,0.0022249018970874864
0.41,0.006859621964395046,0.385,0.0022249018970874864
0.385,0.0029231347143650055,0.385,0.0022249018970874864
1.0,0.01441773772239685,0.385,0.0022249018970874864
0.422,-0.0010920665226876736,0.385,0.0022249018970874864
0.5,0.0111007709056139,0.385,0.0022249018970874864
0.5,0.0040582092478871346,0.385,0.0022249018970874864
0.134,-0.01787879317998886,0.385,0.0022249018970874864
0.5,0.01752374693751335,0.385,0.0022249018970874864
0.47,0.004103553481400013,0.385,0.0022249018970874864
0.88414745,-0.011141224764287472,0.385,0.0022249018970874864
0.88414745,-0.01977863907814026,0.385,0.0022249018970874864
0.5263,-0.0062932767905294895,0.385,0.0022249018970874864
0.896,-0.01927175745368004,0.385,0.0022249018970874864
0.5,-0.00596342608332634,0.385,0.0022249018970874864
0.5718,0.012931976467370987,0.385,0.0022249018970874864
0.38,-0.005488846451044083,0.385,0.0022249018970874864
0.5263,-0.005116665735840797,0.385,0.0022249018970874864
0.377,-0.016811557114124298,0.385,0.0022249018970874864
0.5,0.008509069681167603,0.385,0.0022249018970874864
0.56,-0.018374744802713394,0.385,0.0022249018970874864
0.385,0.004103659652173519,0.41,0.0012617225671207757
0.5,-0.0009420434944331646,0.41,0.0012617225671207757
0.963,0.00489295506849885,0.41,0.0012617225671207757
0.9,-0.026813413947820663,0.41,0.0012617225671207757
0.47,0.001275310292840004,0.41,0.0012617225671207757
0.5263,0.004420282319188118,0.41,0.0012617225671207757
0.88414745,-0.006096234079450369,0.41,0.0012617225671207757
1.047,-0.07990086078643799,0.41,0.0012617225671207757
0.461,-0.00957909319549799,0.41,0.0012617225671207757
0.9,-0.004276949912309647,0.41,0.0012617225671207757
0.5,0.005454763304442167,0.41,0.0012617225671207757
1.047,-0.08915188908576965,0.41,0.0012617225671207757
0.56,-0.006687883287668228,0.41,0.0012617225671207757
0.385,-0.00035562017001211643,0.41,0.0012617225671207757
0.377,-0.005212156102061272,0.41,0.0012617225671207757
0.461,-0.0031151282601058483,0.41,0.0012617225671207757
1.06,-0.07010010629892349,0.41,0.0012617225671207757
0.45,7.484667003154755e-05,0.41,0.0012617225671207757
0.461,-0.005451515782624483,0.41,0.0012617225671207757
0.48,0.005263892933726311,0.41,0.0012617225671207757
0.435,-0.005077386274933815,0.41,0.0012617225671207757
0.5263,-0.00605977326631546,0.41,0.0012617225671207757
0.88414745,-0.004995131865143776,0.41,0.0012617225671207757
0.896,0.0022696591913700104,0.41,0.0012617225671207757
0.47,0.0038542617112398148,0.41,0.0012617225671207757
0.5263,-0.0044343126937747,0.41,0.0012617225671207757
0.435,0.01404664758592844,0.41,0.0012617225671207757
0.5,0.009526455774903297,0.41,0.0012617225671207757
0.5263,-0.0038813529536128044,0.41,0.0012617225671207757
0.43,-0.0034506618976593018,0.41,0.0012617225671207757
0.377,-0.008130889385938644,0.41,0.0012617225671207757
0.41,0.017802761867642403,0.41,0.0012617225671207757
0.89,-0.016577240079641342,0.41,0.0012617225671207757
0.435,0.01991669461131096,0.41,0.0012617225671207757
0.385,0.00784287415444851,0.41,0.0012617225671207757
0.41,0.005571624264121056,0.41,0.0012617225671207757
0.5263,-0.0038713933899998665,0.41,0.0012617225671207757
0.705,-0.012652366422116756,0.41,0.0012617225671207757
0.43,0.004581248387694359,0.41,0.0012617225671207757
0.47,0.0073089925572276115,0.41,0.0012617225671207757
0.435,0.0012640049681067467,0.41,0.0012617225671207757
1.0,0.024091549217700958,0.41,0.0012617225671207757
0.5,0.0030225806403905153,0.41,0.0012617225671207757
1.0,0.0162326842546463,0.41,0.0012617225671207757
0.88414745,-0.008556208573281765,0.41,0.0012617225671207757
0.5263,0.0022832192480564117,0.41,0.0012617225671207757
0.46,-0.011344903148710728,0.41,0.0012617225671207757
0.7148,-0.0024945326149463654,0.41,0.0012617225671207757
0.38,0.0017569414339959621,0.41,0.0012617225671207757
0.5718,0.007639042101800442,0.41,0.0012617225671207757
0.7148,0.00014130782801657915,0.41,0.0012617225671207757
0.5,-0.0021216697059571743,0.41,0.0012617225671207757
0.5,0.00025596003979444504,0.41,0.0012617225671207757
0.47,-0.011727068573236465,0.41,0.0012617225671207757
0.5263,0.011442484334111214,0.41,0.0012617225671207757
0.47,0.01522492989897728,0.41,0.0012617225671207757
0.5263,-0.004525952506810427,0.41,0.0012617225671207757
0.5263,-0.004721053410321474,0.41,0.0012617225671207757
0.5,0.0014524529688060284,0.41,0.0012617225671207757
0.134,-0.007095931097865105,0.41,0.0012617225671207757
0.385,0.0042089009657502174,0.41,0.0012617225671207757
0.5263,-0.005988916847854853,0.41,0.0012617225671207757
0.41,0.0034310081973671913,0.41,0.0012617225671207757
0.38,0.00027706846594810486,0.41,0.0012617225671207757
0.47,-0.003991751465946436,0.41,0.0012617225671207757
0.89708321,0.0018460713326931,0.41,0.0012617225671207757
0.5,0.004338226281106472,0.41,0.0012617225671207757
0.481,-0.002596022095531225,0.41,0.0012617225671207757
0.134,-0.00967772863805294,0.41,0.0012617225671207757
0.5263,-0.005364299286156893,0.41,0.0012617225671207757
0.88414745,-0.014745966531336308,0.41,0.0012617225671207757
0.47,-0.006794974207878113,0.41,0.0012617225671207757
0.5718,0.007665877230465412,0.41,0.0012617225671207757
0.5263,-0.0015133125707507133,0.41,0.0012617225671207757
0.7148,-0.0016894852742552757,0.41,0.0012617225671207757
0.422,0.002733173780143261,0.41,0.0012617225671207757
0.5263,0.005650043021887541,0.41,0.0012617225671207757
0.88414745,-0.01599518209695816,0.41,0.0012617225671207757
0.89,-0.019986752420663834,0.41,0.0012617225671207757
0.5263,-0.0010467732790857553,0.41,0.0012617225671207757
0.88414745,-0.004430292174220085,0.41,0.0012617225671207757
0.134,-0.0033696722239255905,0.41,0.0012617225671207757
0.88414745,-0.001319143921136856,0.41,0.0012617225671207757
0.41,-0.009769664146006107,0.41,0.0012617225671207757
0.88414745,-0.018780292943120003,0.41,0.0012617225671207757
0.5263,-0.005469807889312506,0.41,0.0012617225671207757
0.7148,0.0006815467495471239,0.41,0.0012617225671207757
0.5,0.0008100762497633696,0.41,0.0012617225671207757
0.5263,-0.004639466293156147,0.41,0.0012617225671207757
0.134,-0.008449140936136246,0.41,0.0012617225671207757
0.46,0.005200223531574011,0.41,0.0012617225671207757
0.41,0.00857891421765089,0.41,0.0012617225671207757
0.38,0.007457886356860399,0.41,0.0012617225671207757
0.38,-0.0009728460572659969,0.41,0.0012617225671207757
0.89,-0.0075539350509643555,0.41,0.0012617225671207757
0.56,-0.012865575961768627,0.41,0.0012617225671207757
0.5,0.004030177369713783,0.41,0.0012617225671207757
0.896,-0.015947699546813965,0.41,0.0012617225671207757
0.5718,-0.006134164985269308,0.41,0.0012617225671207757
0.5,-0.015175731852650642,0.41,0.0012617225671207757
1.0,0.02560357376933098,0.41,0.0012617225671207757
0.134,0.004085240885615349,0.422,0.0008402861132796923
0.904974093,-0.007125132717192173,0.422,0.0008402861132796923
0.5,-0.008252735249698162,0.422,0.0008402861132796923
0.461,-0.005900915712118149,0.422,0.0008402861132796923
0.134,-0.017817489802837372,0.422,0.0008402861132796923
0.919948187,0.005215350538492203,0.422,0.0008402861132796923
1.05,-0.04540173336863518,0.422,0.0008402861132796923
0.46,0.02530013397336006,0.422,0.0008402861132796923
0.5,-0.002531536389142275,0.422,0.0008402861132796923
0.377,-0.009364062920212746,0.422,0.0008402861132796923
0.5263,-0.004455015994608402,0.422,0.0008402861132796923
0.5263,-0.004789263941347599,0.422,0.0008402861132796923
0.46,-0.011011794209480286,0.422,0.0008402861132796923
0.377,0.005330204032361507,0.422,0.0008402861132796923
0.5,0.004270476289093494,0.422,0.0008402861132796923
0.435,-0.006795739755034447,0.422,0.0008402861132796923
0.41,-0.002548906020820141,0.422,0.0008402861132796923
0.41,0.0006219940260052681,0.422,0.0008402861132796923
0.41,0.00840834341943264,0.422,0.0008402861132796923
0.38,0.002681183163076639,0.422,0.0008402861132796923
0.5,-0.00602290453389287,0.422,0.0008402861132796923
0.41,0.0006720027886331081,0.422,0.0008402861132796923
0.385,0.004805690608918667,0.422,0.0008402861132796923
0.41,0.0008309092372655869,0.422,0.0008402861132796923
0.134,-0.004606286529451609,0.43,0.0005742711126858783
0.48,0.0073578571900725365,0.43,0.0005742711126858783
0.5263,-0.004893568344414234,0.43,0.0005742711126858783
0.41,-0.0037659192457795143,0.43,0.0005742711126858783
0.5,-0.010826526209712029,0.43,0.0005742711126858783
0.9,0.0033183014020323753,0.43,0.0005742711126858783
0.38,0.0032619228586554527,0.43,0.0005742711126858783
0.909948187,0.015525294467806816,0.43,0.0005742711126858783
0.38,0.0013310895301401615,0.43,0.0005742711126858783
0.5,0.009625469334423542,0.43,0.0005742711126858783
0.461,-0.006862069014459848,0.43,0.0005742711126858783
0.47,-0.002768806181848049,0.43,0.0005742711126858783
0.89708321,-0.0006536636501550674,0.43,0.0005742711126858783
0.45,-0.007101776078343391,0.43,0.0005742711126858783
1.0,0.004101882688701153,0.43,0.0005742711126858783
1.0,0.02375956065952778,0.43,0.0005742711126858783
0.46,0.004274299368262291,0.435,0.0004122266181918182
0.5,-0.010321442037820816,0.435,0.0004122266181918182
0.5263,0.009523455984890461,0.435,0.0004122266181918182
0.56,-0.007002821657806635,0.435,0.0004122266181918182
0.134,-0.0072631328366696835,0.435,0.0004122266181918182
0.5,-0.0007906658574938774,0.435,0.0004122266181918182
0.89,-0.006362982094287872,0.435,0.0004122266181918182
0.963,0.007630480453372002,0.435,0.0004122266181918182
0.48,0.004311151336878538,0.435,0.0004122266181918182
1.047,-0.09477607160806656,0.435,0.0004122266181918182
0.5263,0.016923902556300163,0.435,0.0004122266181918182
0.46,-0.0036371839232742786,0.435,0.0004122266181918182
0.5,-0.005162427201867104,0.435,0.0004122266181918182
0.896,-0.0019214055500924587,0.435,0.0004122266181918182
0.5,0.0016343388706445694,0.435,0.0004122266181918182
0.88414745,-0.0060788849368691444,0.435,0.0004122266181918182
1.05,-0.0677122175693512,0.435,0.0004122266181918182
0.5,-0.0030057067051529884,0.435,0.0004122266181918182
0.461,-0.005753474310040474,0.435,0.0004122266181918182
0.875,-0.0067268055863678455,0.435,0.0004122266181918182
0.5,-0.00475218053907156,0.435,0.0004122266181918182
1.0,0.00910833477973938,0.435,0.0004122266181918182
0.134,-0.009676377288997173,0.435,0.0004122266181918182
0.461,-0.005189898889511824,0.435,0.0004122266181918182
0.435,0.0019907341338694096,0.435,0.0004122266181918182
0.5263,-0.004480862058699131,0.435,0.0004122266181918182
1.0,0.0010803760960698128,0.435,0.0004122266181918182
0.5718,0.012085484340786934,0.435,0.0004122266181918182
0.88414745,0.0018877997063100338,0.435,0.0004122266181918182
0.5,-0.004121742211282253,0.435,0.0004122266181918182
0.963,0.0009845499880611897,0.435,0.0004122266181918182
0.47,0.004204353783279657,0.435,0.0004122266181918182
0.47,0.006732718087732792,0.435,0.0004122266181918182
1.0,0.010936012491583824,0.435,0.0004122266181918182
0.385,0.006817587651312351,0.435,0.0004122266181918182
0.7148,-0.005341881420463324,0.435,0.0004122266181918182
0.904974093,-0.005798159167170525,0.435,0.0004122266181918182
0.46,0.001642692368477583,0.435,0.0004122266181918182
0.47,0.009859897196292877,0.435,0.0004122266181918182
0.904974093,0.018923727795481682,0.435,0.0004122266181918182
0.5263,0.00309698935598135,0.435,0.0004122266181918182
0.5,-0.00682432483881712,0.435,0.0004122266181918182
0.47,-0.0025281247217208147,0.435,0.0004122266181918182
1.0,0.001557155977934599,0.435,0.0004122266181918182
0.7148,-0.002692787442356348,0.435,0.0004122266181918182
0.89708321,-0.002455510199069977,0.435,0.0004122266181918182
0.47,-0.006321517750620842,0.435,0.0004122266181918182
0.134,0.002957732416689396,0.435,0.0004122266181918182
0.56,0.003660936141386628,0.435,0.0004122266181918182
0.47,-0.003264722414314747,0.435,0.0004122266181918182
0.5263,-0.004793405067175627,0.435,0.0004122266181918182
0.5263,-0.004759562201797962,0.435,0.0004122266181918182
0.38,-0.002021048218011856,0.44,0.0002511968610566139
0.38,0.0052433917298913,0.44,0.0002511968610566139
0.5,0.006807869300246239,0.45,-8.252959238893438e-05
0.5,-0.0027573315892368555,0.45,-8.252959238893438e-05
0.5263,0.0008449367596767843,0.45,-8.252959238893438e-05
1.0,0.0010073073208332062,0.46,-0.0004903134242462428
0.41,0.006555752828717232,0.46,-0.0004903134242462428
0.5,-0.0009484805632382631,0.46,-0.0004903134242462428
0.89,-0.01729576289653778,0.46,-0.0004903134242462428
1.05,-0.055822405964136124,0.46,-0.0004903134242462428
0.89,-0.0036487355828285217,0.46,-0.0004903134242462428
0.5,-0.00423047412186861,0.46,-0.0004903134242462428
0.5,0.008374243043363094,0.46,-0.0004903134242462428
0.38,-0.005455236881971359,0.46,-0.0004903134242462428
0.5263,-0.0046140714548528194,0.46,-0.0004903134242462428
0.38,0.003671901300549507,0.46,-0.0004903134242462428
0.5,0.004531301558017731,0.46,-0.0004903134242462428
0.134,-0.004686377011239529,0.46,-0.0004903134242462428
0.89,-0.00650635315105319,0.46,-0.0004903134242462428
0.5263,-0.004331669304519892,0.46,-0.0004903134242462428
0.896,-0.015302231535315514,0.46,-0.0004903134242462428
0.56,-0.006508717779070139,0.46,-0.0004903134242462428
0.5263,-0.006329136900603771,0.46,-0.0004903134242462428
0.422,0.0030903564766049385,0.46,-0.0004903134242462428
0.47,-0.003867336781695485,0.46,-0.0004903134242462428
0.41,0.0036998437717556953,0.46,-0.0004903134242462428
0.5263,0.013823168352246284,0.46,-0.0004903134242462428
0.5263,-0.00782865285873413,0.46,-0.0004903134242462428
0.88414745,-0.002343880943953991,0.46,-0.0004903134242462428
0.47,-0.0057351840659976006,0.46,-0.0004903134242462428
0.5,0.004578514955937862,0.46,-0.0004903134242462428
1.05,-0.04664599150419235,0.46,-0.0004903134242462428
0.47,0.0036495192907750607,0.46,-0.0004903134242462428
0.7148,-0.0012446250766515732,0.46,-0.0004903134242462428
0.41,0.00914962962269783,0.46,-0.0004903134242462428
0.422,0.0021640309132635593,0.46,-0.0004903134242462428
0.461,-0.009786292910575867,0.46,-0.0004903134242462428
0.43,-0.0044474974274635315,0.461,-0.0005398006339514224
0.5263,-0.010264272801578045,0.461,-0.0005398006339514224
0.377,-0.012159773148596287,0.461,-0.0005398006339514224
0.88414745,-0.0036423488054424524,0.461,-0.0005398006339514224
1.0,0.02638421580195427,0.461,-0.0005398006339514224
0.896,-0.014841523952782154,0.461,-0.0005398006339514224
0.134,-0.005562960170209408,0.461,-0.0005398006339514224
0.63619,-0.0015729409642517567,0.461,-0.0005398006339514224
0.5,-0.0031029051169753075,0.461,-0.0005398006339514224
0.88414745,0.005228037014603615,0.461,-0.0005398006339514224
0.461,-0.005621138960123062,0.461,-0.0005398006339514224
0.963,0.017701411619782448,0.461,-0.0005398006339514224
0.385,0.0026844509411603212,0.461,-0.0005398006339514224
0.481,5.7979486882686615e-05,0.461,-0.0005398006339514224
0.88414745,-0.007677815854549408,0.461,-0.0005398006339514224
0.5263,-0.004591069649904966,0.461,-0.0005398006339514224
0.5263,-0.004552806261926889,0.461,-0.0005398006339514224
0.5,-0.010393207892775536,0.461,-0.0005398006339514224
0.41,0.0019144779071211815,0.461,-0.0005398006339514224
0.41,0.005236453376710415,0.461,-0.0005398006339514224
0.896,-0.015136925503611565,0.461,-0.0005398006339514224
0.5,0.0006099692545831203,0.461,-0.0005398006339514224
0.435,-0.007052062079310417,0.461,-0.0005398006339514224
0.89,-0.004506271332502365,0.461,-0.0005398006339514224
0.48,0.0006076461868360639,0.461,-0.0005398006339514224
0.461,-0.0024958429858088493,0.461,-0.0005398006339514224
0.48,0.002921496517956257,0.461,-0.0005398006339514224
0.88414745,-0.0037073311395943165,0.461,-0.0005398006339514224
0.38,-0.005051520187407732,0.461,-0.0005398006339514224
0.5,0.004378161858767271,0.461,-0.0005398006339514224
0.385,0.0033585322089493275,0.461,-0.0005398006339514224
0.38,7.056631147861481e-06,0.461,-0.0005398006339514224
1.047,-0.05493856593966484,0.461,-0.0005398006339514224
0.5,-0.005392453167587519,0.461,-0.0005398006339514224
0.435,-0.013869424350559711,0.461,-0.0005398006339514224
0.963005181,0.0042278952896595,0.461,-0.0005398006339514224
0.7148,-0.0014488326851278543,0.461,-0.0005398006339514224
0.88414745,-0.008765920996665955,0.461,-0.0005398006339514224
0.385,0.0045677474699914455,0.461,-0.0005398006339514224
0.377,0.0106480922549963,0.461,-0.0005398006339514224
0.134,-0.025057578459382057,0.461,-0.0005398006339514224
0.41,-0.0018489598296582699,0.461,-0.0005398006339514224
0.5263,-0.006053277291357517,0.461,-0.0005398006339514224
0.88414745,-0.0042817797511816025,0.461,-0.0005398006339514224
0.5263,-0.0038261418230831623,0.461,-0.0005398006339514224
0.41,-0.006686830893158913,0.461,-0.0005398006339514224
0.88414745,-0.006420947145670652,0.461,-0.0005398006339514224
0.5263,-0.004828684031963348,0.461,-0.0005398006339514224
0.5263,-0.004324194975197315,0.461,-0.0005398006339514224
0.5,0.003502585692331195,0.461,-0.0005398006339514224
1.047,-0.05348289757966995,0.461,-0.0005398006339514224
0.461,-0.003017243230715394,0.461,-0.0005398006339514224
0.5718,0.001271029468625784,0.461,-0.0005398006339514224
0.46,-0.010389496572315693,0.461,-0.0005398006339514224
0.385,0.003754296340048313,0.461,-0.0005398006339514224
0.5,-0.003720331471413374,0.461,-0.0005398006339514224
0.63619,-0.0009651440195739269,0.461,-0.0005398006339514224
0.435,0.005141866393387318,0.461,-0.0005398006339514224
0.38,0.00760210957378149,0.461,-0.0005398006339514224
0.47,-0.006872928701341152,0.461,-0.0005398006339514224
0.56,0.002206152305006981,0.47,-0.0009703235822608138
0.5,-0.0022418713197112083,0.47,-0.0009703235822608138
0.461,-0.0016388734802603722,0.47,-0.0009703235822608138
0.5,0.010582477785646915,0.47,-0.0009703235822608138
0.5,-0.004515268374234438,0.47,-0.0009703235822608138
0.41,0.005659886635839939,0.47,-0.0009703235822608138
0.5263,-0.007189092691987753,0.47,-0.0009703235822608138
0.5,-0.00621318444609642,0.47,-0.0009703235822608138
1.06,-0.07000403851270676,0.47,-0.0009703235822608138
0.902487047,-0.008509606122970581,0.47,-0.0009703235822608138
0.47,-0.004324899520725012,0.47,-0.0009703235822608138
0.41,0.022061221301555634,0.47,-0.0009703235822608138
0.909948187,0.0005955514498054981,0.47,-0.0009703235822608138
0.89708321,-0.005835093557834625,0.47,-0.0009703235822608138
0.435,-0.001887763850390911,0.47,-0.0009703235822608138
0.461,-0.001517963595688343,0.47,-0.0009703235822608138
0.46,-0.0037902207113802433,0.47,-0.0009703235822608138
0.41,0.007283581420779228,0.47,-0.0009703235822608138
0.47,-0.0022283662110567093,0.47,-0.0009703235822608138
0.963,0.007352580316364765,0.47,-0.0009703235822608138
0.461,0.00265531986951828,0.47,-0.0009703235822608138
0.63619,-0.0008309097029268742,0.47,-0.0009703235822608138
0.5,2.576177939772606e-05,0.47,-0.0009703235822608138
0.88414745,-0.006440198514610529,0.47,-0.0009703235822608138
0.38,0.0017458433285355568,0.47,-0.0009703235822608138
0.47,0.0050033945590257645,0.47,-0.0009703235822608138
1.0,0.005308798514306545,0.47,-0.0009703235822608138
0.5,0.00470341183245182,0.47,-0.0009703235822608138
0.47,-0.002962780650705099,0.47,-0.0009703235822608138
0.385,-0.0025185048580169678,0.47,-0.0009703235822608138
0.38,-0.0016346282791346312,0.47,-0.0009703235822608138
0.435,-0.0011792178265750408,0.47,-0.0009703235822608138
0.875,-0.005573339760303497,0.47,-0.0009703235822608138
0.134,-0.013162156566977501,0.47,-0.0009703235822608138
0.5,-0.0024950848892331123,0.47,-0.0009703235822608138
0.963,0.023096293210983276,0.47,-0.0009703235822608138
0.5263,-0.003572444198653102,0.47,-0.0009703235822608138
0.435,-0.019015155732631683,0.47,-0.0009703235822608138
0.38,0.0004929648712277412,0.47,-0.0009703235822608138
0.7148,-0.001239837147295475,0.47,-0.0009703235822608138
0.5263,6.97476789355278e-05,0.47,-0.0009703235822608138
0.5,0.003911529202014208,0.47,-0.0009703235822608138
0.896,-0.018442656844854355,0.47,-0.0009703235822608138
0.88414745,0.007794954814016819,0.47,-0.0009703235822608138
0.435,-0.01395293790847063,0.47,-0.0009703235822608138
0.5263,0.015963925048708916,0.47,-0.0009703235822608138
0.5,0.0043886019848287106,0.47,-0.0009703235822608138
0.47,-0.005545586813241243,0.47,-0.0009703235822608138
0.461,-0.007147058378905058,0.47,-0.0009703235822608138
0.5718,0.011019255965948105,0.47,-0.0009703235822608138
0.47,-0.005280060227960348,0.47,-0.0009703235822608138
0.5263,0.01599794253706932,0.47,-0.0009703235822608138
0.5263,0.0006543162744492292,0.47,-0.0009703235822608138
0.5263,-0.0010395832359790802,0.47,-0.0009703235822608138
0.47,-0.0004928319249302149,0.47,-0.0009703235822608138
0.134,-0.013408547267317772,0.47,-0.0009703235822608138
0.88414745,-0.025292474776506424,0.47,-0.0009703235822608138
0.385,-0.00018296809867024422,0.47,-0.0009703235822608138
0.5718,0.0011222667526453733,0.47,-0.0009703235822608138
0.38,-0.000918941106647253,0.47,-0.0009703235822608138
1.0,0.024770066142082214,0.47,-0.0009703235822608138
0.5,-0.005515684839338064,0.47,-0.0009703235822608138
0.7148,-0.006425904110074043,0.47,-0.0009703235822608138
0.5,-0.008273256942629814,0.47,-0.0009703235822608138
0.5263,-0.004827633500099182,0.47,-0.0009703235822608138
0.435,-0.009494821541011333,0.47,-0.0009703235822608138
0.5263,-0.0037416969425976276,0.47,-0.0009703235822608138
0.41,-0.0002905614674091339,0.47,-0.0009703235822608138
0.5263,1.7492566257715225e-05,0.47,-0.0009703235822608138
0.134,-0.020954500883817673,0.47,-0.0009703235822608138
0.5718,0.008814801461994648,0.47,-0.0009703235822608138
0.5,-0.0065622939728200436,0.47,-0.0009703235822608138
1.0,0.0039722067303955555,0.47,-0.0009703235822608138
0.63619,-0.006027453113347292,0.47,-0.0009703235822608138
1.0,0.009087802842259407,0.47,-0.0009703235822608138
0.5263,-0.003946731332689524,0.47,-0.0009703235822608138
0.435,0.008301617577672005,0.47,-0.0009703235822608138
0.896,-0.01612800545990467,0.47,-0.0009703235822608138
0.5,0.0002051210030913353,0.47,-0.0009703235822608138
0.385,0.00043483334593474865,0.47,-0.0009703235822608138
0.41,0.002242700196802616,0.47,-0.0009703235822608138
1.06,-0.06571771204471588,0.47,-0.0009703235822608138
0.9,-0.04382821172475815,0.47,-0.0009703235822608138
0.5,-0.0074060396291315556,0.47,-0.0009703235822608138
0.5263,0.002443907782435417,0.47,-0.0009703235822608138
0.134,-0.026404280215501785,0.48,-0.0010520260954970748
0.385,0.002504154574126005,0.48,-0.0010520260954970748
0.88414745,-0.018452826887369156,0.48,-0.0010520260954970748
0.963005181,-0.002662036567926407,0.48,-0.0010520260954970748
0.5,-0.013587214052677155,0.48,-0.0010520260954970748
0.41,0.004689695313572884,0.48,-0.0010520260954970748
0.377,-0.00697238789871335,0.48,-0.0010520260954970748
0.5263,0.010480700992047787,0.48,-0.0010520260954970748
0.385,-0.002025640569627285,0.48,-0.0010520260954970748
0.5263,0.005119726527482271,0.48,-0.0010520260954970748
0.5,0.002155579626560211,0.48,-0.0010520260954970748
0.46,0.000996419694274664,0.48,-0.0010520260954970748
0.385,0.00346134090796113,0.48,-0.0010520260954970748
0.41,-0.008315801620483398,0.48,-0.0010520260954970748
0.5263,0.0008307085372507572,0.48,-0.0010520260954970748
0.5,0.0053312769159674644,0.481,-0.0010562498605648592
1.0,0.02404067851603031,0.481,-0.0010562498605648592
0.5,0.0014217272400856018,0.481,-0.0010562498605648592
0.88414745,0.0082161333411932,0.481,-0.0010562498605648592
0.5718,0.010931656695902348,0.481,-0.0010562498605648592
1.0,0.002759633120149374,0.481,-0.0010562498605648592
0.88414745,-0.017312251031398773,0.481,-0.0010562498605648592
0.9,-0.014325357973575592,0.481,-0.0010562498605648592
0.435,0.012329560704529285,0.481,-0.0010562498605648592
0.7148,-0.0017896984936669469,0.481,-0.0010562498605648592
0.88414745,0.002909734845161438,0.5,-0.0009608760848258048
0.435,-0.0016492721624672413,0.5,-0.0009608760848258048
0.46,-0.011560371145606041,0.5,-0.0009608760848258048
0.7148,-0.0014202846214175224,0.5,-0.0009608760848258048
0.47,-0.0008013611659407616,0.5,-0.0009608760848258048
0.461,-0.005725351627916098,0.5,-0.0009608760848258048
0.134,-0.018274269998073578,0.5,-0.0009608760848258048
0.963,0.020026182755827904,0.5,-0.0009608760848258048
0.5718,-0.006546197459101677,0.5,-0.0009608760848258048
0.461,-0.007656018249690533,0.5,-0.0009608760848258048
0.5263,-0.0024397484958171844,0.5,-0.0009608760848258048
0.422,0.005646701902151108,0.5,-0.0009608760848258048
0.89,-0.01354554295539856,0.5,-0.0009608760848258048
0.385,0.004452393390238285,0.5,-0.0009608760848258048
0.385,0.007251068018376827,0.5,-0.0009608760848258048
0.56,0.007457645144313574,0.5,-0.0009608760848258048
0.5,0.002083809580653906,0.5,-0.0009608760848258048
0.63619,-0.0012311951722949743,0.5,-0.0009608760848258048
0.896,-0.015427816659212112,0.5,-0.0009608760848258048
1.0,-0.0007798429578542709,0.5,-0.0009608760848258048
1.05,-0.05080761760473251,0.5,-0.0009608760848258048
0.5263,-0.004320299252867699,0.5,-0.0009608760848258048
0.461,-0.008106211200356483,0.5,-0.0009608760848258048
0.435,0.004791369661688805,0.5,-0.0009608760848258048
0.7148,-0.0014113755896687508,0.5,-0.0009608760848258048
0.5,-0.006822566967457533,0.5,-0.0009608760848258048
0.5263,-0.003738233121111989,0.5,-0.0009608760848258048
0.5,0.0045415847562253475,0.5,-0.0009608760848258048
0.461,-0.007364001125097275,0.5,-0.0009608760848258048
0.5,0.010797184891998768,0.5,-0.0009608760848258048
0.89708321,-0.002125910948961973,0.5,-0.0009608760848258048
1.05,-0.08332359790802002,0.5,-0.0009608760848258048
0.422,-0.0031591961160302162,0.5,-0.0009608760848258048
0.88414745,-0.015240557491779327,0.5,-0.0009608760848258048
0.89708321,-0.0073354169726371765,0.5,-0.0009608760848258048
0.5,0.011684674769639969,0.5,-0.0009608760848258048
0.875,-0.009851428680121899,0.5,-0.0009608760848258048
0.5,-0.009945285506546497,0.5,-0.0009608760848258048
0.41,-0.0006730400491505861,0.5,-0.0009608760848258048
0.47,-0.006721872836351395,0.5,-0.0009608760848258048
0.5263,0.005632214713841677,0.5,-0.0009608760848258048
0.134,-0.0074261026456952095,0.5,-0.0009608760848258048
0.5,-0.0016882838681340218,0.5,-0.0009608760848258048
1.0,-0.006348270922899246,0.5,-0.0009608760848258048
0.5263,-0.0020526768639683723,0.5,-0.0009608760848258048
0.44,0.0013099228963255882,0.5,-0.0009608760848258048
0.5,-0.006658454891294241,0.5,-0.0009608760848258048
0.46,0.009810706600546837,0.5,-0.0009608760848258048
0.5263,0.0040482282638549805,0.5,-0.0009608760848258048
0.47,-0.009593215771019459,0.5,-0.0009608760848258048
0.435,0.013402797281742096,0.5,-0.0009608760848258048
0.38,0.0008691069670021534,0.5,-0.0009608760848258048
0.5,0.004327466711401939,0.5,-0.0009608760848258048
0.896,-0.011523423716425896,0.5,-0.0009608760848258048
0.919948187,-0.009254620410501957,0.5,-0.0009608760848258048
0.5,0.0040726372972130775,0.5,-0.0009608760848258048
0.41,-0.007293101865798235,0.5,-0.0009608760848258048
0.422,0.002634142991155386,0.5,-0.0009608760848258048
0.5718,-0.006613424513489008,0.5,-0.0009608760848258048
0.41,0.0026961383409798145,0.5,-0.0009608760848258048
0.435,-0.010675054043531418,0.5,-0.0009608760848258048
0.5,-0.002738704439252615,0.5,-0.0009608760848258048
0.5,-0.005128192249685526,0.5,-0.0009608760848258048
0.5263,-0.0029812315478920937,0.5,-0.0009608760848258048
0.41,0.002435066271573305,0.5,-0.0009608760848258048
0.47,-0.005599186755716801,0.5,-0.0009608760848258048
0.41,0.006363830529153347,0.5,-0.0009608760848258048
0.41,0.016575466841459274,0.5,-0.0009608760848258048
0.9,0.002058647572994232,0.5,-0.0009608760848258048
0.41,0.021420421078801155,0.5,-0.0009608760848258048
1.02,-0.05224791541695595,0.5,-0.0009608760848258048
0.5,0.0037221992388367653,0.5,-0.0009608760848258048
0.385,-0.0029809148982167244,0.5,-0.0009608760848258048
0.5,-0.00996229238808155,0.5,-0.0009608760848258048
0.47,-0.002499885391443968,0.5,-0.0009608760848258048
0.875,-0.0056227222084999084,0.5,-0.0009608760848258048
0.435,-0.018983490765094757,0.5,-0.0009608760848258048
0.461,0.0011934270150959492,0.5,-0.0009608760848258048
0.41,0.006384321954101324,0.5,-0.0009608760848258048
0.88414745,-0.011334693059325218,0.5,-0.0009608760848258048
0.88414745,-0.003806968219578266,0.5,-0.0009608760848258048
0.963005181,0.01754974015057087,0.5,-0.0009608760848258048
0.5263,-0.00037136697210371494,0.5,-0.0009608760848258048
0.5,-0.003109689336270094,0.5,-0.0009608760848258048
0.5,0.0043600769713521,0.5,-0.0009608760848258048
0.41,0.006277880631387234,0.5,-0.0009608760848258048
0.5263,0.00930004008114338,0.5,-0.0009608760848258048
0.5263,-0.004948825109750032,0.5,-0.0009608760848258048
0.435,-0.0019260537810623646,0.5,-0.0009608760848258048
0.461,-0.0045106541365385056,0.5,-0.0009608760848258048
0.5,0.0006621971260756254,0.5,-0.0009608760848258048
0.88414745,0.0020455121994018555,0.5,-0.0009608760848258048
0.63619,-0.004096906632184982,0.5,-0.0009608760848258048
1.047,-0.037911295890808105,0.5,-0.0009608760848258048
1.06,-0.06928130984306335,0.5,-0.0009608760848258048
0.705,-0.0052400799468159676,0.5,-0.0009608760848258048
0.5,-0.004703212063759565,0.5,-0.0009608760848258048
0.56,-0.007848182693123817,0.5,-0.0009608760848258048
0.461,-0.007134950719773769,0.5,-0.0009608760848258048
0.385,0.004862841684371233,0.5,-0.0009608760848258048
0.38,-0.0016944240778684616,0.5,-0.0009608760848258048
0.5263,-0.0017703012563288212,0.5,-0.0009608760848258048
0.5,-0.0006929002702236176,0.5,-0.0009608760848258048
0.5,-0.0023041516542434692,0.5,-0.0009608760848258048
0.89,-0.010195975191891193,0.5,-0.0009608760848258048
0.47,-0.004700516350567341,0.5,-0.0009608760848258048
0.5,-0.004527043551206589,0.5,-0.0009608760848258048
0.5263,0.004054931923747063,0.5,-0.0009608760848258048
0.5,-0.0007300963625311852,0.5,-0.0009608760848258048
0.56,0.001685798168182373,0.5,-0.0009608760848258048
0.9,0.004722170997411013,0.5,-0.0009608760848258048
0.481,-0.003475334495306015,0.5,-0.0009608760848258048
0.385,0.00482909195125103,0.5,-0.0009608760848258048
0.377,-0.005875005386769772,0.5,-0.0009608760848258048
0.88414745,-0.004223381169140339,0.5,-0.0009608760848258048
0.5263,-0.003892345353960991,0.5,-0.0009608760848258048
0.88414745,-0.015256598591804504,0.5,-0.0009608760848258048
0.5263,0.0036745332181453705,0.5,-0.0009608760848258048
0.5,-0.012120794504880905,0.5,-0.0009608760848258048
0.377,-0.008521869778633118,0.5,-0.0009608760848258048
0.5263,0.015129398554563522,0.5,-0.0009608760848258048
0.422,0.0032746088691055775,0.5,-0.0009608760848258048
0.385,0.0029675569385290146,0.5,-0.0009608760848258048
0.47,0.005489852279424667,0.5,-0.0009608760848258048
0.88414745,-0.008749675005674362,0.5,-0.0009608760848258048
0.5,-0.00258506927639246,0.5,-0.0009608760848258048
0.47,-0.0014799598138779402,0.5,-0.0009608760848258048
0.461,-0.00639990484341979,0.5,-0.0009608760848258048
0.47,-0.0015077516436576843,0.5,-0.0009608760848258048
0.134,-0.011458016000688076,0.5,-0.0009608760848258048
1.06,-0.06704770028591156,0.5,-0.0009608760848258048
0.5263,-0.007894350215792656,0.5,-0.0009608760848258048
0.88414745,-0.01155637763440609,0.5,-0.0009608760848258048
0.9,-0.03868677839636803,0.5,-0.0009608760848258048
0.134,-0.004340007901191711,0.5,-0.0009608760848258048
0.89,-0.01193789392709732,0.5,-0.0009608760848258048
0.88414745,-0.016335193067789078,0.5,-0.0009608760848258048
0.5718,-0.018213821575045586,0.5,-0.0009608760848258048
0.5,-0.007672094274312258,0.5,-0.0009608760848258048
0.435,-0.00832691602408886,0.5,-0.0009608760848258048
0.5,-0.005661557894200087,0.5,-0.0009608760848258048
1.047,-0.09540495276451111,0.5,-0.0009608760848258048
0.5,-0.0055171167477965355,0.5,-0.0009608760848258048
0.5,0.0025245342403650284,0.5,-0.0009608760848258048
0.385,0.0044520278461277485,0.5,-0.0009608760848258048
0.5,-0.0001247185282409191,0.5,-0.0009608760848258048
0.5,-0.001211192924529314,0.5,-0.0009608760848258048
0.5,-0.006713410839438438,0.5,-0.0009608760848258048
0.88414745,-0.013612821698188782,0.5,-0.0009608760848258048
0.88414745,-0.010750163346529007,0.5,-0.0009608760848258048
0.5263,0.013000589795410633,0.5,-0.0009608760848258048
1.06,-0.06692133098840714,0.5,-0.0009608760848258048
0.47,-0.008329369127750397,0.5,-0.0009608760848258048
0.134,-0.01720551960170269,0.5,-0.0009608760848258048
0.5263,0.008138466626405716,0.5,-0.0009608760848258048
0.909948187,-0.010384060442447662,0.5,-0.0009608760848258048
0.48,0.003276193980127573,0.5,-0.0009608760848258048
0.7148,-0.0005698360037058592,0.5,-0.0009608760848258048
0.5,-0.0034905532374978065,0.5,-0.0009608760848258048
0.377,0.023157581686973572,0.5,-0.0009608760848258048
0.5263,0.004873017780482769,0.5,-0.0009608760848258048
0.88414745,-0.008809724822640419,0.5,-0.0009608760848258048
0.41,0.004443861544132233,0.5,-0.0009608760848258048
0.7148,-0.0032300041057169437,0.5,-0.0009608760848258048
0.89,-0.003330374602228403,0.5,-0.0009608760848258048
0.134,-0.005004893988370895,0.5,-0.0009608760848258048
0.5263,0.021989578381180763,0.5,-0.0009608760848258048
0.5,0.009756209328770638,0.5,-0.0009608760848258048
0.88414745,-0.011451005935668945,0.5,-0.0009608760848258048
0.5263,-0.0003205602988600731,0.5,-0.0009608760848258048
0.5,-0.009933172725141048,0.5,-0.0009608760848258048
0.461,-0.0013865516521036625,0.5,-0.0009608760848258048
0.875,-0.00789656676352024,0.5,-0.0009608760848258048
0.134,-0.00832795538008213,0.5,-0.0009608760848258048
0.5263,-0.007960725575685501,0.5,-0.0009608760848258048
0.98015544,0.013687824830412865,0.5,-0.0009608760848258048
0.377,0.026463642716407776,0.5,-0.0009608760848258048
0.43,0.0036543356254696846,0.5,-0.0009608760848258048
0.422,0.009651362895965576,0.5,-0.0009608760848258048
0.5263,0.01616441085934639,0.5,-0.0009608760848258048
0.919948187,0.00436379574239254,0.5,-0.0009608760848258048
0.461,0.004089118912816048,0.5,-0.0009608760848258048
0.134,-0.0029625222086906433,0.5,-0.0009608760848258048
0.435,-0.0017766428645700216,0.5,-0.0009608760848258048
1.0,0.003981088753789663,0.5,-0.0009608760848258048
0.5263,-0.005263480357825756,0.5,-0.0009608760848258048
0.896,0.0048236483708024025,0.5,-0.0009608760848258048
0.385,0.0035929763689637184,0.5,-0.0009608760848258048
0.5263,0.004858494736254215,0.5,-0.0009608760848258048
0.5,-0.0006603249348700047,0.5,-0.0009608760848258048
0.38,-0.005154820624738932,0.5,-0.0009608760848258048
0.385,0.007208497263491154,0.5,-0.0009608760848258048
0.5263,-0.0020995973609387875,0.5,-0.0009608760848258048
0.38,0.002584402449429035,0.5,-0.0009608760848258048
0.98015544,-0.00819381047040224,0.5,-0.0009608760848258048
1.05,-0.08241461962461472,0.5,-0.0009608760848258048
0.481,-0.002981513738632202,0.5,-0.0009608760848258048
1.0,-0.0005591881927102804,0.5,-0.0009608760848258048
0.56,0.0063292356207966805,0.5,-0.0009608760848258048
0.47,-0.007667137775570154,0.5,-0.0009608760848258048
0.38,0.0055351341143250465,0.5,-0.0009608760848258048
0.422,0.004063223022967577,0.5,-0.0009608760848258048
0.5,-0.01193517167121172,0.5,-0.0009608760848258048
0.88414745,-0.0002629051450639963,0.5,-0.0009608760848258048
0.5718,-0.005547260399907827,0.5,-0.0009608760848258048
0.422,0.019822685047984123,0.5,-0.0009608760848258048
0.48,0.004581115674227476,0.5,-0.0009608760848258048
0.46,0.013668006286025047,0.5,-0.0009608760848258048
0.422,-0.006556715816259384,0.5,-0.0009608760848258048
0.47,-0.0032785236835479736,0.5,-0.0009608760848258048
0.461,-0.00873150210827589,0.5,-0.0009608760848258048
0.461,-0.00934529583901167,0.5,-0.0009608760848258048
1.047,-0.08029736578464508,0.5,-0.0009608760848258048
0.902487047,0.02334606647491455,0.5,-0.0009608760848258048
0.7148,-0.004034765064716339,0.5,-0.0009608760848258048
0.9,-0.021149735897779465,0.5,-0.0009608760848258048
0.47,-0.005308491177856922,0.5,-0.0009608760848258048
0.41,0.005658886395394802,0.5,-0.0009608760848258048
0.5,-0.006264059338718653,0.5,-0.0009608760848258048
0.385,0.0038829604163765907,0.5,-0.0009608760848258048
0.9,0.0036942611914128065,0.5,-0.0009608760848258048
0.5,-0.0006881545996293426,0.5,-0.0009608760848258048
0.88414745,-0.0024332182947546244,0.5,-0.0009608760848258048
0.47,-0.008680330589413643,0.5,-0.0009608760848258048
0.5,0.0024847446475178003,0.5,-0.0009608760848258048
0.5263,-0.004944467917084694,0.5,-0.0009608760848258048
0.88414745,-0.00414504436776042,0.5,-0.0009608760848258048
0.5,0.001640118658542633,0.5,-0.0009608760848258048
0.43,0.005821226164698601,0.5,-0.0009608760848258048
1.02,-0.05495194345712662,0.5,-0.0009608760848258048
0.88414745,-0.002433754038065672,0.5,-0.0009608760848258048
0.377,0.0027107056230306625,0.5,-0.0009608760848258048
0.89708321,0.002405331004410982,0.5,-0.0009608760848258048
0.38,0.009460635483264923,0.5,-0.0009608760848258048
0.5,0.0058891307562589645,0.5,-0.0009608760848258048
0.963,0.014670949429273605,0.5,-0.0009608760848258048
0.41,0.006964073982089758,0.5,-0.0009608760848258048
0.5,-0.00808466225862503,0.5,-0.0009608760848258048
0.461,0.0022642978001385927,0.5,-0.0009608760848258048
0.5718,0.01301669143140316,0.5,-0.0009608760848258048
0.963,0.006994942203164101,0.5,-0.0009608760848258048
0.5,0.0037993937730789185,0.5,-0.0009608760848258048
0.5263,-0.004719744436442852,0.5,-0.0009608760848258048
0.41,0.007528156042098999,0.5,-0.0009608760848258048
0.904974093,0.0064712874591350555,0.5,-0.0009608760848258048
0.5263,0.014443770051002502,0.5,-0.0009608760848258048
0.38,-0.0008917551022022963,0.5,-0.0009608760848258048
0.5,0.0019641355611383915,0.5,-0.0009608760848258048
0.385,0.004855428356677294,0.5,-0.0009608760848258048
0.902487047,-0.002376446034759283,0.5,-0.0009608760848258048
0.5,-0.005134039558470249,0.5,-0.0009608760848258048
0.47,-0.005189072340726852,0.5,-0.0009608760848258048
0.435,-0.004942292347550392,0.5,-0.0009608760848258048
0.43,0.00902570504695177,0.5,-0.0009608760848258048
0.134,-0.011362744495272636,0.5,-0.0009608760848258048
0.377,-0.006016060709953308,0.5,-0.0009608760848258048
0.47,-0.008559275418519974,0.5,-0.0009608760848258048
0.5,0.004283644258975983,0.5,-0.0009608760848258048
0.705,-0.000698647229000926,0.5,-0.0009608760848258048
1.0,0.0024863742291927338,0.5,-0.0009608760848258048
0.7148,-0.0006136712618172169,0.5,-0.0009608760848258048
0.41,0.00786733627319336,0.5,-0.0009608760848258048
0.481,-0.0008528248872607946,0.5,-0.0009608760848258048
0.41,0.014141670428216457,0.5,-0.0009608760848258048
0.38,0.005977971479296684,0.5,-0.0009608760848258048
0.38,0.005544846411794424,0.5,-0.0009608760848258048
0.7148,0.003015636932104826,0.5,-0.0009608760848258048
0.5263,-0.0036069629713892937,0.5,-0.0009608760848258048
0.134,-0.00957577396184206,0.5,-0.0009608760848258048
0.88414745,-0.009156233631074429,0.5,-0.0009608760848258048
0.5,0.021538101136684418,0.5,-0.0009608760848258048
0.422,0.010721050202846527,0.5,-0.0009608760848258048
0.435,-0.0028552983421832323,0.5,-0.0009608760848258048
1.0,-0.004964161664247513,0.5,-0.0009608760848258048
0.5,-0.005544507876038551,0.5,-0.0009608760848258048
0.5,-0.00268331216648221,0.5,-0.0009608760848258048
0.41,0.005065198056399822,0.5,-0.0009608760848258048
0.5263,0.016903720796108246,0.5,-0.0009608760848258048
0.43,-0.008970371447503567,0.5,-0.0009608760848258048
0.377,0.006022091489285231,0.5,-0.0009608760848258048
0.5,0.013666074723005295,0.5,-0.0009608760848258048
0.134,-0.019430063664913177,0.5,-0.0009608760848258048
0.435,-0.0013736621476709843,0.5,-0.0009608760848258048
0.46,-0.0152462562546134,0.5,-0.0009608760848258048
0.963,0.019280267879366875,0.5,-0.0009608760848258048
1.05,-0.044015493243932724,0.5,-0.0009608760848258048
0.5,-0.002096944022923708,0.5,-0.0009608760848258048
0.41,-0.003667299635708332,0.5,-0.0009608760848258048
0.134,-0.013926366344094276,0.5,-0.0009608760848258048
0.46,-0.012922094203531742,0.5,-0.0009608760848258048
0.38,0.009616194292902946,0.5,-0.0009608760848258048
0.89,-0.009877548553049564,0.5263,-0.0004977956321401934
1.0,-0.0010509989224374294,0.5263,-0.0004977956321401934
0.422,0.002629975788295269,0.5263,-0.0004977956321401934
0.5263,0.002090216614305973,0.5263,-0.0004977956321401934
0.385,0.0032500047236680984,0.5263,-0.0004977956321401934
0.5263,0.010188190266489983,0.5263,-0.0004977956321401934
0.134,-0.012703871354460716,0.5263,-0.0004977956321401934
1.047,-0.06577251106500626,0.5263,-0.0004977956321401934
0.56,-0.0012215294409543276,0.5263,-0.0004977956321401934
0.41,0.010562444105744362,0.5263,-0.0004977956321401934
0.5,-0.0017771651037037373,0.5263,-0.0004977956321401934
1.06,-0.05489373207092285,0.5263,-0.0004977956321401934
0.89,-0.010625428520143032,0.5263,-0.0004977956321401934
0.5,0.0021161918994039297,0.5263,-0.0004977956321401934
1.0,0.004100394435226917,0.5263,-0.0004977956321401934
0.5263,-0.007887622341513634,0.5263,-0.0004977956321401934
0.422,0.0009058192372322083,0.5263,-0.0004977956321401934
0.896,-0.01767653599381447,0.5263,-0.0004977956321401934
0.5263,-0.0036539402790367603,0.5263,-0.0004977956321401934
0.88414745,-0.01769830472767353,0.5263,-0.0004977956321401934
1.047,-0.03737635165452957,0.5263,-0.0004977956321401934
0.5263,-0.004465170670300722,0.5263,-0.0004977956321401934
0.88414745,-0.004958846606314182,0.5263,-0.0004977956321401934
0.5,0.0028073331341147423,0.5263,-0.0004977956321401934
0.377,0.02736644074320793,0.5263,-0.0004977956321401934
0.5263,0.009581555612385273,0.5263,-0.0004977956321401934
0.5,-0.00614051753655076,0.5263,-0.0004977956321401934
0.461,-0.01319150160998106,0.5263,-0.0004977956321401934
0.88414745,-0.011845048516988754,0.5263,-0.0004977956321401934
0.5263,-0.003569043707102537,0.5263,-0.0004977956321401934
0.38,-0.001894097775220871,0.5263,-0.0004977956321401934
1.05,-0.0835210382938385,0.5263,-0.0004977956321401934
0.909948187,-0.003359755501151085,0.5263,-0.0004977956321401934
0.5,-0.006836958695203066,0.5263,-0.0004977956321401934
0.461,-0.010032705962657928,0.5263,-0.0004977956321401934
0.963,0.0036332933232188225,0.5263,-0.0004977956321401934
0.385,-0.0001242188736796379,0.5263,-0.0004977956321401934
0.41,0.006779464893043041,0.5263,-0.0004977956321401934
0.5,0.007234686054289341,0.5263,-0.0004977956321401934
0.5,0.004295664839446545,0.5263,-0.0004977956321401934
0.5,-0.0025944458320736885,0.5263,-0.0004977956321401934
0.875,-0.009917223826050758,0.5263,-0.0004977956321401934
0.47,-0.0060382746160030365,0.5263,-0.0004977956321401934
0.5,0.0026515554636716843,0.5263,-0.0004977956321401934
0.41,0.0032381806522607803,0.5263,-0.0004977956321401934
0.5,0.0026045548729598522,0.5263,-0.0004977956321401934
0.56,0.0012497989227995276,0.5263,-0.0004977956321401934
0.5263,-0.005245510023087263,0.5263,-0.0004977956321401934
0.48,0.006235570181161165,0.5263,-0.0004977956321401934
0.385,0.0038499715737998486,0.5263,-0.0004977956321401934
0.385,-0.00013614725321531296,0.5263,-0.0004977956321401934
0.5,0.0042355856858193874,0.5263,-0.0004977956321401934
1.047,-0.09158483147621155,0.5263,-0.0004977956321401934
0.435,-0.007338300347328186,0.5263,-0.0004977956321401934
1.047,-0.0498734749853611,0.5263,-0.0004977956321401934
1.0,0.0045918747782707214,0.5263,-0.0004977956321401934
0.5263,-0.005560799036175013,0.5263,-0.0004977956321401934
0.88414745,-0.013942737132310867,0.5263,-0.0004977956321401934
0.43,0.009551296010613441,0.5263,-0.0004977956321401934
0.904974093,0.007460128515958786,0.5263,-0.0004977956321401934
0.5263,0.0045867967419326305,0.5263,-0.0004977956321401934
0.377,-0.008457872085273266,0.5263,-0.0004977956321401934
0.5,-0.005385867785662413,0.5263,-0.0004977956321401934
0.5718,0.0029002605006098747,0.5263,-0.0004977956321401934
0.48,0.0033224355429410934,0.5263,-0.0004977956321401934
0.5263,-0.005175888072699308,0.5263,-0.0004977956321401934
1.06,-0.06724011152982712,0.5263,-0.0004977956321401934
0.5,0.01054622232913971,0.5263,-0.0004977956321401934
0.46,-0.012001924216747284,0.5263,-0.0004977956321401934
0.46,-7.43023119866848e-05,0.5263,-0.0004977956321401934
0.5,0.008730088360607624,0.5263,-0.0004977956321401934
0.385,0.006030930206179619,0.5263,-0.0004977956321401934
0.134,-0.014094768092036247,0.5263,-0.0004977956321401934
0.5,-0.0008490970358252525,0.5263,-0.0004977956321401934
0.5263,-0.004396994132548571,0.5263,-0.0004977956321401934
0.41,-0.0036639044992625713,0.5263,-0.0004977956321401934
0.5,0.0009200300555676222,0.5263,-0.0004977956321401934
0.5,0.006299114786088467,0.5263,-0.0004977956321401934
0.461,-0.003894677385687828,0.5263,-0.0004977956321401934
0.385,0.00887090340256691,0.5263,-0.0004977956321401934
0.38,0.0076753320172429085,0.5263,-0.0004977956321401934
0.385,0.0030956165865063667,0.5263,-0.0004977956321401934
0.5,-0.0004922349471598864,0.5263,-0.0004977956321401934
0.7148,-0.00024691037833690643,0.5263,-0.0004977956321401934
0.88414745,-0.012805425561964512,0.5263,-0.0004977956321401934
0.5,0.00032217963598668575,0.5263,-0.0004977956321401934
0.461,-0.00921572931110859,0.5263,-0.0004977956321401934
0.38,-0.000738704577088356,0.5263,-0.0004977956321401934
0.5718,0.0035011826548725367,0.5263,-0.0004977956321401934
0.38,0.006253598723560572,0.5263,-0.0004977956321401934
0.5263,-0.003330416511744261,0.5263,-0.0004977956321401934
0.385,0.0075035709887743,0.5263,-0.0004977956321401934
0.5263,-0.0013603055849671364,0.5263,-0.0004977956321401934
0.5263,-0.0055392589420080185,0.5263,-0.0004977956321401934
0.385,0.006845847237855196,0.5263,-0.0004977956321401934
1.0,0.0006065471097826958,0.5263,-0.0004977956321401934
0.5263,-0.004233571235090494,0.5263,-0.0004977956321401934
0.41,0.0046906317584216595,0.5263,-0.0004977956321401934
0.5263,-0.002849344164133072,0.5263,-0.0004977956321401934
0.5,-0.007651934400200844,0.5263,-0.0004977956321401934
1.047,-0.06498749554157257,0.5263,-0.0004977956321401934
0.38,-0.00017551705241203308,0.5263,-0.0004977956321401934
1.0,0.020126841962337494,0.5263,-0.0004977956321401934
0.88414745,-0.011889051645994186,0.5263,-0.0004977956321401934
0.5263,-0.0035813399590551853,0.5263,-0.0004977956321401934
0.98015544,0.0016523967497050762,0.5263,-0.0004977956321401934
0.38,0.0038429489359259605,0.5263,-0.0004977956321401934
1.06,-0.0636133998632431,0.5263,-0.0004977956321401934
0.5263,0.00337416073307395,0.5263,-0.0004977956321401934
0.461,-0.003077123314142227,0.5263,-0.0004977956321401934
0.5,0.004200530704110861,0.5263,-0.0004977956321401934
0.385,0.004844438284635544,0.5263,-0.0004977956321401934
0.5263,0.0031624967232346535,0.5263,-0.0004977956321401934
0.88414745,-0.008757246658205986,0.5263,-0.0004977956321401934
0.41,0.03301899880170822,0.5263,-0.0004977956321401934
0.5,-0.003374183550477028,0.5263,-0.0004977956321401934
0.41,0.006517491303384304,0.5263,-0.0004977956321401934
0.5,0.0032333051785826683,0.5263,-0.0004977956321401934
0.5,0.008330324664711952,0.5263,-0.0004977956321401934
0.435,-0.008301470428705215,0.5263,-0.0004977956321401934
0.435,0.007174450904130936,0.5263,-0.0004977956321401934
0.5,-0.00028796959668397903,0.5263,-0.0004977956321401934
0.435,0.0028935433365404606,0.5263,-0.0004977956321401934
0.88414745,0.0029166406020522118,0.5263,-0.0004977956321401934
0.38,0.0008797540795058012,0.5263,-0.0004977956321401934
0.46,-0.012013212777674198,0.5263,-0.0004977956321401934
0.41,0.00483586173504591,0.5263,-0.0004977956321401934
0.377,-0.007348670624196529,0.5263,-0.0004977956321401934
1.047,-0.048061445355415344,0.5263,-0.0004977956321401934
0.38,0.007347969803959131,0.5263,-0.0004977956321401934
0.5,0.00970681756734848,0.5263,-0.0004977956321401934
0.41,0.008983626961708069,0.5263,-0.0004977956321401934
0.377,0.006305489223450422,0.5263,-0.0004977956321401934
0.422,0.01254725456237793,0.5263,-0.0004977956321401934
0.422,0.0029311547987163067,0.5263,-0.0004977956321401934
0.435,-0.004894153214991093,0.5263,-0.0004977956321401934
0.47,0.0023181424476206303,0.5263,-0.0004977956321401934
0.88414745,-0.01768883690237999,0.5263,-0.0004977956321401934
0.43,0.008960321545600891,0.5263,-0.0004977956321401934
0.5,-0.00989870261400938,0.5263,-0.0004977956321401934
0.5,0.009224660694599152,0.5263,-0.0004977956321401934
1.0,-0.0049689412117004395,0.5263,-0.0004977956321401934
0.909948187,0.015594661235809326,0.5263,-0.0004977956321401934
0.48,0.0038235289976000786,0.5263,-0.0004977956321401934
0.385,0.005103352479636669,0.5263,-0.0004977956321401934
0.5263,-0.0048284828662872314,0.5263,-0.0004977956321401934
0.38,0.01705155521631241,0.5263,-0.0004977956321401934
0.47,-0.0057454900816082954,0.5263,-0.0004977956321401934
0.46,-0.01449078880250454,0.5263,-0.0004977956321401934
1.0,-0.0044375229626894,0.5263,-0.0004977956321401934
0.5,-0.0005173106910660863,0.5263,-0.0004977956321401934
0.435,-0.007786288391798735,0.5263,-0.0004977956321401934
0.41,0.004863012582063675,0.5263,-0.0004977956321401934
0.134,-0.011895762756466866,0.5263,-0.0004977956321401934
0.5718,0.010354624129831791,0.5263,-0.0004977956321401934
0.5,0.006307258270680904,0.5263,-0.0004977956321401934
0.902487047,-0.009192511439323425,0.5263,-0.0004977956321401934
0.5263,-0.0046575977467000484,0.5263,-0.0004977956321401934
0.88414745,-0.00939169805496931,0.5263,-0.0004977956321401934
0.5,0.007510854862630367,0.5263,-0.0004977956321401934
0.435,5.8222562074661255e-05,0.5263,-0.0004977956321401934
0.38,0.006162376143038273,0.5263,-0.0004977956321401934
0.47,-0.008829103782773018,0.5263,-0.0004977956321401934
0.5263,0.009486030787229538,0.5263,-0.0004977956321401934
0.5,-0.003660231363028288,0.5263,-0.0004977956321401934
0.5,0.006344298366457224,0.5263,-0.0004977956321401934
0.5,0.02030768245458603,0.5263,-0.0004977956321401934
1.06,-0.06656864285469055,0.5263,-0.0004977956321401934
0.5,-0.0016045104712247849,0.5263,-0.0004977956321401934
0.5,0.00018857349641621113,0.5263,-0.0004977956321401934
0.88414745,-0.007364992052316666,0.5263,-0.0004977956321401934
0.5,-0.0002190528903156519,0.5263,-0.0004977956321401934
0.47,0.0016798353753983974,0.5263,-0.0004977956321401934
0.904974093,-0.008533764630556107,0.56,-0.00013951237355219436
0.5,-0.0020890184678137302,0.56,-0.00013951237355219436
0.385,0.0013326015323400497,0.56,-0.00013951237355219436
0.41,0.0036958707496523857,0.56,-0.00013951237355219436
0.5,-0.0004980503581464291,0.56,-0.00013951237355219436
0.88414745,0.012880499474704266,0.56,-0.00013951237355219436
0.89,-0.007643917575478554,0.56,-0.00013951237355219436
0.963005181,0.015162669122219086,0.56,-0.00013951237355219436
0.5,-0.010934069752693176,0.56,-0.00013951237355219436
0.88414745,-0.009409257210791111,0.56,-0.00013951237355219436
1.047,-0.08043371886014938,0.56,-0.00013951237355219436
0.422,0.002179293893277645,0.56,-0.00013951237355219436
0.41,-0.00722720380872488,0.56,-0.00013951237355219436
0.47,-0.0031003691256046295,0.56,-0.00013951237355219436
0.88414745,-0.001081161666661501,0.56,-0.00013951237355219436
0.89,-0.01449250616133213,0.56,-0.00013951237355219436
0.47,-0.0076584056951105595,0.56,-0.00013951237355219436
0.45,-0.01367261353880167,0.56,-0.00013951237355219436
0.705,-0.014871302992105484,0.56,-0.00013951237355219436
0.461,-0.007987357676029205,0.5718,-0.00033683697154437693
0.385,0.0035254047252237797,0.5718,-0.00033683697154437693
0.875,-0.004943618550896645,0.5718,-0.00033683697154437693
0.41,0.003914517350494862,0.5718,-0.00033683697154437693
0.88414745,-0.015631824731826782,0.5718,-0.00033683697154437693
0.5263,0.004927642643451691,0.5718,-0.00033683697154437693
1.0,0.004732474219053984,0.5718,-0.00033683697154437693
0.5263,0.009064218029379845,0.5718,-0.00033683697154437693
0.5,0.007414416875690222,0.5718,-0.00033683697154437693
0.134,-0.007382184267044067,0.5718,-0.00033683697154437693
0.43,-0.005148658994585276,0.5718,-0.00033683697154437693
0.5718,-0.00614418787881732,0.5718,-0.00033683697154437693
0.5,0.0065852804109454155,0.5718,-0.00033683697154437693
1.0,0.001528013963252306,0.5718,-0.00033683697154437693
0.5,-0.0011891857720911503,0.5718,-0.00033683697154437693
0.5718,0.012690681032836437,0.5718,-0.00033683697154437693
0.5,-0.002117450814694166,0.5718,-0.00033683697154437693
1.0,0.005155589431524277,0.5718,-0.00033683697154437693
0.875,-0.012083865702152252,0.5718,-0.00033683697154437693
1.0,-0.003096871543675661,0.5718,-0.00033683697154437693
0.963,0.005692003294825554,0.5718,-0.00033683697154437693
0.5,0.006798728369176388,0.5718,-0.00033683697154437693
0.919948187,-0.005818490404635668,0.5718,-0.00033683697154437693
0.963005181,-0.009856045246124268,0.5718,-0.00033683697154437693
0.41,0.014468477107584476,0.5718,-0.00033683697154437693
0.5,0.004074204713106155,0.5718,-0.00033683697154437693
0.5263,-0.004537372384220362,0.5718,-0.00033683697154437693
0.5263,-0.0033824455458670855,0.63619,-0.0008872882982829036
0.5,0.0011711455881595612,0.63619,-0.0008872882982829036
0.46,-0.011971010826528072,0.63619,-0.0008872882982829036
0.5,0.0016112951561808586,0.63619,-0.0008872882982829036
0.47,-0.010058222338557243,0.63619,-0.0008872882982829036
0.705,0.016534769907593727,0.63619,-0.0008872882982829036
0.98015544,0.00454262550920248,0.63619,-0.0008872882982829036
0.377,-0.007607444189488888,0.63619,-0.0008872882982829036
0.63619,-0.002882986329495907,0.63619,-0.0008872882982829036
0.5263,-0.003719551954418421,0.63619,-0.0008872882982829036
0.5263,0.016970783472061157,0.63619,-0.0008872882982829036
0.481,0.004662505351006985,0.705,-0.00324662158811531
0.88414745,-0.011733928695321083,0.705,-0.00324662158811531
0.47,-0.007927294820547104,0.705,-0.00324662158811531
0.435,-0.0019418834708631039,0.705,-0.00324662158811531
0.63619,-0.003235969925299287,0.705,-0.00324662158811531
0.5,-0.0026623313315212727,0.705,-0.00324662158811531
0.5,-0.007400522939860821,0.705,-0.00324662158811531
0.41,0.0013192612677812576,0.705,-0.00324662158811531
1.0,0.024643167853355408,0.7148,-0.0034082308809368672
1.06,-0.06610482931137085,0.7148,-0.0034082308809368672
0.9,0.014762207865715027,0.7148,-0.0034082308809368672
0.134,-0.021660447120666504,0.7148,-0.0034082308809368672
0.46,-0.013696011155843735,0.7148,-0.0034082308809368672
0.422,-0.00012055877596139908,0.7148,-0.0034082308809368672
0.385,0.003532713744789362,0.7148,-0.0034082308809368672
0.5,-0.009815988130867481,0.7148,-0.0034082308809368672
1.05,-0.07436970621347427,0.7148,-0.0034082308809368672
0.38,0.003697629552334547,0.7148,-0.0034082308809368672
1.047,-0.08736552298069,0.7148,-0.0034082308809368672
0.481,0.0010526992846280336,0.7148,-0.0034082308809368672
0.41,0.00731119979172945,0.7148,-0.0034082308809368672
0.88414745,-0.0043278345838189125,0.7148,-0.0034082308809368672
1.06,-0.07606665045022964,0.7148,-0.0034082308809368672
0.377,-0.007491585332900286,0.7148,-0.0034082308809368672
0.461,-0.015184115618467331,0.7148,-0.0034082308809368672
0.5,-0.001974955201148987,0.7148,-0.0034082308809368672
0.904974093,0.011125633493065834,0.7148,-0.0034082308809368672
0.5,0.0003052069805562496,0.7148,-0.0034082308809368672
0.47,0.0058137234300374985,0.7148,-0.0034082308809368672
0.7148,-0.007354161236435175,0.7148,-0.0034082308809368672
0.38,0.002307589165866375,0.7148,-0.0034082308809368672
0.5,-0.0008995063835754991,0.7148,-0.0034082308809368672
0.902487047,0.01084798201918602,0.7148,-0.0034082308809368672
1.06,-0.07020467519760132,0.7148,-0.0034082308809368672
0.435,0.001579352654516697,0.7148,-0.0034082308809368672
0.38,-0.002113587688654661,0.7148,-0.0034082308809368672
0.896,-0.018252700567245483,0.7148,-0.0034082308809368672
0.963005181,0.0034854025579988956,0.7148,-0.0034082308809368672
0.5718,-0.01739148423075676,0.875,-0.003949916931979632
0.88414745,-0.007873979397118092,0.875,-0.003949916931979632
0.88414745,-0.011436003260314465,0.875,-0.003949916931979632
0.88414745,-0.0011595385149121284,0.875,-0.003949916931979632
0.5,-0.004147396422922611,0.875,-0.003949916931979632
0.377,0.02311098948121071,0.875,-0.003949916931979632
0.38,0.008202886208891869,0.875,-0.003949916931979632
1.047,-0.07386790215969086,0.875,-0.003949916931979632
0.377,0.02340843714773655,0.875,-0.003949916931979632
0.88414745,0.004605978261679411,0.875,-0.003949916931979632
0.88414745,-0.00599523913115263,0.875,-0.003949916931979632
0.47,0.011359186843037605,0.875,-0.003949916931979632
0.89,-0.013747939839959145,0.875,-0.003949916931979632
0.5,-0.003928695805370808,0.875,-0.003949916931979632
1.0,0.0044052088633179665,0.875,-0.003949916931979632
0.5,0.00793522223830223,0.875,-0.003949916931979632
0.377,-0.007454365026205778,0.875,-0.003949916931979632
0.88414745,-0.0006684889085590839,0.88414745,-0.003929471294610028
0.5,0.003843288403004408,0.88414745,-0.003929471294610028
0.385,0.004324157722294331,0.88414745,-0.003929471294610028
0.963,0.01444708090275526,0.88414745,-0.003929471294610028
0.41,0.014588026329874992,0.88414745,-0.003929471294610028
0.5,0.003925899509340525,0.88414745,-0.003929471294610028
0.5263,-0.004603140521794558,0.88414745,-0.003929471294610028
0.88414745,-0.0039598047733306885,0.88414745,-0.003929471294610028
0.47,0.002875896170735359,0.88414745,-0.003929471294610028
0.5,-0.0014647222124040127,0.88414745,-0.003929471294610028
0.5,-0.0012757221702486277,0.88414745,-0.003929471294610028
0.461,0.009210584685206413,0.88414745,-0.003929471294610028
0.134,-0.020488504320383072,0.88414745,-0.003929471294610028
0.461,-0.004750033840537071,0.88414745,-0.003929471294610028
0.385,-0.0027743172831833363,0.88414745,-0.003929471294610028
0.377,-0.012199659831821918,0.88414745,-0.003929471294610028
0.5263,0.015794143080711365,0.88414745,-0.003929471294610028
0.88414745,-0.014313819818198681,0.88414745,-0.003929471294610028
0.88414745,-0.014646626077592373,0.88414745,-0.003929471294610028
1.02,-0.049492187798023224,0.88414745,-0.003929471294610028
0.435,-0.0029605994932353497,0.88414745,-0.003929471294610028
1.0,0.004270156845450401,0.88414745,-0.003929471294610028
1.06,-0.06192036718130112,0.88414745,-0.003929471294610028
0.5263,0.004758887458592653,0.88414745,-0.003929471294610028
0.38,0.00036566704511642456,0.88414745,-0.003929471294610028
0.5,0.00032248301431536674,0.88414745,-0.003929471294610028
0.5263,-0.00483546731993556,0.88414745,-0.003929471294610028
0.904974093,-0.006356085184961557,0.88414745,-0.003929471294610028
0.47,-0.00514193344861269,0.88414745,-0.003929471294610028
0.5,0.007600169163197279,0.88414745,-0.003929471294610028
0.385,0.007705617230385542,0.88414745,-0.003929471294610028
0.5,0.004300074186176062,0.88414745,-0.003929471294610028
0.46,0.004378024488687515,0.88414745,-0.003929471294610028
0.5263,-0.005386112257838249,0.88414745,-0.003929471294610028
0.963,0.016966499388217926,0.88414745,-0.003929471294610028
0.41,-0.005019574426114559,0.88414745,-0.003929471294610028
0.46,-0.01349801104515791,0.88414745,-0.003929471294610028
0.5,0.013382121920585632,0.88414745,-0.003929471294610028
0.5263,-0.004954077303409576,0.88414745,-0.003929471294610028
0.63619,0.013502849265933037,0.88414745,-0.003929471294610028
1.0,-0.0004914291203022003,0.88414745,-0.003929471294610028
0.88414745,-0.003651971695944667,0.88414745,-0.003929471294610028
0.875,-0.00597023218870163,0.88414745,-0.003929471294610028
0.5263,-0.004435373470187187,0.88414745,-0.003929471294610028
1.06,-0.0577215701341629,0.88414745,-0.003929471294610028
0.5263,-0.0035340781323611736,0.88414745,-0.003929471294610028
0.5263,0.0035963868722319603,0.88414745,-0.003929471294610028
0.38,0.0008853022009134293,0.88414745,-0.003929471294610028
0.461,-0.004758983384817839,0.88414745,-0.003929471294610028
0.89708321,-0.01891516149044037,0.88414745,-0.003929471294610028
0.5,0.006923658773303032,0.88414745,-0.003929471294610028
0.9,-0.051998089998960495,0.88414745,-0.003929471294610028
0.89708321,-0.00316719152033329,0.88414745,-0.003929471294610028
0.41,0.001968810334801674,0.88414745,-0.003929471294610028
0.98015544,0.006764553487300873,0.88414745,-0.003929471294610028
0.5,0.004432797431945801,0.88414745,-0.003929471294610028
0.5,-0.006583531852811575,0.88414745,-0.003929471294610028
0.481,-0.0004282422596588731,0.88414745,-0.003929471294610028
0.47,-0.005630877800285816,0.88414745,-0.003929471294610028
1.0,0.003333399770781398,0.88414745,-0.003929471294610028
0.47,-0.006832452956587076,0.88414745,-0.003929471294610028
0.5,0.0036741606891155243,0.88414745,-0.003929471294610028
0.7148,-0.0017920162063091993,0.88414745,-0.003929471294610028
0.5263,-0.0039100185967981815,0.88414745,-0.003929471294610028
0.38,0.002850547432899475,0.88414745,-0.003929471294610028
0.377,0.007434884086251259,0.88414745,-0.003929471294610028
0.41,0.0034725922159850597,0.88414745,-0.003929471294610028
0.5,0.0041621653363108635,0.88414745,-0.003929471294610028
0.377,0.00286159198731184,0.88414745,-0.003929471294610028
0.38,0.005297661293298006,0.88414745,-0.003929471294610028
0.46,-0.011117612943053246,0.88414745,-0.003929471294610028
0.385,0.002495314460247755,0.88414745,-0.003929471294610028
0.385,0.003185569541528821,0.88414745,-0.003929471294610028
0.48,4.578707739710808e-05,0.88414745,-0.003929471294610028
0.5,-0.0009999756002798676,0.88414745,-0.003929471294610028
0.377,-0.014650654047727585,0.88414745,-0.003929471294610028
0.5,-0.0009068315848708153,0.88414745,-0.003929471294610028
0.88414745,-0.012264018878340721,0.88414745,-0.003929471294610028
0.377,-0.014708438888192177,0.88414745,-0.003929471294610028
0.7148,-0.0004800492897629738,0.88414745,-0.003929471294610028
1.0,0.007357243914157152,0.88414745,-0.003929471294610028
0.5,-0.010509893298149109,0.88414745,-0.003929471294610028
0.461,-0.007555073127150536,0.88414745,-0.003929471294610028
0.5263,-0.002996849361807108,0.88414745,-0.003929471294610028
0.5,0.005145716480910778,0.88414745,-0.003929471294610028
1.0,0.018854651600122452,0.88414745,-0.003929471294610028
0.5,0.0004913792945444584,0.88414745,-0.003929471294610028
0.5,-0.004602879751473665,0.88414745,-0.003929471294610028
0.435,0.00020297570154070854,0.88414745,-0.003929471294610028
0.41,0.0030281785875558853,0.88414745,-0.003929471294610028
0.88414745,-0.0019231736660003662,0.88414745,-0.003929471294610028
0.5,-0.008274270221590996,0.88414745,-0.003929471294610028
0.5718,0.00023945793509483337,0.88414745,-0.003929471294610028
0.5718,0.01052845548838377,0.88414745,-0.003929471294610028
0.5263,-0.004434477537870407,0.88414745,-0.003929471294610028
0.134,-0.011932006105780602,0.88414745,-0.003929471294610028
0.88414745,-0.006610720884054899,0.88414745,-0.003929471294610028
0.88414745,0.0015785591676831245,0.88414745,-0.003929471294610028
0.46,0.020156972110271454,0.88414745,-0.003929471294610028
0.47,-0.010331038385629654,0.88414745,-0.003929471294610028
0.5263,-0.002927165711298585,0.88414745,-0.003929471294610028
0.385,-0.007315848022699356,0.88414745,-0.003929471294610028
0.385,0.0031643183901906013,0.88414745,-0.003929471294610028
0.909948187,-0.002824107650667429,0.88414745,-0.003929471294610028
0.5,0.00671387417241931,0.88414745,-0.003929471294610028
0.5,-0.005941948853433132,0.88414745,-0.003929471294610028
0.5,-0.007928231731057167,0.88414745,-0.003929471294610028
0.5,-0.0020024781115353107,0.88414745,-0.003929471294610028
0.88414745,-0.013235986232757568,0.88414745,-0.003929471294610028
0.88414745,-0.006082525476813316,0.88414745,-0.003929471294610028
0.38,-0.002014806494116783,0.88414745,-0.003929471294610028
0.377,0.009412501007318497,0.88414745,-0.003929471294610028
0.5263,-0.0031147501431405544,0.88414745,-0.003929471294610028
0.88414745,0.0010832017287611961,0.89,-0.003913785173150657
0.134,-0.015029603615403175,0.89,-0.003913785173150657
0.5,-0.0005276007577776909,0.89,-0.003913785173150657
0.134,-0.013218488544225693,0.89,-0.003913785173150657
0.41,0.015391241759061813,0.89,-0.003913785173150657
0.47,-0.008792156353592873,0.89,-0.003913785173150657
0.47,-0.015182193368673325,0.89,-0.003913785173150657
0.88414745,0.011664017103612423,0.89,-0.003913785173150657
0.5,-0.0072677298448979855,0.89,-0.003913785173150657
0.41,0.0047585610300302505,0.89,-0.003913785173150657
1.0,0.004577070940285921,0.89,-0.003913785173150657
0.88414745,-0.013731342740356922,0.89,-0.003913785173150657
0.896,-0.004299383610486984,0.89,-0.003913785173150657
0.41,0.002782585099339485,0.89,-0.003913785173150657
0.41,-0.008079682476818562,0.89,-0.003913785173150657
0.5263,0.005513574928045273,0.89,-0.003913785173150657
0.461,-0.0059991441667079926,0.89,-0.003913785173150657
0.909948187,-0.008545967750251293,0.89,-0.003913785173150657
0.5,-0.0034437058493494987,0.89,-0.003913785173150657
0.88414745,0.0040629711002111435,0.89,-0.003913785173150657
0.134,-0.007053846959024668,0.896,-0.00389545232030809
0.875,-0.009711531922221184,0.896,-0.00389545232030809
0.461,0.0013776486739516258,0.896,-0.00389545232030809
0.5,0.0025023482739925385,0.896,-0.00389545232030809
0.5,0.004460920579731464,0.896,-0.00389545232030809
0.385,-0.001629405189305544,0.896,-0.00389545232030809
0.5263,0.0014660670422017574,0.896,-0.00389545232030809
0.5,0.004751470405608416,0.896,-0.00389545232030809
0.5,-0.00021816464141011238,0.896,-0.00389545232030809
1.05,-0.06043652445077896,0.896,-0.00389545232030809
1.05,-0.05051930248737335,0.896,-0.00389545232030809
0.5263,0.0028982115909457207,0.896,-0.00389545232030809
0.5,-0.0025786757469177246,0.896,-0.00389545232030809
0.5263,0.009021923877298832,0.896,-0.00389545232030809
0.963,0.008691810071468353,0.896,-0.00389545232030809
0.5,-0.010157553479075432,0.896,-0.00389545232030809
0.5718,0.008603905327618122,0.896,-0.00389545232030809
0.963005181,0.004250053316354752,0.896,-0.00389545232030809
0.98015544,0.006260517984628677,0.896,-0.00389545232030809
0.38,0.0035194638185203075,0.896,-0.00389545232030809
0.88414745,-0.011077497154474258,0.896,-0.00389545232030809
0.5263,-0.0004375837743282318,0.89708321,-0.0038918864885932026
0.5,-0.006473466753959656,0.89708321,-0.0038918864885932026
0.5,-0.010647358372807503,0.89708321,-0.0038918864885932026
0.89708321,-0.026697229593992233,0.89708321,-0.0038918864885932026
0.134,-0.0005310431588441133,0.89708321,-0.0038918864885932026
0.88414745,-0.013917362317442894,0.89708321,-0.0038918864885932026
0.5,0.0007856404408812523,0.89708321,-0.0038918864885932026
1.05,-0.0516497865319252,0.89708321,-0.0038918864885932026
1.06,-0.06310885399580002,0.89708321,-0.0038918864885932026
0.47,-0.007899523712694645,0.89708321,-0.0038918864885932026
0.38,0.0010738647542893887,0.89708321,-0.0038918864885932026
0.5263,-0.0029014733154326677,0.89708321,-0.0038918864885932026
0.89,-0.015286306850612164,0.89708321,-0.0038918864885932026
0.5,0.0076278578490018845,0.89708321,-0.0038918864885932026
0.435,-0.00011422485113143921,0.9,-0.0038818776733215055
0.134,-0.008822903037071228,0.9,-0.0038818776733215055
1.0,-0.004111347254365683,0.9,-0.0038818776733215055
0.5,-0.008574786596000195,0.9,-0.0038818776733215055
0.5,-0.004831022582948208,0.9,-0.0038818776733215055
0.461,0.00019708066247403622,0.9,-0.0038818776733215055
0.461,-0.006740518379956484,0.9,-0.0038818776733215055
0.41,0.0345301516354084,0.9,-0.0038818776733215055
0.377,0.019060663878917694,0.9,-0.0038818776733215055
0.5263,-0.0037943655624985695,0.9,-0.0038818776733215055
0.41,-0.003110223449766636,0.9,-0.0038818776733215055
0.5,0.01109173335134983,0.9,-0.0038818776733215055
0.47,-0.002059873891994357,0.9,-0.0038818776733215055
0.5,-0.0021952874958515167,0.9,-0.0038818776733215055
0.875,-0.00964430719614029,0.9,-0.0038818776733215055
0.41,0.0034469501115381718,0.9,-0.0038818776733215055
0.461,-0.007228095084428787,0.902487047,-0.0038728605343837873
0.44,-3.029080107808113e-05,0.902487047,-0.0038728605343837873
0.896,-0.011983892880380154,0.902487047,-0.0038728605343837873
0.41,0.02535289153456688,0.902487047,-0.0038728605343837873
0.89708321,-0.0034080324694514275,0.902487047,-0.0038728605343837873
0.46,-0.012166060507297516,0.902487047,-0.0038728605343837873
0.963,0.0033941948786377907,0.902487047,-0.0038728605343837873
0.56,-0.01832539215683937,0.904974093,-0.003863383646150747
0.41,0.002681795507669449,0.904974093,-0.003863383646150747
0.9,-0.03560344874858856,0.904974093,-0.003863383646150747
0.896,-0.01867569237947464,0.904974093,-0.003863383646150747
0.46,0.03179055452346802,0.904974093,-0.003863383646150747
0.41,0.007191653363406658,0.904974093,-0.003863383646150747
0.5263,0.012534883804619312,0.904974093,-0.003863383646150747
0.385,-0.0002894233912229538,0.904974093,-0.003863383646150747
0.5,-0.007826180197298527,0.904974093,-0.003863383646150747
0.47,-0.007742867339402437,0.909948187,-0.0038429957548761977
0.38,-0.00045795063488185406,0.909948187,-0.0038429957548761977
0.5263,-0.004198872484266758,0.909948187,-0.0038429957548761977
0.5,-3.2563693821430206e-05,0.909948187,-0.0038429957548761977
0.5263,-0.0021223220974206924,0.909948187,-0.0038429957548761977
0.41,-0.014456408098340034,0.909948187,-0.0038429957548761977
0.46,-0.009109760634601116,0.909948187,-0.0038429957548761977
0.5,-0.0027155205607414246,0.909948187,-0.0038429957548761977
0.435,-0.0009134113788604736,0.919948187,-0.0037958609311473375
0.896,-0.018119756132364273,0.919948187,-0.0037958609311473375
0.5,-0.010374346747994423,0.919948187,-0.0037958609311473375
0.88414745,0.010834012180566788,0.919948187,-0.0037958609311473375
0.134,-0.00948340818285942,0.919948187,-0.0037958609311473375
0.89708321,-0.004213222302496433,0.919948187,-0.0037958609311473375
0.88414745,-0.0039702970534563065,0.919948187,-0.0037958609311473375
0.385,0.004318762570619583,0.963,-0.0034834858242268644
0.435,-0.001397518441081047,0.963,-0.0034834858242268644
0.89708321,-0.0037945997901260853,0.963,-0.0034834858242268644
0.88414745,0.0002119140699505806,0.963,-0.0034834858242268644
0.38,0.00126402429305017,0.963,-0.0034834858242268644
0.5,0.0025990912690758705,0.963,-0.0034834858242268644
0.5263,0.010578762739896774,0.963,-0.0034834858242268644
0.902487047,-0.01284000463783741,0.963,-0.0034834858242268644
0.461,0.00113218417391181,0.963,-0.0034834858242268644
0.7148,-0.0008215992711484432,0.963,-0.0034834858242268644
0.5718,0.010486036539077759,0.963,-0.0034834858242268644
0.5,0.0010922314831987023,0.963,-0.0034834858242268644
1.0,0.009140267968177795,0.963,-0.0034834858242268644
0.134,-0.0025366656482219696,0.963,-0.0034834858242268644
0.5,0.00404085498303175,0.963,-0.0034834858242268644
0.5,0.00023856060579419136,0.963,-0.0034834858242268644
0.134,-0.01604372076690197,0.963,-0.0034834858242268644
0.88414745,-0.005670851096510887,0.963,-0.0034834858242268644
0.385,0.00463066203519702,0.963,-0.0034834858242268644
0.461,-0.012238800525665283,0.963,-0.0034834858242268644
0.56,0.004354893695563078,0.963005181,-0.0034834363066607943
0.5,-0.006825066637247801,0.963005181,-0.0034834363066607943
0.41,0.006041297689080238,0.963005181,-0.0034834363066607943
0.705,-0.013873450458049774,0.963005181,-0.0034834363066607943
0.5263,-0.0036457786336541176,0.963005181,-0.0034834363066607943
0.41,0.025184838101267815,0.963005181,-0.0034834363066607943
0.5263,-0.0027118297293782234,0.963005181,-0.0034834363066607943
0.461,0.012638084590435028,0.963005181,-0.0034834363066607943
0.5,0.0031762723810970783,0.98015544,-0.0033023690330934276
0.41,0.007211953401565552,0.98015544,-0.0033023690330934276
0.88414745,-0.014476723968982697,0.98015544,-0.0033023690330934276
0.435,-0.00057980976998806,0.98015544,-0.0033023690330934276
0.88414745,0.0034019676968455315,0.98015544,-0.0033023690330934276
0.377,0.021105177700519562,0.98015544,-0.0033023690330934276
0.47,-0.008864589035511017,1.0,-0.0030489639834018587
0.41,0.0004682170692831278,1.0,-0.0030489639834018587
0.88414745,-0.00552818737924099,1.0,-0.0030489639834018587
0.7148,-0.00021134363487362862,1.0,-0.0030489639834018587
1.06,-0.06812112033367157,1.0,-0.0030489639834018587
0.47,-0.0041830288246273994,1.0,-0.0030489639834018587
0.5263,-0.004846627824008465,1.0,-0.0030489639834018587
0.5263,-0.006307854317128658,1.0,-0.0030489639834018587
0.435,0.011739006265997887,1.0,-0.0030489639834018587
0.5,0.0007783854380249977,1.0,-0.0030489639834018587
0.47,-0.007864908315241337,1.0,-0.0030489639834018587
0.909948187,0.011397570371627808,1.0,-0.0030489639834018587
0.461,-0.006348721217364073,1.0,-0.0030489639834018587
0.5263,-0.004003699868917465,1.0,-0.0030489639834018587
0.47,-0.005839929450303316,1.0,-0.0030489639834018587
0.47,-0.005655506160110235,1.0,-0.0030489639834018587
0.9,-0.0011660614982247353,1.0,-0.0030489639834018587
0.5,-0.005288656800985336,1.0,-0.0030489639834018587
0.5263,0.012413888238370419,1.0,-0.0030489639834018587
0.46,-0.011188073083758354,1.0,-0.0030489639834018587
0.88414745,-0.0003473106771707535,1.0,-0.0030489639834018587
0.422,0.009359000250697136,1.0,-0.0030489639834018587
0.56,-0.0199662446975708,1.0,-0.0030489639834018587
0.963,0.005026264116168022,1.0,-0.0030489639834018587
0.38,0.007061284966766834,1.0,-0.0030489639834018587
0.422,-0.0023012924939393997,1.0,-0.0030489639834018587
0.38,-0.00010005803778767586,1.0,-0.0030489639834018587
0.5263,0.016074899584054947,1.0,-0.0030489639834018587
0.5,0.005674814805388451,1.0,-0.0030489639834018587
0.919948187,-0.010763230733573437,1.0,-0.0030489639834018587
0.47,-0.0017352106515318155,1.0,-0.0030489639834018587
1.06,-0.06310032308101654,1.0,-0.0030489639834018587
0.5263,-0.005110385827720165,1.0,-0.0030489639834018587
0.9,-0.00013474421575665474,1.0,-0.0030489639834018587
1.0,0.004006839822977781,1.0,-0.0030489639834018587
0.38,-0.002281811088323593,1.0,-0.0030489639834018587
0.47,-0.00326614361256361,1.0,-0.0030489639834018587
0.41,0.0028370851650834084,1.0,-0.0030489639834018587
0.88414745,-0.010464880615472794,1.0,-0.0030489639834018587
0.5,0.004179849289357662,1.0,-0.0030489639834018587
0.896,0.004021406639367342,1.0,-0.0030489639834018587
0.88414745,0.004282583482563496,1.0,-0.0030489639834018587
0.38,-0.0027659330517053604,1.0,-0.0030489639834018587
0.5718,0.0033030761405825615,1.0,-0.0030489639834018587
1.06,-0.07103892415761948,1.0,-0.0030489639834018587
0.5,-0.0017662574537098408,1.0,-0.0030489639834018587
0.5,-0.002200464718043804,1.0,-0.0030489639834018587
0.63619,0.001519710524007678,1.0,-0.0030489639834018587
0.46,-0.017105204984545708,1.0,-0.0030489639834018587
0.385,0.006907963193953037,1.0,-0.0030489639834018587
0.377,-0.01194964349269867,1.0,-0.0030489639834018587
1.0,0.013286090455949306,1.0,-0.0030489639834018587
0.377,-0.007795877289026976,1.0,-0.0030489639834018587
0.5,-0.0074699558317661285,1.0,-0.0030489639834018587
0.88414745,-0.011406481266021729,1.0,-0.0030489639834018587
0.5,-0.0003441339358687401,1.0,-0.0030489639834018587
0.5,0.004215281922370195,1.0,-0.0030489639834018587
0.48,0.003139000153169036,1.0,-0.0030489639834018587
0.5263,-0.003424959722906351,1.0,-0.0030489639834018587
0.41,0.003494991920888424,1.0,-0.0030489639834018587
0.5,-0.007096081972122192,1.02,-0.0027452153215310536
0.88414745,0.0009258538484573364,1.02,-0.0027452153215310536
0.5263,-0.00502474932000041,1.02,-0.0027452153215310536
0.422,0.0032681338489055634,1.047,-0.002261699587409379
0.88414745,-0.013559561222791672,1.047,-0.002261699587409379
0.134,-0.011427750810980797,1.047,-0.002261699587409379
0.56,0.014769629575312138,1.047,-0.002261699587409379
0.5,-0.006323765031993389,1.047,-0.002261699587409379
1.0,0.0035952432081103325,1.047,-0.002261699587409379
1.0,0.014573559165000916,1.047,-0.002261699587409379
0.5,0.006407825276255608,1.047,-0.002261699587409379
0.47,-0.008834779262542725,1.047,-0.002261699587409379
0.88414745,-0.01615382917225361,1.047,-0.002261699587409379
0.46,-0.013723383657634258,1.047,-0.002261699587409379
0.7148,-0.0004800492897629738,1.047,-0.002261699587409379
0.896,-0.0125217754393816,1.047,-0.002261699587409379
0.47,-0.002424828242510557,1.047,-0.002261699587409379
0.43,0.003809383139014244,1.047,-0.002261699587409379
0.7148,-0.006241955328732729,1.047,-0.002261699587409379
0.89708321,-0.008258647285401821,1.047,-0.002261699587409379
0.5,-0.0019001578912138939,1.047,-0.002261699587409379
0.47,-0.0008194043766707182,1.047,-0.002261699587409379
0.461,7.688300684094429e-05,1.047,-0.002261699587409379
0.89,0.007551290560513735,1.047,-0.002261699587409379
0.5,-0.002355668693780899,1.047,-0.002261699587409379
0.481,0.004584190435707569,1.047,-0.002261699587409379
0.43,0.00709820631891489,1.047,-0.002261699587409379
0.47,5.780067294836044e-05,1.047,-0.002261699587409379
0.377,0.02818741463124752,1.047,-0.002261699587409379
0.5,0.007479511667042971,1.05,-0.0022030172145087283
0.5,0.010868396610021591,1.05,-0.0022030172145087283
0.461,-0.008624391630291939,1.05,-0.0022030172145087283
0.385,0.007281975354999304,1.05,-0.0022030172145087283
0.43,-0.003600996918976307,1.05,-0.0022030172145087283
0.88414745,-0.01440788060426712,1.05,-0.0022030172145087283
0.88414745,-0.009695428423583508,1.05,-0.0022030172145087283
0.5263,-0.004676763899624348,1.05,-0.0022030172145087283
0.5,-0.003589927451685071,1.05,-0.0022030172145087283
0.5,-0.002216179622337222,1.05,-0.0022030172145087283
0.41,0.005054437555372715,1.05,-0.0022030172145087283
0.5,0.008303984999656677,1.05,-0.0022030172145087283
1.047,-0.06114770844578743,1.05,-0.0022030172145087283
0.963,0.031476739794015884,1.05,-0.0022030172145087283
0.5,0.004178137518465519,1.05,-0.0022030172145087283
0.919948187,0.00048097409307956696,1.06,-0.00200054396595572
0.41,-0.0076394230127334595,1.06,-0.00200054396595572
0.38,-0.0019719023257493973,1.06,-0.00200054396595572
0.38,0.0010461206547915936,1.06,-0.00200054396595572
0.5,-0.00614421721547842,1.06,-0.00200054396595572
0.896,-0.0017578372498974204,1.06,-0.00200054396595572
0.5,-0.004720096010714769,1.06,-0.00200054396595572
0.5,0.004420128650963306,1.06,-0.00200054396595572
1.0,0.0043994709849357605,1.06,-0.00200054396595572
0.5,-0.009542394429445267,1.06,-0.00200054396595572
0.7148,-0.0030176998116075993,1.06,-0.00200054396595572
1.0,0.0256672240793705,1.06,-0.00200054396595572
0.41,-0.0160217247903347,1.06,-0.00200054396595572
0.5,-0.006343554705381393,1.06,-0.00200054396595572
0.5,-0.0015872674994170666,1.06,-0.00200054396595572
0.5,-0.0034946096129715443,1.06,-0.00200054396595572
0.5,-0.0029595945961773396,1.06,-0.00200054396595572
1.0,0.00869828276336193,1.06,-0.00200054396595572
0.5,-0.006406975444406271,1.06,-0.00200054396595572
0.963,0.011666432954370975,1.06,-0.00200054396595572
1.0,0.015640433877706528,1.06,-0.00200054396595572
