melting point (C),shap,lowess melting point (C),lowess shap
632.0,0.02076331339776516,441.0,-0.009474121039370195
1339.0,0.012721410021185875,441.0,-0.009474121039370195
1660.0,0.01955118216574192,441.0,-0.009474121039370195
570.0,-0.007042533718049526,441.0,-0.009474121039370195
1339.0,0.01614326797425747,441.0,-0.009474121039370195
1339.0,0.01680566743016243,441.0,-0.009474121039370195
1071.0,0.01984359323978424,441.0,-0.009474121039370195
455.0,-0.21059496700763702,441.0,-0.009474121039370195
1339.0,0.0091130705550313,441.0,-0.009474121039370195
1700.0,-0.002528100274503231,441.0,-0.009474121039370195
1435.97,0.021236957982182503,441.0,-0.009474121039370195
1684.0,0.017520274966955185,441.0,-0.009474121039370195
1480.57,0.027706481516361237,441.0,-0.009474121039370195
570.0,-0.00608622282743454,441.0,-0.009474121039370195
1375.0,0.020150022581219673,441.0,-0.009474121039370195
577.0,-0.00726965581998229,441.0,-0.009474121039370195
1260.0,0.0062348246574401855,441.0,-0.009474121039370195
640.0,0.008237650617957115,441.0,-0.009474121039370195
1480.57,0.02703220024704933,441.0,-0.009474121039370195
1339.0,0.01865864172577858,441.0,-0.009474121039370195
1083.2,0.01587461307644844,441.0,-0.009474121039370195
1417.44,0.009692816063761711,455.0,-0.008909731484450676
1375.0,0.01725011318922043,455.0,-0.008909731484450676
502.0,-0.1600322425365448,455.0,-0.008909731484450676
455.0,-0.14550834894180298,455.0,-0.008909731484450676
1260.0,0.008594737388193607,455.0,-0.008909731484450676
1375.0,0.01394176110625267,455.0,-0.008909731484450676
1339.0,0.017757369205355644,455.0,-0.008909731484450676
1684.0,-0.0007710782811045647,455.0,-0.008909731484450676
1375.0,0.01027960330247879,455.0,-0.008909731484450676
455.0,-0.15834563970565796,455.0,-0.008909731484450676
1375.0,0.02447555586695671,455.0,-0.008909731484450676
1684.0,0.01804722473025322,455.0,-0.008909731484450676
1375.0,0.008876655250787735,455.0,-0.008909731484450676
1684.0,-0.0011566346511244774,455.0,-0.008909731484450676
1660.0,0.0033741474617272615,455.0,-0.008909731484450676
3410.0,0.007291843183338642,455.0,-0.008909731484450676
1435.97,0.01995369791984558,455.0,-0.008909731484450676
1375.0,0.019514944404363632,455.0,-0.008909731484450676
1260.0,0.013745435513556004,455.0,-0.008909731484450676
1375.0,0.014189505949616432,455.0,-0.008909731484450676
1339.0,0.01620146818459034,455.0,-0.008909731484450676
1375.0,0.015950769186019897,455.0,-0.008909731484450676
455.0,-0.1752043515443802,455.0,-0.008909731484450676
1375.0,0.007370755076408386,455.0,-0.008909731484450676
1260.0,0.014559161849319935,455.0,-0.008909731484450676
1354.0,0.026421869173645973,455.0,-0.008909731484450676
1650.0,0.0015964549966156483,477.0,-0.00802949105558827
640.0,0.002358491299673915,477.0,-0.00802949105558827
1660.0,0.008684893138706684,477.0,-0.00802949105558827
455.0,-0.12644454836845398,477.0,-0.00802949105558827
660.0,-0.0011216849088668823,477.0,-0.00802949105558827
502.0,-0.16416817903518677,477.0,-0.00802949105558827
1339.0,0.01635252684354782,477.0,-0.00802949105558827
1500.0,0.031280767172575,477.0,-0.00802949105558827
1684.0,-0.00046006031334400177,477.0,-0.00802949105558827
1339.0,0.013869145885109901,477.0,-0.00802949105558827
1260.0,0.008154748938977718,477.0,-0.00802949105558827
1684.0,0.006381295621395111,477.0,-0.00802949105558827
1375.0,0.010472382418811321,477.0,-0.00802949105558827
1435.97,0.019530775025486946,477.0,-0.00802949105558827
1684.0,0.019375834614038467,477.0,-0.00802949105558827
1426.0,0.007377831265330315,477.0,-0.00802949105558827
455.0,-0.1654486358165741,477.0,-0.00802949105558827
1423.0,0.025152437388896942,477.0,-0.00802949105558827
1417.44,0.017123639583587646,477.0,-0.00802949105558827
570.0,-0.010744232684373856,477.0,-0.00802949105558827
1684.0,0.003745273221284151,477.0,-0.00802949105558827
1375.0,0.01512707956135273,477.0,-0.00802949105558827
1354.0,0.011689027771353722,477.0,-0.00802949105558827
1684.0,0.0010678349062800407,477.0,-0.00802949105558827
1684.0,0.0078816507011652,477.0,-0.00802949105558827
1375.0,0.014859015122056007,477.0,-0.00802949105558827
1684.0,0.001262858510017395,477.0,-0.00802949105558827
502.0,-0.19095854461193085,477.0,-0.00802949105558827
1435.97,0.03349412977695465,477.0,-0.00802949105558827
1375.0,0.010423101484775543,477.0,-0.00802949105558827
3410.0,0.009721294045448303,502.0,-0.007039444048245996
1083.2,0.016675066202878952,502.0,-0.007039444048245996
1684.0,0.013445201329886913,502.0,-0.007039444048245996
570.0,-0.006660959683358669,502.0,-0.007039444048245996
570.0,0.0022795875556766987,502.0,-0.007039444048245996
1684.0,0.0017298515886068344,502.0,-0.007039444048245996
441.0,-0.17776726186275482,502.0,-0.007039444048245996
570.0,0.013867528177797794,502.0,-0.007039444048245996
640.0,0.000513173989020288,502.0,-0.007039444048245996
1071.0,0.010947899892926216,502.0,-0.007039444048245996
1071.0,0.0043716649524867535,502.0,-0.007039444048245996
1375.0,0.019778473302721977,502.0,-0.007039444048245996
1083.2,0.01560424454510212,502.0,-0.007039444048245996
1375.0,0.01890506222844124,502.0,-0.007039444048245996
640.0,-0.0035982253029942513,502.0,-0.007039444048245996
1071.0,0.022848743945360184,502.0,-0.007039444048245996
1339.0,0.015607385896146297,502.0,-0.007039444048245996
999.0,0.003386019729077816,503.0,-0.007000074839292681
1684.0,0.005655655637383461,503.0,-0.007000074839292681
1650.0,0.02813209407031536,503.0,-0.007000074839292681
999.0,0.02200145088136196,503.0,-0.007000074839292681
1375.0,0.020056424662470818,503.0,-0.007000074839292681
1400.0,0.016035636886954308,503.0,-0.007000074839292681
649.0,0.006076013669371605,504.0,-0.006960723814824748
1071.0,0.023927923291921616,504.0,-0.006960723814824748
1480.57,0.012857917696237564,504.0,-0.006960723814824748
1260.0,0.019759271293878555,504.0,-0.006960723814824748
1375.0,0.012133301235735416,504.0,-0.006960723814824748
477.0,-0.1820034682750702,504.0,-0.006960723814824748
1684.0,-0.00567591143772006,504.0,-0.006960723814824748
605.0,0.01677446812391281,504.0,-0.006960723814824748
1435.97,0.014401493594050407,504.0,-0.006960723814824748
570.0,-0.0015186737291514874,504.0,-0.006960723814824748
1339.0,0.017438668757677078,504.0,-0.006960723814824748
1260.0,0.003638654947280884,504.0,-0.006960723814824748
1375.0,0.01858403906226158,504.0,-0.006960723814824748
477.0,-0.17754675447940826,504.0,-0.006960723814824748
1260.0,0.013418606482446194,504.0,-0.006960723814824748
591.0,0.03241093456745148,558.0,-0.004861213281693287
1260.0,0.012118576094508171,558.0,-0.004861213281693287
1375.0,0.005420919507741928,558.0,-0.004861213281693287
1260.0,0.031832147389650345,558.0,-0.004861213281693287
1684.0,-0.006549776066094637,558.0,-0.004861213281693287
640.0,0.016993805766105652,558.0,-0.004861213281693287
504.0,-0.03718148171901703,570.0,-0.004400854008666722
1083.2,0.016603775322437286,570.0,-0.004400854008666722
1260.0,0.009844142943620682,570.0,-0.004400854008666722
1410.0,0.020922992378473282,570.0,-0.004400854008666722
1400.0,0.006362041924148798,570.0,-0.004400854008666722
1083.2,0.018316593021154404,570.0,-0.004400854008666722
1260.0,0.00759707298129797,570.0,-0.004400854008666722
1339.0,0.01576787419617176,570.0,-0.004400854008666722
570.0,0.017121190205216408,570.0,-0.004400854008666722
1684.0,0.020380714908242226,570.0,-0.004400854008666722
1375.0,0.008512673899531364,570.0,-0.004400854008666722
1364.0,0.009868377819657326,570.0,-0.004400854008666722
502.0,-0.14790065586566925,570.0,-0.004400854008666722
1684.0,0.008933844044804573,570.0,-0.004400854008666722
504.0,-0.04211176186800003,570.0,-0.004400854008666722
1500.0,0.024236761033535004,570.0,-0.004400854008666722
1260.0,0.006970907561480999,570.0,-0.004400854008666722
1260.0,0.01800416223704815,570.0,-0.004400854008666722
502.0,-0.17227768898010254,570.0,-0.004400854008666722
1375.0,0.02129690907895565,570.0,-0.004400854008666722
455.0,-0.12683002650737762,570.0,-0.004400854008666722
1083.2,0.016667161136865616,570.0,-0.004400854008666722
1375.0,0.018670694902539253,570.0,-0.004400854008666722
640.0,0.001430403906852007,570.0,-0.004400854008666722
1375.0,0.016152681782841682,570.0,-0.004400854008666722
477.0,-0.15873564779758453,570.0,-0.004400854008666722
1375.0,0.008804362267255783,570.0,-0.004400854008666722
1417.44,0.012948758900165558,570.0,-0.004400854008666722
1339.0,0.019353697076439857,570.0,-0.004400854008666722
570.0,0.0051500024273991585,570.0,-0.004400854008666722
1083.2,0.014169993810355663,570.0,-0.004400854008666722
1071.0,0.011477386578917503,570.0,-0.004400854008666722
1435.97,0.03078645095229149,570.0,-0.004400854008666722
1595.0,0.009690304286777973,570.0,-0.004400854008666722
1083.2,0.01860848441720009,570.0,-0.004400854008666722
1083.2,0.01773626171052456,570.0,-0.004400854008666722
1339.0,0.021258868277072906,570.0,-0.004400854008666722
1375.0,0.02150772139430046,570.0,-0.004400854008666722
1260.0,0.022704511880874634,570.0,-0.004400854008666722
577.0,0.0015675835311412811,570.0,-0.004400854008666722
570.0,-0.01049722172319889,570.0,-0.004400854008666722
1260.0,0.012190809473395348,570.0,-0.004400854008666722
1435.0,0.011657033115625381,570.0,-0.004400854008666722
1260.0,0.016880441457033157,570.0,-0.004400854008666722
455.0,-0.167880117893219,570.0,-0.004400854008666722
1684.0,-0.002045626752078533,570.0,-0.004400854008666722
502.0,-0.14744269847869873,570.0,-0.004400854008666722
1375.0,0.01987660676240921,570.0,-0.004400854008666722
1260.0,0.0021787085570394993,570.0,-0.004400854008666722
1375.0,0.020787999033927917,570.0,-0.004400854008666722
1684.0,-0.0031813830137252808,570.0,-0.004400854008666722
1339.0,0.013174192979931831,570.0,-0.004400854008666722
570.0,0.00715599674731493,570.0,-0.004400854008666722
1684.0,0.0018896805122494698,570.0,-0.004400854008666722
441.0,-0.18617375195026398,570.0,-0.004400854008666722
1364.0,0.013429546728730202,570.0,-0.004400854008666722
1375.0,0.01581561006605625,570.0,-0.004400854008666722
1375.0,0.010767143219709396,570.0,-0.004400854008666722
1375.0,0.01979910023510456,570.0,-0.004400854008666722
1375.0,0.02103460393846035,570.0,-0.004400854008666722
1375.0,0.018011456355452538,570.0,-0.004400854008666722
570.0,-0.01238196063786745,570.0,-0.004400854008666722
640.0,0.012140469625592232,570.0,-0.004400854008666722
1684.0,0.018723033368587494,570.0,-0.004400854008666722
1364.0,0.01373497024178505,570.0,-0.004400854008666722
1339.0,0.015249768272042274,570.0,-0.004400854008666722
570.0,-0.016959048807621002,570.0,-0.004400854008666722
1260.0,0.01125896256417036,570.0,-0.004400854008666722
1375.0,0.01239327434450388,570.0,-0.004400854008666722
3410.0,0.009552162140607834,570.0,-0.004400854008666722
1435.97,0.006473410874605179,570.0,-0.004400854008666722
1435.97,0.009140774607658386,570.0,-0.004400854008666722
1339.0,0.018663164228200912,570.0,-0.004400854008666722
1339.0,0.018417775630950928,570.0,-0.004400854008666722
1083.2,0.01491796225309372,570.0,-0.004400854008666722
640.0,0.010059057734906673,570.0,-0.004400854008666722
1354.0,0.010706261731684208,570.0,-0.004400854008666722
1400.0,0.03219347447156906,570.0,-0.004400854008666722
1375.0,0.020346127450466156,570.0,-0.004400854008666722
3410.0,0.0035994620993733406,570.0,-0.004400854008666722
1375.0,0.032937247306108475,570.0,-0.004400854008666722
1435.97,0.021346991881728172,570.0,-0.004400854008666722
570.0,-0.013168705627322197,570.0,-0.004400854008666722
570.0,-0.007324043661355972,570.0,-0.004400854008666722
1684.0,0.0041313450783491135,570.0,-0.004400854008666722
582.0,-0.011036104522645473,570.0,-0.004400854008666722
1375.0,0.014266528189182281,570.0,-0.004400854008666722
1410.0,0.029856864362955093,570.0,-0.004400854008666722
1071.0,0.011209165677428246,570.0,-0.004400854008666722
1684.0,0.0009816791862249374,570.0,-0.004400854008666722
999.0,0.0011085639707744122,570.0,-0.004400854008666722
1375.0,0.02327912673354149,570.0,-0.004400854008666722
1650.0,-0.001879137009382248,570.0,-0.004400854008666722
1083.2,0.016290346160531044,570.0,-0.004400854008666722
1375.0,0.014643289148807526,570.0,-0.004400854008666722
649.0,0.0067094676196575165,570.0,-0.004400854008666722
503.0,-0.07641205191612244,570.0,-0.004400854008666722
1435.97,0.024213051423430443,570.0,-0.004400854008666722
1684.0,0.01593783125281334,570.0,-0.004400854008666722
570.0,0.0020582471042871475,570.0,-0.004400854008666722
455.0,-0.1903972029685974,570.0,-0.004400854008666722
1260.0,0.0047060176730155945,570.0,-0.004400854008666722
591.0,-0.0003371620550751686,570.0,-0.004400854008666722
1375.0,0.01853950507938862,570.0,-0.004400854008666722
455.0,-0.2125927060842514,570.0,-0.004400854008666722
1650.0,0.00333529245108366,570.0,-0.004400854008666722
1083.2,0.011714024469256401,570.0,-0.004400854008666722
999.0,0.005035003647208214,570.0,-0.004400854008666722
1260.0,0.01115784328430891,570.0,-0.004400854008666722
441.0,-0.184120774269104,570.0,-0.004400854008666722
1290.0,0.02203335426747799,570.0,-0.004400854008666722
1260.0,0.010388325899839401,570.0,-0.004400854008666722
1417.44,0.022529540583491325,570.0,-0.004400854008666722
1260.0,0.01373567245900631,577.0,-0.004133223364118893
1684.0,-0.0056396424770355225,577.0,-0.004133223364118893
570.0,0.002511292928829789,577.0,-0.004133223364118893
582.0,0.022747807204723358,577.0,-0.004133223364118893
1435.97,0.015190737321972847,577.0,-0.004133223364118893
1684.0,0.0011958321556448936,577.0,-0.004133223364118893
1260.0,0.022510791197419167,577.0,-0.004133223364118893
1375.0,0.02350570634007454,577.0,-0.004133223364118893
1684.0,0.009520752355456352,577.0,-0.004133223364118893
1364.0,0.011716749519109726,577.0,-0.004133223364118893
999.0,0.0052468013018369675,577.0,-0.004133223364118893
1339.0,0.01953240856528282,577.0,-0.004133223364118893
660.0,0.007316730450838804,577.0,-0.004133223364118893
1260.0,0.035274457186460495,577.0,-0.004133223364118893
1083.2,0.018096933141350746,577.0,-0.004133223364118893
1339.0,0.017386192455887794,577.0,-0.004133223364118893
1684.0,0.006824159063398838,577.0,-0.004133223364118893
1500.0,0.010727986693382263,577.0,-0.004133223364118893
1364.0,0.012880705296993256,577.0,-0.004133223364118893
1435.97,0.018713949248194695,577.0,-0.004133223364118893
1260.0,0.014851009473204613,577.0,-0.004133223364118893
640.0,0.027913030236959457,577.0,-0.004133223364118893
1375.0,0.01954938843846321,577.0,-0.004133223364118893
640.0,0.017497504130005836,577.0,-0.004133223364118893
570.0,-0.00398743711411953,577.0,-0.004133223364118893
1684.0,0.010262768715620041,577.0,-0.004133223364118893
1700.0,-0.002038780599832535,577.0,-0.004133223364118893
477.0,-0.15370294451713562,577.0,-0.004133223364118893
1071.0,0.014930922538042068,577.0,-0.004133223364118893
1410.0,0.01908433437347412,582.0,-0.003942443845457865
477.0,-0.1601269245147705,582.0,-0.003942443845457865
1375.0,0.014444254338741302,582.0,-0.003942443845457865
1375.0,0.015247343108057976,582.0,-0.003942443845457865
1480.57,0.016300350427627563,582.0,-0.003942443845457865
1684.0,0.011242702603340149,582.0,-0.003942443845457865
1435.97,0.03191616013646126,582.0,-0.003942443845457865
1684.0,-0.0002376902848482132,582.0,-0.003942443845457865
1684.0,0.0005635321140289307,582.0,-0.003942443845457865
1375.0,0.01602151244878769,582.0,-0.003942443845457865
3410.0,0.009098315611481667,582.0,-0.003942443845457865
1083.2,0.0167843010276556,582.0,-0.003942443845457865
1684.0,-0.0020342417992651463,582.0,-0.003942443845457865
1339.0,0.017246438190340996,582.0,-0.003942443845457865
1071.0,0.01345802377909422,582.0,-0.003942443845457865
1435.97,0.018469393253326416,582.0,-0.003942443845457865
653.0,0.01827850751578808,582.0,-0.003942443845457865
1375.0,0.021603889763355255,582.0,-0.003942443845457865
1426.0,0.007737360894680023,582.0,-0.003942443845457865
3410.0,0.006897820625454187,582.0,-0.003942443845457865
1684.0,0.0010143714025616646,582.0,-0.003942443845457865
570.0,-0.007495599333196878,591.0,-0.0035997956857768054
1480.57,0.016197064891457558,591.0,-0.0035997956857768054
1410.0,0.026697412133216858,591.0,-0.0035997956857768054
1684.0,0.005294643342494965,591.0,-0.0035997956857768054
477.0,-0.18527138233184814,591.0,-0.0035997956857768054
1354.0,0.015582684427499771,591.0,-0.0035997956857768054
1684.0,0.0157745573669672,591.0,-0.0035997956857768054
570.0,-0.006727712228894234,591.0,-0.0035997956857768054
660.0,-0.0034096078015863895,591.0,-0.0035997956857768054
1684.0,0.00865735299885273,591.0,-0.0035997956857768054
570.0,0.0022915531881153584,605.0,-0.0030685052551346487
3410.0,0.00970710813999176,605.0,-0.0030685052551346487
570.0,0.004832337610423565,605.0,-0.0030685052551346487
1339.0,0.011862083338201046,605.0,-0.0030685052551346487
570.0,-0.01132167037576437,605.0,-0.0030685052551346487
1684.0,-0.002484587486833334,605.0,-0.0030685052551346487
477.0,-0.15882816910743713,605.0,-0.0030685052551346487
1375.0,0.015700438991189003,605.0,-0.0030685052551346487
1684.0,0.005957087501883507,605.0,-0.0030685052551346487
3410.0,0.009824075736105442,632.0,-0.0020483144792869216
1455.0,0.028844758868217468,632.0,-0.0020483144792869216
1339.0,0.020991778001189232,632.0,-0.0020483144792869216
1071.0,0.019320813938975334,632.0,-0.0020483144792869216
1071.0,0.010071209631860256,632.0,-0.0020483144792869216
660.0,0.0092818234115839,632.0,-0.0020483144792869216
1650.0,0.0050636958330869675,632.0,-0.0020483144792869216
1375.0,0.01941416785120964,640.0,-0.0017467764578285698
582.0,-0.003765648230910301,640.0,-0.0017467764578285698
1410.0,0.0022160550579428673,640.0,-0.0017467764578285698
1375.0,0.00610695593059063,640.0,-0.0017467764578285698
640.0,0.016117120161652565,640.0,-0.0017467764578285698
3410.0,0.008225725963711739,640.0,-0.0017467764578285698
605.0,-0.0005397640634328127,640.0,-0.0017467764578285698
1375.0,0.011208923533558846,640.0,-0.0017467764578285698
1260.0,0.010881083086133003,640.0,-0.0017467764578285698
3410.0,6.546732038259506e-05,640.0,-0.0017467764578285698
577.0,-0.0038687046617269516,640.0,-0.0017467764578285698
504.0,-0.0360710546374321,640.0,-0.0017467764578285698
1404.0,0.030151091516017914,640.0,-0.0017467764578285698
1400.0,0.007323116064071655,640.0,-0.0017467764578285698
999.0,0.003260304220020771,640.0,-0.0017467764578285698
1684.0,0.0016169259324669838,640.0,-0.0017467764578285698
1684.0,-0.00022628996521234512,640.0,-0.0017467764578285698
1404.0,0.012892654165625572,640.0,-0.0017467764578285698
999.0,0.012234650552272797,640.0,-0.0017467764578285698
1375.0,0.020934443920850754,640.0,-0.0017467764578285698
1260.0,0.007642481941729784,640.0,-0.0017467764578285698
1339.0,0.01419101096689701,640.0,-0.0017467764578285698
1339.0,0.013869775459170341,640.0,-0.0017467764578285698
1339.0,0.01613837294280529,640.0,-0.0017467764578285698
1071.0,0.013558218255639076,640.0,-0.0017467764578285698
1375.0,0.014659931883215904,640.0,-0.0017467764578285698
1339.0,0.012809008359909058,640.0,-0.0017467764578285698
1083.2,0.0171999242156744,640.0,-0.0017467764578285698
1339.0,0.01617458462715149,640.0,-0.0017467764578285698
3410.0,0.009640701115131378,640.0,-0.0017467764578285698
1417.44,0.01758428104221821,640.0,-0.0017467764578285698
1684.0,-0.0014745746739208698,640.0,-0.0017467764578285698
1339.0,0.01630634441971779,640.0,-0.0017467764578285698
1375.0,0.009920256212353706,640.0,-0.0017467764578285698
591.0,0.01930309273302555,640.0,-0.0017467764578285698
1071.0,0.013901323080062866,640.0,-0.0017467764578285698
577.0,0.0064571695402264595,640.0,-0.0017467764578285698
1071.0,0.012878799811005592,640.0,-0.0017467764578285698
1400.0,0.026597479358315468,640.0,-0.0017467764578285698
1260.0,0.009235063567757607,640.0,-0.0017467764578285698
1435.97,0.016286829486489296,640.0,-0.0017467764578285698
653.0,0.01632170006632805,640.0,-0.0017467764578285698
1290.0,0.008738270960748196,640.0,-0.0017467764578285698
640.0,-0.0007944032549858093,640.0,-0.0017467764578285698
640.0,0.010101123712956905,640.0,-0.0017467764578285698
1455.0,0.020954415202140808,640.0,-0.0017467764578285698
1375.0,0.006957912817597389,640.0,-0.0017467764578285698
1684.0,0.022823506966233253,640.0,-0.0017467764578285698
1650.0,0.0044975923374295235,640.0,-0.0017467764578285698
3410.0,0.009491648524999619,640.0,-0.0017467764578285698
1375.0,0.01685798540711403,640.0,-0.0017467764578285698
660.0,0.01349826529622078,640.0,-0.0017467764578285698
649.0,0.008109183982014656,640.0,-0.0017467764578285698
1417.44,0.008979160338640213,640.0,-0.0017467764578285698
455.0,-0.2243843376636505,649.0,-0.0014077604153552613
1684.0,0.027422089129686356,649.0,-0.0014077604153552613
1404.0,0.016896212473511696,649.0,-0.0014077604153552613
1375.0,0.012698536738753319,649.0,-0.0014077604153552613
582.0,0.029821407049894333,649.0,-0.0014077604153552613
1375.0,0.01684729941189289,649.0,-0.0014077604153552613
570.0,0.0020514782518148422,649.0,-0.0014077604153552613
504.0,-0.057913292199373245,649.0,-0.0014077604153552613
1660.0,0.010073067620396614,649.0,-0.0014077604153552613
1260.0,0.019139062613248825,649.0,-0.0014077604153552613
502.0,-0.15583989024162292,649.0,-0.0014077604153552613
1375.0,0.012572547420859337,649.0,-0.0014077604153552613
640.0,0.005833202041685581,649.0,-0.0014077604153552613
3410.0,0.004759784787893295,649.0,-0.0014077604153552613
1260.0,0.014961525797843933,649.0,-0.0014077604153552613
1260.0,0.012140053324401379,649.0,-0.0014077604153552613
1684.0,-0.0001552209723740816,649.0,-0.0014077604153552613
640.0,0.0012098811566829681,649.0,-0.0014077604153552613
1410.0,0.031559158116579056,649.0,-0.0014077604153552613
570.0,0.011961409822106361,649.0,-0.0014077604153552613
1375.0,0.010356920771300793,650.0,-0.0013701021247406063
649.0,0.00633267592638731,650.0,-0.0013701021247406063
1435.97,0.022630849853157997,650.0,-0.0013701021247406063
1435.97,0.024555645883083344,653.0,-0.0012571367486376476
640.0,0.009820516221225262,653.0,-0.0012571367486376476
1083.2,0.018717624247074127,653.0,-0.0012571367486376476
477.0,-0.19215574860572815,653.0,-0.0012571367486376476
605.0,0.004551663063466549,653.0,-0.0012571367486376476
1455.0,0.023016665130853653,653.0,-0.0012571367486376476
1435.97,0.02395319752395153,653.0,-0.0012571367486376476
605.0,0.013603655621409416,653.0,-0.0012571367486376476
1684.0,0.010920624248683453,653.0,-0.0012571367486376476
1375.0,0.008536692708730698,653.0,-0.0012571367486376476
1435.97,0.01746009662747383,653.0,-0.0012571367486376476
558.0,-0.012675842270255089,653.0,-0.0012571367486376476
477.0,-0.19270317256450653,653.0,-0.0012571367486376476
653.0,0.015768595039844513,653.0,-0.0012571367486376476
1480.57,0.022574514150619507,660.0,-0.000993596742318561
3410.0,0.009718425571918488,660.0,-0.000993596742318561
1650.0,0.011484854854643345,660.0,-0.000993596742318561
1435.97,0.01577092707157135,660.0,-0.000993596742318561
1684.0,-0.00185479037463665,660.0,-0.000993596742318561
1684.0,0.0035343868657946587,660.0,-0.000993596742318561
1071.0,0.010449395515024662,660.0,-0.000993596742318561
1071.0,0.01228061318397522,660.0,-0.000993596742318561
1660.0,0.027484681457281113,660.0,-0.000993596742318561
1375.0,0.013374174945056438,660.0,-0.000993596742318561
1684.0,0.010728897526860237,660.0,-0.000993596742318561
640.0,0.004465806297957897,660.0,-0.000993596742318561
1339.0,0.017379280179739,660.0,-0.000993596742318561
1375.0,0.015038080513477325,660.0,-0.000993596742318561
660.0,-0.002304249443113804,660.0,-0.000993596742318561
504.0,-0.03786459192633629,660.0,-0.000993596742318561
660.0,0.014929222874343395,660.0,-0.000993596742318561
1423.0,0.008841929957270622,660.0,-0.000993596742318561
1375.0,0.018391843885183334,660.0,-0.000993596742318561
1071.0,0.008888059295713902,660.0,-0.000993596742318561
1684.0,-0.0017503584967926145,999.0,0.012731170670542047
1071.0,0.017301147803664207,999.0,0.012731170670542047
1375.0,0.017637915909290314,999.0,0.012731170670542047
3410.0,0.010260241106152534,999.0,0.012731170670542047
660.0,0.01534593291580677,999.0,0.012731170670542047
1684.0,0.0012599928304553032,999.0,0.012731170670542047
582.0,-0.007320602424442768,999.0,0.012731170670542047
1650.0,0.008167924359440804,999.0,0.012731170670542047
1684.0,-0.0022767293266952038,999.0,0.012731170670542047
1354.0,0.01468922570347786,999.0,0.012731170670542047
1435.97,0.011882136575877666,999.0,0.012731170670542047
1339.0,0.016980497166514397,999.0,0.012731170670542047
1684.0,0.020373394712805748,999.0,0.012731170670542047
1684.0,-0.005847953259944916,999.0,0.012731170670542047
570.0,0.0030472453217953444,999.0,0.012731170670542047
1435.97,0.010956224985420704,999.0,0.012731170670542047
1375.0,0.020514704287052155,999.0,0.012731170670542047
504.0,-0.024823296815156937,999.0,0.012731170670542047
1435.97,0.016623983159661293,999.0,0.012731170670542047
477.0,-0.18157048523426056,999.0,0.012731170670542047
1339.0,0.014334551990032196,999.0,0.012731170670542047
1354.0,0.014379188418388367,999.0,0.012731170670542047
1260.0,0.0057655153796076775,999.0,0.012731170670542047
1364.0,0.01120213232934475,999.0,0.012731170670542047
1684.0,-0.005455323029309511,999.0,0.012731170670542047
999.0,0.0023012347519397736,999.0,0.012731170670542047
570.0,0.0034048473462462425,999.0,0.012731170670542047
640.0,0.011520637199282646,999.0,0.012731170670542047
582.0,-0.004854364786297083,999.0,0.012731170670542047
3410.0,0.012469150125980377,999.0,0.012731170670542047
1435.0,0.011433730833232403,999.0,0.012731170670542047
1375.0,0.01529921405017376,999.0,0.012731170670542047
570.0,0.01796552538871765,999.0,0.012731170670542047
1260.0,0.009642521850764751,999.0,0.012731170670542047
649.0,0.015674296766519547,999.0,0.012731170670542047
1083.2,0.0135936439037323,999.0,0.012731170670542047
1426.0,0.01445967610925436,999.0,0.012731170670542047
570.0,0.0011977300746366382,1071.0,0.013226212301501054
1684.0,-0.001953129656612873,1071.0,0.013226212301501054
1684.0,-8.732732385396957e-05,1071.0,0.013226212301501054
1660.0,0.006260251626372337,1071.0,0.013226212301501054
1339.0,0.013620316982269287,1071.0,0.013226212301501054
1339.0,0.018584325909614563,1071.0,0.013226212301501054
582.0,-0.004397321958094835,1071.0,0.013226212301501054
1375.0,0.0160804633051157,1071.0,0.013226212301501054
1260.0,0.018074505031108856,1071.0,0.013226212301501054
660.0,0.01259259320795536,1071.0,0.013226212301501054
1417.44,0.018687929958105087,1071.0,0.013226212301501054
1260.0,0.02046322077512741,1071.0,0.013226212301501054
1417.44,0.0191743653267622,1071.0,0.013226212301501054
570.0,0.0066183777526021,1071.0,0.013226212301501054
1071.0,0.011243755929172039,1071.0,0.013226212301501054
1375.0,0.020596818998456,1071.0,0.013226212301501054
1083.2,0.017412638291716576,1071.0,0.013226212301501054
1071.0,0.013338361866772175,1071.0,0.013226212301501054
455.0,-0.15429256856441498,1071.0,0.013226212301501054
1375.0,0.013236729428172112,1071.0,0.013226212301501054
1260.0,0.006532329600304365,1071.0,0.013226212301501054
577.0,5.088932812213898e-05,1071.0,0.013226212301501054
477.0,-0.17943722009658813,1071.0,0.013226212301501054
570.0,-0.0045049553737044334,1071.0,0.013226212301501054
1083.2,0.0170946903526783,1071.0,0.013226212301501054
999.0,0.01682271994650364,1071.0,0.013226212301501054
3410.0,-0.004905343987047672,1071.0,0.013226212301501054
1339.0,0.014873279258608818,1071.0,0.013226212301501054
1684.0,-0.002694237045943737,1071.0,0.013226212301501054
570.0,0.0005180442240089178,1071.0,0.013226212301501054
1684.0,-0.0023811664432287216,1071.0,0.013226212301501054
1339.0,0.008996246382594109,1071.0,0.013226212301501054
570.0,-0.00401839055120945,1071.0,0.013226212301501054
1684.0,-0.0013644583523273468,1071.0,0.013226212301501054
1684.0,-0.0023590456694364548,1071.0,0.013226212301501054
1375.0,0.019017353653907776,1071.0,0.013226212301501054
455.0,-0.13380955159664154,1071.0,0.013226212301501054
1260.0,0.005954781547188759,1071.0,0.013226212301501054
1410.0,0.011069275438785553,1071.0,0.013226212301501054
1404.0,0.00958858523517847,1071.0,0.013226212301501054
1083.2,0.016600439324975014,1071.0,0.013226212301501054
1375.0,0.013587341643869877,1071.0,0.013226212301501054
1435.0,0.012614678591489792,1071.0,0.013226212301501054
1260.0,0.013637041673064232,1071.0,0.013226212301501054
1071.0,0.022104207426309586,1071.0,0.013226212301501054
1435.97,0.009516865015029907,1071.0,0.013226212301501054
1650.0,0.013703755103051662,1071.0,0.013226212301501054
1375.0,0.01398475468158722,1071.0,0.013226212301501054
1260.0,0.014416582882404327,1071.0,0.013226212301501054
1375.0,0.029423899948596954,1071.0,0.013226212301501054
1595.0,0.0076845064759254456,1071.0,0.013226212301501054
1339.0,0.01546400599181652,1071.0,0.013226212301501054
1684.0,-0.006110311020165682,1071.0,0.013226212301501054
1595.0,0.0008474206551909447,1071.0,0.013226212301501054
441.0,-0.18077324330806732,1071.0,0.013226212301501054
632.0,0.003430752083659172,1071.0,0.013226212301501054
1480.57,0.016094695776700974,1071.0,0.013226212301501054
1339.0,0.020509399473667145,1071.0,0.013226212301501054
577.0,0.0074004605412483215,1071.0,0.013226212301501054
653.0,0.011408756487071514,1071.0,0.013226212301501054
1260.0,0.011270660907030106,1071.0,0.013226212301501054
1260.0,0.014766884967684746,1071.0,0.013226212301501054
1700.0,-0.004394227173179388,1071.0,0.013226212301501054
1339.0,0.01588396541774273,1071.0,0.013226212301501054
1435.97,0.01827465184032917,1083.2,0.013313882743465452
649.0,0.008771502412855625,1083.2,0.013313882743465452
1260.0,0.019934171810746193,1083.2,0.013313882743465452
1435.0,0.012434258125722408,1083.2,0.013313882743465452
1375.0,0.01560534629970789,1083.2,0.013313882743465452
570.0,-0.0015160231851041317,1083.2,0.013313882743465452
1071.0,0.014520764350891113,1083.2,0.013313882743465452
1435.97,0.024824779480695724,1083.2,0.013313882743465452
640.0,0.00345577672123909,1083.2,0.013313882743465452
1375.0,0.02125157043337822,1083.2,0.013313882743465452
1435.97,0.014483129605650902,1083.2,0.013313882743465452
1083.2,0.008768506348133087,1083.2,0.013313882743465452
1071.0,0.011899508535861969,1083.2,0.013313882743465452
1260.0,0.010649517178535461,1083.2,0.013313882743465452
502.0,-0.15286055207252502,1083.2,0.013313882743465452
3410.0,0.0037159197963774204,1083.2,0.013313882743465452
1375.0,0.014586266130208969,1083.2,0.013313882743465452
649.0,0.019237570464611053,1083.2,0.013313882743465452
1684.0,0.005310888402163982,1083.2,0.013313882743465452
1260.0,0.0038914987817406654,1083.2,0.013313882743465452
1071.0,0.012059971690177917,1083.2,0.013313882743465452
477.0,-0.17801368236541748,1083.2,0.013313882743465452
1684.0,0.00970672257244587,1083.2,0.013313882743465452
1375.0,0.020624682307243347,1083.2,0.013313882743465452
582.0,-0.012093205004930496,1083.2,0.013313882743465452
570.0,0.01205652579665184,1083.2,0.013313882743465452
1260.0,0.0036857896484434605,1083.2,0.013313882743465452
1684.0,0.033365484327077866,1083.2,0.013313882743465452
1375.0,0.02035469561815262,1083.2,0.013313882743465452
1435.97,0.012041078880429268,1083.2,0.013313882743465452
1260.0,0.01099398173391819,1083.2,0.013313882743465452
1410.0,0.021961085498332977,1083.2,0.013313882743465452
1480.57,0.021923407912254333,1083.2,0.013313882743465452
1684.0,0.01649685949087143,1083.2,0.013313882743465452
1684.0,0.003238815814256668,1083.2,0.013313882743465452
1684.0,0.009311651811003685,1083.2,0.013313882743465452
1435.97,0.01958264596760273,1083.2,0.013313882743465452
3410.0,0.003662089817225933,1083.2,0.013313882743465452
570.0,-0.012556299567222595,1083.2,0.013313882743465452
1083.2,0.01409920584410429,1083.2,0.013313882743465452
1410.0,0.016171656548976898,1083.2,0.013313882743465452
1071.0,0.011815853416919708,1083.2,0.013313882743465452
640.0,0.01884922757744789,1083.2,0.013313882743465452
1375.0,0.011141243390738964,1083.2,0.013313882743465452
477.0,-0.17399318516254425,1083.2,0.013313882743465452
1660.0,-0.006918995641171932,1083.2,0.013313882743465452
1684.0,-0.002305153291672468,1083.2,0.013313882743465452
1260.0,0.00720012653619051,1083.2,0.013313882743465452
1684.0,-0.002491728402674198,1083.2,0.013313882743465452
1339.0,0.017015064135193825,1083.2,0.013313882743465452
1684.0,-0.0011493489146232605,1083.2,0.013313882743465452
3410.0,-0.0011357050389051437,1083.2,0.013313882743465452
1410.0,0.02580803632736206,1083.2,0.013313882743465452
1375.0,0.013635462149977684,1083.2,0.013313882743465452
640.0,0.00576968677341938,1083.2,0.013313882743465452
1435.0,0.004842065274715424,1083.2,0.013313882743465452
640.0,0.012290146201848984,1083.2,0.013313882743465452
1684.0,-0.004645275417715311,1083.2,0.013313882743465452
1260.0,0.01920362189412117,1083.2,0.013313882743465452
582.0,-0.003981834277510643,1083.2,0.013313882743465452
1375.0,0.016325678676366806,1083.2,0.013313882743465452
1083.2,0.013929984532296658,1083.2,0.013313882743465452
1339.0,0.014569323509931564,1083.2,0.013313882743465452
441.0,-0.1603296548128128,1083.2,0.013313882743465452
591.0,-0.02305763028562069,1260.0,0.014785475358473825
1595.0,0.0014592185616493225,1260.0,0.014785475358473825
1684.0,0.011375121772289276,1260.0,0.014785475358473825
3410.0,-0.00700195599347353,1260.0,0.014785475358473825
1083.2,0.017103280872106552,1260.0,0.014785475358473825
570.0,-0.014095447026193142,1260.0,0.014785475358473825
577.0,-0.008198459632694721,1260.0,0.014785475358473825
1375.0,0.0032369373366236687,1260.0,0.014785475358473825
1339.0,0.018079087138175964,1260.0,0.014785475358473825
999.0,0.007858210243284702,1260.0,0.014785475358473825
1684.0,0.016216734424233437,1260.0,0.014785475358473825
1083.2,0.009744401089847088,1260.0,0.014785475358473825
1684.0,0.013887997716665268,1260.0,0.014785475358473825
1375.0,0.018544619902968407,1260.0,0.014785475358473825
1455.0,0.02913310006260872,1260.0,0.014785475358473825
1083.2,0.013620308600366116,1260.0,0.014785475358473825
1339.0,0.01356644555926323,1260.0,0.014785475358473825
1684.0,0.0005484502762556076,1260.0,0.014785475358473825
1375.0,0.01695195958018303,1260.0,0.014785475358473825
640.0,0.011958140879869461,1260.0,0.014785475358473825
1375.0,0.013256337493658066,1260.0,0.014785475358473825
570.0,0.007770485244691372,1260.0,0.014785475358473825
1410.0,0.023652177304029465,1260.0,0.014785475358473825
640.0,0.011559300124645233,1260.0,0.014785475358473825
570.0,-0.011057822033762932,1260.0,0.014785475358473825
591.0,-0.0073394738137722015,1260.0,0.014785475358473825
1260.0,0.026448410004377365,1260.0,0.014785475358473825
477.0,-0.19082024693489075,1260.0,0.014785475358473825
570.0,0.012554891407489777,1260.0,0.014785475358473825
1260.0,0.0076970383524894714,1260.0,0.014785475358473825
1404.0,0.008939912542700768,1260.0,0.014785475358473825
477.0,-0.18187807500362396,1260.0,0.014785475358473825
1435.97,0.017114702612161636,1260.0,0.014785475358473825
1260.0,0.008047176524996758,1260.0,0.014785475358473825
3410.0,-0.0008445186540484428,1260.0,0.014785475358473825
649.0,0.010918200016021729,1260.0,0.014785475358473825
1410.0,0.0007062423974275589,1260.0,0.014785475358473825
1260.0,0.008690562099218369,1260.0,0.014785475358473825
1684.0,0.01485476829111576,1260.0,0.014785475358473825
1354.0,0.023309871554374695,1260.0,0.014785475358473825
660.0,0.004878036677837372,1260.0,0.014785475358473825
1083.2,0.017927538603544235,1260.0,0.014785475358473825
1083.2,0.013761062175035477,1260.0,0.014785475358473825
1650.0,0.016667187213897705,1260.0,0.014785475358473825
1375.0,0.021179188042879105,1260.0,0.014785475358473825
1435.0,0.005154304672032595,1260.0,0.014785475358473825
582.0,-0.005138350185006857,1260.0,0.014785475358473825
640.0,-0.001497187651693821,1260.0,0.014785475358473825
504.0,-0.032765407115221024,1260.0,0.014785475358473825
1684.0,0.0062052346765995026,1260.0,0.014785475358473825
1260.0,0.009185127913951874,1260.0,0.014785475358473825
1260.0,0.013249927200376987,1260.0,0.014785475358473825
477.0,-0.17679539322853088,1260.0,0.014785475358473825
1375.0,0.00674000009894371,1260.0,0.014785475358473825
1684.0,0.01103723980486393,1260.0,0.014785475358473825
1375.0,0.018715059384703636,1260.0,0.014785475358473825
1260.0,0.014042003080248833,1260.0,0.014785475358473825
1375.0,0.02100687101483345,1260.0,0.014785475358473825
653.0,0.011247359216213226,1260.0,0.014785475358473825
504.0,-0.06726496666669846,1260.0,0.014785475358473825
1354.0,0.012421935796737671,1260.0,0.014785475358473825
570.0,-0.007356223184615374,1260.0,0.014785475358473825
653.0,0.009898437187075615,1260.0,0.014785475358473825
1375.0,0.021081114187836647,1260.0,0.014785475358473825
502.0,-0.16202999651432037,1260.0,0.014785475358473825
1375.0,0.009131350554525852,1260.0,0.014785475358473825
1339.0,0.007627591490745544,1260.0,0.014785475358473825
1480.57,0.0194973386824131,1260.0,0.014785475358473825
1684.0,0.009748272597789764,1260.0,0.014785475358473825
3410.0,0.007617192342877388,1260.0,0.014785475358473825
1423.0,0.016465336084365845,1260.0,0.014785475358473825
640.0,0.002562660025432706,1260.0,0.014785475358473825
1684.0,-0.007651309482753277,1260.0,0.014785475358473825
1535.0,0.012779627926647663,1260.0,0.014785475358473825
1375.0,0.013711202889680862,1260.0,0.014785475358473825
1404.0,0.028713222593069077,1260.0,0.014785475358473825
1684.0,0.013391207903623581,1260.0,0.014785475358473825
1480.57,0.012078698724508286,1260.0,0.014785475358473825
1260.0,0.016361674293875694,1260.0,0.014785475358473825
1071.0,0.010692369192838669,1260.0,0.014785475358473825
1375.0,0.02079114317893982,1260.0,0.014785475358473825
582.0,-0.002606593072414398,1260.0,0.014785475358473825
577.0,-0.00904303789138794,1260.0,0.014785475358473825
1375.0,0.019704416394233704,1260.0,0.014785475358473825
1339.0,0.012281165458261967,1260.0,0.014785475358473825
1354.0,0.02240126207470894,1260.0,0.014785475358473825
1410.0,0.010427205823361874,1260.0,0.014785475358473825
1339.0,0.015525683760643005,1260.0,0.014785475358473825
1260.0,0.006412805523723364,1260.0,0.014785475358473825
1375.0,0.014123979955911636,1260.0,0.014785475358473825
1375.0,0.012356014922261238,1260.0,0.014785475358473825
1684.0,-0.0019203266128897667,1260.0,0.014785475358473825
1339.0,0.015449266880750656,1260.0,0.014785475358473825
1435.97,0.012925244867801666,1260.0,0.014785475358473825
1339.0,0.016572579741477966,1260.0,0.014785475358473825
1339.0,0.020329035818576813,1260.0,0.014785475358473825
503.0,-0.05837959051132202,1260.0,0.014785475358473825
1339.0,0.02432269975543022,1260.0,0.014785475358473825
650.0,0.01894465647637844,1260.0,0.014785475358473825
1375.0,0.021459562703967094,1260.0,0.014785475358473825
1083.2,0.0089272391051054,1260.0,0.014785475358473825
1375.0,0.009750008583068848,1260.0,0.014785475358473825
1480.57,0.02240747958421707,1260.0,0.014785475358473825
502.0,-0.15632496774196625,1260.0,0.014785475358473825
1260.0,0.0012173558352515101,1260.0,0.014785475358473825
1260.0,0.027489276602864265,1260.0,0.014785475358473825
1339.0,0.017843740060925484,1260.0,0.014785475358473825
570.0,-0.004906812682747841,1260.0,0.014785475358473825
570.0,0.00486964825540781,1260.0,0.014785475358473825
577.0,0.009327676147222519,1260.0,0.014785475358473825
1684.0,0.010087285190820694,1260.0,0.014785475358473825
1375.0,0.01546635851264,1260.0,0.014785475358473825
1375.0,0.02125176414847374,1290.0,0.014992260210447928
1339.0,0.01665303111076355,1290.0,0.014992260210447928
1684.0,0.020503800362348557,1290.0,0.014992260210447928
1684.0,-0.0020884498953819275,1339.0,0.015258963597431856
1260.0,0.008573885075747967,1339.0,0.015258963597431856
1260.0,0.008598021231591702,1339.0,0.015258963597431856
1375.0,0.017696892842650414,1339.0,0.015258963597431856
570.0,0.014483809471130371,1339.0,0.015258963597431856
1435.0,0.007131930440664291,1339.0,0.015258963597431856
455.0,-0.1291276514530182,1339.0,0.015258963597431856
441.0,-0.18711251020431519,1339.0,0.015258963597431856
1500.0,0.0071330321952700615,1339.0,0.015258963597431856
1375.0,0.009500127285718918,1339.0,0.015258963597431856
1650.0,0.0020553162321448326,1339.0,0.015258963597431856
1260.0,0.009907332248985767,1339.0,0.015258963597431856
1083.2,0.01946979947388172,1339.0,0.015258963597431856
1071.0,0.012197736650705338,1339.0,0.015258963597431856
1684.0,0.0037352656945586205,1339.0,0.015258963597431856
1375.0,0.01363706961274147,1339.0,0.015258963597431856
1375.0,0.015948550775647163,1339.0,0.015258963597431856
660.0,0.004169668536633253,1339.0,0.015258963597431856
1435.97,0.015859583392739296,1339.0,0.015258963597431856
1375.0,0.01207740232348442,1339.0,0.015258963597431856
1684.0,0.010886849835515022,1339.0,0.015258963597431856
1660.0,0.010346844792366028,1339.0,0.015258963597431856
1650.0,0.009700661525130272,1339.0,0.015258963597431856
591.0,0.018831653520464897,1339.0,0.015258963597431856
1426.0,0.011319242417812347,1339.0,0.015258963597431856
1083.2,0.017567159608006477,1339.0,0.015258963597431856
999.0,0.010503302328288555,1339.0,0.015258963597431856
570.0,0.0011651068925857544,1339.0,0.015258963597431856
1684.0,-0.003138885833323002,1339.0,0.015258963597431856
570.0,-0.007768451701849699,1339.0,0.015258963597431856
1684.0,0.015862509608268738,1339.0,0.015258963597431856
1375.0,0.009544890373945236,1339.0,0.015258963597431856
999.0,0.004067163914442062,1339.0,0.015258963597431856
1684.0,0.021969366818666458,1339.0,0.015258963597431856
1354.0,0.018486429005861282,1339.0,0.015258963597431856
1083.2,0.015306546352803707,1339.0,0.015258963597431856
1435.97,0.020944176241755486,1339.0,0.015258963597431856
570.0,-0.005351562052965164,1339.0,0.015258963597431856
1660.0,0.0032581938430666924,1339.0,0.015258963597431856
1480.57,0.02719164453446865,1339.0,0.015258963597431856
1260.0,0.00931557547301054,1339.0,0.015258963597431856
1480.57,0.027048420161008835,1339.0,0.015258963597431856
3410.0,0.0035019395872950554,1339.0,0.015258963597431856
441.0,-0.1815059930086136,1339.0,0.015258963597431856
1684.0,-0.00410268921405077,1339.0,0.015258963597431856
570.0,-0.004113496281206608,1339.0,0.015258963597431856
503.0,-0.08967331051826477,1339.0,0.015258963597431856
3410.0,0.0102261733263731,1339.0,0.015258963597431856
660.0,0.006607022136449814,1339.0,0.015258963597431856
570.0,-0.006816582754254341,1339.0,0.015258963597431856
1410.0,0.006100078113377094,1339.0,0.015258963597431856
1660.0,-0.005611313972622156,1339.0,0.015258963597431856
1260.0,0.009921234101057053,1339.0,0.015258963597431856
1660.0,0.005215357057750225,1339.0,0.015258963597431856
455.0,-0.2225441187620163,1339.0,0.015258963597431856
1375.0,0.013308608904480934,1339.0,0.015258963597431856
1375.0,0.01648232713341713,1339.0,0.015258963597431856
1083.2,0.017380645498633385,1339.0,0.015258963597431856
1660.0,0.007536374032497406,1339.0,0.015258963597431856
1375.0,0.015623759478330612,1339.0,0.015258963597431856
1375.0,0.011256307363510132,1339.0,0.015258963597431856
570.0,-0.006685222499072552,1339.0,0.015258963597431856
570.0,-0.00877224188297987,1339.0,0.015258963597431856
1684.0,0.017672743648290634,1339.0,0.015258963597431856
441.0,-0.17853938043117523,1339.0,0.015258963597431856
1435.97,0.007144425064325333,1339.0,0.015258963597431856
3410.0,0.001440226100385189,1339.0,0.015258963597431856
1684.0,0.012069381773471832,1339.0,0.015258963597431856
577.0,-0.00834615807980299,1339.0,0.015258963597431856
1417.44,0.017288822680711746,1339.0,0.015258963597431856
477.0,-0.1527765691280365,1339.0,0.015258963597431856
1423.0,0.008798517286777496,1339.0,0.015258963597431856
999.0,0.02972702868282795,1339.0,0.015258963597431856
1684.0,0.017879197373986244,1339.0,0.015258963597431856
570.0,-0.00564718060195446,1339.0,0.015258963597431856
1339.0,0.01796000264585018,1339.0,0.015258963597431856
477.0,-0.18470056354999542,1339.0,0.015258963597431856
660.0,0.014819351956248283,1339.0,0.015258963597431856
3410.0,0.012875976972281933,1339.0,0.015258963597431856
1684.0,0.024143420159816742,1339.0,0.015258963597431856
1660.0,0.025151383131742477,1339.0,0.015258963597431856
570.0,-0.007563246414065361,1339.0,0.015258963597431856
1684.0,0.00017655733972787857,1339.0,0.015258963597431856
1375.0,0.008991251699626446,1339.0,0.015258963597431856
1260.0,0.016761329025030136,1339.0,0.015258963597431856
502.0,-0.16622376441955566,1339.0,0.015258963597431856
3410.0,0.013179807923734188,1339.0,0.015258963597431856
1684.0,0.003966137766838074,1339.0,0.015258963597431856
577.0,0.005311550106853247,1339.0,0.015258963597431856
999.0,0.02546801045536995,1339.0,0.015258963597431856
1364.0,0.0116426981985569,1339.0,0.015258963597431856
1354.0,0.01805620826780796,1339.0,0.015258963597431856
1684.0,0.018205828964710236,1339.0,0.015258963597431856
577.0,0.00147296953946352,1339.0,0.015258963597431856
1260.0,0.022627992555499077,1339.0,0.015258963597431856
3410.0,0.007463364861905575,1339.0,0.015258963597431856
1260.0,0.01194068044424057,1339.0,0.015258963597431856
558.0,-0.009589956142008305,1339.0,0.015258963597431856
1684.0,-0.0016636182554066181,1339.0,0.015258963597431856
582.0,0.02511470764875412,1339.0,0.015258963597431856
1083.2,0.018943598493933678,1339.0,0.015258963597431856
1684.0,0.012362631969153881,1354.0,0.015355280458908103
1375.0,0.015565680339932442,1354.0,0.015355280458908103
1071.0,0.004287922754883766,1354.0,0.015355280458908103
1083.2,0.016714133322238922,1354.0,0.015355280458908103
1684.0,0.008034197613596916,1354.0,0.015355280458908103
1071.0,0.014494679868221283,1354.0,0.015355280458908103
577.0,-0.00967002846300602,1354.0,0.015355280458908103
504.0,-0.06790825724601746,1354.0,0.015355280458908103
1426.0,0.011973032727837563,1354.0,0.015355280458908103
558.0,-0.013629872351884842,1354.0,0.015355280458908103
1650.0,0.014956191182136536,1354.0,0.015355280458908103
1480.57,0.01287984848022461,1354.0,0.015355280458908103
1071.0,0.010382507927715778,1354.0,0.015355280458908103
1354.0,0.01810186728835106,1354.0,0.015355280458908103
1375.0,0.006264971569180489,1354.0,0.015355280458908103
570.0,0.004819956142455339,1354.0,0.015355280458908103
1410.0,0.007936349138617516,1354.0,0.015355280458908103
1354.0,0.020865119993686676,1354.0,0.015355280458908103
1417.44,0.015441310591995716,1354.0,0.015355280458908103
1404.0,0.025491904467344284,1354.0,0.015355280458908103
1354.0,0.009386487305164337,1354.0,0.015355280458908103
1435.97,0.024146385490894318,1354.0,0.015355280458908103
1260.0,0.007827123627066612,1354.0,0.015355280458908103
1260.0,0.003650929778814316,1354.0,0.015355280458908103
455.0,-0.2020406275987625,1364.0,0.015453377815221514
632.0,0.029431138187646866,1364.0,0.015453377815221514
477.0,-0.17574435472488403,1364.0,0.015453377815221514
503.0,-0.08256854116916656,1364.0,0.015453377815221514
1435.97,0.010285423137247562,1364.0,0.015453377815221514
1339.0,0.017388222739100456,1364.0,0.015453377815221514
1400.0,0.009542636573314667,1364.0,0.015453377815221514
1083.2,0.018746014684438705,1364.0,0.015453377815221514
591.0,0.014169723726809025,1364.0,0.015453377815221514
1375.0,0.014231717213988304,1364.0,0.015453377815221514
570.0,0.0017132414504885674,1364.0,0.015453377815221514
1480.57,0.014915759675204754,1364.0,0.015453377815221514
1660.0,0.0023555494844913483,1364.0,0.015453377815221514
1684.0,0.01042371615767479,1364.0,0.015453377815221514
570.0,0.003991869278252125,1364.0,0.015453377815221514
1375.0,0.017954684793949127,1364.0,0.015453377815221514
1364.0,0.013501633889973164,1375.0,0.015597997166515743
650.0,0.020233511924743652,1375.0,0.015597997166515743
570.0,0.003331613726913929,1375.0,0.015597997166515743
999.0,0.011365603655576706,1375.0,0.015597997166515743
653.0,0.01408461481332779,1375.0,0.015597997166515743
1071.0,0.022296776995062828,1375.0,0.015597997166515743
1400.0,0.02251906506717205,1375.0,0.015597997166515743
649.0,0.012346398085355759,1375.0,0.015597997166515743
1339.0,0.018813762813806534,1375.0,0.015597997166515743
1375.0,0.012993290089070797,1375.0,0.015597997166515743
1260.0,0.027350127696990967,1375.0,0.015597997166515743
1410.0,0.025726808235049248,1375.0,0.015597997166515743
649.0,0.007534675300121307,1375.0,0.015597997166515743
1423.0,0.025056708604097366,1375.0,0.015597997166515743
1684.0,0.00840528029948473,1375.0,0.015597997166515743
1339.0,0.015102731063961983,1375.0,0.015597997166515743
605.0,0.008195890113711357,1375.0,0.015597997166515743
1684.0,0.02357327565550804,1375.0,0.015597997166515743
1071.0,0.010712942108511925,1375.0,0.015597997166515743
1375.0,0.01809452846646309,1375.0,0.015597997166515743
1083.2,0.01824214681982994,1375.0,0.015597997166515743
632.0,0.007653721608221531,1375.0,0.015597997166515743
1375.0,0.012736048549413681,1375.0,0.015597997166515743
1480.57,0.02268148399889469,1375.0,0.015597997166515743
1260.0,0.008379291743040085,1375.0,0.015597997166515743
1364.0,0.018122240900993347,1375.0,0.015597997166515743
3410.0,0.004235406406223774,1375.0,0.015597997166515743
999.0,0.0051665036007761955,1375.0,0.015597997166515743
1435.97,0.011872697621583939,1375.0,0.015597997166515743
1375.0,0.017182914540171623,1375.0,0.015597997166515743
1500.0,0.014064185321331024,1375.0,0.015597997166515743
640.0,0.0047795213758945465,1375.0,0.015597997166515743
477.0,-0.15470711886882782,1375.0,0.015597997166515743
1339.0,0.018850263208150864,1375.0,0.015597997166515743
1426.0,0.011924901977181435,1375.0,0.015597997166515743
1339.0,0.021892298012971878,1375.0,0.015597997166515743
1071.0,0.012155245989561081,1375.0,0.015597997166515743
1071.0,0.01523914746940136,1375.0,0.015597997166515743
477.0,-0.15912383794784546,1375.0,0.015597997166515743
1684.0,0.0041410792618989944,1375.0,0.015597997166515743
3410.0,0.010386775247752666,1375.0,0.015597997166515743
570.0,-0.0031368667259812355,1375.0,0.015597997166515743
1375.0,0.029871417209506035,1375.0,0.015597997166515743
1354.0,0.015883268788456917,1375.0,0.015597997166515743
1260.0,0.009255602955818176,1375.0,0.015597997166515743
640.0,0.0040852040983736515,1375.0,0.015597997166515743
1660.0,-0.0092597221955657,1375.0,0.015597997166515743
1375.0,0.014584509655833244,1375.0,0.015597997166515743
1339.0,0.019549762830138206,1375.0,0.015597997166515743
1684.0,0.023103222250938416,1375.0,0.015597997166515743
1364.0,0.00977307092398405,1375.0,0.015597997166515743
999.0,0.013592325150966644,1375.0,0.015597997166515743
1660.0,0.0326499342918396,1375.0,0.015597997166515743
3410.0,0.0006107189692556858,1375.0,0.015597997166515743
1260.0,0.010827281512320042,1375.0,0.015597997166515743
1404.0,0.008761734701693058,1375.0,0.015597997166515743
649.0,0.01327003724873066,1375.0,0.015597997166515743
504.0,-0.02422879822552204,1375.0,0.015597997166515743
1375.0,0.013750597834587097,1375.0,0.015597997166515743
1339.0,0.01444708090275526,1375.0,0.015597997166515743
3410.0,0.002722254954278469,1375.0,0.015597997166515743
1404.0,0.009909018874168396,1375.0,0.015597997166515743
1071.0,0.02299773320555687,1375.0,0.015597997166515743
660.0,0.006865724455565214,1375.0,0.015597997166515743
640.0,-0.0005128579214215279,1375.0,0.015597997166515743
1354.0,0.017273616045713425,1375.0,0.015597997166515743
1684.0,0.008815502747893333,1375.0,0.015597997166515743
1083.2,0.017328446730971336,1375.0,0.015597997166515743
1684.0,0.025402188301086426,1375.0,0.015597997166515743
3410.0,0.004117161501199007,1375.0,0.015597997166515743
455.0,-0.1651391237974167,1375.0,0.015597997166515743
1650.0,0.008667324669659138,1375.0,0.015597997166515743
1339.0,0.01803322695195675,1375.0,0.015597997166515743
1375.0,0.015551246702671051,1375.0,0.015597997166515743
441.0,-0.15259617567062378,1375.0,0.015597997166515743
660.0,0.017917625606060028,1375.0,0.015597997166515743
1375.0,0.017531270161271095,1375.0,0.015597997166515743
640.0,0.0012050836812704802,1375.0,0.015597997166515743
1684.0,-0.004843940958380699,1375.0,0.015597997166515743
1354.0,0.014086931943893433,1375.0,0.015597997166515743
582.0,-0.004539952613413334,1375.0,0.015597997166515743
1684.0,-0.0016263686120510101,1375.0,0.015597997166515743
570.0,-0.0149694187566638,1375.0,0.015597997166515743
455.0,-0.11868909746408463,1375.0,0.015597997166515743
1684.0,0.0019845953211188316,1375.0,0.015597997166515743
570.0,0.004314585123211145,1375.0,0.015597997166515743
1375.0,0.019262975081801414,1375.0,0.015597997166515743
999.0,0.023394741117954254,1375.0,0.015597997166515743
1684.0,0.02270333096385002,1375.0,0.015597997166515743
1375.0,0.012285725213587284,1375.0,0.015597997166515743
1260.0,0.004127065651118755,1375.0,0.015597997166515743
570.0,-0.007918176241219044,1375.0,0.015597997166515743
1684.0,-0.00023972615599632263,1375.0,0.015597997166515743
1071.0,0.0054962728172540665,1375.0,0.015597997166515743
504.0,-0.0711432620882988,1375.0,0.015597997166515743
577.0,0.0016467403620481491,1375.0,0.015597997166515743
1375.0,0.01235874556005001,1375.0,0.015597997166515743
1260.0,0.005598589777946472,1375.0,0.015597997166515743
649.0,0.004954838659614325,1375.0,0.015597997166515743
1083.2,0.015815511345863342,1375.0,0.015597997166515743
1339.0,0.017110761255025864,1375.0,0.015597997166515743
1375.0,0.021272912621498108,1375.0,0.015597997166515743
1375.0,0.018204253166913986,1375.0,0.015597997166515743
1375.0,0.013516903854906559,1375.0,0.015597997166515743
502.0,-0.18398906290531158,1375.0,0.015597997166515743
1480.57,0.01397504098713398,1375.0,0.015597997166515743
1660.0,0.011090153828263283,1375.0,0.015597997166515743
1339.0,0.013721196912229061,1375.0,0.015597997166515743
1400.0,0.013233033940196037,1375.0,0.015597997166515743
1650.0,0.013400321826338768,1375.0,0.015597997166515743
1684.0,0.0013934066519141197,1375.0,0.015597997166515743
1417.44,0.01707116700708866,1375.0,0.015597997166515743
1083.2,0.013725100085139275,1375.0,0.015597997166515743
1083.2,0.011122725903987885,1375.0,0.015597997166515743
1375.0,0.02041434869170189,1375.0,0.015597997166515743
455.0,-0.2288178950548172,1375.0,0.015597997166515743
1260.0,0.0068136537447571754,1375.0,0.015597997166515743
455.0,-0.13560894131660461,1375.0,0.015597997166515743
640.0,0.006090196780860424,1375.0,0.015597997166515743
1684.0,-0.00559094687923789,1375.0,0.015597997166515743
570.0,-0.003181692212820053,1375.0,0.015597997166515743
1364.0,0.019290857017040253,1375.0,0.015597997166515743
605.0,0.006842851638793945,1375.0,0.015597997166515743
1684.0,0.016490915790200233,1375.0,0.015597997166515743
999.0,0.004061909392476082,1375.0,0.015597997166515743
1375.0,0.013689137995243073,1375.0,0.015597997166515743
1410.0,0.016930943354964256,1375.0,0.015597997166515743
1417.44,0.017851900309324265,1375.0,0.015597997166515743
1684.0,0.001104086171835661,1375.0,0.015597997166515743
441.0,-0.1795571893453598,1375.0,0.015597997166515743
1423.0,0.03241835534572601,1375.0,0.015597997166515743
1404.0,0.01115395687520504,1375.0,0.015597997166515743
1404.0,0.021626856178045273,1375.0,0.015597997166515743
1375.0,0.020279034972190857,1375.0,0.015597997166515743
1083.2,0.01973862573504448,1375.0,0.015597997166515743
3410.0,-0.001146527472883463,1375.0,0.015597997166515743
1375.0,0.01671028509736061,1375.0,0.015597997166515743
1684.0,-0.00037426315248012543,1375.0,0.015597997166515743
1339.0,0.007010979577898979,1375.0,0.015597997166515743
1375.0,0.015357552096247673,1375.0,0.015597997166515743
1375.0,0.01763325184583664,1375.0,0.015597997166515743
1260.0,0.010063190013170242,1375.0,0.015597997166515743
1083.2,0.016206372529268265,1375.0,0.015597997166515743
1071.0,0.017709175124764442,1375.0,0.015597997166515743
1083.2,0.011185649782419205,1375.0,0.015597997166515743
1400.0,0.013790041208267212,1375.0,0.015597997166515743
477.0,-0.15415062010288239,1375.0,0.015597997166515743
570.0,-0.0035411687567830086,1375.0,0.015597997166515743
1375.0,0.012427996844053268,1375.0,0.015597997166515743
1260.0,0.006261095404624939,1375.0,0.015597997166515743
1071.0,0.009536074474453926,1375.0,0.015597997166515743
1410.0,0.014911597594618797,1375.0,0.015597997166515743
1071.0,0.018676402047276497,1375.0,0.015597997166515743
1684.0,-0.0011220667511224747,1375.0,0.015597997166515743
1083.2,0.013636346906423569,1375.0,0.015597997166515743
1684.0,0.008423374965786934,1375.0,0.015597997166515743
1684.0,-0.002438352443277836,1375.0,0.015597997166515743
1083.2,0.01910988613963127,1375.0,0.015597997166515743
640.0,0.0038053542375564575,1375.0,0.015597997166515743
1684.0,-0.0016559967771172523,1375.0,0.015597997166515743
1339.0,0.018062930554151535,1375.0,0.015597997166515743
1684.0,0.002059848979115486,1375.0,0.015597997166515743
1375.0,0.009798400104045868,1375.0,0.015597997166515743
455.0,-0.1651228964328766,1375.0,0.015597997166515743
1071.0,0.013368201442062855,1375.0,0.015597997166515743
640.0,0.011406488716602325,1375.0,0.015597997166515743
570.0,-0.0036024516448378563,1375.0,0.015597997166515743
1684.0,0.0017911740578711033,1375.0,0.015597997166515743
577.0,-0.005731726065278053,1375.0,0.015597997166515743
1071.0,0.016489986330270767,1375.0,0.015597997166515743
441.0,-0.17673254013061523,1375.0,0.015597997166515743
1684.0,0.006192897446453571,1375.0,0.015597997166515743
1260.0,0.023865841329097748,1375.0,0.015597997166515743
1375.0,0.02021295204758644,1375.0,0.015597997166515743
1083.2,0.017541056498885155,1375.0,0.015597997166515743
1684.0,0.011416560970246792,1375.0,0.015597997166515743
570.0,-0.004605207126587629,1375.0,0.015597997166515743
1339.0,0.02941882237792015,1375.0,0.015597997166515743
1660.0,0.016130389645695686,1375.0,0.015597997166515743
1339.0,0.013611068949103355,1375.0,0.015597997166515743
1660.0,0.007972441613674164,1375.0,0.015597997166515743
1375.0,0.025376170873641968,1375.0,0.015597997166515743
1260.0,0.01126096025109291,1375.0,0.015597997166515743
1260.0,0.02218189463019371,1375.0,0.015597997166515743
1375.0,0.015951883047819138,1375.0,0.015597997166515743
1260.0,0.021114129573106766,1375.0,0.015597997166515743
570.0,0.0027469461783766747,1375.0,0.015597997166515743
1071.0,0.012058422900736332,1375.0,0.015597997166515743
1404.0,0.011385698802769184,1375.0,0.015597997166515743
1339.0,0.018161609768867493,1375.0,0.015597997166515743
999.0,0.006395735777914524,1375.0,0.015597997166515743
455.0,-0.1483815461397171,1375.0,0.015597997166515743
1071.0,0.019469724968075752,1375.0,0.015597997166515743
1375.0,0.024030733853578568,1375.0,0.015597997166515743
1339.0,0.013339322060346603,1375.0,0.015597997166515743
999.0,0.014058616943657398,1375.0,0.015597997166515743
1354.0,0.02111053466796875,1375.0,0.015597997166515743
1354.0,0.01328105665743351,1375.0,0.015597997166515743
1260.0,0.010363778099417686,1375.0,0.015597997166515743
1435.97,0.020383941009640694,1375.0,0.015597997166515743
570.0,-0.005871506407856941,1375.0,0.015597997166515743
1364.0,0.022176697850227356,1375.0,0.015597997166515743
1595.0,-0.005190303083509207,1375.0,0.015597997166515743
1375.0,0.025224072858691216,1375.0,0.015597997166515743
640.0,-3.725290298461914e-09,1375.0,0.015597997166515743
577.0,0.012932796962559223,1375.0,0.015597997166515743
1417.44,0.01723538152873516,1375.0,0.015597997166515743
1083.2,0.018465200439095497,1375.0,0.015597997166515743
1684.0,0.007503612898290157,1375.0,0.015597997166515743
1071.0,0.022672628983855247,1375.0,0.015597997166515743
1480.57,0.021580597385764122,1375.0,0.015597997166515743
1404.0,0.009424795396625996,1375.0,0.015597997166515743
640.0,-0.001127714291214943,1375.0,0.015597997166515743
1400.0,0.012773720547556877,1375.0,0.015597997166515743
1260.0,0.01395396701991558,1375.0,0.015597997166515743
1339.0,0.01737857423722744,1375.0,0.015597997166515743
3410.0,0.010562150739133358,1375.0,0.015597997166515743
1410.0,0.020777065306901932,1375.0,0.015597997166515743
1375.0,0.022198112681508064,1375.0,0.015597997166515743
632.0,0.0018535605631768703,1375.0,0.015597997166515743
1684.0,-0.00463069835677743,1375.0,0.015597997166515743
570.0,-0.010951437056064606,1375.0,0.015597997166515743
1375.0,0.024226466193795204,1375.0,0.015597997166515743
1260.0,0.010089156217873096,1375.0,0.015597997166515743
1071.0,0.013373050838708878,1375.0,0.015597997166515743
1480.57,0.016528109088540077,1375.0,0.015597997166515743
1684.0,0.015366213396191597,1375.0,0.015597997166515743
1375.0,0.01045581791549921,1375.0,0.015597997166515743
1423.0,0.024066535755991936,1400.0,0.0153347962307534
1375.0,0.02981637790799141,1400.0,0.0153347962307534
441.0,-0.17668236792087555,1400.0,0.0153347962307534
1375.0,0.015112757682800293,1400.0,0.0153347962307534
1375.0,0.016149315983057022,1400.0,0.0153347962307534
570.0,-0.002855936996638775,1400.0,0.0153347962307534
1400.0,0.014058718457818031,1400.0,0.0153347962307534
1435.97,0.013932827860116959,1400.0,0.0153347962307534
605.0,0.0014463923871517181,1400.0,0.0153347962307534
1375.0,0.015207277610898018,1400.0,0.0153347962307534
1083.2,0.011739513836801052,1400.0,0.0153347962307534
1339.0,0.016034213826060295,1400.0,0.0153347962307534
1375.0,0.01681145280599594,1400.0,0.0153347962307534
570.0,0.014787886291742325,1400.0,0.0153347962307534
660.0,0.012132332660257816,1400.0,0.0153347962307534
577.0,0.0032721557654440403,1400.0,0.0153347962307534
1400.0,0.005794246681034565,1400.0,0.0153347962307534
570.0,-0.00670665455982089,1400.0,0.0153347962307534
455.0,-0.2002202719449997,1404.0,0.015193192032379324
1354.0,0.011350449174642563,1404.0,0.015193192032379324
1339.0,0.0070556048303842545,1404.0,0.015193192032379324
1435.97,0.01558801531791687,1404.0,0.015193192032379324
570.0,0.006012618541717529,1404.0,0.015193192032379324
660.0,0.006420616526156664,1404.0,0.015193192032379324
1480.57,0.019573992118239403,1404.0,0.015193192032379324
1290.0,0.006689134985208511,1404.0,0.015193192032379324
1500.0,0.004837123677134514,1404.0,0.015193192032379324
1260.0,0.001169361174106598,1404.0,0.015193192032379324
1083.2,0.015996553003787994,1404.0,0.015193192032379324
502.0,-0.15268926322460175,1404.0,0.015193192032379324
1339.0,0.01738051325082779,1404.0,0.015193192032379324
570.0,-0.01510261557996273,1404.0,0.015193192032379324
1684.0,0.017817342653870583,1404.0,0.015193192032379324
640.0,0.0056064072996377945,1404.0,0.015193192032379324
1684.0,0.011615132912993431,1404.0,0.015193192032379324
1375.0,0.029234472662210464,1404.0,0.015193192032379324
3410.0,0.011747793294489384,1404.0,0.015193192032379324
1364.0,0.011260990053415298,1404.0,0.015193192032379324
1410.0,0.0030374801717698574,1404.0,0.015193192032379324
1375.0,0.021673116832971573,1404.0,0.015193192032379324
640.0,0.007072322070598602,1404.0,0.015193192032379324
1375.0,0.016155477613210678,1410.0,0.014969068933357301
1410.0,0.022711001336574554,1410.0,0.014969068933357301
1375.0,0.01272759772837162,1410.0,0.014969068933357301
640.0,0.006004153285175562,1410.0,0.014969068933357301
502.0,-0.19217872619628906,1410.0,0.014969068933357301
640.0,0.0020298585295677185,1410.0,0.014969068933357301
649.0,0.0028458023443818092,1410.0,0.014969068933357301
1375.0,0.019859185442328453,1410.0,0.014969068933357301
577.0,-0.00999186746776104,1410.0,0.014969068933357301
577.0,-0.007655981928110123,1410.0,0.014969068933357301
1339.0,0.020051412284374237,1410.0,0.014969068933357301
1375.0,0.019981149584054947,1410.0,0.014969068933357301
1684.0,-0.0056544700637459755,1410.0,0.014969068933357301
1684.0,0.006520816124975681,1410.0,0.014969068933357301
1595.0,0.013921249657869339,1410.0,0.014969068933357301
1404.0,0.011354242451488972,1410.0,0.014969068933357301
1375.0,0.021786976605653763,1410.0,0.014969068933357301
1480.57,0.016681822016835213,1410.0,0.014969068933357301
1500.0,0.03524079546332359,1410.0,0.014969068933357301
577.0,-0.003268949221819639,1410.0,0.014969068933357301
999.0,0.004141269251704216,1410.0,0.014969068933357301
1435.0,0.006485890597105026,1410.0,0.014969068933357301
1684.0,0.004111319314688444,1410.0,0.014969068933357301
1684.0,0.02457571029663086,1410.0,0.014969068933357301
1426.0,0.01800708845257759,1410.0,0.014969068933357301
570.0,-0.0066753411665558815,1410.0,0.014969068933357301
1480.57,0.014929324388504028,1410.0,0.014969068933357301
1260.0,0.01198964286595583,1417.44,0.014691085942712267
1435.0,0.009596757590770721,1417.44,0.014691085942712267
1375.0,0.013135889545083046,1417.44,0.014691085942712267
1595.0,0.004192323423922062,1417.44,0.014691085942712267
1339.0,0.014377206563949585,1417.44,0.014691085942712267
640.0,0.028515083715319633,1417.44,0.014691085942712267
441.0,-0.17694099247455597,1417.44,0.014691085942712267
503.0,-0.04402952268719673,1417.44,0.014691085942712267
3410.0,-0.0034941481426358223,1417.44,0.014691085942712267
1700.0,0.000547126866877079,1417.44,0.014691085942712267
1354.0,0.014595802873373032,1417.44,0.014691085942712267
1083.2,0.018772363662719727,1417.44,0.014691085942712267
1375.0,0.011208277195692062,1417.44,0.014691085942712267
504.0,-0.059671156108379364,1417.44,0.014691085942712267
1071.0,0.011690009385347366,1417.44,0.014691085942712267
455.0,-0.22599315643310547,1423.0,0.014489863134123454
1426.0,0.014025483280420303,1423.0,0.014489863134123454
1339.0,0.016664108261466026,1423.0,0.014489863134123454
570.0,0.0016717691905796528,1423.0,0.014489863134123454
441.0,-0.17173069715499878,1423.0,0.014489863134123454
999.0,0.006919783540070057,1423.0,0.014489863134123454
1260.0,0.006496136076748371,1423.0,0.014489863134123454
1375.0,0.01494450680911541,1423.0,0.014489863134123454
605.0,0.010342198424041271,1423.0,0.014489863134123454
1375.0,0.015217786654829979,1423.0,0.014489863134123454
1435.97,0.015253073535859585,1426.0,0.014384160417675396
477.0,-0.1688307523727417,1426.0,0.014384160417675396
1071.0,0.008474744856357574,1426.0,0.014384160417675396
1400.0,0.013439003378152847,1426.0,0.014384160417675396
632.0,0.014987653121352196,1426.0,0.014384160417675396
441.0,-0.19138272106647491,1426.0,0.014384160417675396
1260.0,0.011651004664599895,1426.0,0.014384160417675396
1071.0,0.005803832784295082,1426.0,0.014384160417675396
582.0,-0.006413471885025501,1426.0,0.014384160417675396
577.0,-0.0034393409732729197,1426.0,0.014384160417675396
1410.0,0.0066092247143387794,1435.0,0.014078599889191194
570.0,-0.0010415920987725258,1435.0,0.014078599889191194
570.0,-0.00517866387963295,1435.0,0.014078599889191194
570.0,-0.002641513478010893,1435.0,0.014078599889191194
1375.0,0.008619286119937897,1435.0,0.014078599889191194
999.0,0.024591753259301186,1435.0,0.014078599889191194
1071.0,0.018889615312218666,1435.0,0.014078599889191194
455.0,-0.20258544385433197,1435.0,0.014078599889191194
999.0,0.023471079766750336,1435.0,0.014078599889191194
570.0,0.006290193647146225,1435.0,0.014078599889191194
570.0,0.001859785057604313,1435.0,0.014078599889191194
1435.97,0.03145955502986908,1435.97,0.01404660900735041
660.0,0.0067343944683671,1435.97,0.01404660900735041
1375.0,0.01431572437286377,1435.97,0.01404660900735041
640.0,0.008575934916734695,1435.97,0.01404660900735041
1423.0,0.028326036408543587,1435.97,0.01404660900735041
999.0,0.004083406180143356,1435.97,0.01404660900735041
570.0,-0.003946081735193729,1435.97,0.01404660900735041
1375.0,0.020784500986337662,1435.97,0.01404660900735041
1083.2,0.018230967223644257,1435.97,0.01404660900735041
649.0,0.010996132157742977,1435.97,0.01404660900735041
1339.0,0.017071601003408432,1435.97,0.01404660900735041
1423.0,0.018124466761946678,1435.97,0.01404660900735041
1684.0,-0.0032510212622582912,1435.97,0.01404660900735041
570.0,0.004848843440413475,1435.97,0.01404660900735041
1435.97,0.016278766095638275,1435.97,0.01404660900735041
1423.0,0.013856284320354462,1435.97,0.01404660900735041
1660.0,0.01148165948688984,1435.97,0.01404660900735041
1260.0,0.04246944561600685,1435.97,0.01404660900735041
3410.0,-0.0017628436908125877,1435.97,0.01404660900735041
1260.0,0.01297670230269432,1435.97,0.01404660900735041
1083.2,0.00914796069264412,1435.97,0.01404660900735041
999.0,0.0045520951971411705,1435.97,0.01404660900735041
1684.0,0.027764318510890007,1435.97,0.01404660900735041
570.0,-0.010971533134579659,1435.97,0.01404660900735041
570.0,-0.009104715660214424,1435.97,0.01404660900735041
650.0,0.020397696644067764,1435.97,0.01404660900735041
1260.0,0.015442189760506153,1435.97,0.01404660900735041
640.0,0.0024470477364957333,1435.97,0.01404660900735041
441.0,-0.17477558553218842,1435.97,0.01404660900735041
1684.0,0.014318717643618584,1435.97,0.01404660900735041
1071.0,0.01209379080682993,1435.97,0.01404660900735041
1375.0,0.015448171645402908,1435.97,0.01404660900735041
1684.0,0.000791468657553196,1435.97,0.01404660900735041
605.0,0.006968287751078606,1435.97,0.01404660900735041
1435.97,0.011769462376832962,1435.97,0.01404660900735041
1375.0,0.022139372304081917,1435.97,0.01404660900735041
1083.2,0.01541818492114544,1435.97,0.01404660900735041
1375.0,0.020799418911337852,1435.97,0.01404660900735041
1404.0,0.021775683388113976,1435.97,0.01404660900735041
1684.0,0.001394437626004219,1435.97,0.01404660900735041
649.0,0.008910033851861954,1435.97,0.01404660900735041
1339.0,0.015252601355314255,1435.97,0.01404660900735041
1404.0,0.00604837853461504,1435.97,0.01404660900735041
1375.0,0.027589989826083183,1435.97,0.01404660900735041
1684.0,-0.0003364156000316143,1435.97,0.01404660900735041
1435.0,0.027771426364779472,1435.97,0.01404660900735041
640.0,0.004236058797687292,1435.97,0.01404660900735041
570.0,0.0024736644700169563,1435.97,0.01404660900735041
502.0,-0.16043686866760254,1435.97,0.01404660900735041
1684.0,-0.002292552962899208,1435.97,0.01404660900735041
441.0,-0.15590350329875946,1435.97,0.01404660900735041
1684.0,0.007980008609592915,1435.97,0.01404660900735041
1684.0,0.012929518707096577,1435.97,0.01404660900735041
1071.0,0.012115692719817162,1455.0,0.013446610941653973
1260.0,0.011605024337768555,1455.0,0.013446610941653973
653.0,0.008368035778403282,1455.0,0.013446610941653973
1375.0,0.018693644553422928,1455.0,0.013446610941653973
591.0,-0.025972621515393257,1480.57,0.012689742645142338
653.0,0.017857717350125313,1480.57,0.012689742645142338
1339.0,0.014339208602905273,1480.57,0.012689742645142338
577.0,-0.004428123123943806,1480.57,0.012689742645142338
1375.0,0.02069464698433876,1480.57,0.012689742645142338
1375.0,0.0118478462100029,1480.57,0.012689742645142338
1426.0,0.012457115575671196,1480.57,0.012689742645142338
1480.57,0.019127530977129936,1480.57,0.012689742645142338
558.0,-0.013531619682908058,1480.57,0.012689742645142338
1480.57,0.020943257957696915,1480.57,0.012689742645142338
1375.0,0.020546000450849533,1480.57,0.012689742645142338
477.0,-0.15301910042762756,1480.57,0.012689742645142338
1684.0,-0.003907179459929466,1480.57,0.012689742645142338
1071.0,0.010798533447086811,1480.57,0.012689742645142338
999.0,0.015239203348755836,1480.57,0.012689742645142338
1339.0,0.016176680102944374,1480.57,0.012689742645142338
1375.0,0.018913598731160164,1480.57,0.012689742645142338
999.0,0.011379407718777657,1480.57,0.012689742645142338
1071.0,0.018521172925829887,1480.57,0.012689742645142338
1700.0,0.0019603585824370384,1480.57,0.012689742645142338
1083.2,0.013261791318655014,1480.57,0.012689742645142338
1083.2,0.018876519054174423,1480.57,0.012689742645142338
1417.44,0.01594914123415947,1480.57,0.012689742645142338
1400.0,0.009138762019574642,1480.57,0.012689742645142338
999.0,0.0022131120786070824,1480.57,0.012689742645142338
1400.0,0.017223501577973366,1480.57,0.012689742645142338
570.0,-0.007131379563361406,1480.57,0.012689742645142338
999.0,0.005307285115122795,1480.57,0.012689742645142338
477.0,-0.15688590705394745,1480.57,0.012689742645142338
640.0,0.005897197872400284,1480.57,0.012689742645142338
1375.0,0.011772127822041512,1480.57,0.012689742645142338
1260.0,0.0104385856539011,1480.57,0.012689742645142338
1684.0,0.007148238830268383,1500.0,0.012130904530399517
1375.0,0.021693190559744835,1500.0,0.012130904530399517
640.0,0.01691073179244995,1500.0,0.012130904530399517
1375.0,0.015336086973547935,1500.0,0.012130904530399517
1375.0,0.012265817262232304,1500.0,0.012130904530399517
1260.0,0.010971836745738983,1500.0,0.012130904530399517
1339.0,0.013874278403818607,1500.0,0.012130904530399517
570.0,0.006734808441251516,1500.0,0.012130904530399517
1375.0,0.012191176414489746,1535.0,0.011132830173887576
1410.0,0.013353223912417889,1535.0,0.011132830173887576
1410.0,0.023427803069353104,1595.0,0.009403198087238272
1684.0,0.0014217053540050983,1595.0,0.009403198087238272
3410.0,0.00433030491694808,1595.0,0.009403198087238272
570.0,-0.004431108944118023,1595.0,0.009403198087238272
570.0,0.005267914850264788,1595.0,0.009403198087238272
1404.0,0.02939786948263645,1595.0,0.009403198087238272
1480.57,0.017255842685699463,1595.0,0.009403198087238272
1684.0,0.0011995937675237656,1595.0,0.009403198087238272
1083.2,0.008868088945746422,1595.0,0.009403198087238272
1083.2,0.014498828910291195,1595.0,0.009403198087238272
577.0,0.0007227452006191015,1650.0,0.007773175368237684
1375.0,0.020930632948875427,1650.0,0.007773175368237684
1375.0,0.014253739267587662,1650.0,0.007773175368237684
1375.0,0.013262500055134296,1650.0,0.007773175368237684
1375.0,0.014233658090233803,1650.0,0.007773175368237684
570.0,-0.009542623534798622,1650.0,0.007773175368237684
570.0,0.002023606561124325,1650.0,0.007773175368237684
1071.0,0.012041129171848297,1650.0,0.007773175368237684
999.0,0.016925349831581116,1650.0,0.007773175368237684
1684.0,0.0004976922646164894,1650.0,0.007773175368237684
570.0,0.007075237110257149,1650.0,0.007773175368237684
3410.0,0.00372268445789814,1650.0,0.007773175368237684
1375.0,0.014762982726097107,1650.0,0.007773175368237684
3410.0,0.005829785019159317,1650.0,0.007773175368237684
1339.0,0.022559339180588722,1650.0,0.007773175368237684
1480.57,0.017041731625795364,1650.0,0.007773175368237684
1480.57,0.008786631748080254,1650.0,0.007773175368237684
570.0,0.019548093900084496,1650.0,0.007773175368237684
1375.0,0.010111656971275806,1650.0,0.007773175368237684
1339.0,0.017367124557495117,1660.0,0.0074716376263315905
558.0,-0.009528279304504395,1660.0,0.0074716376263315905
570.0,-0.006258892361074686,1660.0,0.0074716376263315905
582.0,0.019811555743217468,1660.0,0.0074716376263315905
1339.0,0.013974737375974655,1660.0,0.0074716376263315905
1339.0,0.010820657014846802,1660.0,0.0074716376263315905
1684.0,0.011320242658257484,1660.0,0.0074716376263315905
1260.0,0.0015005897730588913,1660.0,0.0074716376263315905
577.0,-0.005179291125386953,1660.0,0.0074716376263315905
1375.0,0.014358783140778542,1660.0,0.0074716376263315905
570.0,0.004063170403242111,1660.0,0.0074716376263315905
3410.0,0.008602183312177658,1660.0,0.0074716376263315905
502.0,-0.15540924668312073,1660.0,0.0074716376263315905
1260.0,0.02623741328716278,1660.0,0.0074716376263315905
1375.0,0.02127659320831299,1660.0,0.0074716376263315905
1660.0,0.015376669354736805,1660.0,0.0074716376263315905
1083.2,0.01442065741866827,1660.0,0.0074716376263315905
1684.0,0.008886788040399551,1660.0,0.0074716376263315905
1375.0,0.021213622763752937,1660.0,0.0074716376263315905
1375.0,0.01370440237224102,1660.0,0.0074716376263315905
504.0,-0.04679141938686371,1660.0,0.0074716376263315905
504.0,-0.03604358434677124,1660.0,0.0074716376263315905
1684.0,0.013785751536488533,1660.0,0.0074716376263315905
1375.0,0.010037921369075775,1660.0,0.0074716376263315905
1684.0,0.018500149250030518,1660.0,0.0074716376263315905
649.0,0.011494671925902367,1684.0,0.006741312305897176
1375.0,0.01152214128524065,1684.0,0.006741312305897176
1410.0,0.021360162645578384,1684.0,0.006741312305897176
577.0,-0.004984868690371513,1684.0,0.006741312305897176
577.0,-0.004723983351141214,1684.0,0.006741312305897176
1071.0,0.014271864667534828,1684.0,0.006741312305897176
570.0,-0.00704124104231596,1684.0,0.006741312305897176
1684.0,0.010001621209084988,1684.0,0.006741312305897176
1375.0,0.014054854400455952,1684.0,0.006741312305897176
1375.0,0.004639865830540657,1684.0,0.006741312305897176
653.0,0.0030972138047218323,1684.0,0.006741312305897176
3410.0,0.008184324949979782,1684.0,0.006741312305897176
570.0,-0.011840445920825005,1684.0,0.006741312305897176
1375.0,0.017769191414117813,1684.0,0.006741312305897176
504.0,-0.03414715453982353,1684.0,0.006741312305897176
441.0,-0.1766422688961029,1684.0,0.006741312305897176
1480.57,0.019081000238656998,1684.0,0.006741312305897176
1071.0,0.01436629705131054,1684.0,0.006741312305897176
1684.0,0.0013868995010852814,1684.0,0.006741312305897176
660.0,0.004485344979912043,1684.0,0.006741312305897176
1375.0,0.024726925417780876,1684.0,0.006741312305897176
1260.0,0.012040285393595695,1684.0,0.006741312305897176
3410.0,0.003222013358026743,1684.0,0.006741312305897176
640.0,0.001656712032854557,1684.0,0.006741312305897176
1375.0,0.00971396453678608,1684.0,0.006741312305897176
1595.0,0.004294435493648052,1684.0,0.006741312305897176
1260.0,0.026826512068510056,1684.0,0.006741312305897176
1260.0,0.009961915202438831,1684.0,0.006741312305897176
1339.0,0.029434824362397194,1684.0,0.006741312305897176
999.0,0.022625356912612915,1684.0,0.006741312305897176
1684.0,0.003317995695397258,1684.0,0.006741312305897176
1339.0,0.01367731299251318,1684.0,0.006741312305897176
1400.0,0.014324404299259186,1684.0,0.006741312305897176
1435.97,0.016739636659622192,1684.0,0.006741312305897176
1400.0,0.013012759387493134,1684.0,0.006741312305897176
502.0,-0.1792755424976349,1684.0,0.006741312305897176
1339.0,0.017379075288772583,1684.0,0.006741312305897176
1260.0,0.01366446539759636,1684.0,0.006741312305897176
1535.0,0.014811874367296696,1684.0,0.006741312305897176
582.0,0.005060487426817417,1684.0,0.006741312305897176
1339.0,0.02726278267800808,1684.0,0.006741312305897176
653.0,0.014469816349446774,1684.0,0.006741312305897176
1404.0,0.011007345281541348,1684.0,0.006741312305897176
649.0,0.005633048713207245,1684.0,0.006741312305897176
1650.0,0.003989321179687977,1684.0,0.006741312305897176
1339.0,0.017770878970623016,1684.0,0.006741312305897176
503.0,-0.08614541590213776,1684.0,0.006741312305897176
582.0,-0.012981430627405643,1684.0,0.006741312305897176
1404.0,0.03125979006290436,1684.0,0.006741312305897176
1339.0,0.0178370364010334,1684.0,0.006741312305897176
1684.0,0.024557270109653473,1684.0,0.006741312305897176
1083.2,0.011157390661537647,1684.0,0.006741312305897176
1375.0,0.00667235255241394,1684.0,0.006741312305897176
1435.97,0.00764763168990612,1684.0,0.006741312305897176
1071.0,0.010606208816170692,1684.0,0.006741312305897176
1684.0,0.009033149108290672,1684.0,0.006741312305897176
1375.0,0.01286129467189312,1684.0,0.006741312305897176
1684.0,0.0075686960481107235,1684.0,0.006741312305897176
1339.0,0.007854505442082882,1684.0,0.006741312305897176
1404.0,0.013726559467613697,1684.0,0.006741312305897176
1375.0,0.011100729927420616,1684.0,0.006741312305897176
1260.0,0.009431209415197372,1684.0,0.006741312305897176
582.0,-0.00803159736096859,1684.0,0.006741312305897176
1375.0,0.005908357910811901,1684.0,0.006741312305897176
570.0,0.014030689373612404,1684.0,0.006741312305897176
3410.0,0.0066010174341499805,1684.0,0.006741312305897176
653.0,0.009325627237558365,1684.0,0.006741312305897176
570.0,-0.0006687631830573082,1684.0,0.006741312305897176
1083.2,0.015886038541793823,1684.0,0.006741312305897176
1260.0,0.01242600753903389,1684.0,0.006741312305897176
653.0,0.018046503886580467,1684.0,0.006741312305897176
570.0,0.003816804150119424,1684.0,0.006741312305897176
1071.0,0.010184431448578835,1684.0,0.006741312305897176
1660.0,0.017041712999343872,1684.0,0.006741312305897176
1684.0,0.0241239033639431,1684.0,0.006741312305897176
632.0,0.003070177510380745,1684.0,0.006741312305897176
1260.0,0.025356881320476532,1684.0,0.006741312305897176
477.0,-0.17969480156898499,1684.0,0.006741312305897176
1410.0,0.023110084235668182,1684.0,0.006741312305897176
1375.0,0.01695333980023861,1684.0,0.006741312305897176
640.0,0.007346387952566147,1684.0,0.006741312305897176
3410.0,0.014945512637495995,1684.0,0.006741312305897176
1375.0,0.02080070786178112,1684.0,0.006741312305897176
1375.0,0.016997627913951874,1684.0,0.006741312305897176
3410.0,-0.0015103509649634361,1684.0,0.006741312305897176
570.0,0.002467380603775382,1684.0,0.006741312305897176
1083.2,0.014503736048936844,1684.0,0.006741312305897176
1260.0,0.008319477550685406,1684.0,0.006741312305897176
1650.0,0.015660548582673073,1684.0,0.006741312305897176
1375.0,0.012685803696513176,1684.0,0.006741312305897176
1339.0,0.017274752259254456,1684.0,0.006741312305897176
1500.0,0.0048149703070521355,1684.0,0.006741312305897176
1684.0,0.0019048135727643967,1684.0,0.006741312305897176
1339.0,0.024640120565891266,1684.0,0.006741312305897176
1684.0,-0.004832232836633921,1684.0,0.006741312305897176
1260.0,0.029018299654126167,1684.0,0.006741312305897176
1375.0,0.014407450333237648,1684.0,0.006741312305897176
1339.0,0.01963149383664131,1684.0,0.006741312305897176
570.0,-0.0071700019761919975,1684.0,0.006741312305897176
1260.0,0.012043371796607971,1684.0,0.006741312305897176
570.0,0.0166802778840065,1684.0,0.006741312305897176
999.0,0.028724193572998047,1684.0,0.006741312305897176
1480.57,0.019590087234973907,1684.0,0.006741312305897176
1339.0,0.012329405173659325,1684.0,0.006741312305897176
570.0,0.0037319459952414036,1684.0,0.006741312305897176
477.0,-0.1593308299779892,1684.0,0.006741312305897176
441.0,-0.1780409961938858,1684.0,0.006741312305897176
1480.57,0.02662023715674877,1684.0,0.006741312305897176
1684.0,0.0019077309407293797,1684.0,0.006741312305897176
1684.0,-0.0013494349550455809,1684.0,0.006741312305897176
1260.0,0.029819637537002563,1684.0,0.006741312305897176
1375.0,0.018184181302785873,1684.0,0.006741312305897176
1480.57,0.014408363029360771,1684.0,0.006741312305897176
577.0,0.012423811480402946,1684.0,0.006741312305897176
1260.0,0.00644760113209486,1684.0,0.006741312305897176
1684.0,0.0008014105260372162,1684.0,0.006741312305897176
1435.97,0.012593039311468601,1684.0,0.006741312305897176
1480.57,0.016107410192489624,1684.0,0.006741312305897176
591.0,0.017364516854286194,1684.0,0.006741312305897176
1375.0,0.012605485506355762,1684.0,0.006741312305897176
1684.0,0.013377662748098373,1684.0,0.006741312305897176
1404.0,0.013307057321071625,1684.0,0.006741312305897176
570.0,0.004099379293620586,1684.0,0.006741312305897176
1354.0,0.015573939308524132,1684.0,0.006741312305897176
1650.0,0.009897787123918533,1684.0,0.006741312305897176
649.0,0.0033657681196928024,1684.0,0.006741312305897176
1071.0,0.01809455081820488,1684.0,0.006741312305897176
1354.0,0.015131628140807152,1684.0,0.006741312305897176
1071.0,0.012544941157102585,1684.0,0.006741312305897176
1684.0,0.024865679442882538,1684.0,0.006741312305897176
1375.0,0.02078643999993801,1684.0,0.006741312305897176
577.0,-0.007560134399682283,1684.0,0.006741312305897176
1435.97,0.020237069576978683,1684.0,0.006741312305897176
441.0,-0.17050090432167053,1684.0,0.006741312305897176
1684.0,0.0018167681992053986,1684.0,0.006741312305897176
591.0,0.011891879141330719,1684.0,0.006741312305897176
558.0,-0.012515137903392315,1684.0,0.006741312305897176
1071.0,0.009050187654793262,1684.0,0.006741312305897176
1435.97,0.016287442296743393,1684.0,0.006741312305897176
1339.0,0.016387786716222763,1684.0,0.006741312305897176
570.0,-0.010820068418979645,1684.0,0.006741312305897176
1375.0,0.018717555329203606,1684.0,0.006741312305897176
582.0,0.018657468259334564,1684.0,0.006741312305897176
570.0,0.003757297061383724,1684.0,0.006741312305897176
1071.0,0.011147419922053814,1684.0,0.006741312305897176
1410.0,0.015152854844927788,1684.0,0.006741312305897176
441.0,-0.19132381677627563,1684.0,0.006741312305897176
1660.0,0.009852842427790165,1684.0,0.006741312305897176
1375.0,0.014180846512317657,1684.0,0.006741312305897176
1435.0,0.016833579167723656,1684.0,0.006741312305897176
1404.0,0.011341804638504982,1684.0,0.006741312305897176
1083.2,0.01785038597881794,1684.0,0.006741312305897176
999.0,0.004897014237940311,1684.0,0.006741312305897176
640.0,0.011424975469708443,1684.0,0.006741312305897176
999.0,0.00387472752481699,1684.0,0.006741312305897176
1595.0,0.000641336664557457,1684.0,0.006741312305897176
570.0,-0.00757543696090579,1684.0,0.006741312305897176
1375.0,0.014438340440392494,1684.0,0.006741312305897176
1375.0,0.021574432030320168,1684.0,0.006741312305897176
1417.44,0.015538619831204414,1684.0,0.006741312305897176
1684.0,-0.0005813650786876678,1684.0,0.006741312305897176
1339.0,0.01627802476286888,1684.0,0.006741312305897176
1375.0,0.012235008180141449,1684.0,0.006741312305897176
570.0,0.005008907988667488,1684.0,0.006741312305897176
1684.0,0.0013488922268152237,1684.0,0.006741312305897176
1354.0,0.020851025357842445,1684.0,0.006741312305897176
570.0,-0.012845031917095184,1684.0,0.006741312305897176
3410.0,0.009292524307966232,1684.0,0.006741312305897176
1650.0,0.01850781962275505,1684.0,0.006741312305897176
1595.0,0.003991669975221157,1684.0,0.006741312305897176
640.0,0.009427420794963837,1684.0,0.006741312305897176
640.0,0.011297116987407207,1684.0,0.006741312305897176
1375.0,0.018846828490495682,1684.0,0.006741312305897176
1435.97,0.013449874706566334,1700.0,0.0062492013952174475
570.0,-0.013963507488369942,1700.0,0.0062492013952174475
1404.0,0.009384415112435818,1700.0,0.0062492013952174475
477.0,-0.15688590705394745,1700.0,0.0062492013952174475
582.0,0.0020565688610076904,1700.0,0.0062492013952174475
1435.97,0.01554210763424635,3410.0,0.005360420445615619
1364.0,0.013942869380116463,3410.0,0.005360420445615619
477.0,-0.17129163444042206,3410.0,0.005360420445615619
653.0,0.017766017466783524,3410.0,0.005360420445615619
1375.0,0.014004992321133614,3410.0,0.005360420445615619
1435.97,0.016117874532938004,3410.0,0.005360420445615619
1260.0,0.014643441885709763,3410.0,0.005360420445615619
660.0,0.02375178225338459,3410.0,0.005360420445615619
1375.0,0.015365052968263626,3410.0,0.005360420445615619
1426.0,0.016844188794493675,3410.0,0.005360420445615619
1364.0,0.019155079498887062,3410.0,0.005360420445615619
1435.97,0.01691523939371109,3410.0,0.005360420445615619
999.0,0.024053798988461494,3410.0,0.005360420445615619
1375.0,0.02177463099360466,3410.0,0.005360420445615619
1400.0,0.029662251472473145,3410.0,0.005360420445615619
1260.0,0.0035103829577565193,3410.0,0.005360420445615619
1083.2,0.015526344068348408,3410.0,0.005360420445615619
1364.0,0.008720701560378075,3410.0,0.005360420445615619
570.0,-0.008291976526379585,3410.0,0.005360420445615619
570.0,-0.010785907506942749,3410.0,0.005360420445615619
1684.0,-0.004674952942878008,3410.0,0.005360420445615619
1375.0,0.014710964635014534,3410.0,0.005360420445615619
1375.0,0.013977335765957832,3410.0,0.005360420445615619
1339.0,0.012729777954518795,3410.0,0.005360420445615619
1375.0,0.0210128091275692,3410.0,0.005360420445615619
455.0,-0.15684375166893005,3410.0,0.005360420445615619
649.0,0.031180977821350098,3410.0,0.005360420445615619
1375.0,0.020046748220920563,3410.0,0.005360420445615619
577.0,-0.00303033203817904,3410.0,0.005360420445615619
1339.0,0.008362622931599617,3410.0,0.005360420445615619
1071.0,0.008915329352021217,3410.0,0.005360420445615619
1071.0,0.00998876802623272,3410.0,0.005360420445615619
1375.0,0.011886358261108398,3410.0,0.005360420445615619
582.0,0.02577417902648449,3410.0,0.005360420445615619
1660.0,0.009145407006144524,3410.0,0.005360420445615619
1375.0,0.021333536133170128,3410.0,0.005360420445615619
640.0,0.004734178073704243,3410.0,0.005360420445615619
1375.0,0.00769641250371933,3410.0,0.005360420445615619
477.0,-0.18960705399513245,3410.0,0.005360420445615619
640.0,0.01276390627026558,3410.0,0.005360420445615619
1339.0,0.011602535843849182,3410.0,0.005360420445615619
1375.0,0.011696885339915752,3410.0,0.005360420445615619
1375.0,0.013265123590826988,3410.0,0.005360420445615619
1375.0,0.013648372143507004,3410.0,0.005360420445615619
1375.0,0.014664962887763977,3410.0,0.005360420445615619
640.0,0.010390786454081535,3410.0,0.005360420445615619
1660.0,0.003408370539546013,3410.0,0.005360420445615619
649.0,0.009453818202018738,3410.0,0.005360420445615619
640.0,0.011828169226646423,3410.0,0.005360420445615619
