laser power (watt),shap,lowess laser power (watt),lowess shap
350.0,0.06903039664030075,50.0,-0.20105941155383913
275.0,0.0418618768453598,50.0,-0.20105941155383913
275.0,0.06645063310861588,50.0,-0.20105941155383913
200.0,-0.01168313343077898,50.0,-0.20105941155383913
350.0,0.06535285711288452,50.0,-0.20105941155383913
250.0,0.016532549634575844,50.0,-0.20105941155383913
200.0,-0.00986632052809,50.0,-0.20105941155383913
225.0,-0.007655714638531208,50.0,-0.20105941155383913
95.0,-0.17607396841049194,50.0,-0.20105941155383913
200.0,0.00394080113619566,50.0,-0.20105941155383913
370.0,0.08884617686271667,50.0,-0.20105941155383913
370.0,0.07633709907531738,50.0,-0.20105941155383913
200.0,-0.004766017198562622,50.0,-0.20105941155383913
200.0,0.022781020030379295,50.0,-0.20105941155383913
250.0,-0.001131582073867321,50.0,-0.20105941155383913
95.0,-0.1676935851573944,50.0,-0.20105941155383913
250.0,0.029974624514579773,50.0,-0.20105941155383913
100.0,-0.12259421497583389,50.0,-0.20105941155383913
350.0,0.07144392281770706,50.0,-0.20105941155383913
200.0,0.015200708992779255,50.0,-0.20105941155383913
180.0,-0.05620580166578293,50.0,-0.20105941155383913
200.0,0.005172228906303644,60.0,-0.1883532506010168
225.0,0.017152680084109306,60.0,-0.1883532506010168
200.0,0.014245061203837395,60.0,-0.1883532506010168
185.0,-0.024619415402412415,60.0,-0.1883532506010168
200.0,-0.010230313055217266,60.0,-0.1883532506010168
350.0,0.05991069972515106,60.9,-0.18720566644950354
160.0,-0.10180896520614624,66.48,-0.18007628229434736
175.0,-0.048359110951423645,70.0,-0.1755666130732926
200.0,0.009213444776833057,70.0,-0.1755666130732926
160.0,-0.046810947358608246,70.0,-0.1755666130732926
150.0,-0.07288972288370132,70.0,-0.1755666130732926
180.0,-0.0488758385181427,70.0,-0.1755666130732926
200.0,-0.019489100202918053,70.0,-0.1755666130732926
187.5,-0.03479388356208801,70.0,-0.1755666130732926
250.0,0.03447336703538895,70.0,-0.1755666130732926
175.0,-0.01664208248257637,73.0,-0.17171605043582772
200.0,0.018185727298259735,75.0,-0.16914561503854203
155.0,-0.05518660694360733,75.0,-0.16914561503854203
195.0,-0.011085620149970055,75.0,-0.16914561503854203
350.0,0.05196085572242737,75.0,-0.16914561503854203
200.0,0.008181769400835037,75.0,-0.16914561503854203
200.0,0.007410825230181217,75.0,-0.16914561503854203
50.0,-0.20556311309337616,75.0,-0.16914561503854203
200.0,0.011283988133072853,80.0,-0.16270887636477824
110.0,-0.10135523974895477,80.0,-0.16270887636477824
200.0,-0.005155866965651512,80.0,-0.16270887636477824
100.0,-0.1824561357498169,80.0,-0.16270887636477824
270.0,0.04354536533355713,80.0,-0.16270887636477824
200.0,0.027679158374667168,80.0,-0.16270887636477824
300.0,0.052139848470687866,80.0,-0.16270887636477824
150.0,-0.07438725233078003,80.0,-0.16270887636477824
200.0,0.0006409815978258848,80.0,-0.16270887636477824
105.0,-0.11691675335168839,80.0,-0.16270887636477824
200.0,-0.01748894527554512,80.0,-0.16270887636477824
200.0,-0.009562973864376545,83.1,-0.1587115028333366
285.0,0.04976547136902809,85.0,-0.1562594888058134
280.0,0.06547211110591888,85.0,-0.1562594888058134
50.0,-0.19363369047641754,87.0,-0.15367709504804114
225.0,0.025983499363064766,89.1,-0.15096444328988307
340.0,0.09233102202415466,90.0,-0.14980161114502427
350.0,0.023609891533851624,90.0,-0.14980161114502427
200.0,0.010488425381481647,90.0,-0.14980161114502427
160.81,-0.054086834192276,90.0,-0.14980161114502427
240.0,0.013406088575720787,90.0,-0.14980161114502427
230.0,0.0004886388778686523,90.0,-0.14980161114502427
200.0,-0.018654514104127884,93.0,-0.14592484652991544
200.0,0.011052961461246014,95.0,-0.1433402342814741
150.0,-0.09670951962471008,95.0,-0.1433402342814741
200.0,-0.015905309468507767,95.0,-0.1433402342814741
280.0,0.04916014522314072,95.0,-0.1433402342814741
380.0,0.06792600452899933,95.0,-0.1433402342814741
200.0,-0.015700574964284897,95.0,-0.1433402342814741
200.0,0.0037365909665822983,95.0,-0.1433402342814741
200.0,0.026634743437170982,95.0,-0.1433402342814741
50.0,-0.22685334086418152,95.0,-0.1433402342814741
250.0,0.03000890277326107,95.0,-0.1433402342814741
175.0,-0.035676389932632446,95.0,-0.1433402342814741
280.0,0.07603561133146286,95.0,-0.1433402342814741
250.0,0.007342066615819931,95.0,-0.1433402342814741
150.0,-0.06266767531633377,95.0,-0.1433402342814741
200.0,-0.01677597686648369,95.0,-0.1433402342814741
90.0,-0.15031544864177704,95.0,-0.1433402342814741
250.0,0.04536689072847366,95.0,-0.1433402342814741
200.0,-0.025594759732484818,95.0,-0.1433402342814741
350.0,0.039390817284584045,95.0,-0.1433402342814741
75.0,-0.11353839188814163,95.0,-0.1433402342814741
300.0,0.07642272859811783,99.72,-0.13724260083234832
125.0,-0.042671579867601395,100.0,-0.13688103507055208
100.0,-0.21463017165660858,100.0,-0.13688103507055208
225.0,0.0176688339561224,100.0,-0.13688103507055208
170.0,-0.04844913259148598,100.0,-0.13688103507055208
280.0,0.05105332285165787,100.0,-0.13688103507055208
280.0,0.09383034706115723,100.0,-0.13688103507055208
250.0,0.04787753149867058,100.0,-0.13688103507055208
200.0,0.025970060378313065,100.0,-0.13688103507055208
200.0,-0.003659595502540469,100.0,-0.13688103507055208
300.0,0.05011119693517685,100.0,-0.13688103507055208
250.0,0.011367067694664001,100.0,-0.13688103507055208
125.0,-0.06505673378705978,100.0,-0.13688103507055208
200.0,0.003336782567203045,100.0,-0.13688103507055208
275.0,0.04937494546175003,100.0,-0.13688103507055208
80.0,-0.17887839674949646,100.0,-0.13688103507055208
350.0,0.06589379906654358,100.0,-0.13688103507055208
250.0,0.0039575956761837006,100.0,-0.13688103507055208
250.0,0.023924365639686584,100.0,-0.13688103507055208
350.0,0.05062961205840111,100.0,-0.13688103507055208
170.0,-0.05082213133573532,100.0,-0.13688103507055208
200.0,0.011052289977669716,100.0,-0.13688103507055208
200.0,0.005234204698354006,100.0,-0.13688103507055208
170.0,-0.013351980596780777,100.0,-0.13688103507055208
350.0,0.08292515575885773,100.0,-0.13688103507055208
275.0,0.0510907806456089,100.0,-0.13688103507055208
140.0,-0.132679745554924,100.0,-0.13688103507055208
135.0,-0.04862217605113983,100.0,-0.13688103507055208
200.0,-0.0287468321621418,100.0,-0.13688103507055208
200.0,0.010613765567541122,100.0,-0.13688103507055208
150.0,-0.04908975213766098,100.0,-0.13688103507055208
300.0,0.07189193367958069,100.0,-0.13688103507055208
170.0,-0.02693106234073639,100.0,-0.13688103507055208
66.48,-0.17139080166816711,100.0,-0.13688103507055208
105.0,-0.18285824358463287,100.0,-0.13688103507055208
270.0,0.05100614205002785,100.0,-0.13688103507055208
95.0,-0.18951033055782318,100.0,-0.13688103507055208
300.0,0.05838507041335106,100.0,-0.13688103507055208
210.0,0.027408190071582794,100.0,-0.13688103507055208
150.0,-0.024400752037763596,100.0,-0.13688103507055208
200.0,-0.01692650094628334,100.0,-0.13688103507055208
200.0,-0.01189611665904522,100.0,-0.13688103507055208
200.0,0.014213131740689278,100.0,-0.13688103507055208
150.0,-0.06620393693447113,100.0,-0.13688103507055208
73.0,-0.15073218941688538,100.0,-0.13688103507055208
170.0,-0.04870609939098358,100.0,-0.13688103507055208
155.0,-0.04580461233854294,100.0,-0.13688103507055208
150.0,-0.0707937479019165,100.0,-0.13688103507055208
75.0,-0.10142141580581665,100.0,-0.13688103507055208
200.0,0.024565380066633224,102.0,-0.13429914846863955
200.0,0.020850295200943947,102.0,-0.13429914846863955
100.0,-0.12277351319789886,102.0,-0.13429914846863955
250.0,0.00788979884237051,105.0,-0.13042914628543392
150.0,-0.09383790194988251,105.0,-0.13042914628543392
200.0,0.005480125546455383,105.0,-0.13042914628543392
250.0,0.00405939482152462,105.0,-0.13042914628543392
180.0,-0.03723786026239395,105.0,-0.13042914628543392
350.0,0.06376546621322632,105.0,-0.13042914628543392
250.0,0.025290388613939285,105.0,-0.13042914628543392
175.0,-0.027368411421775818,105.0,-0.13042914628543392
300.0,0.03735652565956116,105.0,-0.13042914628543392
175.0,-0.010604022070765495,105.0,-0.13042914628543392
170.0,-0.049360569566488266,105.0,-0.13042914628543392
300.0,0.06367944180965424,105.0,-0.13042914628543392
270.0,0.04891609400510788,110.0,-0.1239888580099711
125.0,-0.044482581317424774,110.0,-0.1239888580099711
200.0,0.021167408674955368,110.0,-0.1239888580099711
200.0,0.021256403997540474,110.0,-0.1239888580099711
350.0,0.05700913071632385,110.0,-0.1239888580099711
300.0,0.03577324375510216,110.0,-0.1239888580099711
200.0,-0.0018624139484018087,116.34,-0.11584518647083095
190.0,-0.015767807140946388,120.0,-0.11115772485418562
180.0,-0.016945602372288704,120.0,-0.11115772485418562
200.0,0.008262721821665764,120.0,-0.11115772485418562
200.0,-0.023860648274421692,120.0,-0.11115772485418562
200.0,0.012955114245414734,120.0,-0.11115772485418562
140.0,-0.10062318295240402,120.0,-0.11115772485418562
155.0,-0.08991807699203491,120.0,-0.11115772485418562
200.0,0.02240915410220623,120.0,-0.11115772485418562
160.0,-0.07152257114648819,120.0,-0.11115772485418562
340.0,0.05051053315401077,120.0,-0.11115772485418562
300.0,0.06461821496486664,120.0,-0.11115772485418562
120.0,-0.1447712630033493,120.0,-0.11115772485418562
110.0,-0.14816510677337646,120.0,-0.11115772485418562
340.0,0.04570788890123367,120.0,-0.11115772485418562
200.0,-0.015178829431533813,125.0,-0.10477163329859848
150.0,-0.09521129727363586,125.0,-0.10477163329859848
200.0,0.025090988725423813,125.0,-0.10477163329859848
200.0,0.02032354660332203,125.0,-0.10477163329859848
87.0,-0.13716401159763336,125.0,-0.10477163329859848
200.0,-0.02208450250327587,125.0,-0.10477163329859848
150.0,-0.07623884081840515,125.0,-0.10477163329859848
280.0,0.08557701110839844,125.0,-0.10477163329859848
340.0,0.04611775279045105,125.0,-0.10477163329859848
350.0,0.05347083881497383,125.0,-0.10477163329859848
250.0,-0.003415066748857498,125.0,-0.10477163329859848
285.0,0.05575943738222122,125.0,-0.10477163329859848
300.0,0.05737973749637604,125.0,-0.10477163329859848
170.0,-0.014018349349498749,125.0,-0.10477163329859848
200.0,-0.008762460201978683,125.0,-0.10477163329859848
175.0,-0.025730501860380173,125.0,-0.10477163329859848
350.0,0.07220938801765442,125.0,-0.10477163329859848
350.0,0.060861021280288696,125.0,-0.10477163329859848
200.0,0.014245234429836273,125.0,-0.10477163329859848
200.0,0.0015789377503097057,125.0,-0.10477163329859848
110.0,-0.16769951581954956,125.0,-0.10477163329859848
105.0,-0.09347762167453766,125.0,-0.10477163329859848
200.0,0.019336063414812088,125.0,-0.10477163329859848
370.0,0.047929152846336365,128.0,-0.10094889262157503
200.0,0.040391337126493454,128.0,-0.10094889262157503
250.0,0.019994545727968216,130.0,-0.09840332325379907
370.0,0.047195225954055786,130.0,-0.09840332325379907
200.0,-0.012280716560781002,130.0,-0.09840332325379907
280.0,0.05641396343708038,135.0,-0.09204318735417567
195.0,-0.014487055130302906,135.0,-0.09204318735417567
100.0,-0.09604629129171371,135.0,-0.09204318735417567
350.0,0.034978050738573074,135.0,-0.09204318735417567
200.0,-0.01787596568465233,135.0,-0.09204318735417567
350.0,0.04187142103910446,140.0,-0.08566577587079327
250.0,0.04786724969744682,140.0,-0.08566577587079327
200.0,-0.019161298871040344,140.0,-0.08566577587079327
250.0,0.03400356322526932,140.0,-0.08566577587079327
200.0,-0.0008022617548704147,140.0,-0.08566577587079327
370.0,0.05658992379903793,140.0,-0.08566577587079327
200.0,-0.012720193713903427,140.0,-0.08566577587079327
175.0,0.0002795904874801636,140.0,-0.08566577587079327
160.0,-0.03848039358854294,140.0,-0.08566577587079327
250.0,0.02162090316414833,141.27,-0.08403764580700228
50.0,-0.1974010020494461,145.0,-0.07921970378321427
170.0,-0.039431944489479065,145.0,-0.07921970378321427
200.0,-0.006982149090617895,145.0,-0.07921970378321427
175.0,-0.009737716056406498,150.0,-0.07264442736309333
200.0,-0.013265876099467278,150.0,-0.07264442736309333
280.0,0.053407274186611176,150.0,-0.07264442736309333
200.0,-0.017421312630176544,150.0,-0.07264442736309333
220.0,0.0011646864004433155,150.0,-0.07264442736309333
95.0,-0.15764884650707245,150.0,-0.07264442736309333
60.0,-0.1776323914527893,150.0,-0.07264442736309333
150.0,-0.06566520035266876,150.0,-0.07264442736309333
200.0,0.002302212407812476,150.0,-0.07264442736309333
300.0,0.06338443607091904,150.0,-0.07264442736309333
285.0,0.05859343335032463,150.0,-0.07264442736309333
200.0,-0.025315996259450912,150.0,-0.07264442736309333
250.0,0.02195936068892479,150.0,-0.07264442736309333
350.0,0.07154741138219833,150.0,-0.07264442736309333
200.0,-0.0014608786441385746,150.0,-0.07264442736309333
200.0,-0.016306009143590927,150.0,-0.07264442736309333
125.0,-0.07867998629808426,150.0,-0.07264442736309333
350.0,0.07377936691045761,150.0,-0.07264442736309333
280.0,0.05777030810713768,150.0,-0.07264442736309333
300.0,0.04224991425871849,150.0,-0.07264442736309333
170.0,-0.032415054738521576,150.0,-0.07264442736309333
340.0,0.06312669068574905,150.0,-0.07264442736309333
300.0,0.048136185854673386,150.0,-0.07264442736309333
370.0,0.10408521443605423,150.0,-0.07264442736309333
350.0,0.07354254275560379,150.0,-0.07264442736309333
350.0,0.056774213910102844,150.0,-0.07264442736309333
370.0,0.06075096130371094,150.0,-0.07264442736309333
200.0,-0.007193037308752537,150.0,-0.07264442736309333
300.0,0.04985087364912033,150.0,-0.07264442736309333
250.0,0.024883270263671875,150.0,-0.07264442736309333
275.0,0.0431811697781086,150.0,-0.07264442736309333
225.0,0.05297461152076721,150.0,-0.07264442736309333
200.0,0.01118222065269947,150.0,-0.07264442736309333
225.0,0.039871834218502045,150.0,-0.07264442736309333
250.0,0.015060082077980042,150.0,-0.07264442736309333
80.0,-0.14338693022727966,150.0,-0.07264442736309333
95.0,-0.17947863042354584,150.0,-0.07264442736309333
200.0,0.0038067251443862915,150.0,-0.07264442736309333
100.0,-0.14670240879058838,150.0,-0.07264442736309333
200.0,0.007404492702335119,150.0,-0.07264442736309333
200.0,0.002017236314713955,150.0,-0.07264442736309333
150.0,-0.09459742903709412,150.0,-0.07264442736309333
300.0,0.06063365563750267,150.0,-0.07264442736309333
100.0,-0.07759568095207214,150.0,-0.07264442736309333
225.0,0.03363495692610741,150.0,-0.07264442736309333
200.0,-0.017896175384521484,150.0,-0.07264442736309333
200.0,-0.01773614063858986,150.0,-0.07264442736309333
380.0,0.07090888917446136,150.0,-0.07264442736309333
200.0,0.025745458900928497,150.0,-0.07264442736309333
270.0,0.048998937010765076,150.0,-0.07264442736309333
200.0,-0.028106508776545525,150.0,-0.07264442736309333
250.0,0.015795480459928513,150.0,-0.07264442736309333
370.0,0.0485609769821167,150.0,-0.07264442736309333
200.0,0.025904877111315727,150.0,-0.07264442736309333
179.0,-0.008940082043409348,150.0,-0.07264442736309333
200.0,0.021585572510957718,150.0,-0.07264442736309333
310.0,0.028931204229593277,150.0,-0.07264442736309333
300.0,0.04628219082951546,150.0,-0.07264442736309333
200.0,-0.0176300797611475,150.0,-0.07264442736309333
300.0,0.05009143427014351,150.0,-0.07264442736309333
175.0,-0.03580651432275772,150.0,-0.07264442736309333
180.0,-0.0074304938316345215,150.0,-0.07264442736309333
225.0,-0.00576162151992321,150.0,-0.07264442736309333
275.0,0.050454407930374146,150.0,-0.07264442736309333
190.0,-0.013406923040747643,150.0,-0.07264442736309333
250.0,0.0046236030757427216,150.0,-0.07264442736309333
370.0,0.03895936161279678,150.0,-0.07264442736309333
280.0,0.06304927170276642,150.0,-0.07264442736309333
250.0,0.024984395131468773,150.0,-0.07264442736309333
250.0,0.0298271756619215,150.0,-0.07264442736309333
200.0,0.03258931264281273,150.0,-0.07264442736309333
225.0,-0.007535201031714678,150.0,-0.07264442736309333
180.0,-0.048129890114068985,150.0,-0.07264442736309333
200.0,-0.029472995549440384,150.0,-0.07264442736309333
200.0,0.005746206268668175,150.0,-0.07264442736309333
380.0,0.07369324564933777,150.0,-0.07264442736309333
340.0,0.049205366522073746,150.0,-0.07264442736309333
200.0,0.019336897879838943,150.0,-0.07264442736309333
50.0,-0.13443052768707275,153.0,-0.06864299496634428
75.0,-0.11583864688873291,153.0,-0.06864299496634428
360.0,0.031219836324453354,153.0,-0.06864299496634428
300.0,0.05952274799346924,153.0,-0.06864299496634428
200.0,-0.01510806754231453,155.0,-0.0659512427385159
200.0,0.023853912949562073,155.0,-0.0659512427385159
400.0,0.08277076482772827,155.0,-0.0659512427385159
100.0,-0.19273564219474792,155.0,-0.0659512427385159
140.0,-0.1341901421546936,155.0,-0.0659512427385159
195.0,0.01487451046705246,155.0,-0.0659512427385159
250.0,0.004101088270545006,160.0,-0.05911850894501126
200.0,-0.015537016093730927,160.0,-0.05911850894501126
200.0,-0.008472973480820656,160.0,-0.05911850894501126
370.0,0.04423990845680237,160.0,-0.05911850894501126
250.0,0.008638789877295494,160.0,-0.05911850894501126
150.0,-0.042711563408374786,160.0,-0.05911850894501126
275.0,0.08829762041568756,160.0,-0.05911850894501126
105.0,-0.17742224037647247,160.0,-0.05911850894501126
200.0,-0.01134805753827095,160.0,-0.05911850894501126
200.0,-0.0160444974899292,160.0,-0.05911850894501126
200.0,-0.025208167731761932,160.0,-0.05911850894501126
200.0,-0.003258440177887678,160.0,-0.05911850894501126
250.0,0.038967065513134,160.0,-0.05911850894501126
200.0,0.02216896042227745,160.0,-0.05911850894501126
275.0,0.0318000391125679,160.0,-0.05911850894501126
160.0,-0.050534438341856,160.0,-0.05911850894501126
400.0,0.06358727067708969,160.0,-0.05911850894501126
225.0,0.01449190266430378,160.0,-0.05911850894501126
350.0,0.030378440394997597,160.0,-0.05911850894501126
150.0,-0.09286198765039444,160.0,-0.05911850894501126
275.0,0.037035416811704636,160.0,-0.05911850894501126
270.0,0.04932798072695732,160.0,-0.05911850894501126
345.0,0.05188421905040741,160.0,-0.05911850894501126
200.0,0.028681622818112373,160.0,-0.05911850894501126
240.0,0.022946445271372795,160.0,-0.05911850894501126
200.0,-0.025948381051421165,160.0,-0.05911850894501126
250.0,0.01827193796634674,160.0,-0.05911850894501126
200.0,0.0012221839278936386,160.0,-0.05911850894501126
350.0,0.07170423120260239,160.0,-0.05911850894501126
370.0,0.043907828629016876,160.81,-0.05799716919824566
350.0,0.06284843385219574,160.81,-0.05799716919824566
105.0,-0.11055415868759155,160.81,-0.05799716919824566
195.0,-0.011831633746623993,165.0,-0.05214388820600352
250.0,0.012001564726233482,166.2,-0.0504551597859415
153.0,-0.058360882103443146,168.0,-0.04791466545538464
360.0,0.04179298132658005,169.0,-0.0464994183403749
250.0,0.012524041347205639,169.0,-0.0464994183403749
135.0,-0.10374397039413452,170.0,-0.045081606999019884
50.0,-0.1580648422241211,170.0,-0.045081606999019884
100.0,-0.18790164589881897,170.0,-0.045081606999019884
225.0,0.01661166176199913,170.0,-0.045081606999019884
280.0,0.05116768553853035,170.0,-0.045081606999019884
200.0,0.027823466807603836,170.0,-0.045081606999019884
195.0,-0.007834451273083687,170.0,-0.045081606999019884
250.0,0.023098155856132507,170.0,-0.045081606999019884
250.0,0.01846933737397194,170.0,-0.045081606999019884
180.0,-0.050538938492536545,170.0,-0.045081606999019884
200.0,-0.01635514572262764,170.0,-0.045081606999019884
200.0,0.06389772891998291,170.0,-0.045081606999019884
275.0,0.04583129659295082,170.0,-0.045081606999019884
380.0,0.05878535658121109,170.0,-0.045081606999019884
350.0,0.07591016590595245,170.0,-0.045081606999019884
380.0,0.07795555144548416,170.0,-0.045081606999019884
250.0,0.021616024896502495,170.0,-0.045081606999019884
150.0,-0.09016180783510208,170.0,-0.045081606999019884
330.0,0.05991288274526596,170.0,-0.045081606999019884
145.0,-0.09907227754592896,170.0,-0.045081606999019884
300.0,0.058647722005844116,170.0,-0.045081606999019884
275.0,0.01771508902311325,170.0,-0.045081606999019884
100.0,-0.1522206813097,170.0,-0.045081606999019884
170.0,-0.016795966774225235,170.0,-0.045081606999019884
200.0,0.00843268446624279,170.0,-0.045081606999019884
195.0,0.0032293563708662987,170.0,-0.045081606999019884
200.0,-0.019580001011490822,170.0,-0.045081606999019884
195.0,-0.020121999084949493,170.0,-0.045081606999019884
180.0,-0.003062521107494831,170.0,-0.045081606999019884
250.0,0.0333016961812973,170.0,-0.045081606999019884
105.0,-0.16554328799247742,170.0,-0.045081606999019884
300.0,0.05357605963945389,170.0,-0.045081606999019884
175.0,0.010046029463410378,170.0,-0.045081606999019884
200.0,0.048935726284980774,170.0,-0.045081606999019884
160.0,-0.059313226491212845,170.0,-0.045081606999019884
350.0,0.0660206601023674,170.0,-0.045081606999019884
200.0,-0.007451117970049381,175.0,-0.03792275482512276
250.0,0.001888613449409604,175.0,-0.03792275482512276
90.0,-0.1360628455877304,175.0,-0.03792275482512276
175.0,0.004267091862857342,175.0,-0.03792275482512276
250.0,0.0370371975004673,175.0,-0.03792275482512276
80.0,-0.1321098506450653,175.0,-0.03792275482512276
250.0,0.003436759114265442,175.0,-0.03792275482512276
175.0,-0.019739806652069092,175.0,-0.03792275482512276
89.1,-0.1671479344367981,175.0,-0.03792275482512276
250.0,0.019546084105968475,175.0,-0.03792275482512276
204.0,0.013393312692642212,175.0,-0.03792275482512276
300.0,0.05714760720729828,175.0,-0.03792275482512276
125.0,-0.05008816346526146,175.0,-0.03792275482512276
225.0,0.003243410959839821,175.0,-0.03792275482512276
200.0,-0.022709831595420837,175.0,-0.03792275482512276
280.0,0.04680459573864937,175.0,-0.03792275482512276
300.0,0.04009552672505379,175.0,-0.03792275482512276
187.5,0.01471406128257513,175.0,-0.03792275482512276
195.0,-0.02162652648985386,175.0,-0.03792275482512276
340.0,0.05271339416503906,175.0,-0.03792275482512276
160.0,-0.07090898603200912,175.0,-0.03792275482512276
350.0,0.062263958156108856,175.0,-0.03792275482512276
175.0,-0.030952289700508118,175.0,-0.03792275482512276
370.0,0.040019042789936066,175.0,-0.03792275482512276
150.0,-0.07319054007530212,175.0,-0.03792275482512276
200.0,0.018819047138094902,175.0,-0.03792275482512276
339.19,0.028375599533319473,175.0,-0.03792275482512276
190.0,0.005571487359702587,175.0,-0.03792275482512276
300.0,0.04181680083274841,175.0,-0.03792275482512276
200.0,-0.028545934706926346,175.0,-0.03792275482512276
380.0,0.08008410036563873,175.0,-0.03792275482512276
200.0,0.014575853943824768,175.0,-0.03792275482512276
300.0,0.04476054757833481,175.0,-0.03792275482512276
200.0,-0.018142830580472946,175.0,-0.03792275482512276
200.0,-0.009253253228962421,175.0,-0.03792275482512276
280.0,0.06803198158740997,175.0,-0.03792275482512276
200.0,-0.028248116374015808,175.0,-0.03792275482512276
150.0,-0.11083657294511795,179.0,-0.03226631183449204
225.0,-0.002648850902915001,179.0,-0.03226631183449204
275.0,0.04774172604084015,180.0,-0.030898516773437704
340.0,0.07536439597606659,180.0,-0.030898516773437704
100.0,-0.2150018811225891,180.0,-0.030898516773437704
250.0,0.0242728553712368,180.0,-0.030898516773437704
250.0,-0.0041358498856425285,180.0,-0.030898516773437704
200.0,0.020312607288360596,180.0,-0.030898516773437704
70.0,-0.11736595630645752,180.0,-0.030898516773437704
175.0,-0.018869781866669655,180.0,-0.030898516773437704
300.0,0.0639181137084961,180.0,-0.030898516773437704
160.0,-0.06620985269546509,180.0,-0.030898516773437704
110.0,-0.15292105078697205,180.0,-0.030898516773437704
185.0,-0.034221261739730835,180.0,-0.030898516773437704
325.0,0.04276227951049805,180.0,-0.030898516773437704
160.0,-0.1074804812669754,180.0,-0.030898516773437704
350.0,0.04830871894955635,180.0,-0.030898516773437704
250.0,0.026662299409508705,180.0,-0.030898516773437704
100.0,-0.12351685762405396,180.0,-0.030898516773437704
170.0,-0.005863542668521404,180.0,-0.030898516773437704
250.0,0.016534848138689995,182.0,-0.02830533010359801
200.0,-0.0033508013002574444,182.0,-0.02830533010359801
250.0,0.04299509525299072,182.0,-0.02830533010359801
95.0,-0.16828185319900513,182.0,-0.02830533010359801
370.0,0.07376711070537567,185.0,-0.024785120838248954
150.0,-0.0883389413356781,185.0,-0.024785120838248954
295.0,0.047648802399635315,185.0,-0.024785120838248954
250.0,0.011789167299866676,185.0,-0.024785120838248954
200.0,-0.019204899668693542,185.0,-0.024785120838248954
200.0,-0.01832536980509758,187.5,-0.022138342451745025
100.0,-0.16430321335792542,187.5,-0.022138342451745025
200.0,0.0012348424643278122,187.5,-0.022138342451745025
350.0,0.06455489993095398,187.5,-0.022138342451745025
150.0,-0.0890754908323288,187.5,-0.022138342451745025
200.0,0.0066747767850756645,187.5,-0.022138342451745025
300.0,0.05290279537439346,187.5,-0.022138342451745025
300.0,0.06387972086668015,187.5,-0.022138342451745025
155.0,-0.04574151337146759,190.0,-0.019134206944585418
275.0,0.039682380855083466,190.0,-0.019134206944585418
100.0,-0.1192590668797493,190.0,-0.019134206944585418
330.0,0.04091436043381691,190.0,-0.019134206944585418
200.0,0.023868391290307045,190.0,-0.019134206944585418
250.0,0.02987867034971714,190.0,-0.019134206944585418
330.0,0.042986758053302765,190.0,-0.019134206944585418
50.0,-0.13343219459056854,190.0,-0.019134206944585418
350.0,0.05270390212535858,190.0,-0.019134206944585418
200.0,-0.011780910193920135,190.0,-0.019134206944585418
350.0,0.04887733608484268,190.0,-0.019134206944585418
325.0,0.07384108752012253,190.0,-0.019134206944585418
240.0,0.023438027128577232,190.0,-0.019134206944585418
350.0,0.06501105427742004,190.0,-0.019134206944585418
350.0,0.0641397014260292,190.0,-0.019134206944585418
200.0,-0.017302148044109344,190.0,-0.019134206944585418
250.0,0.016046663746237755,190.0,-0.019134206944585418
200.0,-0.029308494180440903,190.0,-0.019134206944585418
250.0,0.020205507054924965,190.0,-0.019134206944585418
200.0,-0.017938371747732162,190.0,-0.019134206944585418
125.0,-0.10082896053791046,195.0,-0.014011372231114151
150.0,-0.09483666718006134,195.0,-0.014011372231114151
200.0,-0.02215632051229477,195.0,-0.014011372231114151
200.0,-0.01920531876385212,195.0,-0.014011372231114151
200.0,0.02497982606291771,195.0,-0.014011372231114151
200.0,0.013553692027926445,195.0,-0.014011372231114151
95.0,-0.16612064838409424,195.0,-0.014011372231114151
200.0,-0.00860241986811161,195.0,-0.014011372231114151
350.0,0.03744449093937874,195.0,-0.014011372231114151
270.0,0.051954831928014755,195.0,-0.014011372231114151
100.0,-0.14716508984565735,195.0,-0.014011372231114151
190.0,-0.017136208713054657,195.0,-0.014011372231114151
190.0,-0.005121935158967972,195.0,-0.014011372231114151
250.0,0.0032443981617689133,195.0,-0.014011372231114151
200.0,0.001249547116458416,195.0,-0.014011372231114151
200.0,-0.0023702410981059074,195.0,-0.014011372231114151
135.0,-0.126968115568161,195.0,-0.014011372231114151
120.0,-0.06468813866376877,195.0,-0.014011372231114151
190.0,-0.02386586181819439,195.0,-0.014011372231114151
400.0,0.06564092636108398,195.0,-0.014011372231114151
200.0,-0.025452464818954468,195.0,-0.014011372231114151
190.0,-0.02989540994167328,195.0,-0.014011372231114151
70.0,-0.17042356729507446,195.0,-0.014011372231114151
350.0,0.047426141798496246,195.0,-0.014011372231114151
175.0,-0.037006210535764694,195.0,-0.014011372231114151
195.0,0.013026571832597256,195.0,-0.014011372231114151
350.0,0.06067447364330292,195.0,-0.014011372231114151
153.0,-0.09493821859359741,195.0,-0.014011372231114151
370.0,0.0649678111076355,195.0,-0.014011372231114151
145.0,-0.10060380399227142,200.0,-0.008667518833697143
95.0,-0.19350968301296234,200.0,-0.008667518833697143
200.0,0.006234214641153812,200.0,-0.008667518833697143
225.0,0.003072024555876851,200.0,-0.008667518833697143
300.0,0.04850710928440094,200.0,-0.008667518833697143
200.0,0.022389337420463562,200.0,-0.008667518833697143
220.0,0.009278783574700356,200.0,-0.008667518833697143
150.0,-0.0948958620429039,200.0,-0.008667518833697143
250.0,0.015465335920453072,200.0,-0.008667518833697143
330.0,0.043100789189338684,200.0,-0.008667518833697143
225.0,0.02754228189587593,200.0,-0.008667518833697143
160.0,-0.06494007259607315,200.0,-0.008667518833697143
200.0,0.020865824073553085,200.0,-0.008667518833697143
225.0,0.01124105416238308,200.0,-0.008667518833697143
240.0,-0.01590491458773613,200.0,-0.008667518833697143
200.0,-0.0013927570544183254,200.0,-0.008667518833697143
175.0,-0.019282624125480652,200.0,-0.008667518833697143
250.0,0.006563425064086914,200.0,-0.008667518833697143
200.0,0.002380143851041794,200.0,-0.008667518833697143
300.0,0.07419883459806442,200.0,-0.008667518833697143
340.0,0.04842384532094002,200.0,-0.008667518833697143
200.0,-0.014084786176681519,200.0,-0.008667518833697143
330.0,0.03698848560452461,200.0,-0.008667518833697143
300.0,0.06221207231283188,200.0,-0.008667518833697143
225.0,-0.0018229540437459946,200.0,-0.008667518833697143
200.0,0.022673137485980988,200.0,-0.008667518833697143
200.0,0.03506935015320778,200.0,-0.008667518833697143
190.0,-0.02645728923380375,200.0,-0.008667518833697143
195.0,0.04000470042228699,200.0,-0.008667518833697143
200.0,0.02336588129401207,200.0,-0.008667518833697143
250.0,-0.00012731552124023438,200.0,-0.008667518833697143
195.0,-0.007991138845682144,200.0,-0.008667518833697143
116.34,-0.09990061819553375,200.0,-0.008667518833697143
370.0,0.07080194354057312,200.0,-0.008667518833697143
370.0,0.09380697458982468,200.0,-0.008667518833697143
80.0,-0.13646052777767181,200.0,-0.008667518833697143
200.0,-0.00048306025564670563,200.0,-0.008667518833697143
175.0,-0.011584963649511337,200.0,-0.008667518833697143
170.0,-0.024706613272428513,200.0,-0.008667518833697143
200.0,-0.018239960074424744,200.0,-0.008667518833697143
120.0,-0.09812910854816437,200.0,-0.008667518833697143
200.0,0.0333966389298439,200.0,-0.008667518833697143
180.0,-0.03131185844540596,200.0,-0.008667518833697143
200.0,0.0002108132466673851,200.0,-0.008667518833697143
187.5,-0.03841760754585266,200.0,-0.008667518833697143
200.0,-0.025975432246923447,200.0,-0.008667518833697143
155.0,-0.09265466034412384,200.0,-0.008667518833697143
200.0,-0.019847290590405464,200.0,-0.008667518833697143
200.0,0.00791857484728098,200.0,-0.008667518833697143
160.0,-0.07376005500555038,200.0,-0.008667518833697143
370.0,0.04483933001756668,200.0,-0.008667518833697143
150.0,-0.06737160682678223,200.0,-0.008667518833697143
250.0,0.01285228319466114,200.0,-0.008667518833697143
160.0,-0.07087621837854385,200.0,-0.008667518833697143
100.0,-0.18410339951515198,200.0,-0.008667518833697143
150.0,-0.0711853876709938,200.0,-0.008667518833697143
160.0,-0.08397897332906723,200.0,-0.008667518833697143
350.0,0.07944047451019287,200.0,-0.008667518833697143
400.0,0.08243897557258606,200.0,-0.008667518833697143
200.0,0.006499104201793671,200.0,-0.008667518833697143
400.0,0.06133314222097397,200.0,-0.008667518833697143
200.0,0.02027067542076111,200.0,-0.008667518833697143
200.0,-0.02893655002117157,200.0,-0.008667518833697143
190.0,-0.034301187843084335,200.0,-0.008667518833697143
80.0,-0.12386928498744965,200.0,-0.008667518833697143
200.0,-0.018989043310284615,200.0,-0.008667518833697143
180.0,0.006737063638865948,200.0,-0.008667518833697143
250.0,-0.010079111903905869,200.0,-0.008667518833697143
350.0,0.04281958192586899,200.0,-0.008667518833697143
180.0,-0.0525914803147316,200.0,-0.008667518833697143
400.0,0.07190641760826111,200.0,-0.008667518833697143
170.0,-0.03113238885998726,200.0,-0.008667518833697143
150.0,-0.03854947164654732,200.0,-0.008667518833697143
200.0,-0.023753264918923378,200.0,-0.008667518833697143
280.0,0.06988905370235443,200.0,-0.008667518833697143
200.0,0.012412631884217262,200.0,-0.008667518833697143
90.0,-0.11137010157108307,200.0,-0.008667518833697143
150.0,-0.08904453366994858,200.0,-0.008667518833697143
250.0,0.011782502755522728,200.0,-0.008667518833697143
195.0,-0.022244244813919067,200.0,-0.008667518833697143
180.0,-0.0060935234650969505,200.0,-0.008667518833697143
150.0,-0.060391880571842194,200.0,-0.008667518833697143
100.0,-0.13835610449314117,200.0,-0.008667518833697143
250.0,0.04526325687766075,200.0,-0.008667518833697143
141.27,-0.08184535801410675,200.0,-0.008667518833697143
200.0,-0.0011667069047689438,200.0,-0.008667518833697143
300.0,0.05773413926362991,200.0,-0.008667518833697143
200.0,-0.020140843465924263,200.0,-0.008667518833697143
285.0,0.0911284014582634,200.0,-0.008667518833697143
250.0,0.02263876423239708,200.0,-0.008667518833697143
250.0,0.04282531142234802,200.0,-0.008667518833697143
220.0,0.003752917516976595,200.0,-0.008667518833697143
350.0,0.054134853184223175,200.0,-0.008667518833697143
325.0,0.060437776148319244,200.0,-0.008667518833697143
225.0,0.0064252205193042755,200.0,-0.008667518833697143
185.0,-0.025895627215504646,200.0,-0.008667518833697143
300.0,0.018519891425967216,200.0,-0.008667518833697143
250.0,0.01932309940457344,200.0,-0.008667518833697143
200.0,0.0010958043858408928,200.0,-0.008667518833697143
340.0,0.05497034639120102,200.0,-0.008667518833697143
170.0,-0.0020453520119190216,200.0,-0.008667518833697143
370.0,0.04735143482685089,200.0,-0.008667518833697143
270.0,0.05145464837551117,200.0,-0.008667518833697143
175.0,-0.026768803596496582,200.0,-0.008667518833697143
125.0,-0.0690234825015068,200.0,-0.008667518833697143
200.0,0.019385166466236115,200.0,-0.008667518833697143
120.0,-0.13853667676448822,200.0,-0.008667518833697143
80.0,-0.1718239039182663,200.0,-0.008667518833697143
90.0,-0.10504408180713654,200.0,-0.008667518833697143
195.0,-0.015861166641116142,200.0,-0.008667518833697143
350.0,0.047763124108314514,200.0,-0.008667518833697143
325.0,0.0719706192612648,200.0,-0.008667518833697143
100.0,-0.1724747121334076,200.0,-0.008667518833697143
225.0,-0.011703740805387497,200.0,-0.008667518833697143
140.0,-0.1103602796792984,200.0,-0.008667518833697143
200.0,-0.008536035194993019,200.0,-0.008667518833697143
300.0,0.09799592196941376,200.0,-0.008667518833697143
102.0,-0.14889036118984222,200.0,-0.008667518833697143
150.0,-0.1104285717010498,200.0,-0.008667518833697143
150.0,-0.09333527088165283,200.0,-0.008667518833697143
370.0,0.04788687452673912,200.0,-0.008667518833697143
102.0,-0.16614581644535065,200.0,-0.008667518833697143
105.0,-0.15737754106521606,200.0,-0.008667518833697143
150.0,-0.07941213250160217,200.0,-0.008667518833697143
140.0,-0.127532958984375,200.0,-0.008667518833697143
345.0,0.05253501236438751,200.0,-0.008667518833697143
225.0,-0.0012036575935781002,200.0,-0.008667518833697143
280.0,0.05148832127451897,200.0,-0.008667518833697143
200.0,0.023625871166586876,200.0,-0.008667518833697143
160.81,-0.06751970946788788,200.0,-0.008667518833697143
200.0,-0.029749922454357147,200.0,-0.008667518833697143
100.0,-0.2067636102437973,200.0,-0.008667518833697143
120.0,-0.09698980301618576,200.0,-0.008667518833697143
300.0,0.05897324159741402,200.0,-0.008667518833697143
200.0,0.035548027604818344,200.0,-0.008667518833697143
200.0,0.01458081603050232,200.0,-0.008667518833697143
150.0,-0.10018525272607803,200.0,-0.008667518833697143
125.0,-0.050090741366147995,200.0,-0.008667518833697143
350.0,0.029148263856768608,200.0,-0.008667518833697143
200.0,0.02268529124557972,200.0,-0.008667518833697143
250.0,-0.0016645537689328194,200.0,-0.008667518833697143
100.0,-0.11308301240205765,200.0,-0.008667518833697143
125.0,-0.09488759934902191,200.0,-0.008667518833697143
225.0,0.014404527842998505,200.0,-0.008667518833697143
150.0,-0.1088164672255516,200.0,-0.008667518833697143
350.0,0.06828133761882782,200.0,-0.008667518833697143
190.0,-0.017041461542248726,200.0,-0.008667518833697143
350.0,0.04699188843369484,200.0,-0.008667518833697143
250.0,0.01204175315797329,200.0,-0.008667518833697143
160.0,-0.09280842542648315,200.0,-0.008667518833697143
200.0,-0.006351102143526077,200.0,-0.008667518833697143
200.0,-0.0014908751472830772,200.0,-0.008667518833697143
200.0,0.007142703048884869,200.0,-0.008667518833697143
195.0,0.002596525475382805,200.0,-0.008667518833697143
200.0,0.005510770715773106,200.0,-0.008667518833697143
182.0,0.0011313669383525848,200.0,-0.008667518833697143
70.0,-0.14283379912376404,200.0,-0.008667518833697143
200.0,0.023383239284157753,200.0,-0.008667518833697143
200.0,-0.01058563869446516,200.0,-0.008667518833697143
100.0,-0.12441343814134598,200.0,-0.008667518833697143
275.0,0.04652562737464905,200.0,-0.008667518833697143
190.0,-0.0268072709441185,200.0,-0.008667518833697143
200.0,0.019991246983408928,200.0,-0.008667518833697143
350.0,0.05952589213848114,200.0,-0.008667518833697143
100.0,-0.14865952730178833,200.0,-0.008667518833697143
250.0,0.027133062481880188,200.0,-0.008667518833697143
250.0,0.02135622873902321,200.0,-0.008667518833697143
370.0,0.07240591198205948,200.0,-0.008667518833697143
400.0,0.06926658004522324,200.0,-0.008667518833697143
200.0,0.02227831445634365,200.0,-0.008667518833697143
350.0,0.055337969213724136,200.0,-0.008667518833697143
150.0,-0.07731731235980988,200.0,-0.008667518833697143
120.0,-0.13480225205421448,200.0,-0.008667518833697143
200.0,-0.0007284693419933319,200.0,-0.008667518833697143
135.0,-0.13172809779644012,200.0,-0.008667518833697143
200.0,0.00789049081504345,200.0,-0.008667518833697143
250.0,0.04394320771098137,200.0,-0.008667518833697143
130.0,-0.10843239724636078,200.0,-0.008667518833697143
200.0,0.01912466436624527,200.0,-0.008667518833697143
120.0,-0.11049285531044006,200.0,-0.008667518833697143
125.0,-0.10415928065776825,200.0,-0.008667518833697143
150.0,-0.09914439916610718,200.0,-0.008667518833697143
125.0,-0.12493173032999039,200.0,-0.008667518833697143
195.0,-0.009490860626101494,200.0,-0.008667518833697143
300.0,0.07176001369953156,200.0,-0.008667518833697143
330.0,0.04343158006668091,200.0,-0.008667518833697143
160.0,-0.08776933699846268,200.0,-0.008667518833697143
150.0,-0.08805160224437714,200.0,-0.008667518833697143
300.0,0.05613226816058159,200.0,-0.008667518833697143
250.0,0.017976313829421997,200.0,-0.008667518833697143
225.0,0.012326527386903763,200.0,-0.008667518833697143
170.0,-0.044868580996990204,200.0,-0.008667518833697143
80.0,-0.12526625394821167,200.0,-0.008667518833697143
330.0,0.06353186070919037,200.0,-0.008667518833697143
125.0,-0.03542144596576691,200.0,-0.008667518833697143
350.0,0.06744910776615143,200.0,-0.008667518833697143
320.0,0.03968122974038124,200.0,-0.008667518833697143
270.0,0.049007587134838104,200.0,-0.008667518833697143
350.0,0.06241793558001518,200.0,-0.008667518833697143
250.0,0.020507540553808212,200.0,-0.008667518833697143
200.0,-0.020538508892059326,200.0,-0.008667518833697143
200.0,-0.014492851682007313,200.0,-0.008667518833697143
225.0,0.012473487295210361,200.0,-0.008667518833697143
200.0,0.0004527028650045395,200.0,-0.008667518833697143
220.0,-0.006110462825745344,200.0,-0.008667518833697143
225.0,0.020565694198012352,200.0,-0.008667518833697143
170.0,-0.0006881216540932655,200.0,-0.008667518833697143
200.0,0.013487527146935463,200.0,-0.008667518833697143
225.0,0.029606487601995468,200.0,-0.008667518833697143
250.0,0.006972171366214752,200.0,-0.008667518833697143
100.0,-0.1951867789030075,200.0,-0.008667518833697143
350.0,0.06419691443443298,200.0,-0.008667518833697143
200.0,0.0017142272554337978,200.0,-0.008667518833697143
350.0,0.06350704282522202,200.0,-0.008667518833697143
170.0,-0.03282804414629936,200.0,-0.008667518833697143
120.0,-0.13901101052761078,200.0,-0.008667518833697143
200.0,-0.008480658754706383,200.0,-0.008667518833697143
200.0,-0.018214844167232513,200.0,-0.008667518833697143
200.0,0.02012966014444828,200.0,-0.008667518833697143
300.0,0.05517612770199776,200.0,-0.008667518833697143
200.0,-0.011329400353133678,200.0,-0.008667518833697143
200.0,-0.01704089157283306,200.0,-0.008667518833697143
187.5,-0.034633006900548935,200.0,-0.008667518833697143
275.0,0.03472772240638733,200.0,-0.008667518833697143
187.5,-0.03134625777602196,200.0,-0.008667518833697143
200.0,-0.01826648786664009,200.0,-0.008667518833697143
200.0,0.007712572813034058,200.0,-0.008667518833697143
160.0,-0.05218465253710747,200.0,-0.008667518833697143
270.0,0.04990110546350479,200.0,-0.008667518833697143
275.0,0.05299874395132065,200.0,-0.008667518833697143
200.0,0.010346774011850357,200.0,-0.008667518833697143
195.0,-0.019877992570400238,200.0,-0.008667518833697143
200.0,-0.010001461952924728,200.0,-0.008667518833697143
250.0,0.008760997094213963,200.0,-0.008667518833697143
200.0,0.021037524566054344,200.0,-0.008667518833697143
90.0,-0.15332794189453125,200.0,-0.008667518833697143
175.0,-0.04873865470290184,200.0,-0.008667518833697143
370.0,0.05910063907504082,200.0,-0.008667518833697143
50.0,-0.131583109498024,200.0,-0.008667518833697143
250.0,-0.0002520366106182337,200.0,-0.008667518833697143
180.0,-0.040563132613897324,200.0,-0.008667518833697143
200.0,0.008263707160949707,200.0,-0.008667518833697143
400.0,0.05393674224615097,200.0,-0.008667518833697143
300.0,0.0646296888589859,200.0,-0.008667518833697143
200.0,0.018411148339509964,200.0,-0.008667518833697143
370.0,0.054969776421785355,200.0,-0.008667518833697143
300.0,0.0622510202229023,200.0,-0.008667518833697143
300.0,0.06811483949422836,200.0,-0.008667518833697143
250.0,0.017464153468608856,200.0,-0.008667518833697143
200.0,0.009803595021367073,200.0,-0.008667518833697143
200.0,0.05983356013894081,200.0,-0.008667518833697143
275.0,0.08178930729627609,200.0,-0.008667518833697143
240.0,0.023743927478790283,200.0,-0.008667518833697143
160.0,-0.06941688805818558,200.0,-0.008667518833697143
250.0,0.006222834810614586,200.0,-0.008667518833697143
195.0,0.005900365300476551,200.0,-0.008667518833697143
150.0,-0.08260636776685715,200.0,-0.008667518833697143
200.0,0.00888906605541706,200.0,-0.008667518833697143
280.0,0.034885428845882416,200.0,-0.008667518833697143
250.0,0.019489137455821037,200.0,-0.008667518833697143
250.0,0.028339486569166183,200.0,-0.008667518833697143
340.0,0.042589880526065826,200.0,-0.008667518833697143
190.0,-0.010799964889883995,200.0,-0.008667518833697143
340.0,0.09124182909727097,200.0,-0.008667518833697143
350.0,0.05109044536948204,200.0,-0.008667518833697143
200.0,0.02320360578596592,200.0,-0.008667518833697143
275.0,0.049988601356744766,200.0,-0.008667518833697143
75.0,-0.16860121488571167,200.0,-0.008667518833697143
200.0,-0.0264919251203537,200.0,-0.008667518833697143
350.0,0.07548519968986511,200.0,-0.008667518833697143
350.0,0.061690110713243484,200.0,-0.008667518833697143
50.0,-0.15913984179496765,200.0,-0.008667518833697143
350.0,0.04762617498636246,200.0,-0.008667518833697143
200.0,0.012363411486148834,200.0,-0.008667518833697143
325.0,0.06528951972723007,200.0,-0.008667518833697143
250.0,0.0027967169880867004,200.0,-0.008667518833697143
150.0,-0.10599200427532196,200.0,-0.008667518833697143
305.0,0.03812263160943985,200.0,-0.008667518833697143
85.0,-0.1616843193769455,200.0,-0.008667518833697143
125.0,-0.0838298499584198,200.0,-0.008667518833697143
200.0,-0.012157771736383438,200.0,-0.008667518833697143
360.0,0.044667139649391174,200.0,-0.008667518833697143
225.0,0.005268336273729801,200.0,-0.008667518833697143
100.0,-0.19358469545841217,200.0,-0.008667518833697143
370.0,0.06819507479667664,200.0,-0.008667518833697143
100.0,-0.18879830837249756,200.0,-0.008667518833697143
110.0,-0.10924845933914185,200.0,-0.008667518833697143
180.0,-0.03308854252099991,200.0,-0.008667518833697143
275.0,0.0778408944606781,200.0,-0.008667518833697143
110.0,-0.17276474833488464,200.0,-0.008667518833697143
200.0,0.0343327634036541,200.0,-0.008667518833697143
185.0,-0.0253659226000309,200.0,-0.008667518833697143
95.0,-0.18073642253875732,200.0,-0.008667518833697143
200.0,-0.008367915637791157,200.0,-0.008667518833697143
250.0,0.03810529410839081,200.0,-0.008667518833697143
200.0,-0.00038645602762699127,200.0,-0.008667518833697143
200.0,-0.014675716869533062,200.0,-0.008667518833697143
250.0,0.009656810201704502,200.0,-0.008667518833697143
350.0,0.056148696690797806,200.0,-0.008667518833697143
105.0,-0.1815650314092636,200.0,-0.008667518833697143
350.0,0.061194829642772675,200.0,-0.008667518833697143
200.0,0.006466466002166271,200.0,-0.008667518833697143
150.0,-0.08110948652029037,200.0,-0.008667518833697143
200.0,0.02841259352862835,200.0,-0.008667518833697143
225.0,-0.00543981371447444,200.0,-0.008667518833697143
100.0,-0.17134232819080353,200.0,-0.008667518833697143
370.0,0.06725700199604034,200.0,-0.008667518833697143
370.0,0.06710590422153473,200.0,-0.008667518833697143
200.0,0.01824064739048481,200.0,-0.008667518833697143
300.0,0.05192717909812927,200.0,-0.008667518833697143
70.0,-0.15112724900245667,200.0,-0.008667518833697143
370.0,0.0992954894900322,200.0,-0.008667518833697143
250.0,0.03730790317058563,200.0,-0.008667518833697143
128.0,-0.0788302794098854,200.0,-0.008667518833697143
105.0,-0.13111931085586548,200.0,-0.008667518833697143
200.0,0.03488583490252495,200.0,-0.008667518833697143
350.0,0.06866467744112015,200.0,-0.008667518833697143
200.0,-0.015481159090995789,200.0,-0.008667518833697143
95.0,-0.12132192403078079,200.0,-0.008667518833697143
100.0,-0.1119312196969986,200.0,-0.008667518833697143
370.0,0.05765429884195328,200.0,-0.008667518833697143
250.0,0.03217700868844986,200.0,-0.008667518833697143
340.0,0.05545966327190399,200.0,-0.008667518833697143
200.0,0.00760480435565114,200.0,-0.008667518833697143
250.0,0.021747879683971405,200.0,-0.008667518833697143
150.0,-0.039348773658275604,200.0,-0.008667518833697143
360.0,0.030758634209632874,200.0,-0.008667518833697143
200.0,0.014663059264421463,200.0,-0.008667518833697143
270.0,0.0530678927898407,200.0,-0.008667518833697143
250.0,0.005435096099972725,200.0,-0.008667518833697143
50.0,-0.18689179420471191,200.0,-0.008667518833697143
350.0,0.0613730289041996,200.0,-0.008667518833697143
200.0,-0.014156830497086048,200.0,-0.008667518833697143
150.0,-0.08454123139381409,200.0,-0.008667518833697143
170.0,-0.022785810753703117,200.0,-0.008667518833697143
220.0,-0.003235580399632454,200.0,-0.008667518833697143
175.0,-0.04092975705862045,200.0,-0.008667518833697143
300.0,0.07730758935213089,200.0,-0.008667518833697143
200.0,-0.0005332997534424067,200.0,-0.008667518833697143
100.0,-0.15930764377117157,200.0,-0.008667518833697143
200.0,0.007627130951732397,200.0,-0.008667518833697143
350.0,0.06435710936784744,200.0,-0.008667518833697143
310.0,0.036058977246284485,200.0,-0.008667518833697143
140.0,-0.07855433970689774,200.0,-0.008667518833697143
360.0,0.040476616472005844,200.0,-0.008667518833697143
300.0,0.04505380988121033,200.0,-0.008667518833697143
200.0,0.0096244802698493,200.0,-0.008667518833697143
340.0,0.04498956352472305,200.0,-0.008667518833697143
250.0,0.033052846789360046,200.0,-0.008667518833697143
250.0,0.011004885658621788,200.0,-0.008667518833697143
300.0,0.11930657923221588,200.0,-0.008667518833697143
190.0,-0.012349213473498821,200.0,-0.008667518833697143
275.0,0.04962298274040222,200.0,-0.008667518833697143
150.0,-0.11858411878347397,200.0,-0.008667518833697143
100.0,-0.20631739497184753,200.0,-0.008667518833697143
275.0,0.05154573544859886,200.0,-0.008667518833697143
150.0,-0.07747828960418701,200.0,-0.008667518833697143
200.0,0.046537525951862335,200.0,-0.008667518833697143
325.0,0.04726170003414154,200.0,-0.008667518833697143
300.0,0.05762527883052826,200.0,-0.008667518833697143
275.0,0.09210804849863052,200.0,-0.008667518833697143
200.0,-0.005673070903867483,200.0,-0.008667518833697143
350.0,0.06501560658216476,200.0,-0.008667518833697143
200.0,-0.008200598880648613,200.0,-0.008667518833697143
370.0,0.07423809170722961,200.0,-0.008667518833697143
60.0,-0.13143065571784973,200.0,-0.008667518833697143
350.0,0.04810451716184616,200.0,-0.008667518833697143
150.0,-0.0936775729060173,200.0,-0.008667518833697143
300.0,0.0404825434088707,200.0,-0.008667518833697143
275.0,0.04082245007157326,200.0,-0.008667518833697143
250.0,0.02386610209941864,200.0,-0.008667518833697143
250.0,0.003177872858941555,200.0,-0.008667518833697143
150.0,-0.08303476870059967,204.0,-0.005714808901364111
195.0,-0.007711487822234631,204.0,-0.005714808901364111
250.0,0.029800891876220703,204.0,-0.005714808901364111
370.0,0.10207272320985794,210.0,-0.0013123928659649852
170.0,-0.034331388771533966,220.0,0.006506033632652794
200.0,0.011842265725135803,220.0,0.006506033632652794
280.0,0.048557132482528687,220.0,0.006506033632652794
345.0,0.06439266353845596,220.0,0.006506033632652794
200.0,-0.0007631541229784489,220.0,0.006506033632652794
50.0,-0.14427781105041504,220.0,0.006506033632652794
370.0,0.057404614984989166,220.0,0.006506033632652794
200.0,0.010414591059088707,220.0,0.006506033632652794
160.0,-0.05773463100194931,220.0,0.006506033632652794
200.0,-0.02643182873725891,225.0,0.009610392323746176
150.0,-0.088658906519413,225.0,0.009610392323746176
350.0,0.05962427332997322,225.0,0.009610392323746176
200.0,-0.018033266067504883,225.0,0.009610392323746176
250.0,-0.005590183660387993,225.0,0.009610392323746176
200.0,0.024374857544898987,225.0,0.009610392323746176
370.0,0.05200604349374771,225.0,0.009610392323746176
250.0,0.028085658326745033,225.0,0.009610392323746176
200.0,0.014989690855145454,225.0,0.009610392323746176
200.0,0.015330642461776733,225.0,0.009610392323746176
225.0,0.018593784421682358,225.0,0.009610392323746176
150.0,-0.1007523238658905,225.0,0.009610392323746176
170.0,-0.0509892962872982,225.0,0.009610392323746176
370.0,0.052175454795360565,225.0,0.009610392323746176
200.0,-0.017944153398275375,225.0,0.009610392323746176
150.0,-0.10875105857849121,225.0,0.009610392323746176
350.0,0.05224853754043579,225.0,0.009610392323746176
350.0,0.03206953406333923,225.0,0.009610392323746176
170.0,-0.03993811085820198,225.0,0.009610392323746176
250.0,0.004021648783236742,225.0,0.009610392323746176
175.0,-0.035825833678245544,225.0,0.009610392323746176
350.0,0.05934981256723404,225.0,0.009610392323746176
350.0,0.0670161321759224,225.0,0.009610392323746176
350.0,0.06626464426517487,225.0,0.009610392323746176
170.0,-0.015362859703600407,225.0,0.009610392323746176
175.0,-0.02268458530306816,225.0,0.009610392323746176
125.0,-0.0889551043510437,225.0,0.009610392323746176
100.0,-0.16570018231868744,225.0,0.009610392323746176
350.0,0.04294119402766228,225.0,0.009610392323746176
200.0,-0.00015672994777560234,225.0,0.009610392323746176
200.0,0.0062091415748000145,225.0,0.009610392323746176
200.0,-0.017361842095851898,225.0,0.009610392323746176
200.0,0.0002727974206209183,225.0,0.009610392323746176
200.0,-0.017675194889307022,225.0,0.009610392323746176
200.0,0.022488802671432495,225.0,0.009610392323746176
200.0,-0.01964036375284195,225.0,0.009610392323746176
180.0,-0.03422870859503746,225.0,0.009610392323746176
200.0,0.02249159663915634,225.0,0.009610392323746176
150.0,-0.11476782709360123,225.0,0.009610392323746176
200.0,-0.027913980185985565,225.0,0.009610392323746176
200.0,-0.005801386199891567,225.0,0.009610392323746176
175.0,-0.02103607729077339,225.0,0.009610392323746176
350.0,0.05253909155726433,225.0,0.009610392323746176
50.0,-0.16745063662528992,225.0,0.009610392323746176
220.0,-0.005816170014441013,230.0,0.012888331897095108
250.0,0.008894780650734901,240.0,0.019148272256864437
250.0,0.022920124232769012,240.0,0.019148272256864437
300.0,0.052440345287323,240.0,0.019148272256864437
200.0,-0.01784895732998848,240.0,0.019148272256864437
90.0,-0.14912739396095276,240.0,0.019148272256864437
250.0,0.05082924664020538,240.0,0.019148272256864437
350.0,0.04054979234933853,240.0,0.019148272256864437
350.0,0.06526020169258118,240.0,0.019148272256864437
200.0,0.02329462766647339,250.0,0.02488343195869233
300.0,0.06597127765417099,250.0,0.02488343195869233
170.0,-0.05706992745399475,250.0,0.02488343195869233
200.0,0.0017360318452119827,250.0,0.02488343195869233
200.0,-0.018064841628074646,250.0,0.02488343195869233
350.0,0.05350147560238838,250.0,0.02488343195869233
100.0,-0.1504134088754654,250.0,0.02488343195869233
300.0,0.08780983090400696,250.0,0.02488343195869233
200.0,-0.0008498006500303745,250.0,0.02488343195869233
300.0,0.0796617791056633,250.0,0.02488343195869233
360.0,0.05450677126646042,250.0,0.02488343195869233
400.0,0.04290778934955597,250.0,0.02488343195869233
200.0,-0.0013291286304593086,250.0,0.02488343195869233
200.0,0.006092728581279516,250.0,0.02488343195869233
200.0,-0.0032503046095371246,250.0,0.02488343195869233
170.0,-0.03198253735899925,250.0,0.02488343195869233
170.0,-0.04446691647171974,250.0,0.02488343195869233
370.0,0.04048321396112442,250.0,0.02488343195869233
160.0,-0.06634320318698883,250.0,0.02488343195869233
150.0,-0.09946795552968979,250.0,0.02488343195869233
175.0,-0.03076866641640663,250.0,0.02488343195869233
370.0,0.058109916746616364,250.0,0.02488343195869233
120.0,-0.1437370330095291,250.0,0.02488343195869233
300.0,0.07464385777711868,250.0,0.02488343195869233
150.0,-0.09757693856954575,250.0,0.02488343195869233
200.0,-0.01916704699397087,250.0,0.02488343195869233
300.0,0.0642775297164917,250.0,0.02488343195869233
200.0,-0.01634717546403408,250.0,0.02488343195869233
200.0,-0.013171987608075142,250.0,0.02488343195869233
200.0,0.009893303737044334,250.0,0.02488343195869233
350.0,0.03679065406322479,250.0,0.02488343195869233
60.0,-0.15256449580192566,250.0,0.02488343195869233
200.0,-0.008007341995835304,250.0,0.02488343195869233
200.0,-0.0135210445150733,250.0,0.02488343195869233
350.0,0.04664964973926544,250.0,0.02488343195869233
80.0,-0.13063713908195496,250.0,0.02488343195869233
120.0,-0.111876480281353,250.0,0.02488343195869233
95.0,-0.1267709732055664,250.0,0.02488343195869233
200.0,0.020599965006113052,250.0,0.02488343195869233
350.0,0.0654047280550003,250.0,0.02488343195869233
80.0,-0.13216042518615723,250.0,0.02488343195869233
250.0,0.006326024420559406,250.0,0.02488343195869233
182.0,0.01387932151556015,250.0,0.02488343195869233
100.0,-0.1346878558397293,250.0,0.02488343195869233
200.0,0.009200820699334145,250.0,0.02488343195869233
100.0,-0.13412261009216309,250.0,0.02488343195869233
190.0,0.02102840319275856,250.0,0.02488343195869233
285.0,0.05151406303048134,250.0,0.02488343195869233
170.0,-0.003895215690135956,250.0,0.02488343195869233
150.0,-0.1062394455075264,250.0,0.02488343195869233
168.0,-0.03594442084431648,250.0,0.02488343195869233
250.0,0.02356317639350891,250.0,0.02488343195869233
300.0,0.038090772926807404,250.0,0.02488343195869233
275.0,0.047094449400901794,250.0,0.02488343195869233
300.0,0.06704019010066986,250.0,0.02488343195869233
195.0,-0.015719328075647354,250.0,0.02488343195869233
50.0,-0.11335425078868866,250.0,0.02488343195869233
200.0,0.017073344439268112,250.0,0.02488343195869233
160.0,-0.06301875412464142,250.0,0.02488343195869233
350.0,0.07416759431362152,250.0,0.02488343195869233
225.0,0.023558977991342545,250.0,0.02488343195869233
225.0,0.006488438695669174,250.0,0.02488343195869233
200.0,-0.003705233335494995,250.0,0.02488343195869233
175.0,-0.01735968142747879,250.0,0.02488343195869233
200.0,-0.01103917509317398,250.0,0.02488343195869233
175.0,-0.024389687925577164,250.0,0.02488343195869233
150.0,-0.108985036611557,250.0,0.02488343195869233
200.0,0.035341523587703705,250.0,0.02488343195869233
100.0,-0.18779157102108002,250.0,0.02488343195869233
250.0,0.023265931755304337,250.0,0.02488343195869233
300.0,0.05028863996267319,250.0,0.02488343195869233
270.0,0.0489078052341938,250.0,0.02488343195869233
280.0,0.0545901395380497,250.0,0.02488343195869233
275.0,0.045738186687231064,250.0,0.02488343195869233
200.0,-0.007077474147081375,250.0,0.02488343195869233
200.0,-0.017588527873158455,250.0,0.02488343195869233
200.0,-0.007341240998357534,250.0,0.02488343195869233
200.0,-0.00014485232532024384,250.0,0.02488343195869233
160.0,-0.04255237802863121,250.0,0.02488343195869233
200.0,0.005053877830505371,250.0,0.02488343195869233
83.1,-0.13946408033370972,250.0,0.02488343195869233
150.0,-0.06859152019023895,250.0,0.02488343195869233
350.0,0.04563641548156738,250.0,0.02488343195869233
200.0,-0.025079727172851562,250.0,0.02488343195869233
250.0,0.002833062782883644,250.0,0.02488343195869233
150.0,-0.06688781082630157,250.0,0.02488343195869233
180.0,-0.024489253759384155,250.0,0.02488343195869233
360.0,0.041250620037317276,250.0,0.02488343195869233
250.0,0.020365813747048378,250.0,0.02488343195869233
100.0,-0.12327732145786285,250.0,0.02488343195869233
125.0,-0.14049631357192993,250.0,0.02488343195869233
339.19,0.06183294206857681,250.0,0.02488343195869233
200.0,0.04687383025884628,250.0,0.02488343195869233
70.0,-0.1646118015050888,250.0,0.02488343195869233
275.0,0.05124912038445473,250.0,0.02488343195869233
200.0,0.009061461314558983,250.0,0.02488343195869233
250.0,0.008348772302269936,250.0,0.02488343195869233
200.0,0.0011002672836184502,250.0,0.02488343195869233
250.0,0.020721305161714554,250.0,0.02488343195869233
350.0,0.039401665329933167,250.0,0.02488343195869233
200.0,0.0002200426533818245,250.0,0.02488343195869233
300.0,0.03983859717845917,250.0,0.02488343195869233
250.0,0.016323808580636978,250.0,0.02488343195869233
200.0,0.006329096853733063,250.0,0.02488343195869233
250.0,0.04436199367046356,250.0,0.02488343195869233
250.0,0.006116377655416727,250.0,0.02488343195869233
250.0,0.026054710149765015,250.0,0.02488343195869233
105.0,-0.1903204619884491,250.0,0.02488343195869233
250.0,0.0009566489607095718,250.0,0.02488343195869233
200.0,-0.004745181649923325,250.0,0.02488343195869233
190.0,-0.011707575991749763,250.0,0.02488343195869233
75.0,-0.18004991114139557,250.0,0.02488343195869233
200.0,0.01219338271766901,250.0,0.02488343195869233
250.0,0.031807832419872284,250.0,0.02488343195869233
300.0,0.02867780439555645,250.0,0.02488343195869233
350.0,0.05563468486070633,250.0,0.02488343195869233
130.0,-0.11764612793922424,250.0,0.02488343195869233
175.0,-0.051252469420433044,250.0,0.02488343195869233
185.0,-0.03549707680940628,250.0,0.02488343195869233
250.0,0.02581033483147621,250.0,0.02488343195869233
225.0,0.012988891452550888,250.0,0.02488343195869233
160.0,-0.0527244471013546,250.0,0.02488343195869233
250.0,-0.0074879080057144165,250.0,0.02488343195869233
150.0,-0.08207761496305466,250.0,0.02488343195869233
160.0,-0.07167790830135345,250.0,0.02488343195869233
190.0,0.022860059514641762,250.0,0.02488343195869233
200.0,0.018369078636169434,250.0,0.02488343195869233
150.0,-0.1015181615948677,250.0,0.02488343195869233
100.0,-0.19792501628398895,250.0,0.02488343195869233
50.0,-0.13238269090652466,250.0,0.02488343195869233
175.0,-0.04671965539455414,250.0,0.02488343195869233
400.0,0.06681061536073685,250.0,0.02488343195869233
150.0,-0.09238600730895996,250.0,0.02488343195869233
150.0,-0.08181041479110718,250.0,0.02488343195869233
200.0,0.0028135282918810844,250.0,0.02488343195869233
150.0,-0.10603256523609161,250.0,0.02488343195869233
250.0,0.00566190155223012,250.0,0.02488343195869233
160.0,-0.03424309194087982,250.0,0.02488343195869233
250.0,-0.0002655701246112585,250.0,0.02488343195869233
350.0,0.03989862650632858,250.0,0.02488343195869233
195.0,0.0004578414373099804,250.0,0.02488343195869233
200.0,0.022349318489432335,250.0,0.02488343195869233
80.0,-0.18299329280853271,250.0,0.02488343195869233
340.0,0.05269649252295494,250.0,0.02488343195869233
150.0,-0.09443386644124985,250.0,0.02488343195869233
200.0,-0.006711223162710667,250.0,0.02488343195869233
200.0,0.015495832078158855,250.0,0.02488343195869233
300.0,0.05666279047727585,250.0,0.02488343195869233
93.0,-0.10387028753757477,250.0,0.02488343195869233
350.0,0.04899526759982109,250.0,0.02488343195869233
220.0,-0.0037335981614887714,255.0,0.027648925842054455
160.0,-0.062218308448791504,260.0,0.030416945228826875
200.0,-0.015254110097885132,270.0,0.03510622134300228
200.0,0.06430857628583908,270.0,0.03510622134300228
275.0,0.04752511531114578,270.0,0.03510622134300228
280.0,0.05254185199737549,270.0,0.03510622134300228
225.0,0.0031489995308220387,270.0,0.03510622134300228
200.0,-0.014734525233507156,270.0,0.03510622134300228
130.0,-0.10613389313220978,270.0,0.03510622134300228
200.0,-0.010500059463083744,270.0,0.03510622134300228
190.0,-0.024704810231924057,270.0,0.03510622134300228
300.0,0.05190613120794296,270.0,0.03510622134300228
225.0,0.05838577821850777,270.0,0.03510622134300228
50.0,-0.16713836789131165,270.0,0.03510622134300228
200.0,0.02256648987531662,270.0,0.03510622134300228
370.0,0.04029025137424469,270.0,0.03510622134300228
95.0,-0.17009246349334717,275.0,0.03626220579197276
170.0,-0.03549572080373764,275.0,0.03626220579197276
270.0,0.050860654562711716,275.0,0.03626220579197276
350.0,0.0429772213101387,275.0,0.03626220579197276
150.0,-0.10691781342029572,275.0,0.03626220579197276
200.0,-0.014984543435275555,275.0,0.03626220579197276
295.0,0.040898509323596954,275.0,0.03626220579197276
350.0,0.053359825164079666,275.0,0.03626220579197276
250.0,0.026606066152453423,275.0,0.03626220579197276
200.0,0.01527593843638897,275.0,0.03626220579197276
195.0,-0.018165286630392075,275.0,0.03626220579197276
165.0,-0.09251778572797775,275.0,0.03626220579197276
200.0,-0.008883348666131496,275.0,0.03626220579197276
250.0,0.020371926948428154,275.0,0.03626220579197276
275.0,0.0526113286614418,275.0,0.03626220579197276
225.0,0.007709266617894173,275.0,0.03626220579197276
200.0,-0.0018225288949906826,275.0,0.03626220579197276
200.0,-0.0014952562050893903,275.0,0.03626220579197276
350.0,0.05678398534655571,275.0,0.03626220579197276
50.0,-0.17191506922245026,275.0,0.03626220579197276
195.0,-0.010075729340314865,275.0,0.03626220579197276
350.0,0.05783608555793762,275.0,0.03626220579197276
350.0,0.04592005908489227,275.0,0.03626220579197276
240.0,0.0032566681038588285,275.0,0.03626220579197276
250.0,0.010670820251107216,275.0,0.03626220579197276
250.0,0.017013851553201675,275.0,0.03626220579197276
100.0,-0.158449187874794,275.0,0.03626220579197276
125.0,-0.11285644769668579,275.0,0.03626220579197276
350.0,0.08273167163133621,275.0,0.03626220579197276
200.0,-0.009736134670674801,275.0,0.03626220579197276
300.0,0.08552540093660355,275.0,0.03626220579197276
200.0,0.038742005825042725,275.0,0.03626220579197276
250.0,0.014296958222985268,275.0,0.03626220579197276
175.0,0.0048945266753435135,275.0,0.03626220579197276
370.0,0.045589301735162735,275.0,0.03626220579197276
350.0,0.05020475015044212,275.0,0.03626220579197276
250.0,0.014014128595590591,275.0,0.03626220579197276
160.81,-0.03356805071234703,280.0,0.03871532123351312
200.0,-0.015793388709425926,280.0,0.03871532123351312
250.0,0.007897656410932541,280.0,0.03871532123351312
200.0,0.022836579009890556,280.0,0.03871532123351312
270.0,0.051426615566015244,280.0,0.03871532123351312
250.0,0.010327334515750408,280.0,0.03871532123351312
195.0,-0.0036570229567587376,280.0,0.03871532123351312
250.0,0.023298313841223717,280.0,0.03871532123351312
200.0,-0.019360821694135666,280.0,0.03871532123351312
100.0,-0.145986869931221,280.0,0.03871532123351312
200.0,-0.00210492592304945,280.0,0.03871532123351312
250.0,0.013999713584780693,280.0,0.03871532123351312
100.0,-0.14663806557655334,280.0,0.03871532123351312
145.0,-0.04233073070645332,280.0,0.03871532123351312
300.0,0.012199202552437782,280.0,0.03871532123351312
195.0,-0.0038564244750887156,280.0,0.03871532123351312
220.0,-0.029740098863840103,280.0,0.03871532123351312
350.0,0.04845753684639931,280.0,0.03871532123351312
225.0,0.02903466857969761,280.0,0.03871532123351312
370.0,0.07551291584968567,280.0,0.03871532123351312
200.0,-0.013715703040361404,280.0,0.03871532123351312
70.0,-0.14252007007598877,280.0,0.03871532123351312
125.0,-0.09914109855890274,280.0,0.03871532123351312
160.0,-0.06856802105903625,280.0,0.03871532123351312
60.0,-0.1763668954372406,285.0,0.040416026824660646
250.0,0.018916796892881393,285.0,0.040416026824660646
200.0,-0.016841277480125427,285.0,0.040416026824660646
350.0,0.05040927603840828,285.0,0.040416026824660646
225.0,-0.012304410338401794,285.0,0.040416026824660646
50.0,-0.14360007643699646,295.0,0.04277773659435119
175.0,-0.024626463651657104,295.0,0.04277773659435119
200.0,0.021436944603919983,300.0,0.04451815198605083
350.0,0.06245795264840126,300.0,0.04451815198605083
200.0,-0.024312742054462433,300.0,0.04451815198605083
200.0,-0.002183170523494482,300.0,0.04451815198605083
150.0,-0.09271702170372009,300.0,0.04451815198605083
200.0,-0.012838704511523247,300.0,0.04451815198605083
200.0,0.03328739106655121,300.0,0.04451815198605083
200.0,-0.02855195850133896,300.0,0.04451815198605083
125.0,-0.04453358054161072,300.0,0.04451815198605083
200.0,-0.015247562900185585,300.0,0.04451815198605083
250.0,0.022481005638837814,300.0,0.04451815198605083
175.0,-0.021320827305316925,300.0,0.04451815198605083
200.0,-0.018936462700366974,300.0,0.04451815198605083
50.0,-0.14924763143062592,300.0,0.04451815198605083
280.0,0.0509381927549839,300.0,0.04451815198605083
350.0,0.029862428084015846,300.0,0.04451815198605083
195.0,-0.00701705040410161,300.0,0.04451815198605083
204.0,-0.012032339349389076,300.0,0.04451815198605083
200.0,0.013501301407814026,300.0,0.04451815198605083
200.0,-0.02980893850326538,300.0,0.04451815198605083
102.0,-0.11390775442123413,300.0,0.04451815198605083
275.0,0.04245533049106598,300.0,0.04451815198605083
250.0,0.012170754373073578,300.0,0.04451815198605083
200.0,0.022749044001102448,300.0,0.04451815198605083
300.0,0.055444180965423584,300.0,0.04451815198605083
330.0,0.04393550753593445,300.0,0.04451815198605083
250.0,0.012664851732552052,300.0,0.04451815198605083
75.0,-0.16850689053535461,300.0,0.04451815198605083
250.0,0.012268664315342903,300.0,0.04451815198605083
200.0,0.022615822032094002,300.0,0.04451815198605083
200.0,0.004244023002684116,300.0,0.04451815198605083
200.0,-0.026709342375397682,300.0,0.04451815198605083
250.0,0.04493557661771774,300.0,0.04451815198605083
300.0,0.06175153702497482,300.0,0.04451815198605083
200.0,0.009070921689271927,300.0,0.04451815198605083
250.0,0.031170358881354332,300.0,0.04451815198605083
95.0,-0.16997778415679932,300.0,0.04451815198605083
150.0,-0.08553124964237213,300.0,0.04451815198605083
160.0,-0.006084101274609566,300.0,0.04451815198605083
300.0,0.04934408888220787,300.0,0.04451815198605083
105.0,-0.17472493648529053,300.0,0.04451815198605083
300.0,0.049658484756946564,300.0,0.04451815198605083
200.0,-0.003751407377421856,300.0,0.04451815198605083
370.0,0.056914590299129486,300.0,0.04451815198605083
300.0,0.05118246003985405,300.0,0.04451815198605083
200.0,0.008470884524285793,300.0,0.04451815198605083
160.0,-0.06478942185640335,300.0,0.04451815198605083
300.0,0.05080345273017883,300.0,0.04451815198605083
155.0,-0.08457878977060318,300.0,0.04451815198605083
370.0,0.06040656194090843,300.0,0.04451815198605083
250.0,0.03949617221951485,300.0,0.04451815198605083
250.0,0.032249122858047485,300.0,0.04451815198605083
200.0,0.007169617339968681,300.0,0.04451815198605083
275.0,0.03267607092857361,300.0,0.04451815198605083
350.0,0.056842558085918427,300.0,0.04451815198605083
340.0,0.049748122692108154,300.0,0.04451815198605083
250.0,0.0248239915817976,300.0,0.04451815198605083
400.0,0.06891712546348572,300.0,0.04451815198605083
200.0,-0.006383273750543594,300.0,0.04451815198605083
99.72,-0.1406944990158081,300.0,0.04451815198605083
200.0,-0.017513228580355644,300.0,0.04451815198605083
170.0,-0.021249104291200638,300.0,0.04451815198605083
100.0,-0.16127026081085205,300.0,0.04451815198605083
250.0,0.027697114273905754,300.0,0.04451815198605083
275.0,0.08391162753105164,300.0,0.04451815198605083
325.0,0.062061503529548645,300.0,0.04451815198605083
200.0,-0.015303944237530231,300.0,0.04451815198605083
175.0,-0.023311540484428406,300.0,0.04451815198605083
350.0,0.05641743913292885,300.0,0.04451815198605083
125.0,-0.04470185935497284,300.0,0.04451815198605083
195.0,-0.00797886773943901,300.0,0.04451815198605083
350.0,0.05075256526470184,300.0,0.04451815198605083
350.0,0.055107079446315765,300.0,0.04451815198605083
370.0,0.050599753856658936,300.0,0.04451815198605083
250.0,0.021500201895833015,300.0,0.04451815198605083
350.0,0.037165798246860504,300.0,0.04451815198605083
200.0,0.013087551109492779,300.0,0.04451815198605083
200.0,-0.016524722799658775,300.0,0.04451815198605083
250.0,0.027650419622659683,300.0,0.04451815198605083
300.0,0.03312014415860176,300.0,0.04451815198605083
200.0,-0.004593832418322563,305.0,0.0459023292519707
300.0,0.0526459626853466,310.0,0.04729882997403768
182.0,-0.009912882931530476,310.0,0.04729882997403768
325.0,0.05827947333455086,320.0,0.05005664606605624
125.0,-0.10511982440948486,320.0,0.05005664606605624
190.0,0.01334377657622099,325.0,0.05140680301986126
150.0,-0.09955042600631714,325.0,0.05140680301986126
350.0,0.049226775765419006,325.0,0.05140680301986126
60.9,-0.19488397240638733,325.0,0.05140680301986126
200.0,-0.01285945251584053,325.0,0.05140680301986126
350.0,0.07314197719097137,325.0,0.05140680301986126
340.0,0.04806516319513321,325.0,0.05140680301986126
225.0,-0.010736528784036636,325.0,0.05140680301986126
95.0,-0.16862548887729645,325.0,0.05140680301986126
250.0,-0.0017315680161118507,325.0,0.05140680301986126
200.0,-0.005349775776267052,330.0,0.052734525144549384
100.0,-0.08785992115736008,330.0,0.052734525144549384
200.0,0.00973554514348507,330.0,0.052734525144549384
225.0,0.011637144722044468,330.0,0.052734525144549384
135.0,-0.08958056569099426,330.0,0.052734525144549384
200.0,0.0202806256711483,330.0,0.052734525144549384
187.5,0.0009401822462677956,330.0,0.052734525144549384
400.0,0.04079490900039673,330.0,0.052734525144549384
200.0,0.00526873953640461,330.0,0.052734525144549384
200.0,0.019517213106155396,333.0,0.05351986002442019
70.0,-0.1674795150756836,339.19,0.05511307274831352
150.0,-0.06815054267644882,339.19,0.05511307274831352
150.0,-0.04581885784864426,340.0,0.05531884974072635
370.0,0.06714694201946259,340.0,0.05531884974072635
50.0,-0.19665881991386414,340.0,0.05531884974072635
195.0,0.014505743980407715,340.0,0.05531884974072635
300.0,0.04528895020484924,340.0,0.05531884974072635
300.0,0.047601789236068726,340.0,0.05531884974072635
166.2,-0.03673189505934715,340.0,0.05531884974072635
250.0,0.0037103407084941864,340.0,0.05531884974072635
250.0,0.005019651725888252,340.0,0.05531884974072635
330.0,0.03910978138446808,340.0,0.05531884974072635
240.0,0.018120799213647842,340.0,0.05531884974072635
280.0,0.0569307804107666,340.0,0.05531884974072635
300.0,0.05623994767665863,340.0,0.05531884974072635
180.0,-0.04655792564153671,340.0,0.05531884974072635
179.0,-0.06425421684980392,340.0,0.05531884974072635
300.0,0.04862654581665993,340.0,0.05531884974072635
200.0,0.009206704795360565,340.0,0.05531884974072635
150.0,-0.04533878713846207,345.0,0.056575397521448884
70.0,-0.1651647686958313,345.0,0.056575397521448884
275.0,0.04851245880126953,345.0,0.056575397521448884
350.0,0.03484814614057541,345.0,0.056575397521448884
200.0,-0.007447516545653343,350.0,0.05780884588318895
250.0,0.0012580105103552341,350.0,0.05780884588318895
170.0,-0.0045191701501607895,350.0,0.05780884588318895
200.0,-0.0017276303842663765,350.0,0.05780884588318895
300.0,0.05224442481994629,350.0,0.05780884588318895
150.0,-0.11306843906641006,350.0,0.05780884588318895
350.0,0.030134614557027817,350.0,0.05780884588318895
190.0,-0.02748993970453739,350.0,0.05780884588318895
95.0,-0.1279587745666504,350.0,0.05780884588318895
95.0,-0.16742224991321564,350.0,0.05780884588318895
169.0,-0.012887930497527122,350.0,0.05780884588318895
350.0,0.08073399215936661,350.0,0.05780884588318895
200.0,-0.020020876079797745,350.0,0.05780884588318895
150.0,-0.09518417716026306,350.0,0.05780884588318895
200.0,0.020067285746335983,350.0,0.05780884588318895
250.0,0.018387071788311005,350.0,0.05780884588318895
200.0,-0.007592710666358471,350.0,0.05780884588318895
150.0,-0.07255174964666367,350.0,0.05780884588318895
350.0,0.05985959619283676,350.0,0.05780884588318895
95.0,-0.15956608951091766,350.0,0.05780884588318895
150.0,-0.061212629079818726,350.0,0.05780884588318895
200.0,0.004042854532599449,350.0,0.05780884588318895
169.0,-0.015514647588133812,350.0,0.05780884588318895
153.0,-0.07772824168205261,350.0,0.05780884588318895
200.0,-0.00783353578299284,350.0,0.05780884588318895
250.0,0.009873946197330952,350.0,0.05780884588318895
125.0,-0.09410503506660461,350.0,0.05780884588318895
345.0,0.055702947080135345,350.0,0.05780884588318895
200.0,-0.017113547772169113,350.0,0.05780884588318895
350.0,0.09530162066221237,350.0,0.05780884588318895
350.0,0.06323987245559692,350.0,0.05780884588318895
280.0,0.07776784896850586,350.0,0.05780884588318895
400.0,0.02845683880150318,350.0,0.05780884588318895
170.0,-0.027784064412117004,350.0,0.05780884588318895
250.0,-0.009068384766578674,350.0,0.05780884588318895
370.0,0.058624017983675,350.0,0.05780884588318895
140.0,-0.10910304635763168,350.0,0.05780884588318895
120.0,-0.1326194554567337,350.0,0.05780884588318895
225.0,-0.015351105481386185,350.0,0.05780884588318895
350.0,0.04446553811430931,350.0,0.05780884588318895
370.0,0.04666135460138321,350.0,0.05780884588318895
400.0,0.07449017465114594,350.0,0.05780884588318895
100.0,-0.18120810389518738,350.0,0.05780884588318895
100.0,-0.11745408922433853,350.0,0.05780884588318895
250.0,0.03492297977209091,350.0,0.05780884588318895
128.0,-0.0982823297381401,350.0,0.05780884588318895
100.0,-0.12488226592540741,350.0,0.05780884588318895
270.0,0.051923930644989014,350.0,0.05780884588318895
350.0,0.0581413134932518,350.0,0.05780884588318895
153.0,-0.039192162454128265,350.0,0.05780884588318895
250.0,0.026782533153891563,350.0,0.05780884588318895
370.0,0.04139956831932068,350.0,0.05780884588318895
187.5,-0.0015544043853878975,350.0,0.05780884588318895
200.0,0.04646209254860878,350.0,0.05780884588318895
250.0,-0.00594397634267807,350.0,0.05780884588318895
95.0,-0.1180330216884613,350.0,0.05780884588318895
325.0,0.06345714628696442,350.0,0.05780884588318895
100.0,-0.14032424986362457,350.0,0.05780884588318895
200.0,0.003046322613954544,350.0,0.05780884588318895
195.0,-0.007639758288860321,350.0,0.05780884588318895
370.0,0.11282599717378616,350.0,0.05780884588318895
200.0,0.022872786968946457,350.0,0.05780884588318895
200.0,0.016386497765779495,350.0,0.05780884588318895
170.0,-0.05333520844578743,350.0,0.05780884588318895
250.0,0.019592002034187317,350.0,0.05780884588318895
200.0,0.009589530527591705,350.0,0.05780884588318895
200.0,-0.001898449845612049,350.0,0.05780884588318895
125.0,-0.07377684116363525,350.0,0.05780884588318895
400.0,0.07032166421413422,350.0,0.05780884588318895
350.0,0.045163992792367935,350.0,0.05780884588318895
150.0,-0.10488849133253098,350.0,0.05780884588318895
200.0,-0.017426643520593643,350.0,0.05780884588318895
182.0,0.003062460571527481,350.0,0.05780884588318895
80.0,-0.17013777792453766,350.0,0.05780884588318895
200.0,0.038446977734565735,350.0,0.05780884588318895
120.0,-0.10664182901382446,350.0,0.05780884588318895
400.0,0.0824526697397232,350.0,0.05780884588318895
200.0,-0.012605557218194008,350.0,0.05780884588318895
350.0,0.05118684843182564,350.0,0.05780884588318895
250.0,0.02960065007209778,350.0,0.05780884588318895
350.0,0.07014209032058716,350.0,0.05780884588318895
370.0,0.0623847171664238,350.0,0.05780884588318895
120.0,-0.13404732942581177,350.0,0.05780884588318895
250.0,0.02623138576745987,350.0,0.05780884588318895
200.0,0.006765543948858976,350.0,0.05780884588318895
60.0,-0.17288680374622345,350.0,0.05780884588318895
325.0,0.06634428352117538,350.0,0.05780884588318895
200.0,-0.016893722116947174,350.0,0.05780884588318895
200.0,-0.025987638160586357,350.0,0.05780884588318895
200.0,0.023216962814331055,350.0,0.05780884588318895
200.0,0.015538278967142105,350.0,0.05780884588318895
200.0,-0.005633489228785038,350.0,0.05780884588318895
350.0,0.0726601630449295,350.0,0.05780884588318895
95.0,-0.16701704263687134,350.0,0.05780884588318895
200.0,-0.017657583579421043,350.0,0.05780884588318895
225.0,-0.0006992751732468605,350.0,0.05780884588318895
150.0,-0.09087146818637848,350.0,0.05780884588318895
350.0,0.08041428029537201,350.0,0.05780884588318895
400.0,0.06972433626651764,350.0,0.05780884588318895
225.0,0.0209607295691967,350.0,0.05780884588318895
275.0,0.03160695731639862,350.0,0.05780884588318895
250.0,0.027162015438079834,350.0,0.05780884588318895
150.0,-0.09416913241147995,350.0,0.05780884588318895
280.0,0.0536036379635334,350.0,0.05780884588318895
250.0,0.004495600238442421,350.0,0.05780884588318895
360.0,0.05618496239185333,350.0,0.05780884588318895
225.0,0.00047640595585107803,350.0,0.05780884588318895
300.0,0.04339449107646942,350.0,0.05780884588318895
280.0,0.0787317082285881,350.0,0.05780884588318895
150.0,-0.06505393981933594,350.0,0.05780884588318895
350.0,0.04412132501602173,350.0,0.05780884588318895
175.0,-0.0020359735935926437,350.0,0.05780884588318895
50.0,-0.15905195474624634,350.0,0.05780884588318895
200.0,-0.01757204718887806,350.0,0.05780884588318895
350.0,0.09060006588697433,350.0,0.05780884588318895
85.0,-0.1606147140264511,350.0,0.05780884588318895
350.0,0.02592507004737854,350.0,0.05780884588318895
225.0,0.02179611288011074,350.0,0.05780884588318895
350.0,0.05247919633984566,350.0,0.05780884588318895
300.0,0.042799077928066254,360.0,0.06021013507677042
150.0,-0.07729905843734741,360.0,0.06021013507677042
200.0,0.01039988361299038,360.0,0.06021013507677042
370.0,0.08880705386400223,360.0,0.06021013507677042
370.0,0.051163166761398315,360.0,0.06021013507677042
120.0,-0.1381949484348297,360.0,0.06021013507677042
300.0,0.06194871664047241,360.0,0.06021013507677042
275.0,0.0409257709980011,360.0,0.06021013507677042
220.0,0.01004075352102518,370.0,0.06253262318426926
200.0,-0.012270449660718441,370.0,0.06253262318426926
200.0,0.025692390277981758,370.0,0.06253262318426926
170.0,-0.04483078420162201,370.0,0.06253262318426926
175.0,-0.043163709342479706,370.0,0.06253262318426926
200.0,-0.011775143444538116,370.0,0.06253262318426926
170.0,-0.05824783071875572,370.0,0.06253262318426926
240.0,0.019057197496294975,370.0,0.06253262318426926
170.0,-0.03210899978876114,370.0,0.06253262318426926
200.0,0.019740957766771317,370.0,0.06253262318426926
180.0,-0.04097159951925278,370.0,0.06253262318426926
200.0,-0.01764702796936035,370.0,0.06253262318426926
275.0,0.04728018119931221,370.0,0.06253262318426926
400.0,0.07116423547267914,370.0,0.06253262318426926
100.0,-0.11444105207920074,370.0,0.06253262318426926
200.0,-0.016807541251182556,370.0,0.06253262318426926
190.0,-0.0036878916434943676,370.0,0.06253262318426926
333.0,0.04913029074668884,370.0,0.06253262318426926
370.0,0.08647731691598892,370.0,0.06253262318426926
200.0,0.027373217046260834,370.0,0.06253262318426926
170.0,-0.04983151704072952,370.0,0.06253262318426926
175.0,-0.05245105177164078,370.0,0.06253262318426926
150.0,-0.05936071276664734,370.0,0.06253262318426926
140.0,-0.09631559997797012,370.0,0.06253262318426926
200.0,-0.000601230189204216,370.0,0.06253262318426926
370.0,0.05090842768549919,370.0,0.06253262318426926
200.0,-0.01027949433773756,370.0,0.06253262318426926
200.0,0.008470884524285793,370.0,0.06253262318426926
200.0,-0.00851910375058651,370.0,0.06253262318426926
200.0,0.003824134822934866,370.0,0.06253262318426926
320.0,0.05495075136423111,370.0,0.06253262318426926
200.0,0.0009097135625779629,370.0,0.06253262318426926
204.0,0.00819195993244648,370.0,0.06253262318426926
200.0,-0.002106419764459133,370.0,0.06253262318426926
200.0,0.004628193099051714,370.0,0.06253262318426926
95.0,-0.13934102654457092,370.0,0.06253262318426926
200.0,0.03788190335035324,370.0,0.06253262318426926
200.0,-0.011196929030120373,370.0,0.06253262318426926
255.0,0.035719964653253555,370.0,0.06253262318426926
150.0,-0.08572880923748016,370.0,0.06253262318426926
225.0,0.014933010563254356,370.0,0.06253262318426926
250.0,0.02433127537369728,370.0,0.06253262318426926
50.0,-0.14077715575695038,370.0,0.06253262318426926
105.0,-0.09844936430454254,370.0,0.06253262318426926
170.0,-0.042186278849840164,370.0,0.06253262318426926
175.0,-0.02479284629225731,370.0,0.06253262318426926
300.0,0.038332223892211914,370.0,0.06253262318426926
400.0,0.06492985039949417,370.0,0.06253262318426926
260.0,0.026039784774184227,370.0,0.06253262318426926
200.0,-0.025047164410352707,370.0,0.06253262318426926
200.0,-0.010556325316429138,370.0,0.06253262318426926
380.0,0.05952145904302597,380.0,0.06478864586758241
275.0,0.04454183578491211,380.0,0.06478864586758241
140.0,-0.09428401291370392,380.0,0.06478864586758241
200.0,0.01165164913982153,380.0,0.06478864586758241
370.0,0.10568082332611084,380.0,0.06478864586758241
200.0,0.022171277552843094,380.0,0.06478864586758241
350.0,0.048742279410362244,380.0,0.06478864586758241
75.0,-0.1742771565914154,400.0,0.06914636972610481
300.0,0.03100435622036457,400.0,0.06914636972610481
350.0,0.05200444534420967,400.0,0.06914636972610481
350.0,0.07811933755874634,400.0,0.06914636972610481
300.0,0.05808261036872864,400.0,0.06914636972610481
200.0,0.021608654409646988,400.0,0.06914636972610481
160.0,-0.07163195312023163,400.0,0.06914636972610481
125.0,-0.09622055292129517,400.0,0.06914636972610481
275.0,0.051665037870407104,400.0,0.06914636972610481
100.0,-0.11950298398733139,400.0,0.06914636972610481
200.0,-0.013405620120465755,400.0,0.06914636972610481
350.0,0.05419991910457611,400.0,0.06914636972610481
175.0,-0.036588672548532486,400.0,0.06914636972610481
195.0,-0.013947434723377228,400.0,0.06914636972610481
250.0,0.006527559831738472,400.0,0.06914636972610481
200.0,0.005017056129872799,400.0,0.06914636972610481
187.5,-0.030267223715782166,400.0,0.06914636972610481
250.0,0.004981674253940582,400.0,0.06914636972610481
100.0,-0.15720444917678833,400.0,0.06914636972610481
