reflectivity (%),shap,lowess reflectivity (%),lowess shap
70.7936,0.01656678505241871,56.848,-0.0020880899594884856
69.1175,0.005874657537788153,56.848,-0.0020880899594884856
56.9809,0.017426807433366776,56.848,-0.0020880899594884856
67.0729,-0.005550424102693796,56.848,-0.0020880899594884856
69.1175,0.009110599756240845,56.848,-0.0020880899594884856
69.1175,0.0033918125554919243,56.848,-0.0020880899594884856
89.6694,-0.01248918380588293,56.848,-0.0020880899594884856
73.7759,-0.02940651960670948,56.848,-0.0020880899594884856
69.1175,-0.0009143739007413387,56.848,-0.0020880899594884856
56.946,-0.015827525407075882,56.848,-0.0020880899594884856
63.8989,-0.003010973334312439,56.848,-0.0020880899594884856
56.848,0.011431511491537094,56.848,-0.0020880899594884856
64.2252,0.012551624327898026,56.848,-0.0020880899594884856
67.0729,-0.0017994455993175507,56.848,-0.0020880899594884856
65.3334,0.0088295703753829,56.848,-0.0020880899594884856
65.7712,-0.008165955543518066,56.848,-0.0020880899594884856
65.5535,-0.0019445400685071945,56.848,-0.0020880899594884856
73.8121,-0.009487268514931202,56.848,-0.0020880899594884856
64.2252,0.02099597454071045,56.848,-0.0020880899594884856
69.1175,0.008611822500824928,56.848,-0.0020880899594884856
90.0,-0.055914949625730515,56.848,-0.0020880899594884856
63.0738,-0.030320070683956146,56.848,-0.0020880899594884856
65.3334,0.006978620775043964,56.848,-0.0020880899594884856
71.3351,-0.004182322882115841,56.848,-0.0020880899594884856
73.7759,0.002263734582811594,56.848,-0.0020880899594884856
65.5535,0.0005061710253357887,56.848,-0.0020880899594884856
65.3334,0.003630680963397026,56.848,-0.0020880899594884856
69.1175,0.008142469450831413,56.848,-0.0020880899594884856
56.848,-0.014891725033521652,56.848,-0.0020880899594884856
65.3334,0.0008803373202681541,56.848,-0.0020880899594884856
73.7759,-0.0009495709091424942,56.848,-0.0020880899594884856
65.3334,0.01829969510436058,56.848,-0.0020880899594884856
56.848,0.02513856813311577,56.848,-0.0020880899594884856
65.3334,-0.006715057417750359,56.848,-0.0020880899594884856
56.848,-0.0075236959382891655,56.848,-0.0020880899594884856
56.9809,-0.0056740520521998405,56.848,-0.0020880899594884856
62.0,0.0048571135848760605,56.848,-0.0020880899594884856
63.8989,0.0023242495954036713,56.848,-0.0020880899594884856
65.3334,0.010121931321918964,56.848,-0.0020880899594884856
65.5535,0.014079954475164413,56.848,-0.0020880899594884856
65.3334,0.005025292746722698,56.848,-0.0020880899594884856
69.1175,0.00640229694545269,56.848,-0.0020880899594884856
65.3334,0.007448609918355942,56.848,-0.0020880899594884856
73.7759,-0.003087785094976425,56.848,-0.0020880899594884856
65.3334,-0.005836537107825279,56.848,-0.0020880899594884856
68.6840316,0.00814840104430914,56.848,-0.0020880899594884856
68.28317168,0.023836210370063782,56.848,-0.0020880899594884856
60.62,-0.01761057786643505,56.848,-0.0020880899594884856
73.8121,-0.03168761730194092,56.848,-0.0020880899594884856
56.9809,-0.0037007066421210766,56.848,-0.0020880899594884856
73.7759,0.008255613967776299,56.848,-0.0020880899594884856
71.0,-0.028001926839351654,56.848,-0.0020880899594884856
71.3351,-0.016930360347032547,56.848,-0.0020880899594884856
69.1175,0.0073983874171972275,56.848,-0.0020880899594884856
64.4072,0.02843509428203106,56.848,-0.0020880899594884856
56.848,-0.007402626797556877,56.848,-0.0020880899594884856
69.1175,0.003476501675322652,56.848,-0.0020880899594884856
68.6840316,0.0008562412112951279,56.848,-0.0020880899594884856
56.848,-0.0011361644137650728,56.848,-0.0020880899594884856
65.3334,-0.0027456870302557945,56.848,-0.0020880899594884856
63.8989,-0.001428736373782158,56.848,-0.0020880899594884856
56.848,0.02276250720024109,56.848,-0.0020880899594884856
64.8929,-0.0039643351919949055,56.848,-0.0020880899594884856
73.7759,-0.004393318668007851,56.848,-0.0020880899594884856
70.09689031,0.000962505117058754,56.848,-0.0020880899594884856
63.0738,-0.007399395108222961,56.848,-0.0020880899594884856
67.0729,-0.00769757479429245,56.848,-0.0020880899594884856
56.848,-0.00860624574124813,56.848,-0.0020880899594884856
65.3334,0.010583791881799698,56.848,-0.0020880899594884856
68.28317168,-0.007247679866850376,56.848,-0.0020880899594884856
56.848,-0.005691932514309883,56.848,-0.0020880899594884856
56.848,-0.0042437342926859856,56.848,-0.0020880899594884856
65.3334,0.0059372130781412125,56.848,-0.0020880899594884856
56.848,-0.004456858616322279,56.848,-0.0020880899594884856
71.3351,-0.02936701849102974,56.848,-0.0020880899594884856
63.8989,0.01702756993472576,56.848,-0.0020880899594884856
65.3334,-0.006028282456099987,56.848,-0.0020880899594884856
62.0,0.006389204878360033,56.848,-0.0020880899594884856
90.0,-0.043241649866104126,56.848,-0.0020880899594884856
56.848,0.007821978069841862,56.848,-0.0020880899594884856
67.0729,0.00463836919516325,56.848,-0.0020880899594884856
67.0729,0.013456698507070541,56.848,-0.0020880899594884856
56.848,-0.003625272773206234,56.848,-0.0020880899594884856
74.1166,-0.0001537164207547903,56.848,-0.0020880899594884856
67.0729,0.027696020901203156,56.848,-0.0020880899594884856
73.8121,-0.03241370618343353,56.848,-0.0020880899594884856
89.6694,-0.022720817476511,56.848,-0.0020880899594884856
89.6694,-0.03648819029331207,56.848,-0.0020880899594884856
65.3334,0.018922993913292885,56.848,-0.0020880899594884856
90.0,-0.04516693204641342,56.848,-0.0020880899594884856
65.3334,0.0033374489285051823,56.848,-0.0020880899594884856
73.8121,-0.031662724912166595,56.848,-0.0020880899594884856
89.6694,-0.0015689521096646786,56.848,-0.0020880899594884856
69.1175,0.011637087911367416,56.848,-0.0020880899594884856
87.9804,-0.022739415988326073,56.848,-0.0020880899594884856
56.848,0.0035301055759191513,56.848,-0.0020880899594884856
60.62,0.02273247204720974,56.848,-0.0020880899594884856
87.9804,0.005719332955777645,56.848,-0.0020880899594884856
65.3334,0.010611655190587044,56.848,-0.0020880899594884856
65.2557,0.0001415112055838108,56.848,-0.0020880899594884856
66.0206,0.0034075193107128143,56.848,-0.0020880899594884856
89.6694,-0.0013370579108595848,56.848,-0.0020880899594884856
64.2252,6.582378409802914e-05,56.848,-0.0020880899594884856
65.5535,0.01902489736676216,56.848,-0.0020880899594884856
65.3334,0.00014381064102053642,56.848,-0.0020880899594884856
71.4289,-0.016888756304979324,56.848,-0.0020880899594884856
56.848,-0.01078707817941904,56.848,-0.0020880899594884856
70.5872,0.014148015528917313,56.848,-0.0020880899594884856
63.8989,-0.007563735358417034,56.848,-0.0020880899594884856
67.0729,0.006491535343229771,56.848,-0.0020880899594884856
69.1175,0.007826234214007854,56.848,-0.0020880899594884856
65.5535,-0.0012045502662658691,56.848,-0.0020880899594884856
65.3334,0.01049431599676609,56.848,-0.0020880899594884856
71.4289,-0.014862541109323502,56.848,-0.0020880899594884856
68.6840316,0.004433491267263889,56.848,-0.0020880899594884856
71.05,0.02047615312039852,56.848,-0.0020880899594884856
68.6840316,0.007910746149718761,56.848,-0.0020880899594884856
65.3334,-0.01157250627875328,56.848,-0.0020880899594884856
65.5535,0.02583889290690422,56.848,-0.0020880899594884856
56.848,-0.010612496174871922,56.848,-0.0020880899594884856
73.8121,-0.0037331320345401764,56.848,-0.0020880899594884856
73.8587,0.009087114594876766,56.848,-0.0020880899594884856
90.0,-0.047794993966817856,56.848,-0.0020880899594884856
68.6840316,-0.0016979780048131943,56.848,-0.0020880899594884856
63.5,1.3298355042934418e-05,56.848,-0.0020880899594884856
65.2557,-0.008088110946118832,56.848,-0.0020880899594884856
90.0,-0.047893233597278595,56.848,-0.0020880899594884856
65.5535,-0.007396620698273182,56.848,-0.0020880899594884856
69.1175,0.0027883644215762615,56.848,-0.0020880899594884856
67.0729,0.02728266455233097,56.848,-0.0020880899594884856
56.848,0.01575520820915699,56.848,-0.0020880899594884856
65.3334,-0.0005268510431051254,56.848,-0.0020880899594884856
66.0094,0.0008108504116535187,56.848,-0.0020880899594884856
71.3351,-0.007557593286037445,56.848,-0.0020880899594884856
56.848,0.018709644675254822,56.848,-0.0020880899594884856
73.8587,-0.002657025121152401,56.848,-0.0020880899594884856
64.4072,0.012540219351649284,56.848,-0.0020880899594884856
65.5535,-5.364697426557541e-05,56.848,-0.0020880899594884856
65.5535,0.014369253069162369,56.848,-0.0020880899594884856
71.3351,-0.026383601129055023,56.848,-0.0020880899594884856
65.3334,0.016347728669643402,56.848,-0.0020880899594884856
73.7759,0.00589987775310874,56.848,-0.0020880899594884856
90.0,-0.047797221690416336,56.848,-0.0020880899594884856
65.3334,0.010519844479858875,56.848,-0.0020880899594884856
73.8121,-0.02213260903954506,56.848,-0.0020880899594884856
65.3334,0.00876822043210268,56.848,-0.0020880899594884856
71.4289,-0.012329911813139915,56.848,-0.0020880899594884856
65.3334,-0.0006060372106730938,56.848,-0.0020880899594884856
63.0738,-0.004911248572170734,56.848,-0.0020880899594884856
69.1175,0.011884686537086964,56.848,-0.0020880899594884856
67.0729,0.018029717728495598,56.848,-0.0020880899594884856
90.0,-0.052499085664749146,56.848,-0.0020880899594884856
89.6694,-0.017336783930659294,56.848,-0.0020880899594884856
63.8989,0.00649716891348362,56.848,-0.0020880899594884856
57.0453,-0.011287201195955276,56.848,-0.0020880899594884856
90.0,-0.03688374534249306,56.848,-0.0020880899594884856
90.0,-0.04984811693429947,56.848,-0.0020880899594884856
69.1175,0.024188902229070663,56.848,-0.0020880899594884856
65.3334,0.011179329827427864,56.848,-0.0020880899594884856
68.6840316,0.02046436443924904,56.848,-0.0020880899594884856
69.3445,0.004026778042316437,56.848,-0.0020880899594884856
67.0729,-0.002132673980668187,56.848,-0.0020880899594884856
65.5535,0.006307954899966717,56.848,-0.0020880899594884856
72.2898,-0.012964388355612755,56.848,-0.0020880899594884856
68.6840316,0.022433040663599968,56.848,-0.0020880899594884856
73.7759,-0.0011082887649536133,56.848,-0.0020880899594884856
56.848,-0.009281521663069725,56.848,-0.0020880899594884856
71.3351,-0.014828001148998737,56.848,-0.0020880899594884856
65.3334,0.01452396810054779,56.848,-0.0020880899594884856
68.6840316,-0.0035213036462664604,56.848,-0.0020880899594884856
65.3334,0.010176833719015121,56.848,-0.0020880899594884856
56.848,-0.008500279858708382,56.848,-0.0020880899594884856
69.1175,0.00302090123295784,56.848,-0.0020880899594884856
67.0729,0.007353813387453556,56.946,-0.002023395439302025
56.848,-0.010900630615651608,56.946,-0.002023395439302025
74.1166,-0.003050601575523615,56.946,-0.002023395439302025
66.0094,0.006470652297139168,56.946,-0.002023395439302025
65.3334,0.002589763142168522,56.946,-0.002023395439302025
65.3334,-0.0010402409825474024,56.9809,-0.0020003151826037706
65.3334,0.010350657626986504,56.9809,-0.0020003151826037706
65.3334,0.010275119915604591,56.9809,-0.0020003151826037706
65.3334,0.01052053552120924,56.9809,-0.0020003151826037706
67.0729,-0.00041355472058057785,56.9809,-0.0020003151826037706
73.8121,0.0058146873489022255,56.9809,-0.0020003151826037706
56.848,0.027999944984912872,56.9809,-0.0020003151826037706
66.0094,0.006549941375851631,56.9809,-0.0020003151826037706
69.1175,0.003597819246351719,56.9809,-0.0020003151826037706
67.0729,-0.008200068026781082,56.9809,-0.0020003151826037706
68.6840316,0.004998268559575081,56.9809,-0.0020003151826037706
65.3334,0.0008647274225950241,56.9809,-0.0020003151826037706
62.0,-0.00352491345256567,56.9809,-0.0020003151826037706
63.8989,-0.02031734772026539,56.9809,-0.0020003151826037706
63.8989,-0.013957872986793518,56.9809,-0.0020003151826037706
69.1175,0.013625772669911385,56.9809,-0.0020003151826037706
69.1175,0.008069057017564774,56.9809,-0.0020003151826037706
90.0,-0.05001324415206909,56.9809,-0.0020003151826037706
73.8121,-0.007781863212585449,56.9809,-0.0020003151826037706
68.28317168,-0.006382575258612633,56.9809,-0.0020003151826037706
65.2557,0.03559122607111931,56.9809,-0.0020003151826037706
65.3334,0.009142276830971241,56.9809,-0.0020003151826037706
62.0,-0.005321606062352657,56.9809,-0.0020003151826037706
65.3334,0.02671216055750847,56.9809,-0.0020003151826037706
63.8989,-0.002426653169095516,56.9809,-0.0020003151826037706
67.0729,-0.007109961472451687,57.0453,-0.00195767041000777
67.0729,-0.007602285593748093,57.0453,-0.00195767041000777
56.848,-5.834363400936127e-05,57.0453,-0.00195767041000777
70.8006,-0.04521726444363594,57.0453,-0.00195767041000777
65.3334,0.0043939752504229546,57.0453,-0.00195767041000777
63.5,0.01511609647423029,57.0453,-0.00195767041000777
89.6694,-0.025997929275035858,57.0453,-0.00195767041000777
56.848,-0.0049046678468585014,57.0453,-0.00195767041000777
87.9804,-0.025755872949957848,57.0453,-0.00195767041000777
65.3334,0.015895387157797813,57.0453,-0.00195767041000777
60.62,-0.013516396284103394,60.62,0.0004946916571776179
90.0,-0.049506932497024536,60.62,0.0004946916571776179
65.3334,0.004105555824935436,60.62,0.0004946916571776179
66.0206,0.007032637484371662,60.62,0.0004946916571776179
72.2573,-0.032191358506679535,60.62,0.0004946916571776179
63.8989,0.01223207637667656,60.62,0.0004946916571776179
56.848,0.01388966478407383,60.62,0.0004946916571776179
67.0729,0.007664266973733902,60.62,0.0004946916571776179
73.7759,-0.018422633409500122,60.62,0.0004946916571776179
65.5535,0.0021527037024497986,60.62,0.0004946916571776179
71.05,-0.022936135530471802,60.62,0.0004946916571776179
65.3334,0.015481280162930489,60.62,0.0004946916571776179
73.7759,-0.027860961854457855,60.62,0.0004946916571776179
60.62,-0.004051728639751673,60.62,0.0004946916571776179
90.0,-0.056631799787282944,60.62,0.0004946916571776179
87.9804,-0.021358801051974297,60.62,0.0004946916571776179
65.5535,-0.003679554909467697,60.62,0.0004946916571776179
74.1166,-0.006723768077790737,60.62,0.0004946916571776179
65.4217,0.01863536797463894,60.62,0.0004946916571776179
65.5535,0.004057556390762329,62.0,0.0012141249461546926
63.0738,-0.00099552096799016,62.0,0.0012141249461546926
68.6840316,0.005949610844254494,62.0,0.0012141249461546926
56.848,-0.015482249669730663,62.0,0.0012141249461546926
67.0729,0.008106851950287819,62.0,0.0012141249461546926
70.8006,0.0034454213455319405,62.0,0.0012141249461546926
63.8989,0.001631137914955616,62.0,0.0012141249461546926
56.848,-0.004163914360105991,62.0,0.0012141249461546926
68.6840316,0.012400219216942787,62.0,0.0012141249461546926
65.3334,0.011750651523470879,62.0,0.0012141249461546926
56.848,0.0037696193903684616,62.0,0.0012141249461546926
66.0094,-0.0039754509925842285,62.0,0.0012141249461546926
87.9804,-0.01789936050772667,62.0,0.0012141249461546926
69.1175,0.010632883757352829,62.0,0.0012141249461546926
71.0,-0.02667008340358734,62.0,0.0012141249461546926
68.6840316,0.02351219579577446,62.0,0.0012141249461546926
90.0,-0.04777638614177704,62.0,0.0012141249461546926
69.1175,0.007029296830296516,62.0,0.0012141249461546926
56.848,0.0004550935700535774,62.0,0.0012141249461546926
64.4072,-0.007239630911499262,62.0,0.0012141249461546926
66.0094,0.004724954254925251,62.0,0.0012141249461546926
63.8989,-0.004719347693026066,62.0,0.0012141249461546926
68.6840316,0.00882892869412899,62.0,0.0012141249461546926
73.8121,0.021305546164512634,62.0,0.0012141249461546926
65.3334,0.012432456016540527,62.0,0.0012141249461546926
73.8121,-0.00014109956100583076,62.0,0.0012141249461546926
67.0729,0.0044862572103738785,62.0,0.0012141249461546926
56.848,0.011048026382923126,62.0,0.0012141249461546926
56.946,-0.018212689086794853,62.0,0.0012141249461546926
71.4289,-0.016018491238355637,62.0,0.0012141249461546926
89.6694,-0.01699671521782875,62.0,0.0012141249461546926
63.5,-0.005897091701626778,62.0,0.0012141249461546926
71.4289,-0.015883825719356537,62.0,0.0012141249461546926
65.3334,0.007091266103088856,62.0,0.0012141249461546926
65.3334,0.00912211649119854,62.0,0.0012141249461546926
64.2252,0.0061857872642576694,62.0,0.0012141249461546926
56.848,0.022861644625663757,62.0,0.0012141249461546926
63.8989,0.016688115894794464,62.0,0.0012141249461546926
56.848,-0.00674347672611475,62.0,0.0012141249461546926
56.848,-0.005797578953206539,62.0,0.0012141249461546926
65.3334,0.002803333103656769,62.0,0.0012141249461546926
62.0,0.0019389847293496132,62.0,0.0012141249461546926
90.0,-0.047409120947122574,62.0,0.0012141249461546926
56.848,-0.007069273851811886,62.0,0.0012141249461546926
69.1175,0.005552584305405617,62.0,0.0012141249461546926
89.6694,-0.01811414770781994,62.0,0.0012141249461546926
63.8989,0.0004164697602391243,62.0,0.0012141249461546926
70.9268,-0.005562221631407738,62.0,0.0012141249461546926
65.3334,0.011134178377687931,62.0,0.0012141249461546926
64.8929,-0.004059127531945705,63.0738,0.0011500061055026956
62.0,0.003579705720767379,63.0738,0.0011500061055026956
56.848,-0.0036682570353150368,63.0738,0.0011500061055026956
67.0729,-0.0017475259955972433,63.0738,0.0011500061055026956
64.2252,-0.0009126013610512018,63.0738,0.0011500061055026956
63.5,0.010324059054255486,63.0738,0.0011500061055026956
56.848,-0.0006445711478590965,63.0738,0.0011500061055026956
71.4289,-0.019460175186395645,63.0738,0.0011500061055026956
68.28317168,0.0050674667581915855,63.0738,0.0011500061055026956
56.848,0.019207777455449104,63.0738,0.0011500061055026956
67.0729,0.0022909147664904594,63.0738,0.0011500061055026956
71.0,-0.03692256286740303,63.0738,0.0011500061055026956
56.848,0.001239151693880558,63.0738,0.0011500061055026956
67.0729,0.011563868261873722,63.0738,0.0011500061055026956
62.0,0.007514135912060738,63.0738,0.0011500061055026956
67.0729,0.017246562987565994,63.5,0.0019850307518311998
69.1175,0.00025592558085918427,63.5,0.0019850307518311998
67.0729,-0.00716489739716053,63.5,0.0019850307518311998
56.848,-0.016949931159615517,63.5,0.0019850307518311998
71.4289,-0.015455299988389015,63.5,0.0019850307518311998
65.3334,0.004729058593511581,63.5,0.0019850307518311998
56.848,-8.005183190107346e-05,63.5,0.0019850307518311998
62.0,-0.0004032121505588293,63.5,0.0019850307518311998
64.3796,0.02203480154275894,63.5,0.0019850307518311998
69.1175,0.017323944717645645,63.5,0.0019850307518311998
89.6694,-0.014802366495132446,63.5,0.0019850307518311998
89.6694,-0.027459334582090378,63.5,0.0019850307518311998
71.0,-0.012950027361512184,63.5,0.0019850307518311998
60.62,-0.006059711799025536,63.5,0.0019850307518311998
65.3334,0.010224627330899239,63.5,0.0019850307518311998
70.8006,-0.03828845173120499,63.5,0.0019850307518311998
63.5,-0.03338786959648132,63.5,0.0019850307518311998
65.3334,-0.011839080601930618,63.5,0.0019850307518311998
73.8121,-0.004673727788031101,63.5,0.0019850307518311998
62.0,0.023307859897613525,63.5,0.0019850307518311998
70.5872,-0.01614922471344471,63.5,0.0019850307518311998
65.3334,0.00031167082488536835,63.5,0.0019850307518311998
65.5535,0.0048163458704948425,63.5,0.0019850307518311998
62.0,-0.005726855248212814,63.5,0.0019850307518311998
69.3445,-0.0038494523614645004,63.5,0.0019850307518311998
73.8587,0.011579479090869427,63.5,0.0019850307518311998
65.827,0.02825338952243328,63.5,0.0019850307518311998
65.2557,-0.008965475484728813,63.8989,0.0026411923695431093
87.9804,-0.025159766897559166,63.8989,0.0026411923695431093
56.848,-0.0038230065256357193,63.8989,0.0026411923695431093
56.848,-0.015571174211800098,63.8989,0.0026411923695431093
65.827,0.0013384334743022919,63.8989,0.0026411923695431093
87.9804,-0.010477423667907715,63.8989,0.0026411923695431093
65.3334,0.00970782246440649,63.8989,0.0026411923695431093
68.6840316,0.008869962766766548,63.8989,0.0026411923695431093
69.1175,0.006553676910698414,63.8989,0.0026411923695431093
69.1175,-4.289485514163971e-05,63.8989,0.0026411923695431093
69.1175,0.008574450388550758,63.8989,0.0026411923695431093
89.6694,-0.016946859657764435,63.8989,0.0026411923695431093
65.3334,0.004638930782675743,63.8989,0.0026411923695431093
69.1175,0.00831766426563263,63.8989,0.0026411923695431093
90.0,-0.047109685838222504,63.8989,0.0026411923695431093
69.1175,0.004335828125476837,63.8989,0.0026411923695431093
62.0,0.0012480239383876324,63.8989,0.0026411923695431093
63.0738,0.002352807205170393,63.8989,0.0026411923695431093
56.848,-0.008310381323099136,63.8989,0.0026411923695431093
69.1175,0.004683022387325764,63.8989,0.0026411923695431093
65.3334,-0.003291361965239048,63.8989,0.0026411923695431093
71.05,0.0018018418923020363,63.8989,0.0026411923695431093
89.6694,-0.017183970659971237,63.8989,0.0026411923695431093
70.1744,0.0007571391761302948,63.8989,0.0026411923695431093
89.6694,-0.018638556823134422,63.8989,0.0026411923695431093
65.2557,0.032376233488321304,63.8989,0.0026411923695431093
65.5535,0.00041652191430330276,63.8989,0.0026411923695431093
63.8989,-0.009179366752505302,63.8989,0.0026411923695431093
70.9268,-0.008059169165790081,63.8989,0.0026411923695431093
65.4217,-6.059184670448303e-06,63.8989,0.0026411923695431093
73.8121,-0.01957971230149269,63.8989,0.0026411923695431093
73.8121,-0.0001260899007320404,63.8989,0.0026411923695431093
64.3796,0.012777648866176605,63.8989,0.0026411923695431093
65.3334,-0.011754341423511505,63.8989,0.0026411923695431093
56.848,0.019847407937049866,63.8989,0.0026411923695431093
60.62,-0.002928471192717552,63.8989,0.0026411923695431093
62.0,0.00295918807387352,63.8989,0.0026411923695431093
65.3334,0.007155305705964565,63.8989,0.0026411923695431093
71.0,-0.013517861254513264,63.8989,0.0026411923695431093
66.0206,0.011427323333919048,63.8989,0.0026411923695431093
63.0738,-0.026567243039608,63.8989,0.0026411923695431093
73.7759,-0.02848714217543602,63.8989,0.0026411923695431093
56.848,0.03677951544523239,63.8989,0.0026411923695431093
65.827,0.012488245964050293,63.8989,0.0026411923695431093
65.3334,0.0023185238242149353,63.8989,0.0026411923695431093
70.8006,0.02342918887734413,63.8989,0.0026411923695431093
65.3334,0.004410355351865292,63.8989,0.0026411923695431093
67.0729,0.0076908450573682785,63.8989,0.0026411923695431093
73.8587,-0.020876437425613403,63.8989,0.0026411923695431093
56.9809,-0.0011195307597517967,63.8989,0.0026411923695431093
65.5535,0.016231607645750046,63.8989,0.0026411923695431093
71.3351,-0.00212295213714242,63.8989,0.0026411923695431093
65.3334,-0.00014780601486563683,63.8989,0.0026411923695431093
73.8121,-0.006836026906967163,64.2252,0.003060423289579902
62.0,-0.007049001753330231,64.2252,0.003060423289579902
65.5535,0.013825938105583191,64.2252,0.003060423289579902
68.6840316,0.006010973826050758,64.2252,0.003060423289579902
56.848,-0.013687863014638424,64.2252,0.003060423289579902
73.8121,-0.020533887669444084,64.2252,0.003060423289579902
63.5,0.018585994839668274,64.2252,0.003060423289579902
67.0729,0.021345315501093864,64.2252,0.003060423289579902
65.3334,0.0038952031172811985,64.2252,0.003060423289579902
66.0206,0.0032501602545380592,64.2252,0.003060423289579902
63.8989,0.010174920782446861,64.2252,0.003060423289579902
63.8989,0.02056024968624115,64.2252,0.003060423289579902
73.8121,-0.014395307749509811,64.2252,0.003060423289579902
90.0,-0.04709817096590996,64.2252,0.003060423289579902
71.4289,-0.03006128780543804,64.2252,0.003060423289579902
70.5872,-0.017879199236631393,64.2252,0.003060423289579902
64.3796,0.008305545896291733,64.2252,0.003060423289579902
63.8989,0.01496218703687191,64.2252,0.003060423289579902
70.5872,0.0014873435720801353,64.2252,0.003060423289579902
56.848,0.018399357795715332,64.2252,0.003060423289579902
65.3334,-4.030298441648483e-06,64.2252,0.003060423289579902
63.8989,0.0028814557008445263,64.2252,0.003060423289579902
73.94090591,-0.022956494241952896,64.2252,0.003060423289579902
71.4289,-0.022500965744256973,64.2252,0.003060423289579902
70.9268,-0.009022788144648075,64.2252,0.003060423289579902
64.2252,0.005675439722836018,64.2252,0.003060423289579902
62.0,0.02584528736770153,64.2252,0.003060423289579902
60.62,0.010136283934116364,64.2252,0.003060423289579902
63.8989,-0.009891930967569351,64.2252,0.003060423289579902
56.848,-0.008557341992855072,64.2252,0.003060423289579902
56.848,0.0019511664286255836,64.2252,0.003060423289579902
89.6694,-0.021433254703879356,64.2252,0.003060423289579902
89.6694,-0.017245113849639893,64.3479,0.0031775221655238484
56.9809,0.021852098405361176,64.3479,0.0031775221655238484
65.3334,0.002342033199965954,64.3479,0.0031775221655238484
56.848,0.005990451201796532,64.3479,0.0031775221655238484
73.8121,-0.01910969987511635,64.3479,0.0031775221655238484
69.1175,0.010292163118720055,64.3479,0.0031775221655238484
65.3334,0.00579746812582016,64.3796,0.0032075419941961962
71.0,-0.03111519105732441,64.3796,0.0032075419941961962
73.8587,0.00027779792435467243,64.3796,0.0032075419941961962
71.0,-0.014797685667872429,64.3796,0.0032075419941961962
70.09689031,-0.02371898479759693,64.4072,0.003233605674784968
65.3334,0.01556902565062046,64.4072,0.003233605674784968
89.6694,-0.026441140100359917,64.4072,0.003233605674784968
56.848,-0.015946388244628906,64.4072,0.003233605674784968
89.6694,-0.01614975742995739,64.4072,0.003233605674784968
65.3334,0.005524909123778343,64.4072,0.003233605674784968
62.0,0.0022681578993797302,64.4072,0.003233605674784968
71.0,-0.01852664165198803,64.4072,0.003233605674784968
56.848,-0.0065275197848677635,64.8929,0.0036832914404691095
70.8006,-0.03101189248263836,64.8929,0.0036832914404691095
60.62,0.001011793501675129,64.8929,0.0036832914404691095
56.848,-0.009658700786530972,64.8929,0.0036832914404691095
68.28317168,0.007156074047088623,64.8929,0.0036832914404691095
63.8989,-0.007866996340453625,64.8929,0.0036832914404691095
69.1175,0.008098295889794827,64.8929,0.0036832914404691095
56.848,0.025332752615213394,64.8929,0.0036832914404691095
56.848,-0.03010735474526882,64.8929,0.0036832914404691095
67.0729,0.009717835113406181,64.8929,0.0036832914404691095
63.8989,-0.01481444388628006,65.0,0.0037808662092622147
65.3334,0.009396689012646675,65.0,0.0037808662092622147
73.8587,0.014033560641109943,65.2557,0.004012957768486594
63.8989,-0.010074445977807045,65.2557,0.004012957768486594
71.4289,-0.015092842280864716,65.2557,0.004012957768486594
69.1175,0.006251525599509478,65.2557,0.004012957768486594
68.28317168,0.0045676929876208305,65.2557,0.004012957768486594
65.5535,-0.0003356747329235077,65.2557,0.004012957768486594
66.0094,-0.004795486107468605,65.2557,0.004012957768486594
56.848,-0.028655504807829857,65.2557,0.004012957768486594
87.9804,-0.020370911806821823,65.2557,0.004012957768486594
67.0729,0.010821647942066193,65.2557,0.004012957768486594
73.8121,0.003754580393433571,65.2557,0.004012957768486594
70.8006,-0.03913302347064018,65.2557,0.004012957768486594
62.0,0.0037709795869886875,65.2557,0.004012957768486594
72.2898,-0.013565875589847565,65.2557,0.004012957768486594
65.3334,0.0031280359253287315,65.2557,0.004012957768486594
67.0729,0.025487026199698448,65.2557,0.004012957768486594
65.5535,-0.004111402668058872,65.2557,0.004012957768486594
66.0206,0.014352924190461636,65.2557,0.004012957768486594
90.0,-0.05172193795442581,65.3334,0.004083399685423893
64.8929,-0.00010010320693254471,65.3334,0.004083399685423893
67.0729,-9.635742753744125e-05,65.3334,0.004083399685423893
56.848,-0.007434649858623743,65.3334,0.004083399685423893
56.848,-0.0055494606494903564,65.3334,0.004083399685423893
56.9809,-0.005418827757239342,65.3334,0.004083399685423893
69.1175,0.001467650756239891,65.3334,0.004083399685423893
69.1175,0.009662911295890808,65.3334,0.004083399685423893
70.8006,-0.03740042448043823,65.3334,0.004083399685423893
65.3334,0.010038992390036583,65.3334,0.004083399685423893
68.6840316,0.005461519584059715,65.3334,0.004083399685423893
71.0,-0.010610578581690788,65.3334,0.004083399685423893
63.0738,0.004153525922447443,65.3334,0.004083399685423893
65.5535,0.01637166365981102,65.3334,0.004083399685423893
63.0738,0.0024285241961479187,65.3334,0.004083399685423893
67.0729,0.017053116112947464,65.3334,0.004083399685423893
89.6694,-0.025348948314785957,65.3334,0.004083399685423893
65.3334,0.009354975074529648,65.3334,0.004083399685423893
90.0,-0.046409621834754944,65.3334,0.004083399685423893
89.6694,-0.016173239797353745,65.3334,0.004083399685423893
73.7759,0.004590222612023354,65.3334,0.004083399685423893
65.3334,0.0007669525220990181,65.3334,0.004083399685423893
68.6840316,-0.0014866692945361137,65.3334,0.004083399685423893
65.7712,-0.0029221074655652046,65.3334,0.004083399685423893
71.4289,-0.013857121579349041,65.3334,0.004083399685423893
67.0729,0.0021484713070094585,65.3334,0.004083399685423893
90.0,-0.04082094877958298,65.3334,0.004083399685423893
87.9804,-0.0056535545736551285,65.3334,0.004083399685423893
62.0,-0.018240388482809067,65.3334,0.004083399685423893
69.1175,0.00474909320473671,65.3334,0.004083399685423893
56.848,-0.014555845409631729,65.3334,0.004083399685423893
67.0729,0.004182753153145313,65.3334,0.004083399685423893
56.848,-0.01094011403620243,65.3334,0.004083399685423893
69.1175,-0.00416461331769824,65.3334,0.004083399685423893
67.0729,0.009060525335371494,65.3334,0.004083399685423893
56.848,-0.008793430402874947,65.3334,0.004083399685423893
56.848,-0.010324749164283276,65.3334,0.004083399685423893
65.3334,0.0096196997910738,65.3334,0.004083399685423893
73.7759,0.005230683833360672,65.3334,0.004083399685423893
65.5535,-0.003806980326771736,65.3334,0.004083399685423893
63.5,-0.009031480178236961,65.3334,0.004083399685423893
65.827,0.006796631962060928,65.3334,0.004083399685423893
90.0,-0.050570935010910034,65.3334,0.004083399685423893
65.3334,-0.0015760581009089947,65.3334,0.004083399685423893
72.2898,-0.012150893919169903,65.3334,0.004083399685423893
68.6840316,0.015642505139112473,65.3334,0.004083399685423893
89.6694,-0.007209659554064274,65.3334,0.004083399685423893
63.8989,-0.020071398466825485,65.3334,0.004083399685423893
60.62,0.00732836127281189,65.3334,0.004083399685423893
65.3334,0.003547542728483677,65.3334,0.004083399685423893
65.5535,0.01228424720466137,65.3334,0.004083399685423893
65.3334,0.023834265768527985,65.3334,0.004083399685423893
57.0453,-0.0029233666136860847,65.3334,0.004083399685423893
69.1175,0.0041229017078876495,65.3334,0.004083399685423893
56.848,-0.016291696578264236,65.3334,0.004083399685423893
57.0453,-0.00897479709237814,65.3334,0.004083399685423893
74.1166,-0.005134799052029848,65.3334,0.004083399685423893
70.7936,-0.018105316907167435,65.3334,0.004083399685423893
64.2252,0.0002869939198717475,65.3334,0.004083399685423893
69.1175,0.017687737941741943,65.3334,0.004083399685423893
70.1744,-0.0014555566012859344,65.3334,0.004083399685423893
70.9268,-0.01262054406106472,65.3334,0.004083399685423893
68.6840316,0.004713578149676323,65.3334,0.004083399685423893
65.5535,0.01628602109849453,65.3334,0.004083399685423893
56.946,-0.01268601045012474,65.3334,0.004083399685423893
69.1175,0.005316808819770813,65.3334,0.004083399685423893
63.8989,-0.007240423932671547,65.3334,0.004083399685423893
66.0206,0.005005054175853729,65.3334,0.004083399685423893
65.5535,0.01898808404803276,65.3334,0.004083399685423893
72.2898,-0.012247301638126373,65.3334,0.004083399685423893
65.3334,0.00814779568463564,65.3334,0.004083399685423893
67.0729,0.003319249954074621,65.3334,0.004083399685423893
89.6694,-0.016306044533848763,65.3334,0.004083399685423893
63.8989,0.010421033948659897,65.3334,0.004083399685423893
73.8121,-0.020869966596364975,65.3334,0.004083399685423893
65.3334,0.010875617153942585,65.3334,0.004083399685423893
63.8989,-0.008903110399842262,65.3334,0.004083399685423893
90.0,-0.07785557210445404,65.3334,0.004083399685423893
89.6694,-0.028712818399071693,65.3334,0.004083399685423893
68.6840316,0.005936497822403908,65.3334,0.004083399685423893
71.3351,-0.004116857890039682,65.3334,0.004083399685423893
62.0,-0.002942437306046486,65.3334,0.004083399685423893
65.3334,0.00428985059261322,65.3334,0.004083399685423893
66.0206,0.019557368010282516,65.3334,0.004083399685423893
56.848,-0.002487807534635067,65.3334,0.004083399685423893
68.6840316,-0.005903259851038456,65.3334,0.004083399685423893
89.6694,-0.018497157841920853,65.3334,0.004083399685423893
71.4289,-0.012809844687581062,65.3334,0.004083399685423893
56.848,-0.001485171727836132,65.3334,0.004083399685423893
65.3334,0.009318346157670021,65.3334,0.004083399685423893
70.8006,-0.0461425818502903,65.3334,0.004083399685423893
67.0729,0.023030871525406837,65.3334,0.004083399685423893
68.6840316,-0.003660117741674185,65.3334,0.004083399685423893
56.848,0.023744236677885056,65.3334,0.004083399685423893
65.3334,0.009706740267574787,65.3334,0.004083399685423893
63.8989,-0.01612492837011814,65.3334,0.004083399685423893
65.5535,0.004250501282513142,65.3334,0.004083399685423893
63.5,0.0011057951487600803,65.3334,0.004083399685423893
64.2252,0.00817879382520914,65.3334,0.004083399685423893
56.848,0.023599393665790558,65.3334,0.004083399685423893
56.848,0.007689104415476322,65.3334,0.004083399685423893
56.848,-0.0013251909986138344,65.3334,0.004083399685423893
63.8989,0.004415662027895451,65.3334,0.004083399685423893
62.0,-0.0043011624366045,65.3334,0.004083399685423893
67.0729,-0.0020693140104413033,65.3334,0.004083399685423893
90.0,-0.043125495314598083,65.3334,0.004083399685423893
63.5,-0.005474576726555824,65.3334,0.004083399685423893
89.6694,-0.028747359290719032,65.3334,0.004083399685423893
73.8121,0.009095219895243645,65.3334,0.004083399685423893
65.3334,-0.003144381335005164,65.3334,0.004083399685423893
71.4289,-0.01920231804251671,65.3334,0.004083399685423893
56.9809,-0.026538275182247162,65.3334,0.004083399685423893
56.848,-0.013982050120830536,65.3334,0.004083399685423893
68.6840316,-0.0027906005270779133,65.3334,0.004083399685423893
56.848,-0.00949838850647211,65.3334,0.004083399685423893
69.1175,0.00760639039799571,65.3334,0.004083399685423893
56.848,-0.00684064906090498,65.3334,0.004083399685423893
62.0,-0.008287785574793816,65.3334,0.004083399685423893
63.5,0.01988949626684189,65.3334,0.004083399685423893
65.3334,0.0008344692178070545,65.3334,0.004083399685423893
73.8121,-0.019307566806674004,65.3334,0.004083399685423893
72.2898,-0.03859416022896767,65.3334,0.004083399685423893
73.8121,-0.0017722102347761393,65.3334,0.004083399685423893
56.848,-0.024067990481853485,65.3334,0.004083399685423893
68.6840316,0.01554054394364357,65.3334,0.004083399685423893
70.8006,-0.03711165860295296,65.3334,0.004083399685423893
65.3334,0.008340992033481598,65.3334,0.004083399685423893
90.0,-0.046809010207653046,65.3334,0.004083399685423893
69.1175,0.0014422780368477106,65.3334,0.004083399685423893
74.1166,-0.0011359264608472586,65.3334,0.004083399685423893
71.05,-0.04107913374900818,65.3334,0.004083399685423893
57.0453,-0.016631782054901123,65.3334,0.004083399685423893
56.848,0.02433895133435726,65.3334,0.004083399685423893
62.0,-0.021181482821702957,65.3334,0.004083399685423893
90.0,-0.034528471529483795,65.3334,0.004083399685423893
67.0729,-0.00476511474698782,65.3334,0.004083399685423893
65.7712,-0.011813465505838394,65.3334,0.004083399685423893
65.3334,-0.01144056860357523,65.3334,0.004083399685423893
69.1175,0.00692237913608551,65.3334,0.004083399685423893
87.9804,-0.01637973077595234,65.3334,0.004083399685423893
56.848,0.0289346631616354,65.3334,0.004083399685423893
90.0,-0.06478241086006165,65.3334,0.004083399685423893
56.848,0.017812006175518036,65.3334,0.004083399685423893
65.3334,0.009388795122504234,65.3334,0.004083399685423893
64.3796,0.02671871706843376,65.3334,0.004083399685423893
90.0,-0.05178824067115784,65.3334,0.004083399685423893
69.1175,0.002839838620275259,65.3334,0.004083399685423893
56.848,-0.008189182728528976,65.3334,0.004083399685423893
65.3334,0.011517941020429134,65.3334,0.004083399685423893
73.8121,7.896637544035912e-05,65.3334,0.004083399685423893
65.3334,-0.00015456974506378174,65.3334,0.004083399685423893
67.0729,0.019115911796689034,65.3334,0.004083399685423893
63.5,0.00027419556863605976,65.3334,0.004083399685423893
73.8121,-0.0071706706658005714,65.3334,0.004083399685423893
67.0729,-0.004456286318600178,65.3334,0.004083399685423893
71.05,-0.031756237149238586,65.3334,0.004083399685423893
68.6840316,0.019319936633110046,65.3334,0.004083399685423893
71.4289,-0.02214728482067585,65.3334,0.004083399685423893
67.0729,0.0259125754237175,65.3334,0.004083399685423893
68.6840316,0.0034409454092383385,65.3334,0.004083399685423893
65.827,0.006573681719601154,65.3334,0.004083399685423893
71.4289,-0.01544875092804432,65.3334,0.004083399685423893
63.8989,-0.005635800771415234,65.3334,0.004083399685423893
65.5535,0.0014555519446730614,65.3334,0.004083399685423893
62.0,-0.011288263835012913,65.3334,0.004083399685423893
66.0206,0.014842118136584759,65.3334,0.004083399685423893
63.5,-0.032693102955818176,65.3334,0.004083399685423893
65.5535,-0.0005021276883780956,65.3334,0.004083399685423893
56.848,0.005737639963626862,65.3334,0.004083399685423893
68.28317168,0.014891196973621845,65.3334,0.004083399685423893
71.0,-0.02436022274196148,65.3334,0.004083399685423893
90.0,-0.04689011722803116,65.3334,0.004083399685423893
90.0,-0.052933696657419205,65.3334,0.004083399685423893
60.62,0.014508195221424103,65.3334,0.004083399685423893
65.3334,0.009741722606122494,65.3334,0.004083399685423893
72.2898,-0.033371224999427795,65.3334,0.004083399685423893
70.8006,-0.04087730124592781,65.3334,0.004083399685423893
73.8121,-0.0386962965130806,65.3334,0.004083399685423893
73.8587,0.007598509080708027,65.3334,0.004083399685423893
56.848,-0.0021081622689962387,65.3334,0.004083399685423893
65.5535,0.0015149302780628204,65.3334,0.004083399685423893
68.6840316,0.008293991908431053,65.3334,0.004083399685423893
71.4289,-0.01564924605190754,65.3334,0.004083399685423893
65.3334,-0.010576825588941574,65.3334,0.004083399685423893
56.848,-0.005351856350898743,65.3334,0.004083399685423893
65.3334,0.009380524978041649,65.3334,0.004083399685423893
65.5535,0.005735347047448158,65.3334,0.004083399685423893
65.3334,0.017214691266417503,65.3334,0.004083399685423893
70.9268,-0.012037819251418114,65.3334,0.004083399685423893
73.8587,-0.03190358728170395,65.3334,0.004083399685423893
68.28317168,-0.002134075853973627,65.3334,0.004083399685423893
67.0729,-0.0013377340510487556,65.3334,0.004083399685423893
70.9268,-0.02149108238518238,65.3334,0.004083399685423893
65.3334,0.01633881777524948,65.3334,0.004083399685423893
71.3351,-0.009144235402345657,65.3334,0.004083399685423893
65.3334,-0.010210257023572922,65.3334,0.004083399685423893
69.1175,0.0020752486307173967,65.3334,0.004083399685423893
64.2252,0.003784890752285719,65.3334,0.004083399685423893
56.848,0.015451774001121521,65.3334,0.004083399685423893
62.0,-0.0005428553558886051,65.3334,0.004083399685423893
70.09689031,-0.008458273485302925,65.3334,0.004083399685423893
73.8121,-0.036036983132362366,65.3334,0.004083399685423893
56.848,-0.009838122874498367,65.3334,0.004083399685423893
65.0,0.014827117323875427,65.3334,0.004083399685423893
65.3334,-0.00030444865114986897,65.3334,0.004083399685423893
65.827,0.029461517930030823,65.3334,0.004083399685423893
56.848,0.01018587313592434,65.3334,0.004083399685423893
64.2252,-0.004027612507343292,65.3334,0.004083399685423893
68.6840316,0.032051391899585724,65.3334,0.004083399685423893
89.6694,-0.016785643994808197,65.3334,0.004083399685423893
65.3334,0.009457353502511978,65.3334,0.004083399685423893
70.8006,-0.03175368905067444,65.3334,0.004083399685423893
69.3445,-0.007990003563463688,65.3334,0.004083399685423893
65.3334,0.014037363231182098,65.3334,0.004083399685423893
69.1175,-0.0030847168527543545,65.3334,0.004083399685423893
68.28317168,0.010755389928817749,65.3334,0.004083399685423893
63.5,-0.015533494763076305,65.3334,0.004083399685423893
69.1175,0.00956222228705883,65.3334,0.004083399685423893
68.6840316,0.0018478380516171455,65.3334,0.004083399685423893
65.3334,0.004786655306816101,65.3334,0.004083399685423893
65.3334,-0.001630021259188652,65.3334,0.004083399685423893
56.848,-0.012298685498535633,65.3334,0.004083399685423893
69.1175,0.006456547416746616,65.3334,0.004083399685423893
63.8989,-0.009122636169195175,65.3334,0.004083399685423893
69.1175,0.0031298259273171425,65.3334,0.004083399685423893
69.1175,0.014873582869768143,65.3334,0.004083399685423893
72.2573,-0.015073944814503193,65.3334,0.004083399685423893
69.1175,0.023033859208226204,65.3334,0.004083399685423893
74.0,0.0003817726392298937,65.4217,0.004163431934302475
65.3334,0.010413375683128834,65.4217,0.004163431934302475
90.0,-0.08115117251873016,65.4217,0.004163431934302475
65.3334,-0.0066743455827236176,65.5535,0.004282651638253622
64.2252,0.01723850518465042,65.5535,0.004282651638253622
71.3351,-2.8472859412431717e-05,65.5535,0.004282651638253622
68.6840316,-0.005422835238277912,65.5535,0.004282651638253622
65.5535,0.01994469203054905,65.5535,0.004282651638253622
69.1175,0.008219219744205475,65.5535,0.004282651638253622
67.0729,0.006763355806469917,65.5535,0.004282651638253622
67.0729,0.011030415073037148,65.5535,0.004282651638253622
65.7712,0.019238347187638283,65.5535,0.004282651638253622
56.848,0.0014051368925720453,65.5535,0.004282651638253622
65.3334,0.0032285708002746105,65.5535,0.004282651638253622
65.3334,0.009752861224114895,65.5535,0.004282651638253622
69.1175,0.008756347000598907,65.5535,0.004282651638253622
56.848,0.021884236484766006,65.5535,0.004282651638253622
56.848,-0.009730611927807331,65.5535,0.004282651638253622
68.6840316,0.0020390134304761887,65.5535,0.004282651638253622
65.5535,0.008816231042146683,65.5535,0.004282651638253622
65.3334,0.00904407724738121,65.5535,0.004282651638253622
67.0729,0.02523043379187584,65.5535,0.004282651638253622
72.2898,-0.017472799867391586,65.5535,0.004282651638253622
73.7759,0.005822283681482077,65.5535,0.004282651638253622
74.1166,-0.0062927487306296825,65.5535,0.004282651638253622
64.4072,-0.004647210240364075,65.5535,0.004282651638253622
65.3334,0.0008081910200417042,65.5535,0.004282651638253622
60.62,-0.011439633555710316,65.5535,0.004282651638253622
65.5535,0.005534680560231209,65.5535,0.004282651638253622
90.0,-0.041298624128103256,65.5535,0.004282651638253622
89.6694,-0.022180231288075447,65.5535,0.004282651638253622
56.848,-0.012739529833197594,65.5535,0.004282651638253622
65.3334,0.0048159221187233925,65.5535,0.004282651638253622
65.3334,0.0027928343042731285,65.5535,0.004282651638253622
71.0,-0.021016735583543777,65.5535,0.004282651638253622
63.8989,-0.006452393718063831,65.5535,0.004282651638253622
65.3334,-0.000347653403878212,65.5535,0.004282651638253622
56.848,0.021120399236679077,65.5535,0.004282651638253622
56.9809,-0.003192323725670576,65.5535,0.004282651638253622
60.62,0.006026800721883774,65.5535,0.004282651638253622
71.05,0.0005261341575533152,65.5535,0.004282651638253622
64.8929,0.0002967182081192732,65.5535,0.004282651638253622
90.0,-0.04971369355916977,65.5535,0.004282651638253622
87.9804,-0.013809426687657833,65.5535,0.004282651638253622
67.0729,0.006696272175759077,65.5535,0.004282651638253622
56.848,-0.009952351450920105,65.5535,0.004282651638253622
67.0729,-0.004312876611948013,65.5535,0.004282651638253622
56.848,0.010469913482666016,65.5535,0.004282651638253622
65.3334,-0.003954473417252302,65.5535,0.004282651638253622
87.9804,-0.025963246822357178,65.5535,0.004282651638253622
56.848,0.030138622969388962,65.5535,0.004282651638253622
68.28317168,0.006602505221962929,65.5535,0.004282651638253622
90.0,-0.05041828006505966,65.5535,0.004282651638253622
63.8989,0.010754748247563839,65.5535,0.004282651638253622
67.0729,-0.0038912335876375437,65.5535,0.004282651638253622
56.9809,-0.008265508338809013,65.5535,0.004282651638253622
64.2252,0.01093604788184166,65.5535,0.004282651638253622
65.5535,0.002872464247047901,65.5535,0.004282651638253622
64.2252,0.011957189068198204,65.5535,0.004282651638253622
62.0,-0.00814758986234665,65.5535,0.004282651638253622
74.1166,-0.004337893798947334,65.5535,0.004282651638253622
56.848,-0.012725654058158398,65.5535,0.004282651638253622
67.0729,-0.000825192779302597,65.5535,0.004282651638253622
72.2573,-0.04032116383314133,65.7712,0.004477225837373334
62.0,0.006746301427483559,65.7712,0.004477225837373334
71.0,-0.019459007307887077,65.7712,0.004477225837373334
67.0729,-0.003979271277785301,65.7712,0.004477225837373334
63.5,-0.03321576118469238,65.7712,0.004477225837373334
56.9809,-0.025842178612947464,65.7712,0.004477225837373334
68.6840316,0.0055154007859528065,65.7712,0.004477225837373334
56.9809,-0.015346758998930454,65.7712,0.004477225837373334
73.7759,-0.028168421238660812,65.827,0.004526112755822493
65.3334,0.001857961993664503,65.827,0.004526112755822493
65.3334,0.005062876269221306,65.827,0.004526112755822493
90.0,-0.05087599530816078,65.827,0.004526112755822493
56.9809,-0.0047819484025239944,65.827,0.004526112755822493
65.3334,0.007325183600187302,65.827,0.004526112755822493
65.3334,-0.0004540039226412773,65.827,0.004526112755822493
67.0729,-0.000985749065876007,65.827,0.004526112755822493
67.0729,0.002952862996608019,65.827,0.004526112755822493
56.848,0.017436029389500618,65.827,0.004526112755822493
74.1166,-0.0030835061334073544,65.827,0.004526112755822493
63.8989,-0.024424545466899872,65.827,0.004526112755822493
62.0,-0.0022788988426327705,65.827,0.004526112755822493
56.848,0.022250458598136902,65.827,0.004526112755822493
70.1744,-0.021234147250652313,65.827,0.004526112755822493
63.0738,-0.004087895154953003,65.827,0.004526112755822493
71.4289,-0.015835752710700035,65.827,0.004526112755822493
70.09689031,-0.016166698187589645,65.827,0.004526112755822493
87.9804,0.000741494819521904,65.827,0.004526112755822493
56.848,0.01159434113651514,65.827,0.004526112755822493
67.0729,-0.0031421822495758533,65.827,0.004526112755822493
69.1175,0.007459081709384918,65.827,0.004526112755822493
71.4289,-0.01843572035431862,65.827,0.004526112755822493
71.0,-0.0070139747112989426,66.0094,0.0046807451955681156
62.0,0.0070899538695812225,66.0094,0.0046807451955681156
56.848,0.039314739406108856,66.0094,0.0046807451955681156
56.9809,0.017231155186891556,66.0094,0.0046807451955681156
67.0729,0.004884859547019005,66.0094,0.0046807451955681156
56.848,-0.004246436059474945,66.0094,0.0046807451955681156
65.3334,0.0020457543432712555,66.0094,0.0046807451955681156
65.5535,0.00915764831006527,66.0094,0.0046807451955681156
71.3351,-0.0038352590054273605,66.0094,0.0046807451955681156
62.0,0.007075347006320953,66.0094,0.0046807451955681156
56.848,-0.003167522605508566,66.0094,0.0046807451955681156
64.3479,0.009958912618458271,66.0094,0.0046807451955681156
87.9804,0.008373701944947243,66.0094,0.0046807451955681156
66.0094,0.0020987018942832947,66.0094,0.0046807451955681156
68.28317168,0.009467676281929016,66.0094,0.0046807451955681156
56.848,0.026132145896553993,66.0094,0.0046807451955681156
69.3445,-0.0030225953087210655,66.0206,0.004689904774301986
65.5535,0.01649535819888115,66.0206,0.004689904774301986
62.0,0.0176256000995636,66.0206,0.004689904774301986
68.6840316,0.006262720562517643,66.0206,0.004689904774301986
73.94090591,-0.02781832404434681,66.0206,0.004689904774301986
56.848,-0.009215712547302246,66.0206,0.004689904774301986
70.8006,0.011501632630825043,66.0206,0.004689904774301986
90.0,-0.037280552089214325,66.0206,0.004689904774301986
56.848,0.021770665422081947,66.0206,0.004689904774301986
65.3334,0.004932010546326637,66.0206,0.004689904774301986
89.6694,-0.04175056517124176,66.0206,0.004689904774301986
90.0,-0.04928700625896454,66.0206,0.004689904774301986
56.848,-0.0006180829368531704,66.0206,0.004689904774301986
89.6694,-0.01676402986049652,66.0206,0.004689904774301986
64.3479,-0.0024256608448922634,66.0206,0.004689904774301986
73.8587,-0.033830683678388596,66.0206,0.004689904774301986
64.8929,-0.00022798217833042145,66.0206,0.004689904774301986
73.94090591,-0.026720566675066948,66.0206,0.004689904774301986
60.62,0.014178913086652756,66.0206,0.004689904774301986
64.2252,-0.0014060211833566427,66.0206,0.004689904774301986
89.6694,-0.012012679129838943,67.0729,0.004309560478093443
68.28317168,0.003948107361793518,67.0729,0.004309560478093443
65.3334,-0.012364080175757408,67.0729,0.004309560478093443
67.0729,0.01263241097331047,67.0729,0.004309560478093443
63.5,-0.02800133265554905,67.0729,0.004309560478093443
68.28317168,0.021451476961374283,67.0729,0.004309560478093443
63.0738,-0.009136924520134926,67.0729,0.004309560478093443
65.827,0.019895268604159355,67.0729,0.004309560478093443
68.28317168,-0.00992179848253727,67.0729,0.004309560478093443
63.8989,0.002216801978647709,67.0729,0.004309560478093443
65.5535,0.0029095951467752457,67.0729,0.004309560478093443
65.5535,-0.008731127716600895,67.0729,0.004309560478093443
73.7759,-0.022676320746541023,67.0729,0.004309560478093443
70.7936,0.02665197104215622,67.0729,0.004309560478093443
71.4289,-0.01588977873325348,67.0729,0.004309560478093443
72.2573,-0.024080589413642883,67.0729,0.004309560478093443
63.8989,-0.01644475944340229,67.0729,0.004309560478093443
69.1175,0.006203679367899895,67.0729,0.004309560478093443
65.2557,-0.010671684518456459,67.0729,0.004309560478093443
90.0,-0.037082523107528687,67.0729,0.004309560478093443
71.05,-0.00855407863855362,67.0729,0.004309560478093443
65.3334,0.010955724865198135,67.0729,0.004309560478093443
67.0729,0.01132320985198021,67.0729,0.004309560478093443
64.2252,-0.0015282451640814543,67.0729,0.004309560478093443
56.9809,0.010083072818815708,67.0729,0.004309560478093443
56.848,0.002688819542527199,67.0729,0.004309560478093443
67.0729,0.010897926054894924,67.0729,0.004309560478093443
65.3334,0.008272739127278328,67.0729,0.004309560478093443
66.0094,0.0055157896131277084,67.0729,0.004309560478093443
74.0,-0.0024008892942219973,67.0729,0.004309560478093443
67.0729,0.015163359232246876,67.0729,0.004309560478093443
87.9804,-0.012896139174699783,67.0729,0.004309560478093443
70.9268,-0.010709874331951141,67.0729,0.004309560478093443
89.6694,-0.010444365441799164,67.0729,0.004309560478093443
65.2557,0.022272922098636627,67.0729,0.004309560478093443
66.0206,0.015349771827459335,67.0729,0.004309560478093443
69.1175,0.009302467107772827,67.0729,0.004309560478093443
65.3334,-0.002079073805361986,67.0729,0.004309560478093443
65.5535,0.017215877771377563,67.0729,0.004309560478093443
63.5,0.014686019159853458,67.0729,0.004309560478093443
66.0206,0.007579300552606583,67.0729,0.004309560478093443
70.09689031,-0.001417800784111023,67.0729,0.004309560478093443
56.848,0.0065509360283613205,67.0729,0.004309560478093443
69.1175,0.004722969606518745,67.0729,0.004309560478093443
70.5872,0.0021707210689783096,67.0729,0.004309560478093443
56.848,0.019613780081272125,67.0729,0.004309560478093443
89.6694,-0.027288362383842468,67.0729,0.004309560478093443
65.3334,0.009333624504506588,67.0729,0.004309560478093443
90.0,-0.04405995458364487,67.0729,0.004309560478093443
70.7936,-0.016232077032327652,67.0729,0.004309560478093443
65.3334,-0.0013704271987080574,67.0729,0.004309560478093443
64.2252,0.008111272938549519,67.0729,0.004309560478093443
68.6840316,0.005118460860103369,67.0729,0.004309560478093443
66.0094,0.010731102898716927,67.0729,0.004309560478093443
62.0,-0.0055938903242349625,67.0729,0.004309560478093443
87.9804,-0.01945735514163971,67.0729,0.004309560478093443
63.8989,-0.009746573865413666,67.0729,0.004309560478093443
65.3334,0.009697997011244297,67.0729,0.004309560478093443
64.4072,0.001340573187917471,67.0729,0.004309560478093443
73.8121,-0.020496489480137825,67.0729,0.004309560478093443
71.4289,-0.01027615275233984,67.0729,0.004309560478093443
69.1175,0.008980684913694859,67.0729,0.004309560478093443
64.8929,-0.0018393276259303093,67.0729,0.004309560478093443
69.1175,0.017910689115524292,67.0729,0.004309560478093443
89.6694,-0.018297243863344193,67.0729,0.004309560478093443
89.6694,-0.011438973248004913,67.0729,0.004309560478093443
71.4289,-0.015353377908468246,67.0729,0.004309560478093443
56.848,-0.0013321214355528355,67.0729,0.004309560478093443
62.0,0.006062204949557781,67.0729,0.004309560478093443
67.0729,0.007600415498018265,67.0729,0.004309560478093443
65.3334,0.03383772075176239,67.0729,0.004309560478093443
68.28317168,0.012031659483909607,67.0729,0.004309560478093443
68.6840316,0.0041758036240935326,67.0729,0.004309560478093443
73.8121,-0.02187284827232361,67.0729,0.004309560478093443
56.9809,-0.01477870810776949,67.0729,0.004309560478093443
65.3334,0.006476603448390961,67.0729,0.004309560478093443
69.1175,0.005886870436370373,67.0729,0.004309560478093443
56.848,0.03614844009280205,67.0729,0.004309560478093443
66.0094,-0.002519974485039711,67.0729,0.004309560478093443
87.9804,-0.01608607918024063,67.0729,0.004309560478093443
56.9809,0.02780197188258171,67.0729,0.004309560478093443
62.0,-0.007622932083904743,67.0729,0.004309560478093443
68.6840316,0.008666342124342918,67.0729,0.004309560478093443
65.827,0.003527628257870674,67.0729,0.004309560478093443
66.0206,0.01472237054258585,67.0729,0.004309560478093443
73.8587,0.016813047230243683,67.0729,0.004309560478093443
65.3334,0.006697679869830608,67.0729,0.004309560478093443
69.1175,-7.931655272841454e-05,67.0729,0.004309560478093443
62.0,-0.0017790421843528748,67.0729,0.004309560478093443
65.827,0.0030816197395324707,67.0729,0.004309560478093443
89.6694,-0.010451026260852814,67.0729,0.004309560478093443
71.0,-0.019699864089488983,67.0729,0.004309560478093443
73.8121,-0.02334216982126236,67.0729,0.004309560478093443
68.28317168,0.006509747356176376,67.0729,0.004309560478093443
56.848,-0.0011487584561109543,67.0729,0.004309560478093443
90.0,-0.049870677292346954,67.0729,0.004309560478093443
56.848,0.028889000415802002,67.0729,0.004309560478093443
62.0,-0.005522448569536209,67.0729,0.004309560478093443
73.7759,0.001784521620720625,67.0729,0.004309560478093443
60.62,-0.003197669517248869,67.0729,0.004309560478093443
69.1175,0.009468957781791687,67.0729,0.004309560478093443
65.3334,0.005265187472105026,67.0729,0.004309560478093443
74.1166,-0.0039735715836286545,67.0729,0.004309560478093443
71.0,-0.025668013840913773,67.0729,0.004309560478093443
65.3334,0.0075317127630114555,67.0729,0.004309560478093443
73.8121,-0.020964421331882477,67.0729,0.004309560478093443
56.848,-0.014170249924063683,67.0729,0.004309560478093443
68.28317168,0.0016549956053495407,67.0729,0.004309560478093443
70.8006,-0.038532789796590805,67.0729,0.004309560478093443
56.848,-0.009451254270970821,67.0729,0.004309560478093443
67.0729,-0.00223428662866354,67.0729,0.004309560478093443
73.7759,0.00782341044396162,67.0729,0.004309560478093443
56.848,-0.004792951978743076,67.0729,0.004309560478093443
67.0729,0.010454019531607628,68.28317168,0.001204473530740729
65.3334,0.01204011868685484,68.28317168,0.001204473530740729
87.9804,0.011435186490416527,68.28317168,0.001204473530740729
56.848,0.024044625461101532,68.28317168,0.001204473530740729
65.3334,0.002735357265919447,68.28317168,0.001204473530740729
65.5535,-0.0007777027785778046,68.28317168,0.001204473530740729
67.0729,-0.0017163869924843311,68.28317168,0.001204473530740729
56.848,-0.0066723935306072235,68.28317168,0.001204473530740729
89.6694,-0.036235712468624115,68.28317168,0.001204473530740729
73.8587,-0.03495524078607559,68.28317168,0.001204473530740729
70.1744,-0.010750455781817436,68.28317168,0.001204473530740729
65.3334,0.00022788997739553452,68.28317168,0.001204473530740729
65.5535,0.0008020577952265739,68.28317168,0.001204473530740729
66.0206,0.001108640106394887,68.28317168,0.001204473530740729
90.0,-0.055974338203668594,68.28317168,0.001204473530740729
69.1175,0.00865679420530796,68.28317168,0.001204473530740729
65.3334,0.011544374749064445,68.28317168,0.001204473530740729
65.3334,0.011556191369891167,68.28317168,0.001204473530740729
65.3334,0.0002926723100244999,68.28317168,0.001204473530740729
71.3351,-0.0281592458486557,68.28317168,0.001204473530740729
64.2252,0.0018057567067444324,68.28317168,0.001204473530740729
56.9809,0.0022318679839372635,68.28317168,0.001204473530740729
69.1175,0.002500643953680992,68.28317168,0.001204473530740729
65.2557,-0.0009572334820404649,68.28317168,0.001204473530740729
60.62,0.008883774280548096,68.6840316,0.00028258326950848296
56.848,-0.005207099951803684,68.6840316,0.00028258326950848296
63.0738,0.0032925293780863285,68.6840316,0.00028258326950848296
90.0,-0.057361263781785965,68.6840316,0.00028258326950848296
90.0,-0.06250882893800735,68.6840316,0.00028258326950848296
65.3334,0.009697230532765388,68.6840316,0.00028258326950848296
73.7759,-0.03209451586008072,68.6840316,0.00028258326950848296
68.6840316,-0.0006088889203965664,68.6840316,0.00028258326950848296
73.7759,0.0036679222248494625,68.6840316,0.00028258326950848296
73.8121,-0.02210252732038498,68.6840316,0.00028258326950848296
56.848,-0.010320447385311127,68.6840316,0.00028258326950848296
67.0729,-0.001120876520872116,68.6840316,0.00028258326950848296
66.0094,0.01482345536351204,68.6840316,0.00028258326950848296
70.5872,-0.009232594631612301,68.6840316,0.00028258326950848296
56.848,0.01797260157763958,68.6840316,0.00028258326950848296
87.9804,-0.02390686608850956,68.6840316,0.00028258326950848296
65.3334,0.004634702578186989,68.6840316,0.00028258326950848296
63.5,-0.001399417407810688,68.6840316,0.00028258326950848296
63.0738,-0.001802973449230194,68.6840316,0.00028258326950848296
56.848,-0.005301184020936489,68.6840316,0.00028258326950848296
74.1166,-0.0005454588681459427,68.6840316,0.00028258326950848296
70.09689031,0.014383373782038689,68.6840316,0.00028258326950848296
65.827,0.006015116348862648,68.6840316,0.00028258326950848296
65.827,0.013869298622012138,68.6840316,0.00028258326950848296
65.3334,0.01981494575738907,68.6840316,0.00028258326950848296
90.0,-0.03944908082485199,68.6840316,0.00028258326950848296
62.0,-0.02120470069348812,68.6840316,0.00028258326950848296
65.3334,0.004937867633998394,68.6840316,0.00028258326950848296
56.848,-0.008765681646764278,68.6840316,0.00028258326950848296
69.1175,0.002692422829568386,68.6840316,0.00028258326950848296
65.3334,0.0024607833474874496,68.6840316,0.00028258326950848296
65.3334,0.013335985131561756,68.6840316,0.00028258326950848296
65.5535,0.0044261012226343155,68.6840316,0.00028258326950848296
90.0,-0.04587087780237198,68.6840316,0.00028258326950848296
89.6694,-0.011858388781547546,68.6840316,0.00028258326950848296
90.0,-0.06692592054605484,68.6840316,0.00028258326950848296
65.2557,-0.0008779114577919245,68.6840316,0.00028258326950848296
71.4289,-0.015269150026142597,68.6840316,0.00028258326950848296
67.0729,0.0013003703206777573,68.6840316,0.00028258326950848296
65.3334,0.0037220902740955353,68.6840316,0.00028258326950848296
65.5535,0.004240258596837521,68.6840316,0.00028258326950848296
89.6694,-0.019747240468859673,68.6840316,0.00028258326950848296
63.5,-0.014304514974355698,68.6840316,0.00028258326950848296
89.6694,-0.01157405972480774,68.6840316,0.00028258326950848296
56.848,-0.004012022167444229,68.6840316,0.00028258326950848296
90.0,-0.05162672698497772,68.6840316,0.00028258326950848296
56.848,0.0012159899342805147,68.6840316,0.00028258326950848296
56.848,-0.01352025382220745,68.6840316,0.00028258326950848296
90.0,-0.043298445641994476,68.6840316,0.00028258326950848296
73.8121,-0.019358761608600616,68.6840316,0.00028258326950848296
56.848,-0.008396291173994541,68.6840316,0.00028258326950848296
69.1175,0.007624940015375614,68.6840316,0.00028258326950848296
56.848,-0.004828518256545067,69.1175,-0.001092689955678284
65.3334,0.0029026679694652557,69.1175,-0.001092689955678284
73.7759,-0.003764186054468155,69.1175,-0.001092689955678284
89.6694,-0.017698653042316437,69.1175,-0.001092689955678284
73.8121,0.0046554189175367355,69.1175,-0.001092689955678284
67.0729,-0.0009789997711777687,69.1175,-0.001092689955678284
56.848,-0.010656359605491161,69.1175,-0.001092689955678284
64.3479,-0.005813124589622021,69.1175,-0.001092689955678284
89.6694,-0.01786704547703266,69.1175,-0.001092689955678284
74.1166,0.00023317080922424793,69.1175,-0.001092689955678284
56.848,0.00412323884665966,69.1175,-0.001092689955678284
65.5535,0.02051766775548458,69.1175,-0.001092689955678284
65.3334,0.009216882288455963,69.1175,-0.001092689955678284
90.0,-0.03683633357286453,69.1175,-0.001092689955678284
56.848,0.018694240599870682,69.1175,-0.001092689955678284
67.0729,-0.0019006377551704645,69.1175,-0.001092689955678284
69.1175,0.03172961622476578,69.1175,-0.001092689955678284
56.9809,0.006639502942562103,69.1175,-0.001092689955678284
69.1175,0.0025499495677649975,69.1175,-0.001092689955678284
56.9809,0.002882082015275955,69.1175,-0.001092689955678284
65.3334,0.018959540873765945,69.1175,-0.001092689955678284
68.6840316,0.001398567110300064,69.1175,-0.001092689955678284
68.6840316,0.019571470096707344,69.1175,-0.001092689955678284
65.3334,0.00876578874886036,69.1175,-0.001092689955678284
68.6840316,0.019264541566371918,69.1175,-0.001092689955678284
67.0729,0.007312406785786152,69.1175,-0.001092689955678284
89.6694,-0.01877434365451336,69.1175,-0.001092689955678284
65.827,0.007476579397916794,69.1175,-0.001092689955678284
69.1175,0.007881345227360725,69.1175,-0.001092689955678284
87.9804,-0.022125452756881714,69.1175,-0.001092689955678284
73.7759,0.008293448016047478,69.1175,-0.001092689955678284
89.6694,-0.00872089248150587,69.1175,-0.001092689955678284
65.3334,0.0141001520678401,69.1175,-0.001092689955678284
69.1175,0.0030724271200597286,69.1175,-0.001092689955678284
87.9804,-0.007026021368801594,69.1175,-0.001092689955678284
68.28317168,0.013164798729121685,69.1175,-0.001092689955678284
68.28317168,0.0015159808099269867,69.1175,-0.001092689955678284
68.6840316,0.005130534991621971,69.1175,-0.001092689955678284
63.8989,0.004485851153731346,69.1175,-0.001092689955678284
67.0729,-0.0038835667073726654,69.1175,-0.001092689955678284
66.0094,0.017081204801797867,69.1175,-0.001092689955678284
57.0453,-0.023283803835511208,69.1175,-0.001092689955678284
65.3334,0.020654097199440002,69.1175,-0.001092689955678284
73.8121,-0.029027696698904037,69.1175,-0.001092689955678284
70.1744,0.008079111576080322,69.1175,-0.001092689955678284
63.0738,-0.006681246683001518,69.1175,-0.001092689955678284
90.0,-0.05003248155117035,69.1175,-0.001092689955678284
56.848,0.0017561577260494232,69.1175,-0.001092689955678284
89.6694,0.003615124151110649,69.1175,-0.001092689955678284
64.2252,0.004956805147230625,69.1175,-0.001092689955678284
65.827,0.004384338855743408,69.1175,-0.001092689955678284
73.8121,-0.03403041884303093,69.1175,-0.001092689955678284
65.2557,0.0015543822664767504,69.1175,-0.001092689955678284
68.6840316,0.0027728343848139048,69.1175,-0.001092689955678284
69.1175,0.011344004422426224,69.1175,-0.001092689955678284
62.0,0.006614167243242264,69.1175,-0.001092689955678284
63.5,-0.002820354886353016,69.1175,-0.001092689955678284
65.3334,0.01838415488600731,69.1175,-0.001092689955678284
70.7936,-0.02708180621266365,69.1175,-0.001092689955678284
56.848,-0.009224232286214828,69.1175,-0.001092689955678284
67.0729,-0.009196903556585312,69.1175,-0.001092689955678284
65.3334,0.01822354644536972,69.1175,-0.001092689955678284
68.6840316,0.006384104024618864,69.1175,-0.001092689955678284
89.6694,-0.019048981368541718,69.1175,-0.001092689955678284
64.2252,0.004283013287931681,69.1175,-0.001092689955678284
56.848,0.02126442641019821,69.1175,-0.001092689955678284
65.3334,0.0032786624506115913,69.1175,-0.001092689955678284
70.09689031,0.0021497365087270737,69.1175,-0.001092689955678284
65.3334,0.026911411434412003,69.1175,-0.001092689955678284
74.1166,-0.0032395878806710243,69.1175,-0.001092689955678284
65.3334,0.007810409180819988,69.1175,-0.001092689955678284
65.3334,0.008522246032953262,69.1175,-0.001092689955678284
67.0729,-0.0014857432106509805,69.1175,-0.001092689955678284
65.2557,0.002833909820765257,69.1175,-0.001092689955678284
63.8989,-0.010580498725175858,69.1175,-0.001092689955678284
70.5872,-0.021723410114645958,69.1175,-0.001092689955678284
65.3334,0.003361497074365616,69.1175,-0.001092689955678284
90.0,-0.05802581459283829,69.1175,-0.001092689955678284
69.1175,0.0020870324224233627,69.1175,-0.001092689955678284
65.3334,0.008121877908706665,69.1175,-0.001092689955678284
67.0729,0.029077038168907166,69.1175,-0.001092689955678284
71.0,-0.015146797522902489,69.1175,-0.001092689955678284
65.7712,0.0007208050228655338,69.1175,-0.001092689955678284
65.2557,-0.015843786299228668,69.1175,-0.001092689955678284
67.0729,-0.008105103857815266,69.1175,-0.001092689955678284
73.7759,-0.01722313091158867,69.1175,-0.001092689955678284
68.28317168,0.0018816785886883736,69.1175,-0.001092689955678284
69.1175,-0.004914031829684973,69.1175,-0.001092689955678284
63.8989,0.0007749982178211212,69.1175,-0.001092689955678284
67.0729,0.019326401874423027,69.1175,-0.001092689955678284
71.0,-0.033608902245759964,69.1175,-0.001092689955678284
64.2252,0.006111823953688145,69.1175,-0.001092689955678284
65.4217,-0.0022787852212786674,69.1175,-0.001092689955678284
64.4072,-0.008358657360076904,69.1175,-0.001092689955678284
65.5535,-0.0035798989702016115,69.1175,-0.001092689955678284
90.0,-0.04697449505329132,69.1175,-0.001092689955678284
71.3351,-0.012260114774107933,69.1175,-0.001092689955678284
69.1175,0.014379248023033142,69.1175,-0.001092689955678284
67.0729,-0.008195599541068077,69.1175,-0.001092689955678284
56.848,0.015505239367485046,69.1175,-0.001092689955678284
73.8121,-0.015377404168248177,69.1175,-0.001092689955678284
56.848,0.01782006397843361,69.3445,-0.0018282332728720787
65.3334,0.023747894912958145,69.3445,-0.0018282332728720787
62.0,0.005517500452697277,69.3445,-0.0018282332728720787
66.0094,0.0030413642525672913,69.3445,-0.0018282332728720787
63.5,-0.03488721698522568,69.3445,-0.0018282332728720787
65.3334,0.018708141520619392,69.3445,-0.0018282332728720787
73.8121,-0.020319916307926178,69.3445,-0.0018282332728720787
65.3334,0.004804839380085468,70.09689031,-0.003708902705883383
63.5,0.001469501294195652,70.09689031,-0.003708902705883383
65.3334,0.004604618530720472,70.09689031,-0.003708902705883383
73.8121,-0.02497215010225773,70.09689031,-0.003708902705883383
71.3351,-0.029021482914686203,70.09689031,-0.003708902705883383
73.8121,-0.02375251054763794,70.09689031,-0.003708902705883383
66.0206,0.0023383935913443565,70.09689031,-0.003708902705883383
65.3334,0.014050828292965889,70.09689031,-0.003708902705883383
69.3445,-0.0037051141262054443,70.09689031,-0.003708902705883383
65.7712,-0.016197962686419487,70.09689031,-0.003708902705883383
69.1175,0.01056454423815012,70.1744,-0.0038956827338483616
65.3334,0.008758059702813625,70.1744,-0.0038956827338483616
56.848,-0.008374204859137535,70.1744,-0.0038956827338483616
56.848,0.001582309603691101,70.1744,-0.0038956827338483616
57.0453,0.007395882159471512,70.1744,-0.0038956827338483616
65.827,0.0015372764319181442,70.1744,-0.0038956827338483616
65.3334,0.008959680795669556,70.1744,-0.0038956827338483616
64.2252,0.004010927863419056,70.1744,-0.0038956827338483616
64.4072,0.03001216985285282,70.5872,-0.004918127844153414
64.3479,-0.002906362060457468,70.5872,-0.004918127844153414
87.9804,-0.02608913742005825,70.5872,-0.004918127844153414
72.2898,-0.009841078892350197,70.5872,-0.004918127844153414
56.848,-0.009722116403281689,70.5872,-0.004918127844153414
56.848,0.03581623360514641,70.5872,-0.004918127844153414
64.8929,0.0038157603703439236,70.5872,-0.004918127844153414
67.0729,0.00363139808177948,70.5872,-0.004918127844153414
64.2252,0.0027522514574229717,70.5872,-0.004918127844153414
68.6840316,0.0038680233992636204,70.7936,-0.005449112081178437
72.2898,-0.01646464690566063,70.7936,-0.005449112081178437
65.3334,-0.0014782613143324852,70.7936,-0.005449112081178437
57.0453,-0.010830895975232124,70.7936,-0.005449112081178437
69.1175,0.0016795005649328232,70.7936,-0.005449112081178437
73.8121,0.015465464442968369,70.7936,-0.005449112081178437
74.1166,-0.0019393600523471832,70.7936,-0.005449112081178437
72.2573,0.004031938500702381,70.8006,-0.0054673552398282425
62.0,-0.0070395804941654205,70.8006,-0.0054673552398282425
56.946,-0.01441188994795084,70.8006,-0.0054673552398282425
68.28317168,0.003577969968318939,70.8006,-0.0054673552398282425
90.0,-0.0470631942152977,70.8006,-0.0054673552398282425
65.3334,0.001035165973007679,70.8006,-0.0054673552398282425
73.8587,-0.028073815628886223,70.8006,-0.0054673552398282425
89.6694,-0.018597524613142014,70.8006,-0.0054673552398282425
73.7759,-0.02984645776450634,70.8006,-0.0054673552398282425
64.8929,-0.0019118830095976591,70.8006,-0.0054673552398282425
69.1175,0.006498527713119984,70.8006,-0.0054673552398282425
67.0729,0.01014101505279541,70.8006,-0.0054673552398282425
74.1166,-0.0004573599435389042,70.8006,-0.0054673552398282425
87.9804,-0.02561652846634388,70.8006,-0.0054673552398282425
65.5535,-0.0006723729893565178,70.8006,-0.0054673552398282425
65.3334,0.0035718511790037155,70.8006,-0.0054673552398282425
70.5872,-0.002336442470550537,70.8006,-0.0054673552398282425
65.3334,0.011533737182617188,70.8006,-0.0054673552398282425
63.8989,-0.012138395570218563,70.8006,-0.0054673552398282425
71.4289,-0.019324548542499542,70.8006,-0.0054673552398282425
89.6694,-0.016557546332478523,70.8006,-0.0054673552398282425
65.2557,0.0016266738530248404,70.9268,-0.005798849631126421
70.7936,-0.003243768587708473,70.9268,-0.005798849631126421
74.1166,-0.006836963817477226,70.9268,-0.005798849631126421
68.6840316,0.005169779062271118,70.9268,-0.005798849631126421
89.6694,-0.020301148295402527,70.9268,-0.005798849631126421
70.8006,-0.039181292057037354,70.9268,-0.005798849631126421
65.7712,-0.0029478450305759907,70.9268,-0.005798849631126421
63.5,-0.027743373066186905,70.9268,-0.005798849631126421
67.0729,-0.002517895307391882,70.9268,-0.005798849631126421
67.0729,0.011437509208917618,70.9268,-0.005798849631126421
67.0729,0.004489403683692217,70.9268,-0.005798849631126421
65.3334,0.0028708972968161106,70.9268,-0.005798849631126421
87.9804,0.002725299447774887,70.9268,-0.005798849631126421
89.6694,-0.00940000545233488,70.9268,-0.005798849631126421
73.7759,-0.028860218822956085,71.0,-0.005993339611694372
87.9804,0.005698507651686668,71.0,-0.005993339611694372
67.0729,0.017292259261012077,71.0,-0.005993339611694372
67.0729,0.004226739518344402,71.0,-0.005993339611694372
63.8989,0.016197863966226578,71.0,-0.005993339611694372
71.0,-0.026733139529824257,71.0,-0.005993339611694372
65.3334,0.0017497371882200241,71.0,-0.005993339611694372
73.8121,-0.008850217796862125,71.0,-0.005993339611694372
70.09689031,0.0016935504972934723,71.0,-0.005993339611694372
87.9804,-0.02197951264679432,71.0,-0.005993339611694372
67.0729,-0.002283492125570774,71.0,-0.005993339611694372
65.3334,0.010169651359319687,71.0,-0.005993339611694372
90.0,-0.048114560544490814,71.0,-0.005993339611694372
66.0206,0.0066064270213246346,71.0,-0.005993339611694372
69.1175,0.0062887780368328094,71.0,-0.005993339611694372
70.09689031,-0.006468653678894043,71.0,-0.005993339611694372
56.848,-0.008884594775736332,71.0,-0.005993339611694372
67.0729,0.010441066697239876,71.0,-0.005993339611694372
63.8989,-0.008922072127461433,71.0,-0.005993339611694372
70.09689031,-0.017364732921123505,71.0,-0.005993339611694372
56.9809,0.010262487456202507,71.05,-0.006127095290663188
65.5535,0.02770952880382538,71.05,-0.006127095290663188
62.0,-0.010850387625396252,71.05,-0.006127095290663188
65.5535,0.006478799507021904,71.05,-0.006127095290663188
90.0,-0.07274691760540009,71.05,-0.006127095290663188
87.9804,-0.024691207334399223,71.05,-0.006127095290663188
56.848,0.028363870456814766,71.05,-0.006127095290663188
67.0729,0.008696284145116806,71.05,-0.006127095290663188
67.0729,-0.0037636724300682545,71.05,-0.006127095290663188
74.0,-0.0006556177977472544,71.05,-0.006127095290663188
68.6840316,-0.013574544340372086,71.3351,-0.0069028549576389
73.8121,-0.02289443276822567,71.3351,-0.0069028549576389
74.1166,-0.0018776492215692997,71.3351,-0.0069028549576389
56.848,0.017441097646951675,71.3351,-0.0069028549576389
89.6694,-0.016329297795891762,71.3351,-0.0069028549576389
65.3334,0.006240960210561752,71.3351,-0.0069028549576389
56.848,-0.005101541988551617,71.3351,-0.0069028549576389
70.5872,-0.010861696675419807,71.3351,-0.0069028549576389
63.8989,-0.015796197578310966,71.3351,-0.0069028549576389
65.3334,0.016114776954054832,71.3351,-0.0069028549576389
90.0,-0.05162715166807175,71.3351,-0.0069028549576389
65.3334,0.01011786237359047,71.3351,-0.0069028549576389
65.827,0.019221106544137,71.3351,-0.0069028549576389
56.848,-0.00953375082463026,71.3351,-0.0069028549576389
66.0206,0.010953881777822971,71.3351,-0.0069028549576389
69.1175,-0.002452520187944174,71.3351,-0.0069028549576389
65.827,-0.0004184679128229618,71.3351,-0.0069028549576389
65.3334,0.020116116851568222,71.4289,-0.007162562910601824
56.848,-0.011805102229118347,71.4289,-0.007162562910601824
72.2898,0.015881473198533058,71.4289,-0.007162562910601824
73.8121,-0.012992732226848602,71.4289,-0.007162562910601824
67.0729,0.008690332062542439,71.4289,-0.007162562910601824
71.3351,-0.02016165666282177,71.4289,-0.007162562910601824
56.848,-0.011118343099951744,71.4289,-0.007162562910601824
74.1166,-0.007312418892979622,71.4289,-0.007162562910601824
56.848,0.0010803001932799816,71.4289,-0.007162562910601824
56.848,0.018780801445245743,71.4289,-0.007162562910601824
89.6694,-0.020306942984461784,71.4289,-0.007162562910601824
65.5535,0.0025205519050359726,71.4289,-0.007162562910601824
70.9268,-0.021921753883361816,71.4289,-0.007162562910601824
65.3334,0.012872789055109024,71.4289,-0.007162562910601824
71.05,-0.04685329273343086,71.4289,-0.007162562910601824
70.9268,-0.008773703128099442,71.4289,-0.007162562910601824
69.1175,0.006493287160992622,71.4289,-0.007162562910601824
64.3479,0.005291427485644817,71.4289,-0.007162562910601824
65.3334,0.009919675067067146,71.4289,-0.007162562910601824
65.3334,0.0009390506893396378,71.4289,-0.007162562910601824
64.8929,0.00046988087706267834,71.4289,-0.007162562910601824
64.2252,0.003183928085491061,71.4289,-0.007162562910601824
73.94090591,-0.024487532675266266,71.4289,-0.007162562910601824
64.2252,0.003877714043483138,71.4289,-0.007162562910601824
65.3334,0.009277251549065113,71.4289,-0.007162562910601824
71.4289,-0.015399256721138954,71.4289,-0.007162562910601824
56.848,-0.01662636548280716,71.4289,-0.007162562910601824
89.6694,-0.018592316657304764,71.4289,-0.007162562910601824
87.9804,-0.006270347163081169,71.4289,-0.007162562910601824
69.1175,0.005214639939367771,71.4289,-0.007162562910601824
65.3334,0.006251273211091757,72.2573,-0.009524974537362327
87.9804,-0.01624671369791031,72.2573,-0.009524974537362327
89.6694,-0.015079373493790627,72.2573,-0.009524974537362327
56.946,-0.012274759821593761,72.2573,-0.009524974537362327
90.0,-0.05102809891104698,72.2573,-0.009524974537362327
90.0,-0.028227467089891434,72.2573,-0.009524974537362327
63.0738,-0.007773455232381821,72.2898,-0.009619407843023366
65.2557,-0.003036672715097666,72.2898,-0.009619407843023366
87.9804,-0.024423617869615555,72.2898,-0.009619407843023366
65.2557,-0.0003038416616618633,72.2898,-0.009619407843023366
67.0729,0.0006363373249769211,72.2898,-0.009619407843023366
87.9804,-0.025119949132204056,72.2898,-0.009619407843023366
71.4289,-0.010763884522020817,72.2898,-0.009619407843023366
73.8121,-0.014144249260425568,72.2898,-0.009619407843023366
65.3334,0.0006456449627876282,72.2898,-0.009619407843023366
65.5535,0.008103173226118088,72.2898,-0.009619407843023366
56.848,9.991414844989777e-05,72.2898,-0.009619407843023366
65.3334,0.012944315560162067,73.7759,-0.013955066311135455
73.8121,0.009411033242940903,73.7759,-0.013955066311135455
65.3334,0.008006783202290535,73.7759,-0.013955066311135455
65.3334,0.0018616952002048492,73.7759,-0.013955066311135455
68.6840316,0.00695523526519537,73.7759,-0.013955066311135455
69.1175,0.003782259300351143,73.7759,-0.013955066311135455
67.0729,0.013602405786514282,73.7759,-0.013955066311135455
65.3334,0.0012557359877973795,73.7759,-0.013955066311135455
63.5,-0.010839932598173618,73.7759,-0.013955066311135455
63.5,0.0007211389020085335,73.7759,-0.013955066311135455
56.848,-0.004002795554697514,73.7759,-0.013955066311135455
62.0,-0.005880088545382023,73.7759,-0.013955066311135455
67.0729,-0.0006180070340633392,73.7759,-0.013955066311135455
67.0729,0.010873297229409218,73.7759,-0.013955066311135455
65.827,0.030674267560243607,73.7759,-0.013955066311135455
64.2252,0.005653514992445707,73.7759,-0.013955066311135455
56.848,-0.0034255338832736015,73.7759,-0.013955066311135455
90.0,-0.07852347195148468,73.7759,-0.013955066311135455
90.0,-0.052407581359148026,73.7759,-0.013955066311135455
70.1744,-0.01658409833908081,73.7759,-0.013955066311135455
65.3334,0.009060028940439224,73.7759,-0.013955066311135455
65.3334,0.004639254882931709,73.7759,-0.013955066311135455
65.3334,0.0012615695595741272,73.7759,-0.013955066311135455
65.3334,0.00437574926763773,73.7759,-0.013955066311135455
67.0729,-0.002314601093530655,73.7759,-0.013955066311135455
67.0729,0.007649985142052174,73.7759,-0.013955066311135455
89.6694,-0.023197447881102562,73.8121,-0.014059511534787454
87.9804,-0.0008337912149727345,73.8121,-0.014059511534787454
56.848,-0.006074391305446625,73.8121,-0.014059511534787454
67.0729,0.019553951919078827,73.8121,-0.014059511534787454
62.0,-0.004718688316643238,73.8121,-0.014059511534787454
65.3334,0.0054594986140728,73.8121,-0.014059511534787454
62.0,0.004720826633274555,73.8121,-0.014059511534787454
69.1175,0.01727120205760002,73.8121,-0.014059511534787454
64.2252,0.005931488703936338,73.8121,-0.014059511534787454
64.2252,-0.0041663008742034435,73.8121,-0.014059511534787454
67.0729,0.028809938579797745,73.8121,-0.014059511534787454
65.3334,-0.0020563337020576,73.8121,-0.014059511534787454
69.1175,0.005511724390089512,73.8121,-0.014059511534787454
73.94090591,-0.028635427355766296,73.8121,-0.014059511534787454
67.0729,-0.0034050201065838337,73.8121,-0.014059511534787454
70.8006,0.0026686624623835087,73.8121,-0.014059511534787454
69.1175,0.0022146725095808506,73.8121,-0.014059511534787454
69.1175,-0.0002798191271722317,73.8121,-0.014059511534787454
56.848,0.019088996574282646,73.8121,-0.014059511534787454
65.5535,-0.008685923181474209,73.8121,-0.014059511534787454
70.1744,-0.021943964064121246,73.8121,-0.014059511534787454
65.3334,0.001646361779421568,73.8121,-0.014059511534787454
67.0729,0.01796797476708889,73.8121,-0.014059511534787454
62.0,0.004262315109372139,73.8121,-0.014059511534787454
71.3351,-0.01826063171029091,73.8121,-0.014059511534787454
65.5535,0.022819481790065765,73.8121,-0.014059511534787454
65.3334,0.010421006008982658,73.8121,-0.014059511534787454
56.9809,0.01994437910616398,73.8121,-0.014059511534787454
90.0,-0.06313622742891312,73.8121,-0.014059511534787454
56.848,0.001623610034584999,73.8121,-0.014059511534787454
65.3334,0.010677192360162735,73.8121,-0.014059511534787454
65.3334,0.004377223551273346,73.8121,-0.014059511534787454
73.8587,-0.007997477427124977,73.8121,-0.014059511534787454
73.8587,0.007311864756047726,73.8121,-0.014059511534787454
56.848,0.01024236623197794,73.8121,-0.014059511534787454
65.3334,-5.215196870267391e-05,73.8121,-0.014059511534787454
56.848,0.019798774272203445,73.8121,-0.014059511534787454
66.0206,0.007186286151409149,73.8121,-0.014059511534787454
65.3334,0.0004216134548187256,73.8121,-0.014059511534787454
63.5,0.001176777994260192,73.8121,-0.014059511534787454
65.7712,-0.009381053037941456,73.8121,-0.014059511534787454
64.3479,-0.004144679754972458,73.8121,-0.014059511534787454
89.6694,-0.013990662060678005,73.8121,-0.014059511534787454
67.0729,-0.00015664752572774887,73.8121,-0.014059511534787454
56.848,0.005996081978082657,73.8121,-0.014059511534787454
65.3334,0.00014685606583952904,73.8121,-0.014059511534787454
65.3334,-0.01088019646704197,73.8121,-0.014059511534787454
70.9268,-0.03508087992668152,73.8121,-0.014059511534787454
62.0,0.016827493906021118,73.8121,-0.014059511534787454
67.0729,1.6219913959503174e-05,73.8121,-0.014059511534787454
65.3334,0.008924970403313637,73.8121,-0.014059511534787454
73.8587,0.008211182430386543,73.8121,-0.014059511534787454
74.1166,-0.0019726576283574104,73.8121,-0.014059511534787454
64.2252,0.004261653870344162,73.8121,-0.014059511534787454
89.6694,-0.016927801072597504,73.8587,-0.01419378966324345
56.848,-0.00665484881028533,73.8587,-0.01419378966324345
71.0,-0.03038029372692108,73.8587,-0.01419378966324345
65.3334,0.01772294007241726,73.8587,-0.01419378966324345
68.6840316,0.008639585226774216,73.8587,-0.01419378966324345
62.0,0.0034353388473391533,73.8587,-0.01419378966324345
73.8121,-0.026732569560408592,73.8587,-0.01419378966324345
65.3334,-0.003712291130796075,73.8587,-0.01419378966324345
57.0453,-0.014737594872713089,73.8587,-0.01419378966324345
65.5535,0.01830172911286354,73.8587,-0.01419378966324345
65.5535,0.004271186888217926,73.8587,-0.01419378966324345
69.1175,0.027933768928050995,73.8587,-0.01419378966324345
87.9804,-0.003647206351161003,73.8587,-0.01419378966324345
56.848,-0.01389106921851635,73.8587,-0.01419378966324345
69.1175,-0.005057310685515404,73.8587,-0.01419378966324345
65.2557,0.012248536571860313,73.94090591,-0.01443017484975701
63.8989,-0.0033801989629864693,73.94090591,-0.01443017484975701
65.2557,-0.004718069452792406,73.94090591,-0.01443017484975701
71.3351,-0.026129242032766342,73.94090591,-0.01443017484975701
69.1175,0.008444329723715782,73.94090591,-0.01443017484975701
65.5535,0.008639820851385593,73.94090591,-0.01443017484975701
65.0,0.015239105559885502,74.0,-0.014599701828753083
70.8006,-0.020627537742257118,74.0,-0.014599701828753083
69.1175,0.02867269143462181,74.0,-0.014599701828753083
70.9268,-0.01409902423620224,74.1166,-0.014933175444107443
65.827,0.0032607177272439003,74.1166,-0.014933175444107443
66.0206,0.004708200693130493,74.1166,-0.014933175444107443
60.62,-0.013734821230173111,74.1166,-0.014933175444107443
69.1175,0.006302312016487122,74.1166,-0.014933175444107443
72.2573,-0.03481874614953995,74.1166,-0.014933175444107443
70.8006,-0.043578363955020905,74.1166,-0.014933175444107443
65.827,0.031162584200501442,74.1166,-0.014933175444107443
69.1175,0.00907720997929573,74.1166,-0.014933175444107443
56.848,0.022154182195663452,74.1166,-0.014933175444107443
90.0,-0.07104518264532089,74.1166,-0.014933175444107443
65.3334,-0.005649873521178961,74.1166,-0.014933175444107443
63.8989,-0.021745001897215843,74.1166,-0.014933175444107443
89.6694,-0.028156274929642677,74.1166,-0.014933175444107443
56.848,0.0033124927431344986,74.1166,-0.014933175444107443
65.3334,0.00991281121969223,74.1166,-0.014933175444107443
56.848,-0.0068931784480810165,74.1166,-0.014933175444107443
69.1175,-0.004928271286189556,74.1166,-0.014933175444107443
65.827,0.007866619154810905,74.1166,-0.014933175444107443
65.3334,-0.0029021278023719788,74.1166,-0.014933175444107443
68.6840316,0.0032400842756032944,74.1166,-0.014933175444107443
70.8006,-0.04106016457080841,87.9804,-0.026455691415075287
65.3334,-0.008424578234553337,87.9804,-0.026455691415075287
67.0729,0.0250990092754364,87.9804,-0.026455691415075287
62.0,0.0010857400484383106,87.9804,-0.026455691415075287
70.9268,-0.015361219644546509,87.9804,-0.026455691415075287
67.0729,0.011422131210565567,87.9804,-0.026455691415075287
90.0,-0.049730412662029266,87.9804,-0.026455691415075287
68.6840316,0.007203050889074802,87.9804,-0.026455691415075287
70.9268,-0.00717935711145401,87.9804,-0.026455691415075287
67.0729,0.010876167565584183,87.9804,-0.026455691415075287
89.6694,-0.01543621625751257,87.9804,-0.026455691415075287
56.9809,0.01516090240329504,87.9804,-0.026455691415075287
56.848,0.02979055605828762,87.9804,-0.026455691415075287
70.7936,-0.029068732634186745,87.9804,-0.026455691415075287
65.5535,0.020741907879710197,87.9804,-0.026455691415075287
71.4289,-0.014513574540615082,87.9804,-0.026455691415075287
63.5,0.00027960073202848434,87.9804,-0.026455691415075287
65.3334,0.0058590867556631565,87.9804,-0.026455691415075287
73.8121,-0.012675446458160877,87.9804,-0.026455691415075287
62.0,0.02642757073044777,87.9804,-0.026455691415075287
65.3334,0.010180152952671051,87.9804,-0.026455691415075287
65.3334,0.008797554299235344,87.9804,-0.026455691415075287
62.0,-0.019421126693487167,87.9804,-0.026455691415075287
67.0729,0.014493465423583984,87.9804,-0.026455691415075287
90.0,-0.03958912938833237,87.9804,-0.026455691415075287
65.5535,-0.004532091319561005,87.9804,-0.026455691415075287
60.62,0.01343340054154396,87.9804,-0.026455691415075287
65.3334,0.0015094103291630745,87.9804,-0.026455691415075287
69.1175,0.0068239811807870865,87.9804,-0.026455691415075287
64.4072,-0.003419051878154278,87.9804,-0.026455691415075287
56.848,-0.006431025452911854,87.9804,-0.026455691415075287
69.1175,0.02292804792523384,87.9804,-0.026455691415075287
56.848,-0.009388530626893044,87.9804,-0.026455691415075287
65.5535,0.024830475449562073,87.9804,-0.026455691415075287
65.3334,0.01024083886295557,87.9804,-0.026455691415075287
69.1175,0.008971983566880226,87.9804,-0.026455691415075287
67.0729,-0.0031922217458486557,87.9804,-0.026455691415075287
68.6840316,0.006060374900698662,89.6694,-0.028329073741218246
67.0729,0.012684323824942112,89.6694,-0.028329073741218246
87.9804,0.0008622012101113796,89.6694,-0.028329073741218246
64.2252,0.004795519169420004,89.6694,-0.028329073741218246
69.1175,0.0018823584541678429,89.6694,-0.028329073741218246
67.0729,0.015896033495664597,89.6694,-0.028329073741218246
71.4289,-0.015460527502000332,89.6694,-0.028329073741218246
74.1166,-0.00239404640160501,89.6694,-0.028329073741218246
64.2252,0.009577389806509018,89.6694,-0.028329073741218246
56.848,-0.0031591150909662247,89.6694,-0.028329073741218246
56.848,-0.017049547284841537,89.6694,-0.028329073741218246
68.6840316,0.019722284749150276,89.6694,-0.028329073741218246
65.3334,0.008612439036369324,89.6694,-0.028329073741218246
64.2252,0.0011898139491677284,89.6694,-0.028329073741218246
70.1744,0.019341006875038147,89.6694,-0.028329073741218246
65.5535,-0.0031904270872473717,89.6694,-0.028329073741218246
56.848,-0.006350811570882797,89.6694,-0.028329073741218246
63.8989,-0.015012146905064583,89.6694,-0.028329073741218246
64.2252,-0.002696583978831768,89.6694,-0.028329073741218246
71.05,-0.02112877368927002,89.6694,-0.028329073741218246
65.3334,0.0022478033788502216,89.6694,-0.028329073741218246
56.848,0.022085603326559067,89.6694,-0.028329073741218246
65.827,0.005058617331087589,89.6694,-0.028329073741218246
67.0729,0.009981416165828705,89.6694,-0.028329073741218246
68.28317168,0.006894245278090239,89.6694,-0.028329073741218246
60.62,-0.0004579443484544754,89.6694,-0.028329073741218246
66.0206,0.0021039778366684914,89.6694,-0.028329073741218246
89.6694,-0.01130269467830658,89.6694,-0.028329073741218246
68.28317168,-0.004262944683432579,89.6694,-0.028329073741218246
89.6694,-0.02064180001616478,89.6694,-0.028329073741218246
56.848,0.029611553996801376,89.6694,-0.028329073741218246
65.3334,0.01323123462498188,89.6694,-0.028329073741218246
69.3445,-0.012134872376918793,89.6694,-0.028329073741218246
63.8989,0.006005469709634781,89.6694,-0.028329073741218246
74.1166,-0.014315824955701828,89.6694,-0.028329073741218246
56.848,-0.0037407753989100456,89.6694,-0.028329073741218246
71.05,-0.019055739045143127,89.6694,-0.028329073741218246
73.94090591,-0.024291303008794785,89.6694,-0.028329073741218246
89.6694,-0.022653542459011078,89.6694,-0.028329073741218246
63.8989,-0.002278660424053669,89.6694,-0.028329073741218246
69.1175,0.0016746078617870808,89.6694,-0.028329073741218246
67.0729,-0.002316270722076297,89.6694,-0.028329073741218246
65.3334,0.01185637153685093,89.6694,-0.028329073741218246
70.8006,0.0008972771465778351,89.6694,-0.028329073741218246
67.0729,0.01661834865808487,89.6694,-0.028329073741218246
89.6694,-0.022521808743476868,89.6694,-0.028329073741218246
63.5,-0.003704390022903681,89.6694,-0.028329073741218246
74.1166,-0.005909917410463095,89.6694,-0.028329073741218246
56.9809,-0.0030218204483389854,89.6694,-0.028329073741218246
65.3334,0.005331756547093391,89.6694,-0.028329073741218246
72.2898,-0.00843837670981884,89.6694,-0.028329073741218246
65.827,0.00585494190454483,89.6694,-0.028329073741218246
90.0,-0.04605672508478165,89.6694,-0.028329073741218246
87.9804,-0.023721612989902496,89.6694,-0.028329073741218246
73.8121,-0.010264798998832703,89.6694,-0.028329073741218246
87.9804,-0.023226115852594376,89.6694,-0.028329073741218246
57.0453,-0.02957182750105858,89.6694,-0.028329073741218246
67.0729,-0.00033292826265096664,89.6694,-0.028329073741218246
65.3334,0.0034400541335344315,89.6694,-0.028329073741218246
65.3334,0.010242541320621967,89.6694,-0.028329073741218246
63.0738,-0.005883693695068359,89.6694,-0.028329073741218246
56.848,-0.005258265417069197,89.6694,-0.028329073741218246
69.1175,0.004238538909703493,89.6694,-0.028329073741218246
65.3334,0.0018883300945162773,89.6694,-0.028329073741218246
67.0729,0.012540450319647789,90.0,-0.02869614683879003
56.848,-0.005076009780168533,90.0,-0.02869614683879003
68.28317168,0.009561415761709213,90.0,-0.02869614683879003
67.0729,-0.007590023335069418,90.0,-0.02869614683879003
62.0,0.011788740754127502,90.0,-0.02869614683879003
60.62,0.019171305000782013,90.0,-0.02869614683879003
57.0453,-0.02241075225174427,90.0,-0.02869614683879003
73.8121,-0.01894237846136093,90.0,-0.02869614683879003
73.8121,-0.00627397745847702,90.0,-0.02869614683879003
65.3334,0.016120223328471184,90.0,-0.02869614683879003
63.8989,-0.010222382843494415,90.0,-0.02869614683879003
67.0729,-0.008606459945440292,90.0,-0.02869614683879003
65.827,-0.0012312252074480057,90.0,-0.02869614683879003
71.4289,-0.010763884522020817,90.0,-0.02869614683879003
70.8006,-0.024749482050538063,90.0,-0.02869614683879003
63.8989,-0.007178121246397495,90.0,-0.02869614683879003
66.0094,0.006753440015017986,90.0,-0.02869614683879003
71.4289,-0.014982670545578003,90.0,-0.02869614683879003
70.9268,-0.013780824840068817,90.0,-0.02869614683879003
65.3334,0.003562960773706436,90.0,-0.02869614683879003
63.8989,-0.005820801481604576,90.0,-0.02869614683879003
65.5535,0.006333126686513424,90.0,-0.02869614683879003
71.0,0.010948367416858673,90.0,-0.02869614683879003
65.3334,0.0024627642706036568,90.0,-0.02869614683879003
64.8929,0.0031483881175518036,90.0,-0.02869614683879003
66.0094,0.012713262811303139,90.0,-0.02869614683879003
63.8989,-0.0002308795228600502,90.0,-0.02869614683879003
87.9804,0.006640690378844738,90.0,-0.02869614683879003
65.3334,0.0158645398914814,90.0,-0.02869614683879003
65.2557,0.03754831850528717,90.0,-0.02869614683879003
65.5535,0.0034369230270385742,90.0,-0.02869614683879003
90.0,-0.05119932442903519,90.0,-0.02869614683879003
66.0094,-0.007481003180146217,90.0,-0.02869614683879003
67.0729,0.0032455474138259888,90.0,-0.02869614683879003
67.0729,-0.002834550105035305,90.0,-0.02869614683879003
56.848,-0.00925646536052227,90.0,-0.02869614683879003
65.3334,0.0018686363473534584,90.0,-0.02869614683879003
65.3334,0.002128755208104849,90.0,-0.02869614683879003
69.1175,0.005266751162707806,90.0,-0.02869614683879003
65.3334,0.01753506064414978,90.0,-0.02869614683879003
73.7759,0.00027036573737859726,90.0,-0.02869614683879003
66.0206,0.027427492663264275,90.0,-0.02869614683879003
65.3334,0.008588057942688465,90.0,-0.02869614683879003
69.3445,-0.0020238880533725023,90.0,-0.02869614683879003
69.1175,-0.0036669685505330563,90.0,-0.02869614683879003
89.6694,-0.021564243361353874,90.0,-0.02869614683879003
89.6694,-0.020843010395765305,90.0,-0.02869614683879003
65.3334,0.00330314040184021,90.0,-0.02869614683879003
70.8006,0.023900475353002548,90.0,-0.02869614683879003
56.9809,-0.007593595422804356,90.0,-0.02869614683879003
65.3334,0.010428257286548615,90.0,-0.02869614683879003
73.8121,-0.020363744348287582,90.0,-0.02869614683879003
65.3334,-0.007214277982711792,90.0,-0.02869614683879003
71.4289,-0.025388136506080627,90.0,-0.02869614683879003
73.8121,0.002300472930073738,90.0,-0.02869614683879003
69.1175,-0.002761817304417491,90.0,-0.02869614683879003
65.3334,0.0005982336588203907,90.0,-0.02869614683879003
65.3334,0.004646287299692631,90.0,-0.02869614683879003
65.3334,-0.0001570763997733593,90.0,-0.02869614683879003
65.3334,0.005532762035727501,90.0,-0.02869614683879003
73.8121,-0.01448011863976717,90.0,-0.02869614683879003
56.9809,-0.016316570341587067,90.0,-0.02869614683879003
66.0206,0.0002434425987303257,90.0,-0.02869614683879003
73.8121,-0.016495443880558014,90.0,-0.02869614683879003
