scan speed (mm/s),shap,lowess scan speed (mm/s),lowess shap
2000.0,0.00016620103269815445,100.0,-0.14847815114994797
1800.0,-0.024314790964126587,100.0,-0.14847815114994797
349.0,-0.06292024254798889,100.0,-0.14847815114994797
1300.0,-0.0065893735736608505,100.0,-0.14847815114994797
1680.0,-0.009504672139883041,100.0,-0.14847815114994797
700.0,0.02838548645377159,100.0,-0.14847815114994797
400.0,-0.04639041796326637,100.0,-0.14847815114994797
333.3333333,-0.12368865311145782,100.0,-0.14847815114994797
1940.0,-0.05755706876516342,100.0,-0.14847815114994797
950.0,0.0413205586373806,100.0,-0.14847815114994797
1300.0,0.017238125205039978,100.0,-0.14847815114994797
1500.0,-0.006394416093826294,100.0,-0.14847815114994797
500.0,-0.011766067706048489,100.0,-0.14847815114994797
286.89,-0.10356365889310837,100.0,-0.14847815114994797
2000.0,-0.053933851420879364,100.0,-0.14847815114994797
400.0,-0.07600801438093185,100.0,-0.14847815114994797
1602.936678,0.017854511737823486,100.0,-0.14847815114994797
476.1904762,0.03313656523823738,100.0,-0.14847815114994797
1680.0,0.0012845136225223541,100.0,-0.14847815114994797
350.0,-0.07970978319644928,100.0,-0.14847815114994797
900.0,0.038576334714889526,100.0,-0.14847815114994797
1200.0,0.014294147491455078,100.0,-0.14847815114994797
600.0,0.032413288950920105,100.0,-0.14847815114994797
1000.0,0.0822952464222908,100.0,-0.14847815114994797
870.0,0.05176561698317528,100.0,-0.14847815114994797
1400.0,-0.017734315246343613,110.53303,-0.1450847967049941
1680.0,-0.01422878634184599,111.0,-0.14493437222666264
600.0,0.0060980599373579025,111.070366,-0.14491170545272203
666.6666667,0.04449421539902687,119.05,-0.14234152022284283
800.0,0.07132519781589508,120.0,-0.14203557157997457
400.0,-0.015851125121116638,120.0,-0.14203557157997457
347.802802,-0.13066354393959045,121.95,-0.14140760185923773
294.12,-0.1555503010749817,125.0,-0.14042547969398014
455.0,-0.009870600886642933,125.0,-0.14042547969398014
300.0,-0.08511896431446075,125.0,-0.14042547969398014
900.0,0.06077554076910019,125.295685,-0.1403302729418867
343.14,-0.07807107269763947,125.77855,-0.14017479900713536
1200.0,0.020710574463009834,131.58,-0.1383070812451517
1100.0,0.03894951567053795,138.89,-0.135954441447748
800.0,0.04878600686788559,142.73251,-0.13471815797678988
486.11,0.01687946915626526,142.86,-0.13467714449986853
833.3333333,0.06141744554042816,143.03625,-0.1346204454945456
1000.0,0.015885237604379654,143.37152,-0.1345125920596387
1368.0,0.021738039329648018,144.0,-0.13431042174378882
1200.0,0.06001004949212074,145.0,-0.1339887573353147
1200.0,-0.006231104023754597,145.0,-0.1339887573353147
603.646331,-0.008286871947348118,145.0,-0.1339887573353147
1200.0,0.0015852423384785652,147.06,-0.13332619623366987
166.6666667,-0.05384403467178345,147.06,-0.13332619623366987
2000.0,-0.047163017094135284,150.0,-0.13238076421738473
200.0,-0.11413303762674332,150.0,-0.13238076421738473
600.0,0.027593297883868217,150.0,-0.13238076421738473
500.0,0.03895779699087143,150.0,-0.13238076421738473
208.33,-0.16113486886024475,151.52,-0.13189204916721034
1600.0,-0.021852711215615273,156.25,-0.13037161626749683
739.5,0.031873270869255066,160.0,-0.12916662629214865
1000.0,0.049602437764406204,160.0,-0.12916662629214865
250.0,-0.16486230492591858,160.0,-0.12916662629214865
700.0,0.03913917392492294,160.4,-0.1290381176364017
1500.0,0.014082606881856918,161.29,-0.12875220271601656
833.3333333,0.0625663474202156,161.29,-0.12875220271601656
800.0,0.035501956939697266,165.09,-0.12753171162292376
500.0,-0.019188707694411278,166.0,-0.12723950296141362
454.55,-0.021877329796552658,166.6666667,-0.127025447558845
200.0,-0.14706306159496307,166.6666667,-0.127025447558845
200.0,-0.15522067248821259,166.6666667,-0.127025447558845
1500.0,-0.04256977140903473,166.6666667,-0.127025447558845
625.0,0.027237433940172195,166.67,-0.1270243773287811
250.0,-0.15234071016311646,166.80914,-0.12697970366140632
100.0,-0.12961135804653168,166.9702,-0.12692799292995438
1500.0,0.026358243077993393,167.22815,-0.12684517597698886
1000.0,0.02946685254573822,169.08,-0.1262506891510397
300.0,-0.08187329769134521,172.41,-0.12518197661784722
100.0,-0.10448057949542999,173.27,-0.12490603640898428
1500.0,-0.010167311877012253,173.4650127,-0.12484346821527349
1000.0,0.053917281329631805,175.0,-0.12435102904286134
1200.0,0.02675582841038704,175.0,-0.12435102904286134
156.25,-0.13619039952754974,177.66,-0.12349788382328836
600.0,0.03059748001396656,178.57,-0.12320608086315225
300.0,-0.06779704242944717,185.19,-0.12108430335438207
1210.996506,-0.017954111099243164,187.17,-0.12045005374071278
200.0,-0.1368582546710968,192.31,-0.11880439224690235
300.0,-0.12831345200538635,192.31,-0.11880439224690235
1000.0,0.0769582986831665,192.31,-0.11880439224690235
200.0,-0.09311515092849731,192.31,-0.11880439224690235
800.0,0.013849815353751183,196.0,-0.11762374358325821
450.0,0.02263064682483673,197.74,-0.11706724815263331
1940.0,-0.03261901065707207,199.72005,-0.11643416598494441
500.0,-0.004739490337669849,200.0,-0.11634467379798887
800.0,0.022117452695965767,200.0,-0.11634467379798887
700.0,0.08538861572742462,200.0,-0.11634467379798887
500.0,0.04278424754738808,200.0,-0.11634467379798887
299.15,-0.09270121157169342,200.0,-0.11634467379798887
800.0,0.04422249644994736,200.0,-0.11634467379798887
1800.0,-0.02838272973895073,200.0,-0.11634467379798887
400.0,-0.024216370657086372,200.0,-0.11634467379798887
1190.47619,0.013917561620473862,200.0,-0.11634467379798887
1000.0,0.08170132339000702,200.0,-0.11634467379798887
400.0,-0.06032378971576691,200.0,-0.11634467379798887
1000.0,0.06286880373954773,200.0,-0.11634467379798887
480.0,-0.00321822427213192,200.0,-0.11634467379798887
1500.0,-0.02052328549325466,200.0,-0.11634467379798887
1600.0,0.013284776359796524,200.0,-0.11634467379798887
1000.0,0.06280136108398438,200.0,-0.11634467379798887
1200.0,-0.012501492165029049,200.0,-0.11634467379798887
454.55,0.018234500661492348,200.0,-0.11634467379798887
333.14865,-0.09851491451263428,200.0,-0.11634467379798887
545.4545455,0.014955042861402035,200.0,-0.11634467379798887
1400.0,0.04402777552604675,200.0,-0.11634467379798887
1000.0,0.05944882333278656,200.0,-0.11634467379798887
400.0,-0.08674316108226776,200.0,-0.11634467379798887
800.0,0.09373216331005096,200.0,-0.11634467379798887
384.62,-0.1159035712480545,200.0,-0.11634467379798887
533.5372669,0.027684923261404037,200.0,-0.11634467379798887
800.0,0.07632691413164139,200.0,-0.11634467379798887
600.0,0.031927742063999176,200.0,-0.11634467379798887
500.0,-0.006767705082893372,200.0,-0.11634467379798887
277.0,-0.12326408922672272,200.0,-0.11634467379798887
300.0,-0.13759346306324005,200.0,-0.11634467379798887
350.0,-0.06010057032108307,200.0,-0.11634467379798887
200.0,-0.15626895427703857,200.0,-0.11634467379798887
700.0,0.026802970096468925,200.0,-0.11634467379798887
100.0,-0.040032122284173965,200.0,-0.11634467379798887
1200.0,0.05535576492547989,200.0,-0.11634467379798887
1500.0,-0.03960591182112694,200.0,-0.11634467379798887
1000.0,0.04426858574151993,200.0,-0.11634467379798887
400.0,-0.045266661792993546,200.0,-0.11634467379798887
360.0,-0.062287837266922,200.0,-0.11634467379798887
1400.0,0.018374202772974968,200.0,-0.11634467379798887
250.0,-0.12884092330932617,200.0,-0.11634467379798887
1200.0,-0.007987959310412407,200.0,-0.11634467379798887
800.0,0.06183500587940216,200.0,-0.11634467379798887
100.0,-0.10631901025772095,200.0,-0.11634467379798887
166.6666667,-0.05560954660177231,200.0,-0.11634467379798887
800.0,0.059118058532476425,200.0,-0.11634467379798887
250.0,-0.11197298020124435,200.0,-0.11634467379798887
1095.650211,0.024216115474700928,200.06618,-0.11632351849938373
1400.0,-0.005811132490634918,203.49,-0.11522936548597774
222.33015,-0.12397434562444687,203.49,-0.11522936548597774
1600.0,-0.02511492371559143,208.33,-0.11368373095328611
900.0,0.04814688488841057,208.33,-0.11368373095328611
800.0,0.06407314538955688,208.33,-0.11368373095328611
475.0,0.04160971939563751,209.58,-0.11328476259226189
700.0,0.04541295766830444,209.58,-0.11328476259226189
500.0,0.0070325396955013275,216.05,-0.11122116671476215
1500.0,0.015489012934267521,217.39,-0.11079409170575177
1400.0,0.003379841335117817,217.39,-0.11079409170575177
350.0,-0.05859450250864029,217.39,-0.11079409170575177
200.0,-0.08388036489486694,222.33015,-0.10922057668954892
187.17,-0.1000111773610115,222.93,-0.10902962147600435
400.0,-0.02362629771232605,227.27,-0.10764873934286256
1200.0,0.020234985277056694,230.26,-0.10669813210344489
1200.0,0.00903748907148838,231.3834536,-0.10634111298743992
800.0,0.04460958018898964,238.1,-0.10420854734762955
1000.0,0.05027177184820175,238.1,-0.10420854734762955
666.6666667,0.044685423374176025,238.1,-0.10420854734762955
666.6666667,0.03823382407426834,238.1,-0.10420854734762955
357.14,-0.11710834503173828,240.0,-0.10360587477357762
300.0,-0.0911722332239151,240.0,-0.10360587477357762
800.0,0.061678074300289154,240.0,-0.10360587477357762
1200.0,-0.015566300600767136,246.48,-0.10155249125517657
203.49,-0.10652216523885727,246.48,-0.10155249125517657
960.0,0.045724932104349136,250.0,-0.10043843656512824
560.0,0.009088262915611267,250.0,-0.10043843656512824
1200.0,0.031622905284166336,250.0,-0.10043843656512824
1200.0,-0.030281178653240204,250.0,-0.10043843656512824
700.0,0.028713060542941093,250.0,-0.10043843656512824
500.0,0.007019885815680027,250.0,-0.10043843656512824
1250.0,-0.00017557479441165924,250.0,-0.10043843656512824
700.0,0.016420181840658188,250.0,-0.10043843656512824
286.89,-0.09707684814929962,250.0,-0.10043843656512824
173.27,-0.10380955040454865,250.0,-0.10043843656512824
150.0,-0.08608442544937134,250.0,-0.10043843656512824
300.0,-0.1245996356010437,250.0,-0.10043843656512824
598.6465722,0.04547417163848877,250.0,-0.10043843656512824
400.0,0.0019474662840366364,250.0,-0.10043843656512824
500.0,0.007447792217135429,250.0,-0.10043843656512824
1180.0,0.018860960379242897,250.08052,-0.10041296404832026
900.0,0.026102492585778236,250.45206,-0.10029543401112759
1053.8,0.05374043434858322,250.4799,-0.10028662776941276
1800.0,-0.023159382864832878,255.47,-0.09870918970908349
800.0,0.06404706090688705,255.47,-0.09870918970908349
300.0,-0.1265077441930771,263.16,-0.09628230472961957
300.0,-0.11879932135343552,263.16,-0.09628230472961957
1800.0,-0.0007879389449954033,265.15,-0.09565509731217105
900.0,0.06412601470947266,266.3316981,-0.09528281186298924
250.0,-0.11430637538433075,275.59,-0.09237030299492728
400.0,-0.09273239970207214,275.59,-0.09237030299492728
600.0,0.07597829401493073,275.59,-0.09237030299492728
286.89,-0.10948805510997772,277.0,-0.0919274141305947
900.0,0.05271868035197258,277.0,-0.0919274141305947
1093.75,0.09690561890602112,277.0,-0.0919274141305947
1500.0,0.00038153352215886116,277.0,-0.0919274141305947
1300.0,0.002787915989756584,277.0,-0.0919274141305947
500.0,-0.016721751540899277,277.0,-0.0919274141305947
1200.0,0.005894070491194725,277.0,-0.0919274141305947
1400.0,0.017475835978984833,277.3352218,-0.09182214573245188
800.0,0.04061231389641762,277.78,-0.09168248960887297
555.55,0.0503755658864975,277.78,-0.09168248960887297
100.0,-0.12201996147632599,277.78,-0.09168248960887297
138.89,-0.13815397024154663,286.89,-0.08882606144559477
900.0,0.03540477901697159,286.89,-0.08882606144559477
1750.0,0.022350508719682693,286.89,-0.08882606144559477
700.0,-0.00264599546790123,294.12,-0.08656467937035243
400.0,-0.04206391051411629,294.12,-0.08656467937035243
800.0,0.045631781220436096,299.15,-0.08499438901077616
2000.0,-0.05991706997156143,299.15,-0.08499438901077616
160.0,-0.15719039738178253,299.15,-0.08499438901077616
1500.0,0.007064083591103554,299.4454677,-0.08490222551289611
360.0,-0.04650663956999779,300.0,-0.08472927674679691
200.0,-0.15280669927597046,300.0,-0.08472927674679691
1000.0,0.05200910568237305,300.0,-0.08472927674679691
600.0,0.031791944056749344,300.0,-0.08472927674679691
200.0,-0.09710841625928879,300.0,-0.08472927674679691
500.0,-0.03124803863465786,300.0,-0.08472927674679691
1200.0,-0.008791642263531685,300.0,-0.08472927674679691
600.0,0.019578317180275917,300.0,-0.08472927674679691
800.0,0.039726607501506805,300.0,-0.08472927674679691
700.0,0.026743579655885696,300.0,-0.08472927674679691
800.0,0.03751375153660774,300.0,-0.08472927674679691
1100.0,0.05584403872489929,300.0,-0.08472927674679691
700.0,0.029464075341820717,300.0,-0.08472927674679691
900.0,0.06266745924949646,300.0,-0.08472927674679691
960.0,0.056996118277311325,300.0,-0.08472927674679691
312.5,-0.147625133395195,300.0,-0.08472927674679691
800.0,0.06620711088180542,300.0,-0.08472927674679691
500.0,0.009332348592579365,300.0,-0.08472927674679691
166.67,-0.14176271855831146,300.0,-0.08472927674679691
400.0,-0.044193267822265625,300.0,-0.08472927674679691
1000.0,0.03459392488002777,300.0,-0.08472927674679691
300.0,-0.12056377530097961,300.0,-0.08472927674679691
680.0,0.019369250163435936,300.0,-0.08472927674679691
560.0,0.030247371643781662,300.0,-0.08472927674679691
400.0,-0.06913518160581589,300.0,-0.08472927674679691
1368.0,0.05588511377573013,300.0,-0.08472927674679691
800.0,0.059165094047784805,300.0,-0.08472927674679691
1200.0,0.016496120020747185,300.0,-0.08472927674679691
800.0,0.028561441227793694,300.0,-0.08472927674679691
1000.0,0.03949420899152756,300.0,-0.08472927674679691
500.0,0.006560908630490303,300.0,-0.08472927674679691
500.0,0.029144641011953354,300.0,-0.08472927674679691
600.0,0.023247670382261276,300.0,-0.08472927674679691
500.0,0.04723653197288513,300.0,-0.08472927674679691
673.08,0.025525342673063278,300.0,-0.08472927674679691
700.0,0.038926731795072556,300.0,-0.08472927674679691
800.0,0.04248775541782379,300.0,-0.08472927674679691
960.0,0.0448811836540699,300.0,-0.08472927674679691
850.0,0.041848231106996536,300.0,-0.08472927674679691
167.22815,-0.11072805523872375,300.0,-0.08472927674679691
700.0,0.0295098889619112,300.0,-0.08472927674679691
238.1,-0.12491228431463242,300.0,-0.08472927674679691
125.77855,-0.0946740061044693,300.0,-0.08472927674679691
600.0,0.02817315235733986,300.0,-0.08472927674679691
1600.0,-0.03598370403051376,300.0,-0.08472927674679691
1298.701299,0.012307710014283657,300.0,-0.08472927674679691
1000.0,0.09478943049907684,300.0,-0.08472927674679691
1500.0,0.029114939272403717,300.0,-0.08472927674679691
227.27,-0.16279830038547516,300.0,-0.08472927674679691
192.31,-0.1506495177745819,300.0,-0.08472927674679691
1500.0,-0.024800553917884827,300.0,-0.08472927674679691
200.0,-0.11384154856204987,300.0,-0.08472927674679691
300.0,-0.07375132292509079,300.0,-0.08472927674679691
384.62,-0.11413489282131195,300.0,-0.08472927674679691
800.0,0.05073520913720131,300.6517978,-0.08452603139070036
300.0,-0.10289563238620758,312.5,-0.08083882994812316
1100.0,0.053723305463790894,312.5,-0.08083882994812316
1400.0,0.0432489737868309,312.5,-0.08083882994812316
192.31,-0.09765903651714325,312.5,-0.08083882994812316
400.0,-0.05027925595641136,312.5,-0.08083882994812316
142.86,-0.13639432191848755,312.5,-0.08083882994812316
2000.0,-0.047180742025375366,320.0,-0.07851202579122142
757.5757576,0.029811469838023186,320.0,-0.07851202579122142
500.0,0.028008252382278442,325.0,-0.07696394087944176
800.0,0.01533777266740799,325.0,-0.07696394087944176
1100.0,0.05330534279346466,327.1,-0.07631448864647297
600.0,0.026019487529993057,330.0,-0.07541834822301327
840.0,0.05184641852974892,333.14865,-0.0744463186778441
1500.0,-0.023511309176683426,333.33,-0.07439036354657294
2000.0,-0.06615200638771057,333.33,-0.07439036354657294
1200.0,0.003193184733390808,333.33,-0.07439036354657294
1200.0,0.027861494570970535,333.3333333,-0.07438933509496327
400.0,-0.04235537350177765,333.3333333,-0.07438933509496327
1800.0,-0.0013392874971032143,333.3333333,-0.07438933509496327
1940.0,-0.054257530719041824,343.14,-0.07136835292824094
500.0,-0.0201554074883461,345.0,-0.07079643828535957
500.0,-0.043253540992736816,347.802802,-0.06993526614692677
110.53303,-0.0784045085310936,349.0,-0.06956765442250802
700.0,0.03411780670285225,349.0,-0.06956765442250802
800.0,0.02627214603126049,349.0,-0.06956765442250802
200.0,-0.11394663900136948,350.0,-0.06926070044438584
800.0,0.06967974454164505,350.0,-0.06926070044438584
1040.0,0.08533161878585815,350.0,-0.06926070044438584
350.0,-0.07669727504253387,350.0,-0.06926070044438584
300.0,-0.12266036123037338,350.0,-0.06926070044438584
1400.0,0.023095445707440376,350.0,-0.06926070044438584
1200.0,0.010715901851654053,350.0,-0.06926070044438584
275.59,-0.1038704439997673,350.0,-0.06926070044438584
2000.0,-0.019138377159833908,350.0,-0.06926070044438584
144.0,-0.17411315441131592,350.0,-0.06926070044438584
400.0,-0.0896119773387909,350.0,-0.06926070044438584
1200.0,0.035069212317466736,350.0,-0.06926070044438584
600.0,0.034339845180511475,357.14,-0.0670718329032086
1200.0,0.008932119235396385,357.14,-0.0670718329032086
1200.0,-0.002036795951426029,357.14,-0.0670718329032086
800.0,0.045840125530958176,360.0,-0.06619641452012452
700.0,0.016787398606538773,360.0,-0.06619641452012452
1600.0,-0.01616557687520981,360.82,-0.0659455616355811
950.0,0.08843056112527847,360.82,-0.0659455616355811
1521.73913,0.027611682191491127,375.0,-0.061617346374620005
250.0,-0.1709841936826706,375.0,-0.061617346374620005
750.0,0.02814367786049843,375.0,-0.061617346374620005
161.29,-0.13250640034675598,380.0,-0.0600954069001315
416.67,-0.07100875675678253,380.43,-0.05996461912826879
940.1709402,0.04146870970726013,380.43,-0.05996461912826879
750.0,0.04578973352909088,384.62,-0.058691001006843206
203.49,-0.10943160951137543,384.62,-0.058691001006843206
2000.0,-0.053135961294174194,384.62,-0.058691001006843206
500.0,-0.0007969317957758904,384.62,-0.058691001006843206
1940.0,-0.026813939213752747,400.0,-0.05402774937307227
400.0,-0.057623010128736496,400.0,-0.05402774937307227
500.0,0.0036235665902495384,400.0,-0.05402774937307227
2000.0,-0.044676050543785095,400.0,-0.05402774937307227
325.0,-0.07474832236766815,400.0,-0.05402774937307227
1060.0,0.0538979098200798,400.0,-0.05402774937307227
400.0,-0.04708762466907501,400.0,-0.05402774937307227
800.0,0.050233978778123856,400.0,-0.05402774937307227
333.33,-0.14168934524059296,400.0,-0.05402774937307227
600.0,0.02646900899708271,400.0,-0.05402774937307227
400.0,-0.0816400796175003,400.0,-0.05402774937307227
1200.0,0.0309523306787014,400.0,-0.05402774937307227
400.0,-0.0568845197558403,400.0,-0.05402774937307227
700.0,0.02856322191655636,400.0,-0.05402774937307227
500.0,0.045930616557598114,400.0,-0.05402774937307227
1200.0,-0.0029524778947234154,400.0,-0.05402774937307227
1100.0,0.050514452159404755,400.0,-0.05402774937307227
1000.0,0.07676026970148087,400.0,-0.05402774937307227
500.0,-0.002347700297832489,400.0,-0.05402774937307227
1398.998612,-0.0015467354096472263,400.0,-0.05402774937307227
1200.0,0.00993303395807743,400.0,-0.05402774937307227
200.0,-0.11318108439445496,400.0,-0.05402774937307227
175.0,-0.17185752093791962,400.0,-0.05402774937307227
1500.0,-0.0022393325343728065,400.0,-0.05402774937307227
700.0,0.006801355630159378,400.0,-0.05402774937307227
300.0,-0.08381081372499466,400.0,-0.05402774937307227
1400.0,0.015252475626766682,400.0,-0.05402774937307227
1200.0,0.026568936184048653,400.0,-0.05402774937307227
1200.0,0.01972033828496933,400.0,-0.05402774937307227
700.0,0.016980623826384544,400.0,-0.05402774937307227
666.6666667,-0.019121481105685234,400.0,-0.05402774937307227
1000.0,0.13068285584449768,400.0,-0.05402774937307227
1304.347826,0.02689238451421261,400.0,-0.05402774937307227
1600.0,0.010489498265087605,400.0,-0.05402774937307227
750.0,0.04516592249274254,400.0,-0.05402774937307227
500.0,-0.013396261259913445,400.0,-0.05402774937307227
1200.0,0.0022627604193985462,400.0,-0.05402774937307227
1000.0,0.06463193893432617,400.0,-0.05402774937307227
600.0,0.034421779215335846,400.0,-0.05402774937307227
300.6517978,-0.10449531674385071,400.0,-0.05402774937307227
600.0,0.03361906483769417,400.0,-0.05402774937307227
1250.0,0.02233424410223961,400.0,-0.05402774937307227
400.0,-0.03726288303732872,400.0,-0.05402774937307227
555.56,-0.03032936528325081,400.0,-0.05402774937307227
800.0,0.03707855939865112,400.0,-0.05402774937307227
500.0,0.04212679713964462,400.0,-0.05402774937307227
600.0,0.057217955589294434,400.0,-0.05402774937307227
550.0,0.014829037711024284,400.0,-0.05402774937307227
2000.0,-0.04788462817668915,400.0,-0.05402774937307227
1300.0,0.04096084088087082,400.0,-0.05402774937307227
1500.0,0.022095851600170135,400.0,-0.05402774937307227
900.0,0.05900482460856438,400.0,-0.05402774937307227
500.0,0.013148343190550804,400.0,-0.05402774937307227
500.10583,-0.004973027389496565,400.0,-0.05402774937307227
800.0,0.03920203819870949,400.0,-0.05402774937307227
200.0,-0.1180567592382431,400.0,-0.05402774937307227
1100.0,0.07628868520259857,400.0,-0.05402774937307227
1320.0,0.005839824676513672,400.0,-0.05402774937307227
1500.0,-0.032175008207559586,400.0,-0.05402774937307227
700.0,0.024707986041903496,400.0,-0.05402774937307227
125.0,-0.11612215638160706,400.0,-0.05402774937307227
1100.0,0.051898032426834106,400.0,-0.05402774937307227
1400.0,0.035026855766773224,400.0,-0.05402774937307227
1785.714286,-0.018886150792241096,400.0,-0.05402774937307227
500.0,0.02703327126801014,400.0,-0.05402774937307227
700.0,0.039574019610881805,400.0,-0.05402774937307227
500.0,0.005218986421823502,400.0,-0.05402774937307227
333.33,-0.13094520568847656,400.0,-0.05402774937307227
1250.0,-0.009196602739393711,400.0,-0.05402774937307227
300.0,-0.09987103939056396,400.0,-0.05402774937307227
500.0,0.007760230451822281,400.0,-0.05402774937307227
581.0,0.06263783574104309,402.3,-0.053331847925146884
1400.0,-0.001314232125878334,402.3,-0.053331847925146884
800.0,0.04425439238548279,402.3,-0.053331847925146884
1050.0,0.04533449560403824,402.7796176,-0.05318677620270185
1180.0,0.030648248270154,416.67,-0.04899128548619014
750.0,0.04255644604563713,416.67,-0.04899128548619014
1800.0,-0.039856620132923126,416.67,-0.04899128548619014
1800.0,-0.010233152657747269,416.67,-0.04899128548619014
1200.0,0.021273357793688774,416.67,-0.04899128548619014
1200.0,0.03182532265782356,426.83,-0.04592854881466507
200.0,-0.13876208662986755,426.83,-0.04592854881466507
454.55,-0.028437066823244095,426.83,-0.04592854881466507
350.0,-0.08383569866418839,440.0,-0.04196297432900773
850.0,0.05883336812257767,450.0,-0.03895273849899452
200.0,-0.11650572717189789,450.0,-0.03895273849899452
800.0,0.05185863748192787,450.0,-0.03895273849899452
178.57,-0.14954859018325806,450.0,-0.03895273849899452
400.0,-0.08843444287776947,450.0,-0.03895273849899452
950.0,0.04146857559680939,450.0,-0.03895273849899452
384.62,-0.10858529806137085,450.0,-0.03895273849899452
1200.0,0.005922475829720497,454.55,-0.03758257939638305
1500.0,-0.024600429460406303,454.55,-0.03758257939638305
1000.0,0.06345050036907196,454.55,-0.03758257939638305
1500.0,0.012223836965858936,454.55,-0.03758257939638305
1200.0,-0.017609499394893646,454.55,-0.03758257939638305
1500.0,-0.033909767866134644,454.55,-0.03758257939638305
299.15,-0.09998919069766998,455.0,-0.03744703662705839
200.0,-0.07442182302474976,455.0,-0.03744703662705839
300.0,-0.0976136103272438,475.0,-0.03141152468660029
1100.0,0.05224471166729927,476.1904762,-0.03105123296289407
100.0,-0.11809168756008148,480.0,-0.029897189346297048
1200.0,-0.0037021171301603317,480.0,-0.029897189346297048
300.0,-0.12155281007289886,480.0,-0.029897189346297048
1560.0,-0.0624757744371891,480.0,-0.029897189346297048
750.0,0.02703002095222473,486.11,-0.028042180894639487
1800.0,0.011695928871631622,500.0,-0.02380068265740857
1010.451488,0.07041020691394806,500.0,-0.02380068265740857
1800.0,-0.0038482025265693665,500.0,-0.02380068265740857
800.0,0.06163089722394943,500.0,-0.02380068265740857
1000.0,0.05183764547109604,500.0,-0.02380068265740857
800.0,0.04686418175697327,500.0,-0.02380068265740857
100.0,-0.06896201521158218,500.0,-0.02380068265740857
400.0,-0.06339571624994278,500.0,-0.02380068265740857
1200.0,0.015208476223051548,500.0,-0.02380068265740857
300.0,-0.08743375539779663,500.0,-0.02380068265740857
1700.0,-0.02755160816013813,500.0,-0.02380068265740857
1600.0,-0.02268834412097931,500.0,-0.02380068265740857
250.0,-0.164822518825531,500.0,-0.02380068265740857
263.16,-0.16411471366882324,500.0,-0.02380068265740857
1060.0,0.030388683080673218,500.0,-0.02380068265740857
700.0,0.027927929535508156,500.0,-0.02380068265740857
1680.0,-0.010203897953033447,500.0,-0.02380068265740857
2000.0,-0.018723800778388977,500.0,-0.02380068265740857
1500.0,-0.03534761443734169,500.0,-0.02380068265740857
1368.0,0.025621142238378525,500.0,-0.02380068265740857
1000.0,0.07243591547012329,500.0,-0.02380068265740857
900.0,0.05563949793577194,500.0,-0.02380068265740857
800.0,0.06994352489709854,500.0,-0.02380068265740857
700.0,0.01985306106507778,500.0,-0.02380068265740857
250.0,-0.1008215993642807,500.0,-0.02380068265740857
100.0,-0.12048475444316864,500.0,-0.02380068265740857
246.48,-0.11116745322942734,500.0,-0.02380068265740857
300.0,-0.0758262425661087,500.0,-0.02380068265740857
300.0,-0.098398357629776,500.0,-0.02380068265740857
400.0,-0.028593525290489197,500.0,-0.02380068265740857
1700.0,-0.01488945260643959,500.0,-0.02380068265740857
600.0,0.0090853376314044,500.0,-0.02380068265740857
1300.0,0.03208061307668686,500.0,-0.02380068265740857
2000.0,-0.035167716443538666,500.0,-0.02380068265740857
300.0,-0.08892660588026047,500.0,-0.02380068265740857
600.0,0.030731841921806335,500.0,-0.02380068265740857
900.0,0.05803106725215912,500.0,-0.02380068265740857
416.67,-0.07403045892715454,500.0,-0.02380068265740857
1400.0,0.011762721464037895,500.0,-0.02380068265740857
200.0,-0.15971052646636963,500.0,-0.02380068265740857
600.0,0.010675664991140366,500.0,-0.02380068265740857
500.0,0.007079359143972397,500.0,-0.02380068265740857
312.5,-0.13002243638038635,500.0,-0.02380068265740857
208.33,-0.16256508231163025,500.0,-0.02380068265740857
312.5,-0.07125741243362427,500.0,-0.02380068265740857
1000.0,0.07992584258317947,500.0,-0.02380068265740857
400.0,-0.06188832223415375,500.0,-0.02380068265740857
500.0,0.006970502436161041,500.0,-0.02380068265740857
1666.666667,-0.030186885967850685,500.0,-0.02380068265740857
400.0,-0.03762279078364372,500.0,-0.02380068265740857
380.0,-0.09141213446855545,500.0,-0.02380068265740857
750.0,0.0342196486890316,500.0,-0.02380068265740857
666.6666667,0.04032203555107117,500.0,-0.02380068265740857
350.0,-0.06671559065580368,500.0,-0.02380068265740857
1100.0,0.03201591968536377,500.0,-0.02380068265740857
950.0,0.07320693135261536,500.0,-0.02380068265740857
750.0,0.03496836498379707,500.0,-0.02380068265740857
1200.0,0.009695690125226974,500.0,-0.02380068265740857
1000.0,0.10169371217489243,500.0,-0.02380068265740857
1400.0,0.0063952188938856125,500.0,-0.02380068265740857
700.0,0.024981817230582237,500.0,-0.02380068265740857
357.14,-0.13217510282993317,500.0,-0.02380068265740857
1250.0,-0.007930723018944263,500.0,-0.02380068265740857
800.0,0.03663446381688118,500.0,-0.02380068265740857
1600.0,-0.019270528107881546,500.0,-0.02380068265740857
925.9259259,0.050737250596284866,500.0,-0.02380068265740857
725.0,0.05520211160182953,500.0,-0.02380068265740857
2000.0,-0.030776247382164,500.0,-0.02380068265740857
1400.0,0.008660233579576015,500.0,-0.02380068265740857
960.0,0.061149515211582184,500.0,-0.02380068265740857
1000.0,0.07270422577857971,500.0,-0.02380068265740857
600.0,0.016967765986919403,500.0,-0.02380068265740857
600.0,0.02935083582997322,500.0,-0.02380068265740857
1300.0,0.012805880978703499,500.0,-0.02380068265740857
1400.0,0.007236933335661888,500.0,-0.02380068265740857
1100.0,0.08022748678922653,500.0,-0.02380068265740857
1000.0,0.05195538327097893,500.0,-0.02380068265740857
1300.0,-0.004163667559623718,500.0,-0.02380068265740857
1500.0,-0.025106020271778107,500.0,-0.02380068265740857
300.0,-0.09663321077823639,500.0,-0.02380068265740857
700.0,0.059809453785419464,500.0,-0.02380068265740857
1050.0,0.050416894257068634,500.0,-0.02380068265740857
177.66,-0.09882373362779617,500.0,-0.02380068265740857
1100.0,0.034938082098960876,500.0,-0.02380068265740857
600.0,0.008985016494989395,500.0,-0.02380068265740857
300.0,-0.1154928058385849,500.0,-0.02380068265740857
900.0,0.04537592828273773,500.0,-0.02380068265740857
400.0,-0.040804971009492874,500.0,-0.02380068265740857
500.0,-0.002680439967662096,500.0,-0.02380068265740857
595.0,0.019828591495752335,500.0,-0.02380068265740857
600.0,0.04728339612483978,500.0,-0.02380068265740857
1500.0,-0.03374025970697403,500.0,-0.02380068265740857
545.4545455,-0.007235396653413773,500.0,-0.02380068265740857
400.0,-0.06184377148747444,500.0,-0.02380068265740857
1000.0,0.0634961873292923,500.0,-0.02380068265740857
800.0,0.03666868060827255,500.0,-0.02380068265740857
255.47,-0.11199288815259933,500.0,-0.02380068265740857
1600.0,-0.003983614966273308,500.10583,-0.023768206820694297
1200.0,0.053441621363162994,522.39,-0.01685877229232473
545.4545455,-0.008115842007100582,522.39,-0.01685877229232473
500.0,0.07026100903749466,529.1005291,-0.014745555373858204
255.47,-0.1114422082901001,533.5372669,-0.013339114051963672
1300.0,-0.001378379762172699,541.1255411,-0.010916642985850843
870.0,0.05310111865401268,545.4545455,-0.009525649390509745
277.0,-0.09908789396286011,545.4545455,-0.009525649390509745
1761.904762,-0.016846980899572372,545.4545455,-0.009525649390509745
400.0,-0.003169361501932144,545.4545455,-0.009525649390509745
840.0,0.03737862780690193,550.0,-0.008059039260433793
555.56,0.008048191666603088,550.0,-0.008059039260433793
900.0,0.05800677090883255,550.0,-0.008059039260433793
400.0,-0.05003459006547928,555.55,-0.006261624950774878
400.0,-0.08430695533752441,555.56,-0.006258380941561786
100.0,-0.07676603645086288,555.56,-0.006258380941561786
330.0,-0.09758202731609344,555.56,-0.006258380941561786
300.0,-0.11705275624990463,555.56,-0.006258380941561786
800.7980689,0.09452691674232483,560.0,-0.0048165955728260035
173.4650127,-0.13895343244075775,560.0,-0.0048165955728260035
143.03625,-0.11121281236410141,560.0,-0.0048165955728260035
1120.0,0.009980852715671062,560.0,-0.0048165955728260035
500.0,-0.03477000445127487,560.0,-0.0048165955728260035
1200.0,-0.01598358154296875,560.0,-0.0048165955728260035
277.78,-0.16266533732414246,564.52,-0.0033469105400780338
1800.0,-0.01790507137775421,564.52,-0.0033469105400780338
840.0,0.03860124573111534,580.0,0.0012218897943958344
500.0,-0.010984126478433609,581.0,0.001452555306959218
500.0,0.039531875401735306,581.0,0.001452555306959218
1400.0,0.0036789029836654663,590.0,0.0035564727623188415
1050.0,0.050267718732357025,595.0,0.004649506915834315
500.0,-0.015277346596121788,598.2905983,0.005598832844693847
299.4454677,-0.11795391887426376,598.6465722,0.0057091388923436025
1320.0,-0.008009040728211403,600.0,0.006128018416700311
1800.0,0.0023963190615177155,600.0,0.006128018416700311
564.52,0.0241180919110775,600.0,0.006128018416700311
200.0,-0.09914572536945343,600.0,0.006128018416700311
600.0,0.018269097432494164,600.0,0.006128018416700311
500.0,0.024595994502305984,600.0,0.006128018416700311
200.0,-0.19159187376499176,600.0,0.006128018416700311
1400.0,-0.016211822628974915,600.0,0.006128018416700311
1200.0,0.01820916309952736,600.0,0.006128018416700311
100.0,-0.1659785807132721,600.0,0.006128018416700311
600.0,0.05132697522640228,600.0,0.006128018416700311
1100.0,0.017517637461423874,600.0,0.006128018416700311
2000.0,-0.05170585215091705,600.0,0.006128018416700311
277.3352218,-0.18761640787124634,600.0,0.006128018416700311
800.0,0.05282368138432503,600.0,0.006128018416700311
740.0,0.035022664815187454,600.0,0.006128018416700311
800.0,0.07675327360630035,600.0,0.006128018416700311
600.0,0.01945408806204796,600.0,0.006128018416700311
600.0,0.045531392097473145,600.0,0.006128018416700311
744.68,0.05336369201540947,600.0,0.006128018416700311
800.0,0.06489352136850357,600.0,0.006128018416700311
350.0,-0.07696112990379333,600.0,0.006128018416700311
1000.0,0.05683470517396927,600.0,0.006128018416700311
1200.0,-0.010576126165688038,600.0,0.006128018416700311
500.0,0.03300834074616432,600.0,0.006128018416700311
1201.058215,0.027692332863807678,600.0,0.006128018416700311
120.0,-0.10057399421930313,600.0,0.006128018416700311
500.0,0.05033695325255394,600.0,0.006128018416700311
277.0,-0.09170019626617432,600.0,0.006128018416700311
266.3316981,-0.15114012360572815,600.0,0.006128018416700311
500.0,-0.0051042865961790085,600.0,0.006128018416700311
400.0,-0.08709388226270676,600.0,0.006128018416700311
960.0,0.08832240104675293,600.0,0.006128018416700311
1300.0,0.027759693562984467,600.0,0.006128018416700311
400.0,-0.027591226622462273,600.0,0.006128018416700311
1180.0,0.018036754801869392,600.0,0.006128018416700311
1046.511628,0.053630128502845764,600.0,0.006128018416700311
1000.0,0.060807473957538605,600.0,0.006128018416700311
1100.0,0.05072000250220299,600.0,0.006128018416700311
1000.0,0.04885409399867058,600.0,0.006128018416700311
300.0,-0.11948376893997192,600.0,0.006128018416700311
400.0,-0.04976487159729004,600.0,0.006128018416700311
160.0,-0.19736120104789734,600.0,0.006128018416700311
500.0,-0.0016987877897918224,600.0,0.006128018416700311
1250.0,-0.0017141252756118774,600.0,0.006128018416700311
100.0,-0.070151686668396,600.0,0.006128018416700311
1400.0,0.009911295026540756,600.0,0.006128018416700311
300.0,-0.07550626993179321,600.0,0.006128018416700311
800.0,0.057438671588897705,600.0,0.006128018416700311
950.0,0.07190383225679398,600.0,0.006128018416700311
360.82,-0.06678978353738785,600.0,0.006128018416700311
500.0,-0.01449834369122982,600.0,0.006128018416700311
2000.0,-0.02353702485561371,600.0,0.006128018416700311
450.0,-0.021388119086623192,600.0,0.006128018416700311
200.0,-0.07806716859340668,600.0,0.006128018416700311
120.0,-0.10694559663534164,600.0,0.006128018416700311
1200.0,-0.0007740408182144165,600.0,0.006128018416700311
600.0,0.02053500898182392,600.0,0.006128018416700311
1200.0,0.027659285813570023,600.0,0.006128018416700311
111.0,-0.1327386498451233,600.0,0.006128018416700311
800.0,0.015999380499124527,600.0,0.006128018416700311
1200.0,0.028336133807897568,600.0,0.006128018416700311
950.0,0.050793275237083435,600.0,0.006128018416700311
1000.0,0.07613798975944519,600.0,0.006128018416700311
800.0,0.05353093147277832,600.0,0.006128018416700311
250.0,-0.1672055721282959,600.0,0.006128018416700311
400.0,-0.06418894231319427,600.0,0.006128018416700311
2000.0,-0.056272901594638824,600.0,0.006128018416700311
1400.0,0.0015036575496196747,600.0,0.006128018416700311
850.0,0.08046972751617432,600.0,0.006128018416700311
300.0,-0.08417665213346481,600.0,0.006128018416700311
400.0,-0.10020357370376587,600.0,0.006128018416700311
1060.0,0.05166168510913849,600.0,0.006128018416700311
1339.285714,0.01288929209113121,600.0,0.006128018416700311
400.0,-0.03981299325823784,600.0,0.006128018416700311
300.0,-0.08538226783275604,600.0,0.006128018416700311
890.52,0.0534127913415432,600.0,0.006128018416700311
1313.407036,-0.01664387248456478,600.0,0.006128018416700311
500.0,-0.012953709810972214,600.0,0.006128018416700311
1250.0,0.026510091498494148,600.0,0.006128018416700311
1600.0,-0.014927462674677372,600.0,0.006128018416700311
1216.216216,0.07270388305187225,603.646331,0.00691299488195881
625.0,0.03125647455453873,610.0,0.008503822059927542
714.2857143,0.002929873764514923,614.04,0.009363125153628298
200.0,-0.0731334239244461,620.0,0.010618951274838674
500.0,0.0042574964463710785,625.0,0.011793528728742097
216.05,-0.10349893569946289,625.0,0.011793528728742097
1600.0,0.020609762519598007,625.0,0.011793528728742097
2000.0,-0.05900215357542038,652.0,0.017916984017356398
175.0,-0.07823269069194794,652.0,0.017916984017356398
400.0,-0.0758184939622879,652.0,0.017916984017356398
100.0,-0.08459039032459259,663.0,0.019663267577404865
800.0,0.0272669717669487,666.6666667,0.020220772649785806
1680.0,-0.009122489020228386,666.6666667,0.020220772649785806
600.0,0.01619134470820427,666.6666667,0.020220772649785806
1400.0,0.012168750166893005,666.6666667,0.020220772649785806
1200.0,0.008581168949604034,666.6666667,0.020220772649785806
720.0,0.0071524279192090034,666.6666667,0.020220772649785806
1000.0,0.05107741802930832,666.6666667,0.020220772649785806
700.0,0.02156848832964897,666.6666667,0.020220772649785806
600.0,0.027857616543769836,673.08,0.02116757237302148
875.0,0.0612129345536232,673.08,0.02116757237302148
240.0,-0.13489820063114166,680.0,0.02215207108772654
875.0,0.07489079982042313,680.0,0.02215207108772654
750.0,0.04850773513317108,680.0,0.02215207108772654
312.5,-0.07041408121585846,700.0,0.024825218099723274
600.0,-0.009874621406197548,700.0,0.024825218099723274
200.0,-0.14136594533920288,700.0,0.024825218099723274
529.1005291,0.019289065152406693,700.0,0.024825218099723274
600.0,0.036646030843257904,700.0,0.024825218099723274
500.0,-0.015026677399873734,700.0,0.024825218099723274
1100.0,0.07824208587408066,700.0,0.024825218099723274
1600.0,-0.008479362353682518,700.0,0.024825218099723274
500.0,-0.009973540902137756,700.0,0.024825218099723274
1800.0,0.01322181150317192,700.0,0.024825218099723274
800.0,0.06813470274209976,700.0,0.024825218099723274
1200.0,0.005554717034101486,700.0,0.024825218099723274
1700.0,-0.01468267198652029,700.0,0.024825218099723274
209.58,-0.10894117504358292,700.0,0.024825218099723274
800.0,0.04969510808587074,700.0,0.024825218099723274
800.0,0.06902909278869629,700.0,0.024825218099723274
960.0,0.033230215311050415,700.0,0.024825218099723274
739.5,0.027785811573266983,700.0,0.024825218099723274
1200.0,0.011766130104660988,700.0,0.024825218099723274
614.04,0.037582822144031525,700.0,0.024825218099723274
200.0,-0.09812699258327484,700.0,0.024825218099723274
1000.0,0.04418621212244034,700.0,0.024825218099723274
166.6666667,-0.0686163604259491,700.0,0.024825218099723274
700.0,0.030611803755164146,700.0,0.024825218099723274
750.0,0.009597619995474815,700.0,0.024825218099723274
781.0,0.03703094273805618,700.0,0.024825218099723274
700.0,0.00952039286494255,700.0,0.024825218099723274
1000.0,0.056211378425359726,700.0,0.024825218099723274
300.0,-0.09025681763887405,700.0,0.024825218099723274
200.0,-0.13488160073757172,700.0,0.024825218099723274
480.0,0.01160210557281971,700.0,0.024825218099723274
700.0,0.0288999043405056,700.0,0.024825218099723274
1300.0,0.01722376048564911,700.0,0.024825218099723274
1800.0,-0.02296276204288006,700.0,0.024825218099723274
700.0,0.03637056052684784,700.0,0.024825218099723274
1200.0,0.004913663491606712,700.0,0.024825218099723274
1080.0,0.05320614203810692,700.0,0.024825218099723274
1400.0,-0.002324748784303665,700.0,0.024825218099723274
700.0,0.04064979776740074,700.0,0.024825218099723274
1000.0,0.07347605377435684,700.0,0.024825218099723274
350.0,-0.05834696441888809,700.0,0.024825218099723274
750.0,0.04231352359056473,700.0,0.024825218099723274
1200.0,0.01484688837081194,700.0,0.024825218099723274
294.12,-0.15937019884586334,700.0,0.024825218099723274
1250.0,-0.011198602616786957,700.0,0.024825218099723274
1500.0,-0.008966134861111641,700.0,0.024825218099723274
400.0,-0.08341530710458755,700.0,0.024825218099723274
740.0,0.02458287589251995,700.0,0.024825218099723274
1250.0,0.030889060348272324,700.0,0.024825218099723274
200.0,-0.11277014017105103,700.0,0.024825218099723274
200.0,-0.11039679497480392,700.0,0.024825218099723274
1500.0,0.00573382806032896,700.0,0.024825218099723274
1800.0,-0.02931450866162777,700.0,0.024825218099723274
610.0,0.006368778645992279,700.0,0.024825218099723274
1851.851852,-0.024699391797184944,700.0,0.024825218099723274
500.0,0.00554570322856307,700.0,0.024825218099723274
2083.333333,-0.041590966284275055,700.0,0.024825218099723274
500.0,0.005422912072390318,710.7151464,0.027207352454782716
600.0,0.028011400252580643,714.0,0.027912183742103067
1080.0,0.026711031794548035,714.2857143,0.02797287359368793
800.0,0.03656988590955734,714.29,0.027973783173174623
160.0,-0.16375741362571716,714.29,0.027973783173174623
400.0,-0.04351283609867096,714.29,0.027973783173174623
1600.0,-0.009335626848042011,720.0,0.0291649888071514
600.0,0.0055813901126384735,725.0,0.03017279594266153
1080.0,0.021674642339348793,725.0,0.03017279594266153
1060.0,0.022935889661312103,725.0,0.03017279594266153
1800.0,-0.03390493243932724,729.1666667,0.030986346213480533
781.0,0.022476965561509132,731.7073171,0.031470149610824345
666.6666667,-0.024128438904881477,739.5,0.032894137167237596
402.3,-0.06793230026960373,739.5,0.032894137167237596
1200.0,0.022756576538085938,739.5,0.032894137167237596
325.0,-0.07461370527744293,739.5,0.032894137167237596
1060.0,0.036221250891685486,740.0,0.03298242342490874
426.83,-0.013792386278510094,740.0,0.03298242342490874
1100.0,0.024585671722888947,744.047619,0.03368373999945895
1075.0,0.040718451142311096,744.68,0.03379120274647175
1400.0,0.010103646665811539,747.4233864,0.03425110369727787
714.29,0.048725612461566925,750.0,0.0346743040038364
800.0,0.03903884068131447,750.0,0.0346743040038364
300.0,-0.1249522715806961,750.0,0.0346743040038364
300.0,-0.1086176186800003,750.0,0.0346743040038364
500.0,0.03189273551106453,750.0,0.0346743040038364
1200.0,0.0023555560037493706,750.0,0.0346743040038364
900.0,0.05186562240123749,750.0,0.0346743040038364
142.73251,-0.09470173716545105,750.0,0.0346743040038364
2050.0,-0.07843664288520813,750.0,0.0346743040038364
200.0,-0.09653031080961227,750.0,0.0346743040038364
714.29,0.03562524914741516,750.0,0.0346743040038364
1950.0,-0.032016001641750336,750.0,0.0346743040038364
800.0,0.050754621624946594,750.0,0.0346743040038364
1300.0,0.029734952375292778,750.0,0.0346743040038364
1000.0,0.07250838726758957,750.0,0.0346743040038364
145.0,-0.10926935076713562,750.0,0.0346743040038364
1000.0,0.13174229860305786,750.0,0.0346743040038364
652.0,0.06659933179616928,750.0,0.0346743040038364
1200.0,0.008421516045928001,750.0,0.0346743040038364
1080.0,0.037984699010849,750.0,0.0346743040038364
2000.0,-0.054299406707286835,750.0,0.0346743040038364
1000.0,0.07187481224536896,750.0,0.0346743040038364
400.0,-0.04074343293905258,750.0,0.0346743040038364
145.0,-0.11424338072538376,750.0,0.0346743040038364
1200.0,-0.0023483727127313614,757.5757576,0.035315643031236896
800.0,0.06311802566051483,774.6478873,0.03638609989449804
100.0,-0.06945595145225525,777.7777778,0.03651781284755402
440.0,-0.010343790054321289,780.0,0.036599795536432236
800.0,0.05455249175429344,781.0,0.03663361930685637
400.0,0.00015403982251882553,781.0,0.03663361930685637
200.0,-0.08403386175632477,793.6507937,0.03691410328777074
400.0,-0.04959900677204132,799.3209839,0.036967326138944705
800.0,0.04566684737801552,800.0,0.0369713917417909
160.4,-0.11801435798406601,800.0,0.0369713917417909
312.5,-0.142571359872818,800.0,0.0369713917417909
1000.0,0.08328473567962646,800.0,0.0369713917417909
100.0,-0.08993951976299286,800.0,0.0369713917417909
750.0,0.049989499151706696,800.0,0.0369713917417909
1400.0,0.01358426921069622,800.0,0.0369713917417909
200.0,-0.1639835685491562,800.0,0.0369713917417909
1000.0,0.07011450082063675,800.0,0.0369713917417909
1200.0,0.003664824180305004,800.0,0.0369713917417909
700.0,0.030341923236846924,800.0,0.0369713917417909
1200.0,0.0020759906619787216,800.0,0.0369713917417909
300.0,-0.14113835990428925,800.0,0.0369713917417909
100.0,-0.12258848547935486,800.0,0.0369713917417909
1200.0,0.012461157515645027,800.0,0.0369713917417909
1190.47619,0.009495357051491737,800.0,0.0369713917417909
500.0,0.012967385351657867,800.0,0.0369713917417909
600.0,0.022693246603012085,800.0,0.0369713917417909
200.0,-0.18895834684371948,800.0,0.0369713917417909
196.0,-0.17677903175354004,800.0,0.0369713917417909
800.0,0.08358092606067657,800.0,0.0369713917417909
700.0,0.02554851397871971,800.0,0.0369713917417909
200.0,-0.1712520569562912,800.0,0.0369713917417909
1300.0,0.03387490659952164,800.0,0.0369713917417909
1000.0,0.05522013083100319,800.0,0.0369713917417909
500.0,-0.01720830425620079,800.0,0.0369713917417909
500.0,-0.01885123923420906,800.0,0.0369713917417909
2000.0,0.008236821740865707,800.0,0.0369713917417909
250.08052,-0.14462020993232727,800.0,0.0369713917417909
320.0,-0.13247594237327576,800.0,0.0369713917417909
1100.0,0.031304940581321716,800.0,0.0369713917417909
800.0,0.052670180797576904,800.0,0.0369713917417909
150.0,-0.1455155611038208,800.0,0.0369713917417909
800.0,0.07259241491556168,800.0,0.0369713917417909
750.0,0.04737483710050583,800.0,0.0369713917417909
1400.0,0.021777741611003876,800.0,0.0369713917417909
1190.47619,0.010003464296460152,800.0,0.0369713917417909
349.0,-0.05888534337282181,800.0,0.0369713917417909
1250.0,-0.003834253177046776,800.0,0.0369713917417909
360.82,-0.07122205197811127,800.0,0.0369713917417909
500.0,0.006575020030140877,800.0,0.0369713917417909
1250.0,0.0063517289236187935,800.0,0.0369713917417909
600.0,0.06619876623153687,800.0,0.0369713917417909
600.0,0.02739262394607067,800.0,0.0369713917417909
1000.0,0.07519056648015976,800.0,0.0369713917417909
350.0,-0.06822904944419861,800.0,0.0369713917417909
450.0,0.017489498481154442,800.0,0.0369713917417909
2000.0,-0.010760292410850525,800.0,0.0369713917417909
1680.0,-0.0010888278484344482,800.0,0.0369713917417909
1400.0,-0.0015507955104112625,800.0,0.0369713917417909
700.0,0.054514456540346146,800.0,0.0369713917417909
416.67,0.002990621142089367,800.0,0.0369713917417909
1800.0,-0.03583969175815582,800.0,0.0369713917417909
1250.0,-0.0103028304874897,800.0,0.0369713917417909
500.0,0.012582561001181602,800.0,0.0369713917417909
2000.0,-0.02929653972387314,800.0,0.0369713917417909
500.0,0.06734369695186615,800.0,0.0369713917417909
300.0,-0.11798592656850815,800.0,0.0369713917417909
402.3,-0.04536028578877449,800.0,0.0369713917417909
300.0,-0.07614859938621521,800.0,0.0369713917417909
1600.0,-0.013710873201489449,800.0,0.0369713917417909
300.0,-0.11978524178266525,800.0,0.0369713917417909
1666.666667,-0.013993720524013042,800.0,0.0369713917417909
1200.0,-0.004787229001522064,800.0,0.0369713917417909
900.0,0.05864278972148895,800.0,0.0369713917417909
800.0,0.045125432312488556,800.0,0.0369713917417909
500.0,0.00261260150000453,800.0,0.0369713917417909
700.0,0.013761822134256363,800.0,0.0369713917417909
700.0,0.029788535088300705,800.0,0.0369713917417909
750.0,0.03615963086485863,800.0,0.0369713917417909
710.7151464,-0.006646675989031792,800.0,0.0369713917417909
200.06618,-0.11469165980815887,800.0,0.0369713917417909
1000.0,0.06738319247961044,800.0,0.0369713917417909
345.0,-0.05874846503138542,800.0,0.0369713917417909
500.0,0.006788022816181183,800.0,0.0369713917417909
400.0,-0.04760924354195595,800.0,0.0369713917417909
111.070366,-0.07059381902217865,800.0,0.0369713917417909
1250.0,-0.004938025493174791,800.0,0.0369713917417909
200.0,-0.11324889212846756,800.0,0.0369713917417909
600.0,0.02115483209490776,800.0,0.0369713917417909
1200.0,0.0774214118719101,800.0,0.0369713917417909
1200.0,0.02721836417913437,800.0,0.0369713917417909
1200.0,0.008781634271144867,800.0,0.0369713917417909
600.0,0.007006090134382248,800.0,0.0369713917417909
455.0,-0.015650413930416107,800.0,0.0369713917417909
800.0,0.05280078947544098,800.0,0.0369713917417909
900.0,0.06798055768013,800.0,0.0369713917417909
833.33,0.10983998328447342,800.0,0.0369713917417909
300.0,-0.11932247877120972,800.0,0.0369713917417909
400.0,-0.0651976466178894,800.0,0.0369713917417909
581.0,0.06858822703361511,800.0,0.0369713917417909
100.0,-0.14343193173408508,800.0,0.0369713917417909
1800.0,-0.01710016280412674,800.0,0.0369713917417909
774.6478873,0.037401750683784485,800.0,0.0369713917417909
1400.0,0.01460928563028574,800.0,0.0369713917417909
200.0,-0.0787648931145668,800.0,0.0369713917417909
1200.0,0.01640484295785427,800.0,0.0369713917417909
800.0,0.04466603696346283,800.0,0.0369713917417909
200.0,-0.1375264674425125,800.0,0.0369713917417909
1014.492754,0.05019822344183922,800.0,0.0369713917417909
400.0,-0.03845870867371559,800.0,0.0369713917417909
2000.0,-0.030246585607528687,800.0,0.0369713917417909
1199.602147,-0.006556367501616478,800.0,0.0369713917417909
100.0,-0.0976153016090393,800.0,0.0369713917417909
1000.0,0.04015893489122391,800.0,0.0369713917417909
350.0,-0.06771298497915268,800.0,0.0369713917417909
600.0,0.06633543968200684,800.0,0.0369713917417909
400.0,-0.05370693653821945,800.0,0.0369713917417909
1000.0,0.08492762595415115,800.0,0.0369713917417909
950.0,0.036946311593055725,800.0,0.0369713917417909
1060.0,0.06542405486106873,800.0,0.0369713917417909
800.0,0.046829864382743835,800.0,0.0369713917417909
800.0,0.06088936701416969,800.0,0.0369713917417909
454.55,0.0073775677010416985,800.0,0.0369713917417909
1125.0,0.03706958889961243,800.0,0.0369713917417909
384.62,-0.11684909462928772,800.0,0.0369713917417909
600.0,0.030415762215852737,800.7980689,0.03697560630284823
1800.0,0.0005874503403902054,814.0,0.03769285999045146
192.31,-0.14999611675739288,814.0,0.03769285999045146
1200.0,-0.003984364680945873,824.3581251,0.03802131543215234
166.6666667,-0.05184462293982506,833.33,0.03815923835968287
1250.0,-0.0053246160969138145,833.33,0.03815923835968287
1600.0,0.022050976753234863,833.3333333,0.03815917721316666
426.83,-0.005467019975185394,833.3333333,0.03815917721316666
200.0,-0.08061452209949493,833.3333333,0.03815917721316666
1250.0,0.03146423026919365,833.3333333,0.03815917721316666
900.0,0.04041358828544617,840.0,0.03802826614193479
1200.0,-0.011291996575891972,840.0,0.03802826614193479
1800.0,-0.03008376434445381,840.0,0.03802826614193479
217.39,-0.15888629853725433,840.0,0.03802826614193479
300.0,-0.12905636429786682,850.0,0.03817335351939699
400.0,-0.10711914300918579,850.0,0.03817335351939699
1600.0,-0.011578591540455818,850.0,0.03817335351939699
1800.0,-0.028023837134242058,870.0,0.0380359056716835
870.0,0.05000383034348488,870.0,0.0380359056716835
2000.0,-0.04833617061376572,870.0,0.0380359056716835
200.0,-0.1289641559123993,870.0,0.0380359056716835
1400.0,0.012667626142501831,870.0,0.0380359056716835
400.0,-0.05729144066572189,875.0,0.03834923827125433
100.0,-0.11990116536617279,875.0,0.03834923827125433
744.047619,0.026296813040971756,875.0,0.03834923827125433
652.0,0.025294151157140732,890.52,0.0391538349101736
600.0,0.019225014373660088,890.52,0.0391538349101736
1000.0,0.057962991297245026,900.0,0.039536140428941886
1200.0,0.03352152556180954,900.0,0.039536140428941886
131.58,-0.13656581938266754,900.0,0.039536140428941886
800.0,0.04725480079650879,900.0,0.039536140428941886
1000.0,0.08820082992315292,900.0,0.039536140428941886
600.0,0.024769894778728485,900.0,0.039536140428941886
265.15,-0.1160292848944664,900.0,0.039536140428941886
500.0,-0.032774630934000015,900.0,0.039536140428941886
545.4545455,-0.00041291210800409317,900.0,0.039536140428941886
333.3333333,-0.036976151168346405,900.0,0.039536140428941886
500.0,0.00038961018435657024,900.0,0.039536140428941886
357.14,-0.1276148557662964,900.0,0.039536140428941886
500.0,-0.002414276823401451,900.0,0.039536140428941886
800.0,0.058926090598106384,900.0,0.039536140428941886
1000.0,0.062300294637680054,900.0,0.039536140428941886
620.0,0.019537122920155525,900.0,0.039536140428941886
1750.0,-0.024782873690128326,900.0,0.039536140428941886
1100.0,0.05882454663515091,900.0,0.039536140428941886
700.0,0.020251305773854256,900.0,0.039536140428941886
121.95,-0.13369794189929962,900.0,0.039536140428941886
700.0,0.028810886666178703,900.0,0.039536140428941886
2050.0,-0.005893131718039513,900.0,0.039536140428941886
1279.069767,0.0106823043897748,900.0,0.039536140428941886
1500.0,-0.0028281547129154205,900.0,0.039536140428941886
200.0,-0.1196352168917656,900.0,0.039536140428941886
500.0,-0.011354759335517883,900.0,0.039536140428941886
800.0,0.05136554688215256,900.0,0.039536140428941886
217.39,-0.16243091225624084,900.0,0.039536140428941886
1180.0,0.02169974148273468,918.5922967,0.03870122061300768
700.0,0.023117076605558395,925.9259259,0.03835908535920126
800.0,0.054170023649930954,926.0,0.03835559141355065
600.0,0.027798455208539963,933.0,0.0380224972267543
800.0,0.06004279479384422,940.1709402,0.037676508145568395
700.0,0.03669862449169159,945.9459459,0.037395675029386094
800.0,0.03472663462162018,945.95,0.03739547744048901
1000.0,0.05448205769062042,950.0,0.0371978852664311
143.37152,-0.09801419824361801,950.0,0.0371978852664311
1025.0,0.05235036462545395,950.0,0.0371978852664311
800.0,0.04431081935763359,950.0,0.0371978852664311
1000.0,0.05413436517119408,950.0,0.0371978852664311
500.0,0.0006369794718921185,950.0,0.0371978852664311
580.0,0.003502046689391136,950.0,0.0371978852664311
450.0,0.004300492815673351,950.0,0.0371978852664311
1000.0,0.027545712888240814,952.0,0.03710017430025133
900.0,0.0625637024641037,952.3809524,0.0370815440878181
800.0,0.023770395666360855,960.0,0.03670634894367237
840.0,0.026556389406323433,960.0,0.03670634894367237
500.0,0.015629231929779053,960.0,0.03670634894367237
747.4233864,0.02219144068658352,960.0,0.03670634894367237
263.16,-0.16851334273815155,960.0,0.03670634894367237
900.0,0.06286005675792694,960.0,0.03670634894367237
192.31,-0.1458384245634079,960.0,0.03670634894367237
1600.0,-0.030725963413715363,960.0,0.03670634894367237
833.3333333,0.059437379240989685,974.939064,0.035947769324874104
300.0,-0.09981565922498703,975.0,0.035944604890578824
800.0,0.0518641397356987,998.541618,0.034686204806867425
700.0,0.020381566137075424,1000.0,0.034606360564982105
500.0,-0.02616439387202263,1000.0,0.034606360564982105
2000.0,-0.04611961543560028,1000.0,0.034606360564982105
300.0,-0.1012650579214096,1000.0,0.034606360564982105
600.0,0.030648542568087578,1000.0,0.034606360564982105
480.0,0.036991510540246964,1000.0,0.034606360564982105
800.0,0.07986661791801453,1000.0,0.034606360564982105
275.59,-0.11488281190395355,1000.0,0.034606360564982105
150.0,-0.09582984447479248,1000.0,0.034606360564982105
1440.0,-0.016067340970039368,1000.0,0.034606360564982105
1800.0,-0.03212551772594452,1000.0,0.034606360564982105
875.0,0.08657936751842499,1000.0,0.034606360564982105
1090.0,0.06630505621433258,1000.0,0.034606360564982105
400.0,-0.05848081782460213,1000.0,0.034606360564982105
814.0,0.050825104117393494,1000.0,0.034606360564982105
800.0,0.075101837515831,1000.0,0.034606360564982105
1368.0,0.009788545779883862,1000.0,0.034606360564982105
666.6666667,0.049788087606430054,1000.0,0.034606360564982105
1750.0,-0.04147399216890335,1000.0,0.034606360564982105
1475.0,0.012038188986480236,1000.0,0.034606360564982105
400.0,-0.05940095707774162,1000.0,0.034606360564982105
1071.428571,0.05021945387125015,1000.0,0.034606360564982105
1000.0,0.0673755556344986,1000.0,0.034606360564982105
680.0,0.016756238415837288,1000.0,0.034606360564982105
500.0,0.03850335255265236,1000.0,0.034606360564982105
300.0,-0.08702227473258972,1000.0,0.034606360564982105
952.0,0.08659667521715164,1000.0,0.034606360564982105
750.0,0.04428504407405853,1000.0,0.034606360564982105
1200.0,0.037097204476594925,1000.0,0.034606360564982105
400.0,-0.0649624764919281,1000.0,0.034606360564982105
1000.0,0.04452376067638397,1000.0,0.034606360564982105
500.0,0.016137825325131416,1000.0,0.034606360564982105
500.0,-0.010897811502218246,1000.0,0.034606360564982105
1000.0,0.07193510979413986,1000.0,0.034606360564982105
1100.0,0.019758492708206177,1000.0,0.034606360564982105
1700.0,0.014067603275179863,1000.0,0.034606360564982105
926.0,0.03747466951608658,1000.0,0.034606360564982105
1600.0,0.011184459552168846,1000.0,0.034606360564982105
700.0,0.018314141780138016,1000.0,0.034606360564982105
375.0,-0.05897422879934311,1000.0,0.034606360564982105
800.0,0.027749039232730865,1000.0,0.034606360564982105
450.0,0.029787926003336906,1000.0,0.034606360564982105
1455.026455,-0.013621551916003227,1000.0,0.034606360564982105
777.7777778,0.03997775912284851,1000.0,0.034606360564982105
1063.457871,0.03269041329622269,1000.0,0.034606360564982105
600.0,0.02485945262014866,1000.0,0.034606360564982105
960.0,0.05884774774312973,1000.0,0.034606360564982105
100.0,-0.11149060726165771,1000.0,0.034606360564982105
277.0,-0.12037419527769089,1000.0,0.034606360564982105
714.0,0.04686141014099121,1000.0,0.034606360564982105
1200.0,0.007201600819826126,1000.0,0.034606360564982105
333.33,-0.13900111615657806,1000.0,0.034606360564982105
1400.0,-0.017786899581551552,1000.0,0.034606360564982105
1250.0,0.051981568336486816,1000.0,0.034606360564982105
600.0,0.025438254699110985,1000.0,0.034606360564982105
500.0,0.007975289598107338,1000.0,0.034606360564982105
1082.251082,0.04496537894010544,1000.0,0.034606360564982105
1200.0,0.03115995228290558,1000.0,0.034606360564982105
800.0,0.02662656083703041,1000.0,0.034606360564982105
945.95,0.1186559796333313,1000.0,0.034606360564982105
700.0,0.028283627703785896,1000.0,0.034606360564982105
1000.0,0.06689305603504181,1000.0,0.034606360564982105
454.55,0.01977471262216568,1000.0,0.034606360564982105
2000.0,-0.04654638096690178,1000.0,0.034606360564982105
600.0,0.026754235848784447,1000.0,0.034606360564982105
300.0,-0.09602102637290955,1000.0,0.034606360564982105
1600.0,-0.020995868369936943,1000.0,0.034606360564982105
800.0,0.04882222041487694,1000.0,0.034606360564982105
200.0,-0.13497155904769897,1000.0,0.034606360564982105
600.0,0.02517901174724102,1000.0,0.034606360564982105
522.39,0.008025893941521645,1000.0,0.034606360564982105
600.0,0.0699567198753357,1000.0,0.034606360564982105
800.0,0.044539809226989746,1000.0,0.034606360564982105
1600.0,-0.03919170796871185,1000.0,0.034606360564982105
833.3333333,0.049405068159103394,1000.0,0.034606360564982105
400.0,-0.06433230638504028,1000.0,0.034606360564982105
780.0,0.02821337804198265,1000.0,0.034606360564982105
900.0,0.05880230292677879,1000.0,0.034606360564982105
400.0,-0.036367274820804596,1000.0,0.034606360564982105
600.0,0.013802600093185902,1000.0,0.034606360564982105
1515.151515,-0.0250179935246706,1010.451488,0.03444934794336024
700.0,0.016350477933883667,1014.492754,0.03421543407512278
1000.0,0.03377658501267433,1025.0,0.03384167461903071
1200.0,-0.00900709256529808,1040.0,0.0329156270646114
250.0,-0.11124037951231003,1040.0,0.0329156270646114
400.0,-0.05273343250155449,1040.0,0.0329156270646114
1000.0,0.02970542386174202,1042.0,0.032789405130469775
800.0,0.06614375114440918,1046.511628,0.03250248444065169
975.0,0.0511573851108551,1049.275485,0.03243059202726755
480.0,0.020513026043772697,1050.0,0.032415894842545936
1200.0,0.0541611947119236,1050.0,0.032415894842545936
300.0,-0.09155982732772827,1050.0,0.032415894842545936
800.0,0.03428102657198906,1053.8,0.03232144028984881
166.0,-0.18390801548957825,1060.0,0.03191017935339879
1500.0,0.024646291509270668,1060.0,0.03191017935339879
700.0,0.014608029276132584,1060.0,0.03191017935339879
1500.0,-0.017544399946928024,1060.0,0.03191017935339879
277.0,-0.1217229962348938,1060.0,0.03191017935339879
750.0,0.034433357417583466,1060.0,0.03191017935339879
974.939064,0.03902508318424225,1060.0,0.03191017935339879
700.0,0.012487598694860935,1063.457871,0.03182392516491624
1600.0,-0.025261079892516136,1071.428571,0.03134332409709879
800.0,0.0636778250336647,1071.428571,0.03134332409709879
1200.0,0.003608880564570427,1075.0,0.03109692021671774
800.0,0.04816683009266853,1080.0,0.03083839661021429
275.59,-0.11073681712150574,1080.0,0.03083839661021429
600.0,-0.00041996734216809273,1080.0,0.03083839661021429
1000.0,0.038666967302560806,1080.0,0.03083839661021429
1400.0,0.01534013170748949,1080.0,0.03083839661021429
731.7073171,0.025747649371623993,1082.251082,0.030680546165565765
402.3,-0.04463384672999382,1090.0,0.03013408514652685
1428.571429,-0.0029755104333162308,1093.75,0.029868115907657658
500.0,0.03730754554271698,1095.650211,0.029733016824628093
1600.0,-0.016994446516036987,1100.0,0.029423028286284184
680.0,0.013954760506749153,1100.0,0.029423028286284184
1000.0,0.04670047387480736,1100.0,0.029423028286284184
555.56,-0.015263624489307404,1100.0,0.029423028286284184
1250.0,0.08095011860132217,1100.0,0.029423028286284184
1040.0,0.06127990782260895,1100.0,0.029423028286284184
1400.0,0.009232306852936745,1100.0,0.029423028286284184
1071.428571,0.046704214066267014,1100.0,0.029423028286284184
1400.0,-0.00998413935303688,1100.0,0.029423028286284184
750.0,0.03125974163413048,1100.0,0.029423028286284184
1200.0,0.0012006163597106934,1100.0,0.029423028286284184
1100.0,0.026461590081453323,1100.0,0.029423028286284184
600.0,0.02167823165655136,1100.0,0.029423028286284184
600.0,0.060162730515003204,1100.0,0.029423028286284184
600.0,0.02623431757092476,1100.0,0.029423028286284184
320.0,-0.06292453408241272,1100.0,0.029423028286284184
500.0,-0.01221423503011465,1100.0,0.029423028286284184
1100.0,0.03381584584712982,1100.0,0.029423028286284184
600.0,0.020894356071949005,1100.0,0.029423028286284184
375.0,-0.06019391119480133,1100.0,0.029423028286284184
600.0,0.012488650158047676,1100.0,0.029423028286284184
450.0,-0.037352096289396286,1100.0,0.029423028286284184
500.0,0.006790458224713802,1100.0,0.029423028286284184
500.0,-0.02640000358223915,1100.0,0.029423028286284184
1620.0,-0.026596922427415848,1100.0,0.029423028286284184
800.0,0.04875807836651802,1120.0,0.028320974586244795
1400.0,0.03760553151369095,1125.0,0.02794891807119509
700.0,0.030387917533516884,1125.0,0.02794891807119509
560.0,0.006220163777470589,1125.0,0.02794891807119509
1000.0,0.032038796693086624,1125.0,0.02794891807119509
1042.0,0.05159296095371246,1150.0,0.026374242119634104
1600.0,0.004403912462294102,1170.0,0.02482529540949509
300.0,-0.1012192964553833,1180.0,0.02405113130441667
166.80914,-0.12236300855875015,1180.0,0.02405113130441667
500.0,0.007861589081585407,1180.0,0.02405113130441667
600.0,0.02608148194849491,1180.0,0.02405113130441667
800.0,0.03779532387852669,1180.0,0.02405113130441667
1200.0,0.0034545129165053368,1180.0,0.02405113130441667
500.0,0.001089200028218329,1190.47619,0.023241812543001398
1400.0,0.025148149579763412,1190.47619,0.023241812543001398
1600.0,-0.01839662343263626,1190.47619,0.023241812543001398
1330.0,-0.0075254663825035095,1199.602147,0.02253880313460065
1500.0,-0.03362974151968956,1200.0,0.02250820159552936
400.0,-0.05836637318134308,1200.0,0.02250820159552936
1000.0,0.05717868730425835,1200.0,0.02250820159552936
600.0,0.009515363723039627,1200.0,0.02250820159552936
500.0,0.04562417417764664,1200.0,0.02250820159552936
450.0,0.012524234130978584,1200.0,0.02250820159552936
333.3333333,-0.12653189897537231,1200.0,0.02250820159552936
500.0,0.0510711744427681,1200.0,0.02250820159552936
2000.0,-0.011029563844203949,1200.0,0.02250820159552936
1000.0,0.04480050504207611,1200.0,0.02250820159552936
1300.0,0.0512784905731678,1200.0,0.02250820159552936
1200.0,0.01157078705728054,1200.0,0.02250820159552936
1600.0,-0.01057227049022913,1200.0,0.02250820159552936
998.541618,0.060690540820360184,1200.0,0.02250820159552936
890.52,0.07413511723279953,1200.0,0.02250820159552936
600.0,0.013107623904943466,1200.0,0.02250820159552936
2000.0,-0.04150855541229248,1200.0,0.02250820159552936
238.1,-0.10827931016683578,1200.0,0.02250820159552936
375.0,-0.0685461014509201,1200.0,0.02250820159552936
800.0,0.05039685219526291,1200.0,0.02250820159552936
800.0,0.04455502703785896,1200.0,0.02250820159552936
2050.0,-0.04279814288020134,1200.0,0.02250820159552936
238.1,-0.16456393897533417,1200.0,0.02250820159552936
500.0,0.008555827662348747,1200.0,0.02250820159552936
500.0,0.008364654146134853,1200.0,0.02250820159552936
2050.0,-0.07044164091348648,1200.0,0.02250820159552936
1520.0,-0.02293691411614418,1200.0,0.02250820159552936
663.0,0.06167741119861603,1200.0,0.02250820159552936
400.0,-0.08100149035453796,1200.0,0.02250820159552936
870.0,0.049919284880161285,1200.0,0.02250820159552936
600.0,0.012567892670631409,1200.0,0.02250820159552936
1000.0,0.04226762056350708,1200.0,0.02250820159552936
1500.0,0.009177569299936295,1200.0,0.02250820159552936
800.0,0.05511824041604996,1200.0,0.02250820159552936
1225.0,-0.0044221049174666405,1200.0,0.02250820159552936
1000.0,0.07033561915159225,1200.0,0.02250820159552936
600.0,0.007486432790756226,1200.0,0.02250820159552936
1125.0,0.03566090762615204,1200.0,0.02250820159552936
600.0,0.02778291329741478,1200.0,0.02250820159552936
1080.0,0.04866418242454529,1200.0,0.02250820159552936
700.0,0.03080090507864952,1200.0,0.02250820159552936
1000.0,0.06126462295651436,1200.0,0.02250820159552936
147.06,-0.13902254402637482,1200.0,0.02250820159552936
2000.0,-0.03327189385890961,1200.0,0.02250820159552936
1300.0,-0.003006216138601303,1200.0,0.02250820159552936
2000.0,-0.0012138858437538147,1200.0,0.02250820159552936
600.0,0.04512419179081917,1200.0,0.02250820159552936
209.58,-0.10672757029533386,1200.0,0.02250820159552936
416.67,-0.06507914513349533,1200.0,0.02250820159552936
800.0,0.05090828239917755,1200.0,0.02250820159552936
500.0,-0.0014555035158991814,1200.0,0.02250820159552936
598.2905983,0.004370073787868023,1200.0,0.02250820159552936
1200.0,0.053258445113897324,1200.0,0.02250820159552936
416.67,-0.06586970388889313,1200.0,0.02250820159552936
250.0,-0.081554114818573,1200.0,0.02250820159552936
1604.40489,-0.023150844499468803,1200.0,0.02250820159552936
200.0,-0.12251131236553192,1200.0,0.02250820159552936
217.39,-0.16327086091041565,1200.0,0.02250820159552936
800.0,0.03165598213672638,1200.0,0.02250820159552936
1200.0,0.007227707654237747,1200.0,0.02250820159552936
400.0,-0.06363750994205475,1200.0,0.02250820159552936
1000.0,0.049153219908475876,1200.0,0.02250820159552936
1000.0,0.053255315870046616,1200.0,0.02250820159552936
1667.0,0.006907087750732899,1200.0,0.02250820159552936
100.0,-0.1778760701417923,1200.0,0.02250820159552936
600.0,0.04250915348529816,1200.0,0.02250820159552936
1400.0,0.008327853865921497,1200.0,0.02250820159552936
2000.0,-0.03790142387151718,1200.0,0.02250820159552936
222.93,-0.10775881260633469,1200.0,0.02250820159552936
1900.0,-0.03440447524189949,1200.0,0.02250820159552936
1920.0,-0.05229052156209946,1200.0,0.02250820159552936
1322.751323,0.013348720967769623,1200.0,0.02250820159552936
125.0,-0.1171090304851532,1200.0,0.02250820159552936
1488.095238,-0.013316021300852299,1200.0,0.02250820159552936
246.48,-0.11329320818185806,1200.0,0.02250820159552936
166.9702,-0.10904916375875473,1200.0,0.02250820159552936
454.55,-0.03718845546245575,1200.0,0.02250820159552936
500.0,0.00024639139883220196,1200.0,0.02250820159552936
700.0,0.04423392564058304,1200.0,0.02250820159552936
600.0,0.025706807151436806,1200.0,0.02250820159552936
426.83,-0.021523773670196533,1200.0,0.02250820159552936
800.0,0.043334972113370895,1200.0,0.02250820159552936
300.0,-0.09953518211841583,1200.0,0.02250820159552936
1000.0,0.05235724523663521,1200.0,0.02250820159552936
250.0,-0.11735108494758606,1200.0,0.02250820159552936
600.0,0.05645933747291565,1200.0,0.02250820159552936
700.0,0.018000217154622078,1200.0,0.02250820159552936
350.0,-0.11071895807981491,1200.0,0.02250820159552936
750.0,0.02704012766480446,1200.0,0.02250820159552936
800.0,0.04449300467967987,1200.0,0.02250820159552936
1300.0,0.012992015108466148,1201.058215,0.0224268265642694
900.0,0.04022744297981262,1210.996506,0.021663950337458528
250.4799,-0.11769638955593109,1216.216216,0.02126422573571386
900.0,0.059751465916633606,1225.0,0.020592862746560005
1200.0,0.006522150710225105,1250.0,0.018685791182747852
1000.0,0.037886396050453186,1250.0,0.018685791182747852
1250.0,0.042849693447351456,1250.0,0.018685791182747852
799.3209839,0.08044591546058655,1250.0,0.018685791182747852
522.39,0.01609884202480316,1250.0,0.018685791182747852
1400.0,0.010443044826388359,1250.0,0.018685791182747852
1400.0,0.006936158984899521,1250.0,0.018685791182747852
560.0,0.012323776260018349,1250.0,0.018685791182747852
2100.0,-0.058389246463775635,1250.0,0.018685791182747852
600.0,0.01934935338795185,1250.0,0.018685791182747852
277.0,-0.11156728863716125,1250.0,0.018685791182747852
161.29,-0.13663743436336517,1250.0,0.018685791182747852
500.0,0.013517411425709724,1250.0,0.018685791182747852
750.0,0.023240484297275543,1250.0,0.018685791182747852
1836.734694,0.018129367381334305,1250.0,0.018685791182747852
1406.926407,0.0018611135892570019,1250.0,0.018685791182747852
238.1,-0.15237611532211304,1250.0,0.018685791182747852
400.0,-0.08368050307035446,1250.0,0.018685791182747852
400.0,-0.04754449799656868,1250.0,0.018685791182747852
1200.0,0.014328839257359505,1250.0,0.018685791182747852
100.0,-0.0617200993001461,1250.0,0.018685791182747852
800.0,0.04406962916254997,1250.0,0.018685791182747852
800.0,0.049697667360305786,1250.0,0.018685791182747852
1200.0,0.005360142327845097,1279.069767,0.016460663107412638
200.0,-0.1359972059726715,1298.701299,0.014945716067412324
300.0,-0.0785536915063858,1300.0,0.014845117172989208
208.33,-0.1563650220632553,1300.0,0.014845117172989208
800.0,0.061345551162958145,1300.0,0.014845117172989208
300.0,-0.10202585905790329,1300.0,0.014845117172989208
1000.0,0.05515420436859131,1300.0,0.014845117172989208
200.0,-0.13091745972633362,1300.0,0.014845117172989208
800.0,0.055918291211128235,1300.0,0.014845117172989208
1547.619048,-0.019738230854272842,1300.0,0.014845117172989208
541.1255411,-0.00849880464375019,1300.0,0.014845117172989208
100.0,-0.03668016940355301,1300.0,0.014845117172989208
700.0,0.0172214787453413,1300.0,0.014845117172989208
800.0,0.04814950004220009,1300.0,0.014845117172989208
125.0,-0.11779548972845078,1300.0,0.014845117172989208
1150.0,0.031229322776198387,1300.0,0.014845117172989208
1200.0,0.027342529967427254,1300.0,0.014845117172989208
560.0,0.011748751625418663,1300.0,0.014845117172989208
1940.0,-0.05895907059311867,1300.0,0.014845117172989208
600.0,0.03297622874379158,1300.0,0.014845117172989208
500.0,-0.006060950458049774,1304.347826,0.014508005143312781
800.0,0.03557879477739334,1309.52381,0.01410604445428025
1000.0,0.057603869587183,1309.52381,0.01410604445428025
400.0,-0.02925809472799301,1313.407036,0.013804039313493228
145.0,-0.10521561652421951,1320.0,0.013290476685701857
300.0,-0.0980992466211319,1320.0,0.013290476685701857
800.0,0.07557783275842667,1320.0,0.013290476685701857
327.1,-0.07998746633529663,1322.751323,0.013075872333691426
349.0,-0.056106168776750565,1330.0,0.012509716535916404
400.0,-0.06464296579360962,1339.285714,0.01178299837969285
714.29,0.012502126395702362,1368.0,0.009527461662851965
165.09,-0.09249994903802872,1368.0,0.009527461662851965
1000.0,0.031625233590602875,1368.0,0.009527461662851965
550.0,0.02277463860809803,1368.0,0.009527461662851965
750.0,0.07013784348964691,1372.54902,0.009169200908335713
800.0,0.0489792637526989,1398.998612,0.007082242171577576
1000.0,0.019412081688642502,1400.0,0.007003112055073847
750.0,0.06152431666851044,1400.0,0.007003112055073847
1000.0,0.053609080612659454,1400.0,0.007003112055073847
2000.0,-0.052100587636232376,1400.0,0.007003112055073847
277.0,-0.09580181539058685,1400.0,0.007003112055073847
1600.0,-0.02426040917634964,1400.0,0.007003112055073847
1600.0,-0.02330969087779522,1400.0,0.007003112055073847
400.0,-0.051730912178754807,1400.0,0.007003112055073847
1600.0,-0.013884387910366058,1400.0,0.007003112055073847
800.0,0.04621264338493347,1400.0,0.007003112055073847
1700.0,-0.016928736120462418,1400.0,0.007003112055073847
231.3834536,-0.17962490022182465,1400.0,0.007003112055073847
600.0,0.003919787239283323,1400.0,0.007003112055073847
800.0,0.06078421324491501,1400.0,0.007003112055073847
800.0,0.041722461581230164,1400.0,0.007003112055073847
673.08,0.03227117657661438,1400.0,0.007003112055073847
700.0,0.05690211057662964,1400.0,0.007003112055073847
600.0,0.027973981574177742,1400.0,0.007003112055073847
1309.52381,0.015693088993430138,1400.0,0.007003112055073847
300.0,-0.09868433326482773,1400.0,0.007003112055073847
625.0,0.0024684537202119827,1400.0,0.007003112055073847
400.0,-0.08068346232175827,1400.0,0.007003112055073847
1200.0,0.039893414825201035,1400.0,0.007003112055073847
666.6666667,0.03174436837434769,1400.0,0.007003112055073847
300.0,-0.09831880033016205,1400.0,0.007003112055073847
824.3581251,0.013963669538497925,1400.0,0.007003112055073847
1100.0,0.023350097239017487,1400.0,0.007003112055073847
600.0,0.04843238368630409,1400.0,0.007003112055073847
200.0,-0.1245870292186737,1400.0,0.007003112055073847
800.0,0.07727222144603729,1400.0,0.007003112055073847
400.0,-0.03479567915201187,1400.0,0.007003112055073847
555.56,-0.022122859954833984,1400.0,0.007003112055073847
700.0,0.020630760118365288,1400.0,0.007003112055073847
1000.0,0.07412950694561005,1400.0,0.007003112055073847
900.0,0.06940110772848129,1400.0,0.007003112055073847
800.0,0.03932395577430725,1400.0,0.007003112055073847
1680.0,-0.013209110125899315,1400.0,0.007003112055073847
200.0,-0.11365990340709686,1400.0,0.007003112055073847
1500.0,-7.572676986455917e-05,1400.0,0.007003112055073847
100.0,-0.10737431794404984,1400.0,0.007003112055073847
725.0,0.06488613039255142,1400.0,0.007003112055073847
1200.0,0.016891803592443466,1400.0,0.007003112055073847
945.9459459,0.046014800667762756,1400.0,0.007003112055073847
1400.0,0.002458919771015644,1406.926407,0.006455572259741493
950.0,0.039531439542770386,1428.571429,0.0047422555876316325
1060.0,0.06048456206917763,1440.0,0.0038363336271211097
240.0,-0.18522432446479797,1455.026455,0.0026439420045466736
1400.0,0.011255604214966297,1475.0,0.00105687094015602
1929.824561,0.017351463437080383,1488.095238,1.5104431643268921e-05
1180.0,0.03186950087547302,1500.0,-0.0009327626790534977
1500.0,0.008214088156819344,1500.0,-0.0009327626790534977
600.0,0.00038674473762512207,1500.0,-0.0009327626790534977
400.0,-0.07139666378498077,1500.0,-0.0009327626790534977
1300.0,-0.010699383914470673,1500.0,-0.0009327626790534977
300.0,-0.11690158396959305,1500.0,-0.0009327626790534977
1250.0,-0.01220625638961792,1500.0,-0.0009327626790534977
800.0,0.052507027983665466,1500.0,-0.0009327626790534977
1320.0,-0.004735792055726051,1500.0,-0.0009327626790534977
1940.0,-0.06514601409435272,1500.0,-0.0009327626790534977
1372.54902,0.007569873705506325,1500.0,-0.0009327626790534977
1000.0,0.02558998018503189,1500.0,-0.0009327626790534977
739.5,0.025849688798189163,1500.0,-0.0009327626790534977
1400.0,0.01369867380708456,1500.0,-0.0009327626790534977
250.0,-0.17569071054458618,1500.0,-0.0009327626790534977
200.0,-0.0919933170080185,1500.0,-0.0009327626790534977
300.0,-0.08484578877687454,1500.0,-0.0009327626790534977
1400.0,0.005004522856324911,1500.0,-0.0009327626790534977
750.0,0.03767293691635132,1500.0,-0.0009327626790534977
300.0,-0.07288771122694016,1500.0,-0.0009327626790534977
1000.0,0.05969882011413574,1500.0,-0.0009327626790534977
600.0,0.04634261131286621,1500.0,-0.0009327626790534977
500.0,0.004393906332552433,1500.0,-0.0009327626790534977
652.0,0.049274034798145294,1500.0,-0.0009327626790534977
833.33,0.1031346544623375,1500.0,-0.0009327626790534977
800.0,0.03365221619606018,1500.0,-0.0009327626790534977
800.0,0.07685743272304535,1500.0,-0.0009327626790534977
1100.0,0.05150767043232918,1500.0,-0.0009327626790534977
277.78,-0.11063267290592194,1500.0,-0.0009327626790534977
564.52,0.011182800866663456,1500.0,-0.0009327626790534977
800.0,0.042401302605867386,1500.0,-0.0009327626790534977
500.0,0.039602987468242645,1500.0,-0.0009327626790534977
230.26,-0.10815135389566422,1515.151515,-0.0021401879075230268
380.43,-0.06951816380023956,1520.0,-0.002526795864145271
400.0,-0.07465812563896179,1521.73913,-0.002665496412041699
250.0,-0.13340604305267334,1547.619048,-0.004730987432585178
100.0,-0.07932999730110168,1560.0,-0.005720009174840965
350.0,-0.10063686966896057,1600.0,-0.008918392346391028
1200.0,0.0146782286465168,1600.0,-0.008918392346391028
1900.0,-0.035680729895830154,1600.0,-0.008918392346391028
800.0,0.0442647710442543,1600.0,-0.008918392346391028
750.0,0.0130369383841753,1600.0,-0.008918392346391028
185.19,-0.15149246156215668,1600.0,-0.008918392346391028
725.0,0.05820181220769882,1600.0,-0.008918392346391028
240.0,-0.1460757851600647,1600.0,-0.008918392346391028
1250.0,0.06003750115633011,1600.0,-0.008918392346391028
500.0,0.008181513287127018,1600.0,-0.008918392346391028
1000.0,0.0680391937494278,1600.0,-0.008918392346391028
1125.0,0.02941923961043358,1600.0,-0.008918392346391028
800.0,0.03926315903663635,1600.0,-0.008918392346391028
1200.0,0.037798039615154266,1600.0,-0.008918392346391028
300.0,-0.0737682357430458,1600.0,-0.008918392346391028
1601.731602,-0.02303299680352211,1600.0,-0.008918392346391028
590.0,8.045602589845657e-05,1600.0,-0.008918392346391028
400.0,-0.05141802504658699,1600.0,-0.008918392346391028
125.295685,-0.09800750017166138,1600.0,-0.008918392346391028
700.0,0.026995070278644562,1600.0,-0.008918392346391028
1934.52381,-0.029863229021430016,1600.0,-0.008918392346391028
151.52,-0.1361694633960724,1600.0,-0.008918392346391028
500.0,-0.04446195811033249,1600.0,-0.008918392346391028
739.5,0.07989193499088287,1600.0,-0.008918392346391028
380.43,-0.06959858536720276,1600.0,-0.008918392346391028
952.3809524,0.046389784663915634,1600.0,-0.008918392346391028
600.0,0.019767798483371735,1600.0,-0.008918392346391028
172.41,-0.15249177813529968,1600.0,-0.008918392346391028
1100.0,0.03147011995315552,1600.0,-0.008918392346391028
793.6507937,0.032377634197473526,1600.0,-0.008918392346391028
600.0,0.04120328277349472,1601.731602,-0.009056936484872453
400.0,-0.00850248709321022,1602.936678,-0.009153357108522336
1309.52381,0.010517679154872894,1604.40489,-0.00927083547241742
800.0,0.055869340896606445,1620.0,-0.010518890777103102
1200.0,0.005109081044793129,1666.666667,-0.014254831668660387
1800.0,-0.03327377140522003,1666.666667,-0.014254831668660387
700.0,0.03875107318162918,1667.0,-0.014281518134846535
200.0,-0.14538411796092987,1680.0,-0.015322248957638738
300.0,-0.09584088623523712,1680.0,-0.015322248957638738
1500.0,0.01151592843234539,1680.0,-0.015322248957638738
1250.0,0.040674179792404175,1680.0,-0.015322248957638738
2000.0,-0.051423583179712296,1680.0,-0.015322248957638738
1100.0,0.05465906113386154,1680.0,-0.015322248957638738
147.06,-0.1392047107219696,1680.0,-0.015322248957638738
400.0,-0.05258841812610626,1700.0,-0.01692311006956559
150.0,-0.11816572397947311,1700.0,-0.01692311006956559
500.0,-0.0007784436456859112,1700.0,-0.01692311006956559
900.0,0.05977849289774895,1700.0,-0.01692311006956559
1180.0,0.02616673894226551,1700.0,-0.01692311006956559
1400.0,0.008030697703361511,1750.0,-0.020922777925414825
1250.0,0.01472412794828415,1750.0,-0.020922777925414825
800.0,0.07258263230323792,1750.0,-0.020922777925414825
1300.0,0.047209229320287704,1750.0,-0.020922777925414825
200.0,-0.1384783238172531,1761.904762,-0.021874360837318762
500.0,0.007823660969734192,1785.714286,-0.023776487059104262
700.0,0.027163710445165634,1800.0,-0.024917028772426433
1400.0,-0.002308114431798458,1800.0,-0.024917028772426433
1200.0,0.014685504138469696,1800.0,-0.024917028772426433
750.0,0.0386514775454998,1800.0,-0.024917028772426433
1750.0,-0.02621481381356716,1800.0,-0.024917028772426433
600.0,0.04098140448331833,1800.0,-0.024917028772426433
560.0,0.006364117376506329,1800.0,-0.024917028772426433
500.0,0.011838889680802822,1800.0,-0.024917028772426433
700.0,0.019898904487490654,1800.0,-0.024917028772426433
1400.0,-0.019304590299725533,1800.0,-0.024917028772426433
1800.0,-0.02179456315934658,1800.0,-0.024917028772426433
800.0,0.0468931719660759,1800.0,-0.024917028772426433
169.08,-0.09817740321159363,1800.0,-0.024917028772426433
900.0,0.05062219500541687,1800.0,-0.024917028772426433
277.78,-0.1502460092306137,1800.0,-0.024917028772426433
1200.0,0.015008686110377312,1800.0,-0.024917028772426433
2000.0,-0.046360187232494354,1800.0,-0.024917028772426433
500.0,0.029034603387117386,1800.0,-0.024917028772426433
119.05,-0.1329495757818222,1800.0,-0.024917028772426433
100.0,-0.08595940470695496,1800.0,-0.024917028772426433
1170.0,0.020919503644108772,1800.0,-0.024917028772426433
500.0,0.02476394735276699,1800.0,-0.024917028772426433
700.0,0.07242032885551453,1800.0,-0.024917028772426433
1250.0,-0.014657330699265003,1800.0,-0.024917028772426433
600.0,0.013244573026895523,1800.0,-0.024917028772426433
1049.275485,0.07040568441152573,1836.734694,-0.02784713527821064
1200.0,0.03351970762014389,1851.851852,-0.029051823079819745
900.0,0.047535739839076996,1900.0,-0.03288469107683714
1300.0,0.0019691581837832928,1900.0,-0.03288469107683714
729.1666667,0.02195511758327484,1920.0,-0.03447511444875603
250.45206,-0.11769638955593109,1929.824561,-0.035256036517807204
600.0,0.02130969986319542,1934.52381,-0.035629487751330555
500.0,0.0042829797603189945,1940.0,-0.03606462154163983
500.0,0.00942350085824728,1940.0,-0.03606462154163983
199.72005,-0.13262179493904114,1940.0,-0.03606462154163983
1200.0,0.02827109582722187,1940.0,-0.03606462154163983
800.0,0.042810987681150436,1940.0,-0.03606462154163983
1100.0,0.04773522913455963,1940.0,-0.03606462154163983
800.0,0.05518341809511185,1950.0,-0.03685904678447444
600.0,0.059496983885765076,2000.0,-0.040828000153372165
800.0,0.03924857825040817,2000.0,-0.040828000153372165
960.0,0.05706513673067093,2000.0,-0.040828000153372165
1000.0,0.06142186373472214,2000.0,-0.040828000153372165
900.0,0.06652987748384476,2000.0,-0.040828000153372165
200.0,-0.09678724408149719,2000.0,-0.040828000153372165
500.0,0.03371623158454895,2000.0,-0.040828000153372165
550.0,0.06964035332202911,2000.0,-0.040828000153372165
870.0,0.04501039534807205,2000.0,-0.040828000153372165
500.0,0.0256185419857502,2000.0,-0.040828000153372165
250.0,-0.15252313017845154,2000.0,-0.040828000153372165
2000.0,-0.05112738162279129,2000.0,-0.040828000153372165
933.0,0.04597786068916321,2000.0,-0.040828000153372165
312.5,-0.14072786271572113,2000.0,-0.040828000153372165
750.0,0.031484175473451614,2000.0,-0.040828000153372165
2000.0,-0.05670259892940521,2000.0,-0.040828000153372165
1600.0,-0.012498495168983936,2000.0,-0.040828000153372165
1200.0,0.05209410563111305,2000.0,-0.040828000153372165
1000.0,0.08955035358667374,2000.0,-0.040828000153372165
800.0,0.08591192215681076,2000.0,-0.040828000153372165
299.15,-0.09884120523929596,2000.0,-0.040828000153372165
1600.0,-0.013781717047095299,2000.0,-0.040828000153372165
1040.0,0.050259459763765335,2000.0,-0.040828000153372165
500.0,0.0003468231298029423,2000.0,-0.040828000153372165
500.0,-0.0009753367630764842,2000.0,-0.040828000153372165
1800.0,0.007173081859946251,2000.0,-0.040828000153372165
1200.0,-0.0001617101952433586,2000.0,-0.040828000153372165
197.74,-0.09950867295265198,2000.0,-0.040828000153372165
1125.0,0.035112932324409485,2000.0,-0.040828000153372165
400.0,-0.09207272529602051,2000.0,-0.040828000153372165
1200.0,0.023395489901304245,2000.0,-0.040828000153372165
918.5922967,0.07117536664009094,2000.0,-0.040828000153372165
900.0,0.04699159041047096,2000.0,-0.040828000153372165
1800.0,-0.024786628782749176,2000.0,-0.040828000153372165
200.0,-0.13452281057834625,2000.0,-0.040828000153372165
800.0,0.03454243764281273,2050.0,-0.04479193256001031
1250.0,0.006236325949430466,2050.0,-0.04479193256001031
700.0,0.018292460590600967,2050.0,-0.04479193256001031
814.0,0.022650156170129776,2050.0,-0.04479193256001031
600.0,0.015719659626483917,2083.333333,-0.0474320486327228
402.7796176,-0.05528676509857178,2100.0,-0.048751410141768835
