layer thickness (mm),shap,lowess layer thickness (mm),lowess shap
0.03,0.004167591221630573,0.01,0.06631635105567128
0.03,-0.000186548859346658,0.01,0.06631635105567128
0.045,0.0007933331653475761,0.01,0.06631635105567128
0.03,-0.00011050235480070114,0.01,0.06631635105567128
0.04,-0.016483984887599945,0.01,0.06631635105567128
0.05,-0.015101142227649689,0.01,0.06631635105567128
0.03,0.012739156372845173,0.01,0.06631635105567128
0.04,-0.021775875240564346,0.01,0.06631635105567128
0.04,-0.01878633350133896,0.01,0.06631635105567128
0.03,-0.0011619380675256252,0.01,0.06631635105567128
0.03,0.005223916843533516,0.01,0.06631635105567128
0.06,-0.020994246006011963,0.01,0.06631635105567128
0.03,0.00579521618783474,0.01,0.06631635105567128
0.03,-0.0032973019406199455,0.01,0.06631635105567128
0.08,-0.04266544058918953,0.01,0.06631635105567128
0.03,-0.003197908401489258,0.01,0.06631635105567128
0.03,-0.0019695551600307226,0.01,0.06631635105567128
0.04,-0.012397585436701775,0.01,0.06631635105567128
0.03,0.0051573775708675385,0.01,0.06631635105567128
0.04,-0.004051702097058296,0.01,0.06631635105567128
0.03,0.004359076730906963,0.01,0.06631635105567128
0.06,-0.03994474187493324,0.01,0.06631635105567128
0.03,0.004961464088410139,0.01,0.06631635105567128
0.04,-0.007065438665449619,0.01,0.06631635105567128
0.04,-0.017032744362950325,0.01,0.06631635105567128
0.02,0.048879045993089676,0.01,0.06631635105567128
0.03,-0.00040016695857048035,0.01,0.06631635105567128
0.04,-0.015588865615427494,0.01,0.06631635105567128
0.03,-0.006868910975754261,0.01,0.06631635105567128
0.1,-0.0931989848613739,0.01,0.06631635105567128
0.04,-0.014123395085334778,0.01,0.06631635105567128
0.06,-0.02721957489848137,0.02,0.03557185377885625
0.06,-0.0061245085671544075,0.02,0.03557185377885625
0.05,-0.036893732845783234,0.02,0.03557185377885625
0.1,-0.07253238558769226,0.02,0.03557185377885625
0.045,-0.01577380672097206,0.02,0.03557185377885625
0.03,0.008478200994431973,0.02,0.03557185377885625
0.03,0.005487910937517881,0.02,0.03557185377885625
0.08,-0.03623729944229126,0.02,0.03557185377885625
0.03,0.006116894073784351,0.02,0.03557185377885625
0.02,0.05051204189658165,0.02,0.03557185377885625
0.04,-0.015237124636769295,0.02,0.03557185377885625
0.04,-0.009629245847463608,0.02,0.03557185377885625
0.04,-0.01682370901107788,0.02,0.03557185377885625
0.01,0.03948911279439926,0.02,0.03557185377885625
0.04,-0.011725280433893204,0.02,0.03557185377885625
0.025,0.014687221497297287,0.02,0.03557185377885625
0.06,-0.023923367261886597,0.02,0.03557185377885625
0.04,-0.026572100818157196,0.02,0.03557185377885625
0.03,0.0009216293692588806,0.02,0.03557185377885625
0.04,0.00520681357011199,0.02,0.03557185377885625
0.03,0.0012787410523742437,0.02,0.03557185377885625
0.04,-0.007968170568346977,0.02,0.03557185377885625
0.06,-0.02707502618432045,0.02,0.03557185377885625
0.037,-0.0025132002774626017,0.02,0.03557185377885625
0.08,-0.05637391656637192,0.02,0.03557185377885625
0.03,0.0009585251100361347,0.02,0.03557185377885625
0.04,-0.01639034040272236,0.02,0.03557185377885625
0.03,0.004074661061167717,0.02,0.03557185377885625
0.05,-0.014359095133841038,0.02,0.03557185377885625
0.03,0.004195368383079767,0.02,0.03557185377885625
0.06,-0.011730410158634186,0.02,0.03557185377885625
0.04,-0.023089786991477013,0.02,0.03557185377885625
0.04,-0.015829170122742653,0.02,0.03557185377885625
0.025,0.012172894552350044,0.02,0.03557185377885625
0.06,-0.03611719608306885,0.02,0.03557185377885625
0.03,-0.006429505534470081,0.02,0.03557185377885625
0.1,-0.08150289207696915,0.02,0.03557185377885625
0.03,0.0069603100419044495,0.02,0.03557185377885625
0.025,0.002160400152206421,0.02,0.03557185377885625
0.1,-0.06856653839349747,0.02,0.03557185377885625
0.03,-0.0030195724684745073,0.02,0.03557185377885625
0.05,-0.004763489589095116,0.02,0.03557185377885625
0.1,-0.06517762690782547,0.02,0.03557185377885625
0.04,-0.013246521353721619,0.02,0.03557185377885625
0.03,0.010739678516983986,0.02,0.03557185377885625
0.01,0.038427382707595825,0.02,0.03557185377885625
0.03,0.008720003999769688,0.02,0.03557185377885625
0.04,-0.01389523409307003,0.02,0.03557185377885625
0.06,-0.01695164293050766,0.02,0.03557185377885625
0.09,-0.06840553134679794,0.02,0.03557185377885625
0.03,0.010030156932771206,0.02,0.03557185377885625
0.1,-0.07140340656042099,0.02,0.03557185377885625
0.01,0.060271941125392914,0.02,0.03557185377885625
0.03,0.013696464709937572,0.02,0.03557185377885625
0.04,-0.023361481726169586,0.02,0.03557185377885625
0.02,0.0434381365776062,0.02,0.03557185377885625
0.03,-0.0021549148950725794,0.02,0.03557185377885625
0.1,-0.04791390150785446,0.02,0.03557185377885625
0.03,0.008684394881129265,0.02,0.03557185377885625
0.03,0.01590803638100624,0.02,0.03557185377885625
0.075,-0.044722188264131546,0.02,0.03557185377885625
0.03,0.010347054339945316,0.02,0.03557185377885625
0.04,-0.012311792001128197,0.02,0.03557185377885625
0.03,-0.0032515795901417732,0.02,0.03557185377885625
0.06,-0.026220953091979027,0.02,0.03557185377885625
0.06,-0.00959828495979309,0.02,0.03557185377885625
0.03,0.010619739070534706,0.02,0.03557185377885625
0.06,-0.01053423248231411,0.02,0.03557185377885625
0.05,-0.01092279888689518,0.02,0.03557185377885625
0.03,0.002839490305632353,0.02,0.03557185377885625
0.03,0.016069576144218445,0.02,0.03557185377885625
0.03,0.0007129944860935211,0.02,0.03557185377885625
0.03,0.00827567745000124,0.02,0.03557185377885625
0.03,-0.0034009115770459175,0.02,0.03557185377885625
0.03,0.0029753660783171654,0.02,0.03557185377885625
0.03,-0.005014384631067514,0.02,0.03557185377885625
0.03,0.004253329709172249,0.02,0.03557185377885625
0.03,0.0029934882186353207,0.02,0.03557185377885625
0.06,-0.027917126193642616,0.02,0.03557185377885625
0.03,0.0019323872402310371,0.02,0.03557185377885625
0.02,0.029373344033956528,0.02,0.03557185377885625
0.06,-0.01889922097325325,0.02,0.03557185377885625
0.05,-0.006130043417215347,0.02,0.03557185377885625
0.06,-0.02844526246190071,0.02,0.03557185377885625
0.03,0.007243350148200989,0.02,0.03557185377885625
0.03,0.0017756596207618713,0.02,0.03557185377885625
0.03,-0.009259520098567009,0.02,0.03557185377885625
0.03,0.01320805586874485,0.02,0.03557185377885625
0.06,-0.04333404824137688,0.02,0.03557185377885625
0.04,-0.0012528849765658379,0.02,0.03557185377885625
0.04,-0.009545931592583656,0.02,0.03557185377885625
0.03,0.005502564366906881,0.02,0.03557185377885625
0.06,-0.0371747650206089,0.025,0.02073732032554771
0.03,0.012704240158200264,0.025,0.02073732032554771
0.03,-0.001965965609997511,0.025,0.02073732032554771
0.03,0.004145556129515171,0.025,0.02073732032554771
0.03,-0.0026476720813661814,0.025,0.02073732032554771
0.05,-0.010555451735854149,0.025,0.02073732032554771
0.03,0.014180285856127739,0.025,0.02073732032554771
0.03,0.011107298545539379,0.025,0.02073732032554771
0.03,-0.005754493176937103,0.025,0.02073732032554771
0.04,-0.016912752762436867,0.025,0.02073732032554771
0.04,-0.0025920006446540356,0.025,0.02073732032554771
0.03,0.0015573203563690186,0.025,0.02073732032554771
0.04,-0.009724121540784836,0.025,0.02073732032554771
0.037,-0.000998597708530724,0.025,0.02073732032554771
0.02,0.02576410584151745,0.025,0.02073732032554771
0.03,0.009135521948337555,0.025,0.02073732032554771
0.04,-0.010361977852880955,0.025,0.02073732032554771
0.1,-0.05998548865318298,0.025,0.02073732032554771
0.04,0.0010089566931128502,0.025,0.02073732032554771
0.03,0.009529493749141693,0.025,0.02073732032554771
0.05,0.004533843137323856,0.025,0.02073732032554771
0.04,-0.017193607985973358,0.025,0.02073732032554771
0.03,0.004165586084127426,0.025,0.02073732032554771
0.05,-0.00581299839541316,0.025,0.02073732032554771
0.03,-0.0001021306961774826,0.025,0.02073732032554771
0.06,-0.04208589345216751,0.025,0.02073732032554771
0.04,-0.008255282416939735,0.025,0.02073732032554771
0.09,-0.06718837469816208,0.025,0.02073732032554771
0.04,-0.015618138015270233,0.025,0.02073732032554771
0.02,0.04480968043208122,0.025,0.02073732032554771
0.03,0.010457119904458523,0.025,0.02073732032554771
0.03,0.005379637703299522,0.025,0.02073732032554771
0.03,0.006730527617037296,0.025,0.02073732032554771
0.03,0.003541626501828432,0.025,0.02073732032554771
0.03,0.014516089111566544,0.025,0.02073732032554771
0.1,-0.055127035826444626,0.025,0.02073732032554771
0.03,0.016815125942230225,0.025,0.02073732032554771
0.03,0.002566245384514332,0.025,0.02073732032554771
0.03,0.001202935352921486,0.025,0.02073732032554771
0.04,-0.016376689076423645,0.03,0.0032102332421618403
0.03,0.0006928942166268826,0.03,0.0032102332421618403
0.06,-0.023037295788526535,0.03,0.0032102332421618403
0.04,-0.013785319402813911,0.03,0.0032102332421618403
0.08,-0.05989096686244011,0.03,0.0032102332421618403
0.04,-0.003058481262996793,0.03,0.0032102332421618403
0.03,0.004160474985837936,0.03,0.0032102332421618403
0.02,0.03413103520870209,0.03,0.0032102332421618403
0.08,-0.03792719542980194,0.03,0.0032102332421618403
0.03,-0.006511904299259186,0.03,0.0032102332421618403
0.04,-0.013378815725445747,0.03,0.0032102332421618403
0.03,0.0048487489111721516,0.03,0.0032102332421618403
0.03,-0.007392563857138157,0.03,0.0032102332421618403
0.01,0.057450078427791595,0.03,0.0032102332421618403
0.1,-0.07933368533849716,0.03,0.0032102332421618403
0.03,0.003631502389907837,0.03,0.0032102332421618403
0.02,0.04373442754149437,0.03,0.0032102332421618403
0.06,-0.010794500820338726,0.03,0.0032102332421618403
0.1,-0.05862455070018768,0.03,0.0032102332421618403
0.075,-0.015878763049840927,0.03,0.0032102332421618403
0.03,-0.008713934570550919,0.03,0.0032102332421618403
0.04,-0.001222405582666397,0.03,0.0032102332421618403
0.06,0.00021690595895051956,0.03,0.0032102332421618403
0.1,-0.07973795384168625,0.03,0.0032102332421618403
0.04,-0.01600346900522709,0.03,0.0032102332421618403
0.06,-0.04556899145245552,0.03,0.0032102332421618403
0.04,-0.014097504317760468,0.03,0.0032102332421618403
0.03,0.0019359737634658813,0.03,0.0032102332421618403
0.02,0.06004109978675842,0.03,0.0032102332421618403
0.03,-0.0009790034964680672,0.03,0.0032102332421618403
0.03,0.001812380738556385,0.03,0.0032102332421618403
0.03,0.005224630702286959,0.03,0.0032102332421618403
0.05,-0.009066995233297348,0.03,0.0032102332421618403
0.03,0.005003053694963455,0.03,0.0032102332421618403
0.04,-0.012741673737764359,0.03,0.0032102332421618403
0.025,-0.0007664728909730911,0.03,0.0032102332421618403
0.03,0.012278495356440544,0.03,0.0032102332421618403
0.1,-0.05219870060682297,0.03,0.0032102332421618403
0.02,0.031740590929985046,0.03,0.0032102332421618403
0.04,0.016735700890421867,0.03,0.0032102332421618403
0.03,0.0065041957423090935,0.03,0.0032102332421618403
0.03,0.001484458800405264,0.03,0.0032102332421618403
0.03,-0.005023118108510971,0.03,0.0032102332421618403
0.03,0.004315554164350033,0.03,0.0032102332421618403
0.1,-0.07422371953725815,0.03,0.0032102332421618403
0.02,0.05108577385544777,0.03,0.0032102332421618403
0.03,0.011861150152981281,0.03,0.0032102332421618403
0.02,0.05371700972318649,0.03,0.0032102332421618403
0.1,-0.07242249697446823,0.03,0.0032102332421618403
0.03,-0.0003278730437159538,0.03,0.0032102332421618403
0.03,0.013397477567195892,0.03,0.0032102332421618403
0.06,-0.03987380862236023,0.03,0.0032102332421618403
0.03,0.0058622523210942745,0.03,0.0032102332421618403
0.03,0.0023366156965494156,0.03,0.0032102332421618403
0.03,0.0027120686136186123,0.03,0.0032102332421618403
0.04,-0.004251820035278797,0.03,0.0032102332421618403
0.03,0.008497009053826332,0.03,0.0032102332421618403
0.03,0.014566658064723015,0.03,0.0032102332421618403
0.03,0.0002953201765194535,0.03,0.0032102332421618403
0.03,-0.013832084834575653,0.03,0.0032102332421618403
0.02,0.04087752476334572,0.03,0.0032102332421618403
0.03,0.007130551151931286,0.03,0.0032102332421618403
0.1,-0.05717761069536209,0.03,0.0032102332421618403
0.04,-0.026820741593837738,0.03,0.0032102332421618403
0.06,-0.02715224027633667,0.03,0.0032102332421618403
0.01,0.04232637211680412,0.03,0.0032102332421618403
0.03,-0.0010813651606440544,0.03,0.0032102332421618403
0.03,0.004964763298630714,0.03,0.0032102332421618403
0.01,0.0571616068482399,0.03,0.0032102332421618403
0.03,0.010727926157414913,0.03,0.0032102332421618403
0.04,-0.01599263772368431,0.03,0.0032102332421618403
0.03,0.0010538073256611824,0.03,0.0032102332421618403
0.04,-0.015309058129787445,0.03,0.0032102332421618403
0.04,-0.026959218084812164,0.03,0.0032102332421618403
0.03,0.0009374022483825684,0.03,0.0032102332421618403
0.03,0.008039990440011024,0.03,0.0032102332421618403
0.03,0.0018605077639222145,0.03,0.0032102332421618403
0.08,-0.05349022150039673,0.03,0.0032102332421618403
0.03,0.010697372257709503,0.03,0.0032102332421618403
0.03,0.011707523837685585,0.03,0.0032102332421618403
0.06,-0.0272231362760067,0.03,0.0032102332421618403
0.1,-0.08627884835004807,0.03,0.0032102332421618403
0.03,0.0005533327348530293,0.03,0.0032102332421618403
0.04,-0.009837334975600243,0.03,0.0032102332421618403
0.03,-0.00028220005333423615,0.03,0.0032102332421618403
0.04,-0.0020167790353298187,0.03,0.0032102332421618403
0.03,0.00991048663854599,0.03,0.0032102332421618403
0.03,0.0017350930720567703,0.03,0.0032102332421618403
0.06,-0.028736919164657593,0.03,0.0032102332421618403
0.037,-0.01777540147304535,0.03,0.0032102332421618403
0.1,-0.08022929728031158,0.03,0.0032102332421618403
0.03,0.002983660437166691,0.03,0.0032102332421618403
0.03,0.003617767244577408,0.03,0.0032102332421618403
0.05,0.010576522909104824,0.03,0.0032102332421618403
0.06,-0.042892999947071075,0.03,0.0032102332421618403
0.05,-0.0015959893353283405,0.03,0.0032102332421618403
0.03,-0.000838743057101965,0.03,0.0032102332421618403
0.03,-0.0032291458919644356,0.03,0.0032102332421618403
0.03,-0.0019652647897601128,0.03,0.0032102332421618403
0.05,-0.0029601668938994408,0.03,0.0032102332421618403
0.03,0.0009111345279961824,0.03,0.0032102332421618403
0.03,0.0070665692910552025,0.03,0.0032102332421618403
0.05,-0.0020908897276967764,0.03,0.0032102332421618403
0.03,7.690582424402237e-05,0.03,0.0032102332421618403
0.03,0.0050939470529556274,0.03,0.0032102332421618403
0.03,0.002319787163287401,0.03,0.0032102332421618403
0.03,0.00867408700287342,0.03,0.0032102332421618403
0.03,0.009064560756087303,0.03,0.0032102332421618403
0.08,-0.05641992762684822,0.03,0.0032102332421618403
0.08,-0.05485039949417114,0.03,0.0032102332421618403
0.05,-0.017884351313114166,0.03,0.0032102332421618403
0.03,0.010009022429585457,0.03,0.0032102332421618403
0.03,0.0033922868315130472,0.03,0.0032102332421618403
0.1,-0.08153685927391052,0.03,0.0032102332421618403
0.05,-0.013403583317995071,0.03,0.0032102332421618403
0.02,0.04291090369224548,0.03,0.0032102332421618403
0.03,0.007287623360753059,0.03,0.0032102332421618403
0.03,0.005161478649824858,0.03,0.0032102332421618403
0.1,-0.05245165899395943,0.03,0.0032102332421618403
0.04,-0.022218164056539536,0.03,0.0032102332421618403
0.03,0.0061116828583180904,0.03,0.0032102332421618403
0.1,-0.07194242626428604,0.03,0.0032102332421618403
0.03,0.0021781455725431442,0.03,0.0032102332421618403
0.03,0.0005325726233422756,0.03,0.0032102332421618403
0.09,-0.04213199391961098,0.03,0.0032102332421618403
0.06,-0.026481781154870987,0.03,0.0032102332421618403
0.03,0.0027942988090217113,0.03,0.0032102332421618403
0.025,0.0074086906388401985,0.03,0.0032102332421618403
0.03,0.0051023405976593494,0.03,0.0032102332421618403
0.06,-0.05031987652182579,0.03,0.0032102332421618403
0.03,-0.00069947331212461,0.03,0.0032102332421618403
0.03,0.005663094576448202,0.03,0.0032102332421618403
0.03,0.004733804613351822,0.03,0.0032102332421618403
0.03,0.010171500965952873,0.03,0.0032102332421618403
0.03,0.007823769934475422,0.03,0.0032102332421618403
0.04,-0.017566770315170288,0.03,0.0032102332421618403
0.03,-0.004221150651574135,0.03,0.0032102332421618403
0.06,-0.047710269689559937,0.03,0.0032102332421618403
0.05,-0.0038245529867708683,0.03,0.0032102332421618403
0.05,-0.007158010266721249,0.03,0.0032102332421618403
0.06,-0.028448060154914856,0.03,0.0032102332421618403
0.03,0.009693142026662827,0.03,0.0032102332421618403
0.03,0.010050581768155098,0.03,0.0032102332421618403
0.025,0.01606076769530773,0.03,0.0032102332421618403
0.03,0.01046999916434288,0.03,0.0032102332421618403
0.03,-0.0017837390769273043,0.03,0.0032102332421618403
0.03,0.0040084426291286945,0.03,0.0032102332421618403
0.06,-0.03292880952358246,0.03,0.0032102332421618403
0.06,-0.011944595724344254,0.03,0.0032102332421618403
0.1,-0.060812994837760925,0.03,0.0032102332421618403
0.03,-0.01076999120414257,0.03,0.0032102332421618403
0.03,-0.011096836999058723,0.03,0.0032102332421618403
0.03,0.011240965686738491,0.03,0.0032102332421618403
0.03,0.015059785917401314,0.03,0.0032102332421618403
0.03,0.0028388802893459797,0.03,0.0032102332421618403
0.03,-0.0006040632724761963,0.03,0.0032102332421618403
0.04,-0.015245356597006321,0.03,0.0032102332421618403
0.02,0.028388123959302902,0.03,0.0032102332421618403
0.03,0.001420110696926713,0.03,0.0032102332421618403
0.04,-0.006372728385031223,0.03,0.0032102332421618403
0.03,0.010218095034360886,0.03,0.0032102332421618403
0.03,-0.0011680121533572674,0.03,0.0032102332421618403
0.03,0.0008670161478221416,0.03,0.0032102332421618403
0.08,-0.053830452263355255,0.03,0.0032102332421618403
0.04,-0.02229662612080574,0.03,0.0032102332421618403
0.03,-4.8922374844551086e-05,0.03,0.0032102332421618403
0.03,0.0064854491502046585,0.03,0.0032102332421618403
0.1,-0.05460755527019501,0.03,0.0032102332421618403
0.03,-0.0019252174533903599,0.03,0.0032102332421618403
0.04,-0.010780474171042442,0.03,0.0032102332421618403
0.05,-0.012880472466349602,0.03,0.0032102332421618403
0.04,-0.008906873874366283,0.03,0.0032102332421618403
0.02,0.05550352483987808,0.03,0.0032102332421618403
0.03,0.0028306455351412296,0.03,0.0032102332421618403
0.03,7.035164162516594e-05,0.03,0.0032102332421618403
0.03,0.0029279650188982487,0.03,0.0032102332421618403
0.04,-0.016196168959140778,0.03,0.0032102332421618403
0.03,0.0092384098097682,0.03,0.0032102332421618403
0.03,0.0027280189096927643,0.03,0.0032102332421618403
0.1,-0.07872994989156723,0.03,0.0032102332421618403
0.06,-0.025692716240882874,0.03,0.0032102332421618403
0.03,-0.012404842302203178,0.03,0.0032102332421618403
0.03,0.00519709475338459,0.03,0.0032102332421618403
0.02,0.05833306908607483,0.03,0.0032102332421618403
0.03,0.00436810590326786,0.03,0.0032102332421618403
0.03,0.0007223659195005894,0.03,0.0032102332421618403
0.03,0.006286114454269409,0.03,0.0032102332421618403
0.02,0.038115404546260834,0.03,0.0032102332421618403
0.03,0.0037942929193377495,0.03,0.0032102332421618403
0.03,0.008354714140295982,0.03,0.0032102332421618403
0.05,-0.011589393950998783,0.03,0.0032102332421618403
0.04,-0.019809216260910034,0.03,0.0032102332421618403
0.03,0.0038529932498931885,0.03,0.0032102332421618403
0.03,0.009083281271159649,0.03,0.0032102332421618403
0.06,-0.056674085557460785,0.03,0.0032102332421618403
0.06,-0.011794015765190125,0.03,0.0032102332421618403
0.06,-0.028560135513544083,0.03,0.0032102332421618403
0.03,0.009136166423559189,0.03,0.0032102332421618403
0.02,0.047473035752773285,0.03,0.0032102332421618403
0.03,0.004826112650334835,0.03,0.0032102332421618403
0.03,0.00608478207141161,0.03,0.0032102332421618403
0.06,-0.03992408514022827,0.03,0.0032102332421618403
0.04,-0.02639010362327099,0.03,0.0032102332421618403
0.06,0.0031591961160302162,0.03,0.0032102332421618403
0.03,0.0033285943791270256,0.03,0.0032102332421618403
0.05,-0.018360013142228127,0.03,0.0032102332421618403
0.03,0.004133895970880985,0.03,0.0032102332421618403
0.05,-0.007726458832621574,0.03,0.0032102332421618403
0.03,0.00028550298884510994,0.03,0.0032102332421618403
0.04,-0.018937356770038605,0.03,0.0032102332421618403
0.03,0.0007541882805526257,0.03,0.0032102332421618403
0.03,0.005272031761705875,0.03,0.0032102332421618403
0.04,-0.00370236998423934,0.03,0.0032102332421618403
0.03,0.0017623195890337229,0.03,0.0032102332421618403
0.04,-0.016243496909737587,0.03,0.0032102332421618403
0.02,0.06420274078845978,0.03,0.0032102332421618403
0.04,-0.007709114346653223,0.03,0.0032102332421618403
0.02,0.05465659499168396,0.03,0.0032102332421618403
0.04,-0.021140476688742638,0.03,0.0032102332421618403
0.03,-0.0041951886378228664,0.03,0.0032102332421618403
0.09,-0.027794044464826584,0.03,0.0032102332421618403
0.06,-0.032119687646627426,0.03,0.0032102332421618403
0.03,0.002907183952629566,0.03,0.0032102332421618403
0.03,0.0030315867625176907,0.03,0.0032102332421618403
0.03,0.007698702625930309,0.03,0.0032102332421618403
0.03,0.008394111879169941,0.03,0.0032102332421618403
0.03,0.004958567209541798,0.03,0.0032102332421618403
0.03,0.00603833794593811,0.03,0.0032102332421618403
0.05,-0.0106416130438447,0.03,0.0032102332421618403
0.03,0.0014704763889312744,0.03,0.0032102332421618403
0.03,0.0089594516903162,0.03,0.0032102332421618403
0.03,0.009174652397632599,0.03,0.0032102332421618403
0.03,0.013098042458295822,0.03,0.0032102332421618403
0.03,-0.001471986062824726,0.03,0.0032102332421618403
0.03,-0.0009701172821223736,0.03,0.0032102332421618403
0.03,0.004605086520314217,0.03,0.0032102332421618403
0.05,-0.01772482506930828,0.03,0.0032102332421618403
0.03,0.0029172301292419434,0.03,0.0032102332421618403
0.03,0.006918217055499554,0.03,0.0032102332421618403
0.03,0.004089232534170151,0.03,0.0032102332421618403
0.03,0.014898626133799553,0.03,0.0032102332421618403
0.06,-0.021793462336063385,0.03,0.0032102332421618403
0.03,0.0011112773790955544,0.03,0.0032102332421618403
0.08,-0.05914382264018059,0.03,0.0032102332421618403
0.06,-0.028623901307582855,0.03,0.0032102332421618403
0.02,0.0412614569067955,0.03,0.0032102332421618403
0.03,0.00034115323796868324,0.03,0.0032102332421618403
0.045,0.007126849144697189,0.03,0.0032102332421618403
0.02,0.046912096440792084,0.03,0.0032102332421618403
0.06,-0.025525249540805817,0.03,0.0032102332421618403
0.03,-0.0016285819001495838,0.03,0.0032102332421618403
0.04,-0.01287061721086502,0.03,0.0032102332421618403
0.03,0.003599114716053009,0.03,0.0032102332421618403
0.03,1.9111204892396927e-05,0.03,0.0032102332421618403
0.04,-0.009912388399243355,0.03,0.0032102332421618403
0.03,0.0049681770615279675,0.03,0.0032102332421618403
0.025,0.002953209914267063,0.03,0.0032102332421618403
0.06,-0.028015095740556717,0.03,0.0032102332421618403
0.02,0.04281911253929138,0.03,0.0032102332421618403
0.08,-0.0744248554110527,0.03,0.0032102332421618403
0.03,0.007864300161600113,0.03,0.0032102332421618403
0.05,-0.01104865875095129,0.03,0.0032102332421618403
0.03,0.008250333368778229,0.03,0.0032102332421618403
0.03,0.002968394197523594,0.03,0.0032102332421618403
0.1,-0.07125674188137054,0.03,0.0032102332421618403
0.03,-4.4374726712703705e-05,0.03,0.0032102332421618403
0.06,-0.025560256093740463,0.03,0.0032102332421618403
0.08,-0.0616668276488781,0.03,0.0032102332421618403
0.025,0.004230870865285397,0.03,0.0032102332421618403
0.03,0.004220678471028805,0.03,0.0032102332421618403
0.03,0.0006712237372994423,0.03,0.0032102332421618403
0.06,-0.0042436267249286175,0.03,0.0032102332421618403
0.03,-0.007052112836390734,0.03,0.0032102332421618403
0.03,0.002421475015580654,0.03,0.0032102332421618403
0.03,0.004203455522656441,0.03,0.0032102332421618403
0.1,-0.051243286579847336,0.03,0.0032102332421618403
0.05,0.010928523726761341,0.03,0.0032102332421618403
0.03,0.00784769095480442,0.03,0.0032102332421618403
0.03,0.002505299635231495,0.03,0.0032102332421618403
0.04,-0.008596215397119522,0.03,0.0032102332421618403
0.025,0.004053538665175438,0.03,0.0032102332421618403
0.02,0.03979264944791794,0.03,0.0032102332421618403
0.1,-0.08780112117528915,0.03,0.0032102332421618403
0.03,-0.010485262610018253,0.03,0.0032102332421618403
0.03,0.000950017012655735,0.03,0.0032102332421618403
0.06,-0.024675481021404266,0.03,0.0032102332421618403
0.04,-0.010218024253845215,0.03,0.0032102332421618403
0.1,-0.06450097262859344,0.03,0.0032102332421618403
0.02,0.05904139205813408,0.03,0.0032102332421618403
0.03,0.0010145637206733227,0.03,0.0032102332421618403
0.03,-0.0002919812686741352,0.03,0.0032102332421618403
0.03,0.015660155564546585,0.03,0.0032102332421618403
0.03,4.998501390218735e-05,0.03,0.0032102332421618403
0.03,0.004192632623016834,0.03,0.0032102332421618403
0.03,0.0016079242341220379,0.03,0.0032102332421618403
0.04,-0.018014153465628624,0.03,0.0032102332421618403
0.03,0.0026461658999323845,0.03,0.0032102332421618403
0.06,-0.031751930713653564,0.03,0.0032102332421618403
0.1,-0.06934291869401932,0.03,0.0032102332421618403
0.045,-0.03318657726049423,0.03,0.0032102332421618403
0.05,-0.015180273912847042,0.03,0.0032102332421618403
0.04,-0.015895865857601166,0.03,0.0032102332421618403
0.1,-0.061359599232673645,0.03,0.0032102332421618403
0.03,0.0033204741775989532,0.03,0.0032102332421618403
0.04,-0.006051769480109215,0.03,0.0032102332421618403
0.03,0.004201274365186691,0.03,0.0032102332421618403
0.06,-0.02874794229865074,0.03,0.0032102332421618403
0.03,0.01387069746851921,0.03,0.0032102332421618403
0.06,-0.027133777737617493,0.03,0.0032102332421618403
0.04,-0.006428167223930359,0.03,0.0032102332421618403
0.02,0.05407770350575447,0.03,0.0032102332421618403
0.1,-0.04988585785031319,0.03,0.0032102332421618403
0.03,0.005251933820545673,0.03,0.0032102332421618403
0.02,0.04329146444797516,0.03,0.0032102332421618403
0.03,0.009737295098602772,0.03,0.0032102332421618403
0.03,0.0023809708654880524,0.03,0.0032102332421618403
0.06,-0.043711185455322266,0.03,0.0032102332421618403
0.03,-1.7044134438037872e-05,0.03,0.0032102332421618403
0.03,0.002864222973585129,0.03,0.0032102332421618403
0.03,0.0030756168998777866,0.03,0.0032102332421618403
0.03,0.007879110984504223,0.03,0.0032102332421618403
0.03,0.007566059473901987,0.03,0.0032102332421618403
0.03,-0.012058419175446033,0.03,0.0032102332421618403
0.05,-0.012918688356876373,0.03,0.0032102332421618403
0.06,-0.046876709908246994,0.03,0.0032102332421618403
0.03,0.0042311218567192554,0.03,0.0032102332421618403
0.06,-0.03162822127342224,0.03,0.0032102332421618403
0.03,-0.001953601371496916,0.03,0.0032102332421618403
0.05,-0.012403585016727448,0.03,0.0032102332421618403
0.08,-0.05655444413423538,0.03,0.0032102332421618403
0.06,-0.0326373353600502,0.03,0.0032102332421618403
0.06,-0.006557859480381012,0.03,0.0032102332421618403
0.04,-0.014703222550451756,0.03,0.0032102332421618403
0.03,0.0007534995675086975,0.03,0.0032102332421618403
0.03,0.0008614659309387207,0.03,0.0032102332421618403
0.03,0.00010639335960149765,0.03,0.0032102332421618403
0.03,0.005607006140053272,0.03,0.0032102332421618403
0.03,0.008946112357079983,0.03,0.0032102332421618403
0.03,0.0013114460743963718,0.03,0.0032102332421618403
0.06,-0.02196459472179413,0.03,0.0032102332421618403
0.03,0.013327660970389843,0.03,0.0032102332421618403
0.03,0.0014836052432656288,0.03,0.0032102332421618403
0.06,-0.020794261246919632,0.03,0.0032102332421618403
0.03,0.0010135616175830364,0.03,0.0032102332421618403
0.03,0.0049074795097112656,0.03,0.0032102332421618403
0.03,0.014673498459160328,0.03,0.0032102332421618403
0.03,0.004197226371616125,0.03,0.0032102332421618403
0.05,-0.011577589437365532,0.03,0.0032102332421618403
0.04,-0.026681754738092422,0.03,0.0032102332421618403
0.03,0.0029907673597335815,0.03,0.0032102332421618403
0.01,0.055963482707738876,0.03,0.0032102332421618403
0.03,0.0009043137542903423,0.03,0.0032102332421618403
0.03,0.0006984085775911808,0.03,0.0032102332421618403
0.02,0.07592324167490005,0.03,0.0032102332421618403
0.03,0.002813681960105896,0.03,0.0032102332421618403
0.03,0.00559427123516798,0.03,0.0032102332421618403
0.04,-0.015721632167696953,0.03,0.0032102332421618403
0.03,0.006079415790736675,0.03,0.0032102332421618403
0.03,-0.00023542484268546104,0.03,0.0032102332421618403
0.05,-0.016665827482938766,0.03,0.0032102332421618403
0.03,0.0025842301547527313,0.03,0.0032102332421618403
0.03,0.0038817469030618668,0.03,0.0032102332421618403
0.04,-0.004275974351912737,0.03,0.0032102332421618403
0.03,0.0016786158084869385,0.03,0.0032102332421618403
0.03,0.0009047854691743851,0.03,0.0032102332421618403
0.06,-0.020906735211610794,0.03,0.0032102332421618403
0.02,0.06445683538913727,0.03,0.0032102332421618403
0.03,0.005856050178408623,0.03,0.0032102332421618403
0.03,0.0017100959084928036,0.03,0.0032102332421618403
0.1,-0.05808074027299881,0.03,0.0032102332421618403
0.03,0.002732599154114723,0.03,0.0032102332421618403
0.01,0.03716428205370903,0.03,0.0032102332421618403
0.03,-0.0005203848704695702,0.03,0.0032102332421618403
0.03,6.381608545780182e-05,0.03,0.0032102332421618403
0.04,-0.0029610153287649155,0.03,0.0032102332421618403
0.02,0.026552826166152954,0.03,0.0032102332421618403
0.03,0.00014993827790021896,0.03,0.0032102332421618403
0.03,0.004285974428057671,0.03,0.0032102332421618403
0.06,-0.026259826496243477,0.03,0.0032102332421618403
0.06,-0.05073689669370651,0.03,0.0032102332421618403
0.02,0.032836370170116425,0.03,0.0032102332421618403
0.03,0.002897493541240692,0.03,0.0032102332421618403
0.06,-0.027483031153678894,0.03,0.0032102332421618403
0.08,-0.040988385677337646,0.03,0.0032102332421618403
0.1,-0.07113493233919144,0.03,0.0032102332421618403
0.03,0.007125446572899818,0.03,0.0032102332421618403
0.06,-0.04514281451702118,0.03,0.0032102332421618403
0.03,0.022016307339072227,0.03,0.0032102332421618403
0.1,-0.051489509642124176,0.03,0.0032102332421618403
0.03,0.0018887831829488277,0.03,0.0032102332421618403
0.02,0.050965193659067154,0.03,0.0032102332421618403
0.03,0.010165901854634285,0.03,0.0032102332421618403
0.03,0.004472305998206139,0.03,0.0032102332421618403
0.06,-0.0053026145324110985,0.03,0.0032102332421618403
0.03,-0.002322174608707428,0.03,0.0032102332421618403
0.1,-0.060670047998428345,0.03,0.0032102332421618403
0.03,0.006896606646478176,0.03,0.0032102332421618403
0.02,0.05341503769159317,0.03,0.0032102332421618403
0.03,-0.010944798588752747,0.03,0.0032102332421618403
0.03,0.002270177472382784,0.03,0.0032102332421618403
0.04,-0.0111455786973238,0.03,0.0032102332421618403
0.03,-0.0011398650240153074,0.03,0.0032102332421618403
0.04,0.008623462170362473,0.03,0.0032102332421618403
0.05,-0.024512749165296555,0.03,0.0032102332421618403
0.05,-0.006463890429586172,0.03,0.0032102332421618403
0.045,-0.02047281712293625,0.03,0.0032102332421618403
0.08,-0.07477393746376038,0.03,0.0032102332421618403
0.02,0.04043104499578476,0.03,0.0032102332421618403
0.06,-0.033744823187589645,0.03,0.0032102332421618403
0.03,0.002294423058629036,0.03,0.0032102332421618403
0.03,-0.005863882601261139,0.03,0.0032102332421618403
0.02,0.023544296622276306,0.03,0.0032102332421618403
0.09,-0.04305507615208626,0.03,0.0032102332421618403
0.03,0.0011968184262514114,0.03,0.0032102332421618403
0.03,0.001975645311176777,0.03,0.0032102332421618403
0.03,-0.001794327050447464,0.03,0.0032102332421618403
0.04,-0.010203380137681961,0.03,0.0032102332421618403
0.03,-0.0014136056415736675,0.03,0.0032102332421618403
0.03,0.004305626265704632,0.03,0.0032102332421618403
0.1,-0.060918137431144714,0.03,0.0032102332421618403
0.04,-0.005178428255021572,0.03,0.0032102332421618403
0.03,0.0021639587357640266,0.03,0.0032102332421618403
0.05,-0.014320405200123787,0.03,0.0032102332421618403
0.02,0.0642642006278038,0.03,0.0032102332421618403
0.03,-0.0168208759278059,0.03,0.0032102332421618403
0.03,-0.00019463244825601578,0.03,0.0032102332421618403
0.03,-0.002596849575638771,0.03,0.0032102332421618403
0.03,-0.013695796951651573,0.03,0.0032102332421618403
0.01,0.08149422705173492,0.03,0.0032102332421618403
0.06,-0.05312865227460861,0.03,0.0032102332421618403
0.03,0.0007478208281099796,0.03,0.0032102332421618403
0.05,-0.03920707851648331,0.03,0.0032102332421618403
0.05,-0.010789474472403526,0.03,0.0032102332421618403
0.03,0.0004860013723373413,0.03,0.0032102332421618403
0.06,-0.005084947682917118,0.03,0.0032102332421618403
0.01,0.041771985590457916,0.03,0.0032102332421618403
0.06,-0.01556801050901413,0.03,0.0032102332421618403
0.04,0.0005337458569556475,0.03,0.0032102332421618403
0.03,0.007966259494423866,0.03,0.0032102332421618403
0.03,0.0006201597861945629,0.03,0.0032102332421618403
0.05,-0.013582211919128895,0.03,0.0032102332421618403
0.03,-0.009659422561526299,0.03,0.0032102332421618403
0.03,0.007741885259747505,0.03,0.0032102332421618403
0.04,-0.012400131672620773,0.03,0.0032102332421618403
0.05,-0.01100785844027996,0.03,0.0032102332421618403
0.06,0.006554027087986469,0.03,0.0032102332421618403
0.03,0.01036396436393261,0.03,0.0032102332421618403
0.04,-0.01628013700246811,0.03,0.0032102332421618403
0.03,-0.003559560514986515,0.03,0.0032102332421618403
0.03,-0.008309099823236465,0.03,0.0032102332421618403
0.04,-0.0030919061973690987,0.03,0.0032102332421618403
0.03,0.002334553748369217,0.03,0.0032102332421618403
0.03,0.01004869770258665,0.03,0.0032102332421618403
0.03,-0.0028899498283863068,0.03,0.0032102332421618403
0.03,0.0018553277477622032,0.03,0.0032102332421618403
0.03,0.002547713927924633,0.03,0.0032102332421618403
0.03,0.004118971526622772,0.03,0.0032102332421618403
0.02,0.04867827892303467,0.03,0.0032102332421618403
0.03,-0.0005904072895646095,0.03,0.0032102332421618403
0.03,0.0011248537339270115,0.03,0.0032102332421618403
0.03,-0.01648758165538311,0.03,0.0032102332421618403
0.04,-0.02000778540968895,0.03,0.0032102332421618403
0.06,-0.01828952692449093,0.03,0.0032102332421618403
0.025,0.016627967357635498,0.03,0.0032102332421618403
0.03,0.002338767983019352,0.03,0.0032102332421618403
0.03,0.003742718603461981,0.03,0.0032102332421618403
0.04,-0.014064021408557892,0.03,0.0032102332421618403
0.06,-0.023299165070056915,0.03,0.0032102332421618403
0.1,-0.04219557344913483,0.03,0.0032102332421618403
0.03,-0.0016800304874777794,0.03,0.0032102332421618403
0.1,-0.06437309831380844,0.03,0.0032102332421618403
0.02,0.04401911795139313,0.03,0.0032102332421618403
0.05,0.009517094120383263,0.03,0.0032102332421618403
0.03,0.00045229867100715637,0.03,0.0032102332421618403
0.02,0.04026207700371742,0.03,0.0032102332421618403
0.03,0.004766937345266342,0.03,0.0032102332421618403
0.03,0.002511509694159031,0.03,0.0032102332421618403
0.05,-0.031464800238609314,0.03,0.0032102332421618403
0.06,-0.02716280333697796,0.03,0.0032102332421618403
0.03,0.005083934403955936,0.03,0.0032102332421618403
0.04,-0.013239948078989983,0.03,0.0032102332421618403
0.03,0.008183044381439686,0.03,0.0032102332421618403
0.03,0.0064409635961055756,0.03,0.0032102332421618403
0.04,-0.01604333147406578,0.03,0.0032102332421618403
0.025,0.0031005963683128357,0.03,0.0032102332421618403
0.03,0.0014814911410212517,0.03,0.0032102332421618403
0.03,0.005726257339119911,0.03,0.0032102332421618403
0.03,0.008511491119861603,0.03,0.0032102332421618403
0.04,-0.006605413742363453,0.03,0.0032102332421618403
0.03,-0.005621902644634247,0.03,0.0032102332421618403
0.04,-0.012395419180393219,0.03,0.0032102332421618403
0.03,0.0018318230286240578,0.03,0.0032102332421618403
0.03,-0.011032707057893276,0.03,0.0032102332421618403
0.03,0.008917476050555706,0.03,0.0032102332421618403
0.025,0.011127566918730736,0.03,0.0032102332421618403
0.04,-0.02960936166346073,0.03,0.0032102332421618403
0.03,-0.00537198456004262,0.03,0.0032102332421618403
0.05,-0.008302431553602219,0.03,0.0032102332421618403
0.03,0.0010652504861354828,0.03,0.0032102332421618403
0.03,0.010949293151497841,0.03,0.0032102332421618403
0.1,-0.06318439543247223,0.03,0.0032102332421618403
0.03,0.0009115445427596569,0.03,0.0032102332421618403
0.03,0.015061895363032818,0.03,0.0032102332421618403
0.02,0.04381558299064636,0.03,0.0032102332421618403
0.1,-0.05217507854104042,0.03,0.0032102332421618403
0.1,-0.05772898346185684,0.03,0.0032102332421618403
0.03,-0.0021915812976658344,0.03,0.0032102332421618403
0.05,0.005201805382966995,0.03,0.0032102332421618403
0.03,0.00422951765358448,0.03,0.0032102332421618403
0.025,0.014398525469005108,0.03,0.0032102332421618403
0.03,0.0023609455674886703,0.03,0.0032102332421618403
0.04,-0.015018977224826813,0.03,0.0032102332421618403
0.06,-0.03764895349740982,0.03,0.0032102332421618403
0.03,0.0035304632037878036,0.03,0.0032102332421618403
0.03,0.0010762130841612816,0.03,0.0032102332421618403
0.03,-0.007069353014230728,0.03,0.0032102332421618403
0.03,-0.00032322295010089874,0.03,0.0032102332421618403
0.03,0.0018929513171315193,0.03,0.0032102332421618403
0.03,0.0016529373824596405,0.03,0.0032102332421618403
0.02,0.07202516496181488,0.03,0.0032102332421618403
0.04,0.018708135932683945,0.03,0.0032102332421618403
0.02,0.08025304228067398,0.03,0.0032102332421618403
0.03,0.005572465248405933,0.03,0.0032102332421618403
0.1,-0.04543330520391464,0.03,0.0032102332421618403
0.03,-0.008985701948404312,0.03,0.0032102332421618403
0.03,-0.007480326108634472,0.03,0.0032102332421618403
0.03,0.005588355474174023,0.03,0.0032102332421618403
0.04,-0.0027279313653707504,0.03,0.0032102332421618403
0.06,-0.03949126601219177,0.03,0.0032102332421618403
0.04,0.005977077875286341,0.03,0.0032102332421618403
0.03,0.003020896576344967,0.03,0.0032102332421618403
0.04,-0.01480349712073803,0.03,0.0032102332421618403
0.09,-0.05597706139087677,0.03,0.0032102332421618403
0.03,0.004239398054778576,0.03,0.0032102332421618403
0.03,0.003240428399294615,0.03,0.0032102332421618403
0.03,0.00426418986171484,0.03,0.0032102332421618403
0.1,-0.05344881862401962,0.03,0.0032102332421618403
0.04,-0.013563787564635277,0.03,0.0032102332421618403
0.06,-0.010196160525083542,0.03,0.0032102332421618403
0.03,-0.0010159227531403303,0.03,0.0032102332421618403
0.04,-0.016722697764635086,0.03,0.0032102332421618403
0.03,-0.0016740579158067703,0.03,0.0032102332421618403
0.04,-0.002517489017918706,0.03,0.0032102332421618403
0.03,0.012167135253548622,0.03,0.0032102332421618403
0.03,-0.0009236196056008339,0.03,0.0032102332421618403
0.04,-0.0008878330700099468,0.03,0.0032102332421618403
0.01,0.057701364159584045,0.03,0.0032102332421618403
0.037,-0.016153061762452126,0.03,0.0032102332421618403
0.03,0.0020883684046566486,0.03,0.0032102332421618403
0.06,-0.024270074442029,0.03,0.0032102332421618403
0.02,0.04987841472029686,0.03,0.0032102332421618403
0.03,0.007059706840664148,0.03,0.0032102332421618403
0.02,0.0594477578997612,0.03,0.0032102332421618403
0.03,0.0028929286636412144,0.03,0.0032102332421618403
0.03,0.001137465238571167,0.03,0.0032102332421618403
0.03,0.005367380566895008,0.03,0.0032102332421618403
0.03,0.002566981129348278,0.03,0.0032102332421618403
0.03,0.0032080942764878273,0.03,0.0032102332421618403
0.03,0.0008302568458020687,0.03,0.0032102332421618403
0.03,-0.005222020670771599,0.03,0.0032102332421618403
0.03,0.0009981365874409676,0.03,0.0032102332421618403
0.06,-0.026378832757472992,0.03,0.0032102332421618403
0.03,0.007370520383119583,0.03,0.0032102332421618403
0.04,-0.020886598154902458,0.03,0.0032102332421618403
0.03,0.0028370991349220276,0.03,0.0032102332421618403
0.03,0.0036142701283097267,0.03,0.0032102332421618403
0.03,0.004730412736535072,0.03,0.0032102332421618403
0.06,-0.03518684208393097,0.03,0.0032102332421618403
0.03,-0.0003981124609708786,0.03,0.0032102332421618403
0.06,-0.019245076924562454,0.03,0.0032102332421618403
0.03,-0.0172005333006382,0.03,0.0032102332421618403
0.03,-0.0011254651471972466,0.03,0.0032102332421618403
0.06,-0.004352761432528496,0.03,0.0032102332421618403
0.025,0.012028452008962631,0.03,0.0032102332421618403
0.03,0.004772380460053682,0.03,0.0032102332421618403
0.03,0.0058124433271586895,0.03,0.0032102332421618403
0.03,0.004766806028783321,0.03,0.0032102332421618403
0.045,-0.013597342185676098,0.03,0.0032102332421618403
0.03,0.005008084699511528,0.03,0.0032102332421618403
0.04,-0.018961424008011818,0.03,0.0032102332421618403
0.03,0.004795579239726067,0.03,0.0032102332421618403
0.02,0.05807668715715408,0.03,0.0032102332421618403
0.01,0.06238289177417755,0.03,0.0032102332421618403
0.03,-0.005140592344105244,0.03,0.0032102332421618403
0.03,-0.002622947096824646,0.03,0.0032102332421618403
0.03,-0.017609013244509697,0.03,0.0032102332421618403
0.03,0.010946150869131088,0.03,0.0032102332421618403
0.03,0.002412973903119564,0.03,0.0032102332421618403
0.03,-0.005022724159061909,0.03,0.0032102332421618403
0.04,-0.027519509196281433,0.03,0.0032102332421618403
0.045,-0.023262953385710716,0.03,0.0032102332421618403
0.03,-0.004312255419790745,0.03,0.0032102332421618403
0.045,-0.02063591778278351,0.03,0.0032102332421618403
0.04,-0.027935829013586044,0.03,0.0032102332421618403
0.04,-0.01830676943063736,0.03,0.0032102332421618403
0.06,-0.02560851350426674,0.03,0.0032102332421618403
0.03,0.0038762898184359074,0.03,0.0032102332421618403
0.045,-0.015797197818756104,0.03,0.0032102332421618403
0.04,-0.012319582514464855,0.03,0.0032102332421618403
0.02,0.042203664779663086,0.03,0.0032102332421618403
0.03,0.00026603415608406067,0.03,0.0032102332421618403
0.06,-0.039851121604442596,0.03,0.0032102332421618403
0.04,0.0016202954575419426,0.03,0.0032102332421618403
0.01,0.058395303785800934,0.03,0.0032102332421618403
0.03,0.0009619174525141716,0.03,0.0032102332421618403
0.02,0.04649948328733444,0.03,0.0032102332421618403
0.03,0.006083101499825716,0.03,0.0032102332421618403
0.03,0.0014147614128887653,0.03,0.0032102332421618403
0.03,-0.0002973731607198715,0.03,0.0032102332421618403
0.05,-0.006216062698513269,0.03,0.0032102332421618403
0.025,0.005282919853925705,0.03,0.0032102332421618403
0.03,0.01816532202064991,0.03,0.0032102332421618403
0.06,-0.01956781931221485,0.03,0.0032102332421618403
0.03,-0.0006741555407643318,0.03,0.0032102332421618403
0.05,-0.008845866657793522,0.03,0.0032102332421618403
0.03,0.0024248086847364902,0.03,0.0032102332421618403
0.03,0.005745003931224346,0.03,0.0032102332421618403
0.05,-2.5246525183320045e-05,0.03,0.0032102332421618403
0.04,0.01868976466357708,0.03,0.0032102332421618403
0.045,0.0022352440282702446,0.03,0.0032102332421618403
0.03,0.002601371146738529,0.03,0.0032102332421618403
0.03,-0.006139530800282955,0.03,0.0032102332421618403
0.03,-0.004915904253721237,0.03,0.0032102332421618403
0.02,0.06082732602953911,0.03,0.0032102332421618403
0.04,-0.008096071891486645,0.03,0.0032102332421618403
0.05,-0.0021101408638060093,0.03,0.0032102332421618403
0.03,-0.006685188971459866,0.03,0.0032102332421618403
0.03,0.003855923656374216,0.03,0.0032102332421618403
0.03,0.01878698170185089,0.03,0.0032102332421618403
0.1,-0.08117992430925369,0.03,0.0032102332421618403
0.025,0.009052316658198833,0.03,0.0032102332421618403
0.06,-0.003836650401353836,0.03,0.0032102332421618403
0.03,0.0011007823050022125,0.03,0.0032102332421618403
0.04,-0.00412701116874814,0.03,0.0032102332421618403
0.03,0.014624043367803097,0.03,0.0032102332421618403
0.03,0.0018150117248296738,0.03,0.0032102332421618403
0.05,-0.01664685644209385,0.03,0.0032102332421618403
0.1,-0.0767887756228447,0.03,0.0032102332421618403
0.03,0.007563658989965916,0.03,0.0032102332421618403
0.03,0.006827585399150848,0.03,0.0032102332421618403
0.03,0.0009283293038606644,0.03,0.0032102332421618403
0.03,0.0058226203545928,0.03,0.0032102332421618403
0.03,-0.0018537379801273346,0.03,0.0032102332421618403
0.03,0.00817037932574749,0.03,0.0032102332421618403
0.03,0.005313313566148281,0.03,0.0032102332421618403
0.03,0.0015132669359445572,0.03,0.0032102332421618403
0.03,0.0018745828419923782,0.03,0.0032102332421618403
0.04,-0.01833120733499527,0.03,0.0032102332421618403
0.04,-0.02023053914308548,0.03,0.0032102332421618403
0.05,-0.016691328957676888,0.03,0.0032102332421618403
0.06,-0.022863661870360374,0.03,0.0032102332421618403
0.03,-0.0009968490339815617,0.03,0.0032102332421618403
0.03,0.004675411619246006,0.03,0.0032102332421618403
0.025,0.009942786768078804,0.03,0.0032102332421618403
0.06,-0.05655243247747421,0.03,0.0032102332421618403
0.03,-4.214886575937271e-05,0.03,0.0032102332421618403
0.03,-0.006720172241330147,0.03,0.0032102332421618403
0.025,0.01072497759014368,0.03,0.0032102332421618403
0.03,0.00019574305042624474,0.03,0.0032102332421618403
0.03,0.00728817842900753,0.03,0.0032102332421618403
0.025,-0.004024658352136612,0.03,0.0032102332421618403
0.03,0.007877468131482601,0.03,0.0032102332421618403
0.02,0.04833422601222992,0.03,0.0032102332421618403
0.03,0.000478159636259079,0.03,0.0032102332421618403
0.04,-0.02301466278731823,0.03,0.0032102332421618403
0.03,0.011063137091696262,0.03,0.0032102332421618403
0.05,-0.008425982668995857,0.03,0.0032102332421618403
0.03,-0.0356345996260643,0.03,0.0032102332421618403
0.03,0.0019275080412626266,0.03,0.0032102332421618403
0.05,-0.009784596040844917,0.03,0.0032102332421618403
0.03,-0.0006352760829031467,0.03,0.0032102332421618403
0.03,0.006781689822673798,0.03,0.0032102332421618403
0.03,0.007113245781511068,0.03,0.0032102332421618403
0.03,0.005359994247555733,0.03,0.0032102332421618403
0.03,0.00567835196852684,0.03,0.0032102332421618403
0.03,0.0001624803990125656,0.03,0.0032102332421618403
0.045,-0.007189569994807243,0.03,0.0032102332421618403
0.06,-0.023288562893867493,0.03,0.0032102332421618403
0.03,-0.0003511253744363785,0.03,0.0032102332421618403
0.06,-0.01333556231111288,0.03,0.0032102332421618403
0.1,-0.08075089007616043,0.03,0.0032102332421618403
0.03,0.0026584696024656296,0.03,0.0032102332421618403
0.03,0.006772570312023163,0.03,0.0032102332421618403
0.03,0.00502922385931015,0.03,0.0032102332421618403
0.03,0.006812592037022114,0.03,0.0032102332421618403
0.03,0.01180894672870636,0.03,0.0032102332421618403
0.03,0.003874431364238262,0.03,0.0032102332421618403
0.03,0.00839308649301529,0.03,0.0032102332421618403
0.04,-0.00808488018810749,0.03,0.0032102332421618403
0.03,-0.0035957489162683487,0.03,0.0032102332421618403
0.03,0.008334215730428696,0.03,0.0032102332421618403
0.03,0.01390880811959505,0.03,0.0032102332421618403
0.03,0.002953312359750271,0.03,0.0032102332421618403
0.025,0.016211995854973793,0.03,0.0032102332421618403
0.06,-0.02546059712767601,0.03,0.0032102332421618403
0.05,-0.015688510611653328,0.03,0.0032102332421618403
0.03,0.004140650853514671,0.03,0.0032102332421618403
0.03,0.010951479896903038,0.03,0.0032102332421618403
0.03,-0.0015387751627713442,0.03,0.0032102332421618403
0.06,-0.01344352588057518,0.03,0.0032102332421618403
0.03,0.004584264010190964,0.03,0.0032102332421618403
0.03,0.0031555325258523226,0.03,0.0032102332421618403
0.05,-0.01311816181987524,0.03,0.0032102332421618403
0.03,0.004135428927838802,0.03,0.0032102332421618403
0.03,-0.007198508828878403,0.03,0.0032102332421618403
0.04,-0.012687813490629196,0.03,0.0032102332421618403
0.02,0.05605389550328255,0.03,0.0032102332421618403
0.03,0.00105985626578331,0.03,0.0032102332421618403
0.03,0.0016636867076158524,0.03,0.0032102332421618403
0.03,0.006766173057258129,0.03,0.0032102332421618403
0.037,-0.015637388452887535,0.03,0.0032102332421618403
0.04,-0.01987353526055813,0.03,0.0032102332421618403
0.05,-0.002110178116708994,0.03,0.0032102332421618403
0.05,-0.009017124772071838,0.03,0.0032102332421618403
0.04,-0.021371761336922646,0.03,0.0032102332421618403
0.025,0.014209555462002754,0.03,0.0032102332421618403
0.03,0.0025334469974040985,0.03,0.0032102332421618403
0.02,0.06084572523832321,0.03,0.0032102332421618403
0.05,-0.0018543307669460773,0.03,0.0032102332421618403
0.06,-0.02986552007496357,0.03,0.0032102332421618403
0.03,0.009639699943363667,0.03,0.0032102332421618403
0.03,-0.0075292158871889114,0.03,0.0032102332421618403
0.03,0.016134556382894516,0.03,0.0032102332421618403
0.025,0.013858417049050331,0.03,0.0032102332421618403
0.03,0.0014083711430430412,0.03,0.0032102332421618403
0.05,-0.020881153643131256,0.03,0.0032102332421618403
0.045,-0.013218903914093971,0.03,0.0032102332421618403
0.03,0.003228435292840004,0.03,0.0032102332421618403
0.05,-0.002224341267719865,0.03,0.0032102332421618403
0.04,0.014422274194657803,0.03,0.0032102332421618403
0.1,-0.08692698180675507,0.03,0.0032102332421618403
0.03,0.0027710357680916786,0.03,0.0032102332421618403
0.045,0.007020032964646816,0.03,0.0032102332421618403
0.05,-0.009863050654530525,0.03,0.0032102332421618403
0.03,0.0030909338966012,0.03,0.0032102332421618403
0.03,0.002276347018778324,0.03,0.0032102332421618403
0.03,0.005569113418459892,0.03,0.0032102332421618403
0.05,0.010437519289553165,0.03,0.0032102332421618403
0.03,0.002683183178305626,0.03,0.0032102332421618403
0.05,-0.015035275369882584,0.03,0.0032102332421618403
0.03,0.002491389401257038,0.03,0.0032102332421618403
0.03,0.00095377117395401,0.03,0.0032102332421618403
0.03,0.0101395845413208,0.03,0.0032102332421618403
0.03,0.002244823146611452,0.03,0.0032102332421618403
0.04,-0.017230086028575897,0.03,0.0032102332421618403
0.025,0.006888763979077339,0.03,0.0032102332421618403
0.03,-0.00836651399731636,0.03,0.0032102332421618403
0.03,0.004192869178950787,0.03,0.0032102332421618403
0.06,-0.013497848995029926,0.03,0.0032102332421618403
0.02,0.05093555897474289,0.03,0.0032102332421618403
0.04,-0.012286090292036533,0.03,0.0032102332421618403
0.06,-0.027013834565877914,0.03,0.0032102332421618403
0.04,-0.008260874077677727,0.03,0.0032102332421618403
0.03,0.0027342732064425945,0.03,0.0032102332421618403
0.1,-0.05427440628409386,0.03,0.0032102332421618403
0.03,0.0032936381176114082,0.03,0.0032102332421618403
0.08,-0.054763518273830414,0.03,0.0032102332421618403
0.03,0.0032632139045745134,0.03,0.0032102332421618403
0.04,-0.024682799354195595,0.03,0.0032102332421618403
0.025,0.006269501522183418,0.03,0.0032102332421618403
0.1,-0.06113281100988388,0.03,0.0032102332421618403
0.06,-0.03112090937793255,0.03,0.0032102332421618403
0.06,-0.05481681227684021,0.03,0.0032102332421618403
0.04,0.0003704293631017208,0.03,0.0032102332421618403
0.06,-0.033024877309799194,0.03,0.0032102332421618403
0.09,-0.054403163492679596,0.03,0.0032102332421618403
0.06,-0.01378626562654972,0.03,0.0032102332421618403
0.03,0.015315070748329163,0.03,0.0032102332421618403
0.06,-0.010734815150499344,0.03,0.0032102332421618403
0.03,-0.0024182042106986046,0.03,0.0032102332421618403
0.02,0.025237886235117912,0.03,0.0032102332421618403
0.03,0.001608310267329216,0.03,0.0032102332421618403
0.1,-0.06868641823530197,0.03,0.0032102332421618403
0.03,-0.002372235991060734,0.03,0.0032102332421618403
0.04,-0.022330550476908684,0.03,0.0032102332421618403
0.03,0.0018809400498867035,0.03,0.0032102332421618403
0.03,0.0024380716495215893,0.03,0.0032102332421618403
0.02,0.043441519141197205,0.03,0.0032102332421618403
0.03,0.0020999207627028227,0.03,0.0032102332421618403
0.04,-0.013423929922282696,0.03,0.0032102332421618403
0.03,0.002619306556880474,0.03,0.0032102332421618403
0.03,0.008476480841636658,0.03,0.0032102332421618403
0.03,0.0029065655544400215,0.03,0.0032102332421618403
0.03,0.0011782930232584476,0.03,0.0032102332421618403
0.04,-0.009573450312018394,0.03,0.0032102332421618403
0.03,0.0030694385059177876,0.03,0.0032102332421618403
0.045,-0.010336349718272686,0.03,0.0032102332421618403
0.05,-0.01327817514538765,0.03,0.0032102332421618403
0.05,-0.010304775089025497,0.03,0.0032102332421618403
0.06,-0.019616205245256424,0.03,0.0032102332421618403
0.1,-0.07210762053728104,0.03,0.0032102332421618403
0.03,0.0013693305663764477,0.03,0.0032102332421618403
0.03,0.0017478642985224724,0.03,0.0032102332421618403
0.01,0.051204320043325424,0.03,0.0032102332421618403
0.1,-0.05366535484790802,0.03,0.0032102332421618403
0.04,-0.027699530124664307,0.03,0.0032102332421618403
0.06,-0.040137648582458496,0.03,0.0032102332421618403
0.04,0.003172563388943672,0.03,0.0032102332421618403
0.05,-0.017539355903863907,0.03,0.0032102332421618403
0.06,-0.04231578856706619,0.03,0.0032102332421618403
0.03,-0.00442056730389595,0.03,0.0032102332421618403
0.04,-0.012711313553154469,0.03,0.0032102332421618403
0.03,0.0025703664869070053,0.03,0.0032102332421618403
0.03,0.004104550927877426,0.03,0.0032102332421618403
0.03,-0.0011826520785689354,0.03,0.0032102332421618403
0.03,0.0019398359581828117,0.03,0.0032102332421618403
0.03,0.009716150350868702,0.03,0.0032102332421618403
0.06,-0.027406351640820503,0.03,0.0032102332421618403
0.1,-0.07231611013412476,0.03,0.0032102332421618403
0.01,0.05644050985574722,0.03,0.0032102332421618403
0.025,0.027886739000678062,0.03,0.0032102332421618403
0.03,0.0010775183327496052,0.03,0.0032102332421618403
0.03,0.006687019020318985,0.03,0.0032102332421618403
0.03,0.010926403105258942,0.03,0.0032102332421618403
0.03,0.006567315198481083,0.037,-0.008334538946963439
0.02,0.03570648655295372,0.037,-0.008334538946963439
0.03,0.0033985720947384834,0.037,-0.008334538946963439
0.08,-0.05700356885790825,0.037,-0.008334538946963439
0.04,-0.012645984068512917,0.037,-0.008334538946963439
0.02,0.04502715542912483,0.037,-0.008334538946963439
0.03,0.007872575893998146,0.037,-0.008334538946963439
0.04,-0.016545120626688004,0.037,-0.008334538946963439
0.03,0.008011741563677788,0.04,-0.01347846978758491
0.03,0.003594151698052883,0.04,-0.01347846978758491
0.03,-0.0029983967542648315,0.04,-0.01347846978758491
0.05,-0.010926336981356144,0.04,-0.01347846978758491
0.05,-0.0021580250468105078,0.04,-0.01347846978758491
0.03,0.001837258692830801,0.04,-0.01347846978758491
0.03,0.0022259876132011414,0.04,-0.01347846978758491
0.02,0.04893315210938454,0.04,-0.01347846978758491
0.02,0.02245589904487133,0.04,-0.01347846978758491
0.04,-0.017959071323275566,0.04,-0.01347846978758491
0.03,0.0029043154790997505,0.04,-0.01347846978758491
0.03,-0.005274225026369095,0.04,-0.01347846978758491
0.04,-0.014974374324083328,0.04,-0.01347846978758491
0.06,-0.028577379882335663,0.04,-0.01347846978758491
0.03,-0.0022245608270168304,0.04,-0.01347846978758491
0.03,0.006585936993360519,0.04,-0.01347846978758491
0.04,-0.013045456260442734,0.04,-0.01347846978758491
0.06,-0.03241898864507675,0.04,-0.01347846978758491
0.05,-0.008738309144973755,0.04,-0.01347846978758491
0.1,-0.068565234541893,0.04,-0.01347846978758491
0.03,-0.006135918200016022,0.04,-0.01347846978758491
0.04,-0.017107514664530754,0.04,-0.01347846978758491
0.02,0.04372289031744003,0.04,-0.01347846978758491
0.075,-0.033311329782009125,0.04,-0.01347846978758491
0.03,-0.0023094462230801582,0.04,-0.01347846978758491
0.1,-0.07993696630001068,0.04,-0.01347846978758491
0.03,0.001662474125623703,0.04,-0.01347846978758491
0.03,0.0069604236632585526,0.04,-0.01347846978758491
0.01,0.05876748636364937,0.04,-0.01347846978758491
0.03,0.002466859295964241,0.04,-0.01347846978758491
0.03,0.009475612081587315,0.04,-0.01347846978758491
0.1,-0.0540633462369442,0.04,-0.01347846978758491
0.03,0.0070982202887535095,0.04,-0.01347846978758491
0.03,0.0015291040763258934,0.04,-0.01347846978758491
0.03,0.00255903834477067,0.04,-0.01347846978758491
0.02,0.0923977643251419,0.04,-0.01347846978758491
0.045,-0.016055895015597343,0.04,-0.01347846978758491
0.03,0.006954006850719452,0.04,-0.01347846978758491
0.045,-0.019936490803956985,0.04,-0.01347846978758491
0.06,-0.025351841002702713,0.04,-0.01347846978758491
0.04,-0.013748177327215672,0.04,-0.01347846978758491
0.06,-0.015641190111637115,0.04,-0.01347846978758491
0.03,0.004848133772611618,0.04,-0.01347846978758491
0.03,0.009622830897569656,0.04,-0.01347846978758491
0.03,0.013829724863171577,0.04,-0.01347846978758491
0.02,0.032416243106126785,0.04,-0.01347846978758491
0.03,0.0033409399911761284,0.04,-0.01347846978758491
0.05,-0.00855022482573986,0.04,-0.01347846978758491
0.03,-0.0002129068598151207,0.04,-0.01347846978758491
0.03,0.016282949596643448,0.04,-0.01347846978758491
0.03,0.01145077496767044,0.04,-0.01347846978758491
0.03,0.007168618030846119,0.04,-0.01347846978758491
0.04,-0.007314188405871391,0.04,-0.01347846978758491
0.03,0.0059921289794147015,0.04,-0.01347846978758491
0.025,0.017052095383405685,0.04,-0.01347846978758491
0.025,0.005215393379330635,0.04,-0.01347846978758491
0.03,-0.00147703243419528,0.04,-0.01347846978758491
0.03,0.0033247973769903183,0.04,-0.01347846978758491
0.03,-0.0035613300278782845,0.04,-0.01347846978758491
0.03,0.005423994734883308,0.04,-0.01347846978758491
0.03,-0.0003558353055268526,0.04,-0.01347846978758491
0.03,0.013500205241143703,0.04,-0.01347846978758491
0.03,0.0034783007577061653,0.04,-0.01347846978758491
0.03,0.005017406307160854,0.04,-0.01347846978758491
0.03,0.0005672825500369072,0.04,-0.01347846978758491
0.03,0.003113288665190339,0.04,-0.01347846978758491
0.06,-0.02692217007279396,0.04,-0.01347846978758491
0.03,0.01421256735920906,0.04,-0.01347846978758491
0.03,0.004049837589263916,0.04,-0.01347846978758491
0.03,0.0019561625085771084,0.04,-0.01347846978758491
0.04,-0.024660294875502586,0.04,-0.01347846978758491
0.05,-0.014846241101622581,0.04,-0.01347846978758491
0.04,-0.009030509740114212,0.04,-0.01347846978758491
0.04,-0.006572363898158073,0.04,-0.01347846978758491
0.05,0.0010315775871276855,0.04,-0.01347846978758491
0.03,0.012214470654726028,0.04,-0.01347846978758491
0.03,0.007903777062892914,0.04,-0.01347846978758491
0.03,0.0010525085963308811,0.04,-0.01347846978758491
0.06,-0.0395955815911293,0.04,-0.01347846978758491
0.03,0.003511310089379549,0.04,-0.01347846978758491
0.03,0.008413254283368587,0.04,-0.01347846978758491
0.06,-0.032045282423496246,0.04,-0.01347846978758491
0.03,0.00219526095315814,0.04,-0.01347846978758491
0.03,0.0009745401330292225,0.04,-0.01347846978758491
0.03,0.004829157143831253,0.04,-0.01347846978758491
0.03,-0.003871162422001362,0.04,-0.01347846978758491
0.025,0.01790648326277733,0.04,-0.01347846978758491
0.04,0.017403019592165947,0.04,-0.01347846978758491
0.01,0.05561346560716629,0.04,-0.01347846978758491
0.03,0.0038194842636585236,0.04,-0.01347846978758491
0.04,-0.008985749445855618,0.04,-0.01347846978758491
0.03,0.0014443802647292614,0.04,-0.01347846978758491
0.05,-0.012351668439805508,0.04,-0.01347846978758491
0.03,0.005728087387979031,0.04,-0.01347846978758491
0.03,0.0009712325409054756,0.04,-0.01347846978758491
0.03,0.0018088556826114655,0.04,-0.01347846978758491
0.03,-0.005600821226835251,0.04,-0.01347846978758491
0.05,-0.016063043847680092,0.04,-0.01347846978758491
0.06,-0.025569461286067963,0.04,-0.01347846978758491
0.03,0.007478003390133381,0.04,-0.01347846978758491
0.03,0.0034417463466525078,0.04,-0.01347846978758491
0.03,0.007672237232327461,0.04,-0.01347846978758491
0.03,-0.004105813801288605,0.04,-0.01347846978758491
0.03,0.0025944579392671585,0.04,-0.01347846978758491
0.04,-0.020387275144457817,0.04,-0.01347846978758491
0.025,0.0033623743802309036,0.04,-0.01347846978758491
0.025,0.006256729364395142,0.04,-0.01347846978758491
0.03,0.005376268178224564,0.04,-0.01347846978758491
0.06,-0.028746649622917175,0.04,-0.01347846978758491
0.03,-0.0005326950922608376,0.04,-0.01347846978758491
0.03,0.003033269662410021,0.04,-0.01347846978758491
0.02,0.04212541878223419,0.04,-0.01347846978758491
0.037,-0.018110482022166252,0.04,-0.01347846978758491
0.02,0.03344394639134407,0.04,-0.01347846978758491
0.03,0.004339906387031078,0.04,-0.01347846978758491
0.04,-0.001073974184691906,0.04,-0.01347846978758491
0.04,-0.007483405061066151,0.04,-0.01347846978758491
0.06,-0.05009996145963669,0.04,-0.01347846978758491
0.06,-0.020480211824178696,0.04,-0.01347846978758491
0.03,0.0016387375071644783,0.04,-0.01347846978758491
0.03,-0.0012723114341497421,0.04,-0.01347846978758491
0.03,0.010237906128168106,0.04,-0.01347846978758491
0.03,0.009205011650919914,0.04,-0.01347846978758491
0.03,0.0011041238903999329,0.04,-0.01347846978758491
0.03,-0.00958398636430502,0.04,-0.01347846978758491
0.01,0.0670529156923294,0.04,-0.01347846978758491
0.05,-0.0176418274641037,0.04,-0.01347846978758491
0.03,0.0053631579503417015,0.04,-0.01347846978758491
0.03,0.011947800405323505,0.04,-0.01347846978758491
0.03,0.0027754679322242737,0.04,-0.01347846978758491
0.04,-0.020140506327152252,0.04,-0.01347846978758491
0.04,-0.013510757125914097,0.04,-0.01347846978758491
0.05,-0.01835806667804718,0.04,-0.01347846978758491
0.03,0.00385963823646307,0.04,-0.01347846978758491
0.03,0.009088299237191677,0.04,-0.01347846978758491
0.03,0.001257050782442093,0.04,-0.01347846978758491
0.03,-0.0006782762939110398,0.04,-0.01347846978758491
0.02,0.06615953147411346,0.04,-0.01347846978758491
0.08,-0.04388583451509476,0.04,-0.01347846978758491
0.03,-0.0044748676009476185,0.04,-0.01347846978758491
0.06,-0.028223825618624687,0.04,-0.01347846978758491
0.03,0.006818905472755432,0.04,-0.01347846978758491
0.03,0.0022162916138768196,0.04,-0.01347846978758491
0.1,-0.05332260578870773,0.04,-0.01347846978758491
0.03,0.0029832012951374054,0.04,-0.01347846978758491
0.037,-0.00014710193499922752,0.04,-0.01347846978758491
0.03,0.0020928415469825268,0.04,-0.01347846978758491
0.03,-0.0021125078201293945,0.04,-0.01347846978758491
0.03,-0.0003204722888767719,0.04,-0.01347846978758491
0.08,-0.0710335522890091,0.04,-0.01347846978758491
0.04,0.02146233431994915,0.04,-0.01347846978758491
0.04,-0.01587507873773575,0.04,-0.01347846978758491
0.03,0.003147559240460396,0.04,-0.01347846978758491
0.03,0.0006454400718212128,0.04,-0.01347846978758491
0.03,-0.005927149206399918,0.04,-0.01347846978758491
0.03,0.00016709556803107262,0.04,-0.01347846978758491
0.03,-0.0027685370296239853,0.04,-0.01347846978758491
0.03,0.0041764480993151665,0.04,-0.01347846978758491
0.05,-0.013490745797753334,0.04,-0.01347846978758491
0.05,0.00904904305934906,0.04,-0.01347846978758491
0.01,0.06220535933971405,0.04,-0.01347846978758491
0.04,0.028742261230945587,0.04,-0.01347846978758491
0.02,0.021013949066400528,0.04,-0.01347846978758491
0.03,-0.0022208369337022305,0.04,-0.01347846978758491
0.025,0.00360739603638649,0.04,-0.01347846978758491
0.03,0.0037180022336542606,0.04,-0.01347846978758491
0.03,-0.0011819703504443169,0.04,-0.01347846978758491
0.04,-0.020559553056955338,0.04,-0.01347846978758491
0.03,-0.0002782710362225771,0.04,-0.01347846978758491
0.04,-0.024665165692567825,0.04,-0.01347846978758491
0.04,-0.01962270587682724,0.04,-0.01347846978758491
0.04,-0.013803988695144653,0.04,-0.01347846978758491
0.09,-0.05438660830259323,0.04,-0.01347846978758491
0.02,0.06120166927576065,0.04,-0.01347846978758491
0.03,-0.002754523418843746,0.04,-0.01347846978758491
0.03,0.0016121948137879372,0.04,-0.01347846978758491
0.03,0.0009710998274385929,0.04,-0.01347846978758491
0.03,0.0054846559651196,0.04,-0.01347846978758491
0.03,0.007846128195524216,0.04,-0.01347846978758491
0.03,0.005984647665172815,0.04,-0.01347846978758491
0.05,-0.006689305882900953,0.04,-0.01347846978758491
0.03,0.0019844109192490578,0.04,-0.01347846978758491
0.05,-0.011590387672185898,0.04,-0.01347846978758491
0.03,0.005414019338786602,0.04,-0.01347846978758491
0.01,0.05728501081466675,0.04,-0.01347846978758491
0.02,0.05052200332283974,0.04,-0.01347846978758491
0.03,-0.00032084574922919273,0.04,-0.01347846978758491
0.1,-0.06115593761205673,0.04,-0.01347846978758491
0.03,0.0015000421553850174,0.04,-0.01347846978758491
0.04,-0.02825271524488926,0.04,-0.01347846978758491
0.03,0.0018719956278800964,0.04,-0.01347846978758491
0.03,-0.002782471477985382,0.04,-0.01347846978758491
0.04,-0.012731954455375671,0.04,-0.01347846978758491
0.03,0.0035715210251510143,0.04,-0.01347846978758491
0.03,0.009166285395622253,0.04,-0.01347846978758491
0.03,0.009608116932213306,0.04,-0.01347846978758491
0.04,-0.022791413590312004,0.045,-0.012892968505638275
0.03,0.00986429862678051,0.045,-0.012892968505638275
0.03,0.009638316929340363,0.045,-0.012892968505638275
0.03,0.0042111836373806,0.045,-0.012892968505638275
0.03,0.010388926602900028,0.045,-0.012892968505638275
0.03,0.0014275405555963516,0.045,-0.012892968505638275
0.03,0.0032648667693138123,0.045,-0.012892968505638275
0.04,-0.00667082704603672,0.045,-0.012892968505638275
0.025,0.017757803201675415,0.045,-0.012892968505638275
0.03,-0.0017838869243860245,0.045,-0.012892968505638275
0.03,0.00727351289242506,0.045,-0.012892968505638275
0.08,-0.039600372314453125,0.045,-0.012892968505638275
0.03,0.0029800389893352985,0.045,-0.012892968505638275
0.03,0.0016413666307926178,0.045,-0.012892968505638275
0.02,0.05986244976520538,0.045,-0.012892968505638275
0.025,0.01718902960419655,0.045,-0.012892968505638275
0.06,-0.03270788490772247,0.045,-0.012892968505638275
0.04,-0.012341801077127457,0.045,-0.012892968505638275
0.03,0.0011604633182287216,0.045,-0.012892968505638275
0.025,0.007471871562302113,0.045,-0.012892968505638275
0.045,-0.012202780693769455,0.045,-0.012892968505638275
0.03,0.011756306514143944,0.05,-0.01723372397515961
0.03,-0.0017381589859724045,0.05,-0.01723372397515961
0.02,0.052151717245578766,0.05,-0.01723372397515961
0.01,0.03586157411336899,0.05,-0.01723372397515961
0.03,0.0009753215126693249,0.05,-0.01723372397515961
0.06,-0.006241157650947571,0.05,-0.01723372397515961
0.03,0.004330740310251713,0.05,-0.01723372397515961
0.03,-0.0006706453859806061,0.05,-0.01723372397515961
0.03,0.005132490303367376,0.05,-0.01723372397515961
0.03,0.0027799000963568687,0.05,-0.01723372397515961
0.03,-0.0002814733888953924,0.05,-0.01723372397515961
0.01,0.06111643463373184,0.05,-0.01723372397515961
0.03,0.0019201948307454586,0.05,-0.01723372397515961
0.03,0.0018755120690912008,0.05,-0.01723372397515961
0.03,0.0023452723398804665,0.05,-0.01723372397515961
0.08,-0.055472902953624725,0.05,-0.01723372397515961
0.03,0.0027014147490262985,0.05,-0.01723372397515961
0.03,0.0018634242005646229,0.05,-0.01723372397515961
0.01,0.06550970673561096,0.05,-0.01723372397515961
0.04,-0.01619301363825798,0.05,-0.01723372397515961
0.08,-0.039734385907649994,0.05,-0.01723372397515961
0.03,0.004730881191790104,0.05,-0.01723372397515961
0.1,-0.08498604595661163,0.05,-0.01723372397515961
0.03,0.0025864294730126858,0.05,-0.01723372397515961
0.05,-0.011815876699984074,0.05,-0.01723372397515961
0.03,0.0005472269840538502,0.05,-0.01723372397515961
0.03,0.013672220520675182,0.05,-0.01723372397515961
0.08,-0.06984050571918488,0.05,-0.01723372397515961
0.03,0.016622506082057953,0.05,-0.01723372397515961
0.04,-0.01916458271443844,0.05,-0.01723372397515961
0.03,0.0013514254242181778,0.05,-0.01723372397515961
0.04,-0.007068701088428497,0.05,-0.01723372397515961
0.06,-0.03253959119319916,0.05,-0.01723372397515961
0.1,-0.055919796228408813,0.05,-0.01723372397515961
0.03,-0.0008604489266872406,0.05,-0.01723372397515961
0.03,0.0017649974906817079,0.05,-0.01723372397515961
0.02,0.031898852437734604,0.05,-0.01723372397515961
0.02,0.05147033929824829,0.05,-0.01723372397515961
0.03,0.0038656890392303467,0.05,-0.01723372397515961
0.03,0.010568360798060894,0.05,-0.01723372397515961
0.03,-0.009996835142374039,0.05,-0.01723372397515961
0.03,0.007407522760331631,0.05,-0.01723372397515961
0.03,0.0007440010085701942,0.05,-0.01723372397515961
0.03,-0.0016072154976427555,0.05,-0.01723372397515961
0.08,-0.039190784096717834,0.05,-0.01723372397515961
0.03,0.002583892084658146,0.05,-0.01723372397515961
0.04,-0.018699802458286285,0.05,-0.01723372397515961
0.03,0.003129047341644764,0.05,-0.01723372397515961
0.05,-0.018350645899772644,0.05,-0.01723372397515961
0.03,0.004001181572675705,0.05,-0.01723372397515961
0.08,-0.040747057646512985,0.05,-0.01723372397515961
0.05,-0.0026037166826426983,0.05,-0.01723372397515961
0.06,-0.04798368364572525,0.05,-0.01723372397515961
0.03,-0.0010442156344652176,0.05,-0.01723372397515961
0.03,0.006930199451744556,0.05,-0.01723372397515961
0.06,-0.023454276844859123,0.05,-0.01723372397515961
0.08,-0.0540647879242897,0.05,-0.01723372397515961
0.03,0.005180385895073414,0.05,-0.01723372397515961
0.03,0.01107218861579895,0.05,-0.01723372397515961
0.03,0.0007870742119848728,0.05,-0.01723372397515961
0.03,0.0018532979302108288,0.05,-0.01723372397515961
0.01,0.08757829666137695,0.05,-0.01723372397515961
0.03,0.0014939638786017895,0.05,-0.01723372397515961
0.03,0.0010215402580797672,0.05,-0.01723372397515961
0.03,0.0005283011123538017,0.05,-0.01723372397515961
0.05,-0.009870428591966629,0.05,-0.01723372397515961
0.03,0.0017184438183903694,0.05,-0.01723372397515961
0.03,0.0016931742429733276,0.05,-0.01723372397515961
0.05,-0.004082096740603447,0.05,-0.01723372397515961
0.03,0.002944529987871647,0.05,-0.01723372397515961
0.03,-0.005628223530948162,0.05,-0.01723372397515961
0.03,0.0034988117404282093,0.05,-0.01723372397515961
0.06,-0.03022751212120056,0.05,-0.01723372397515961
0.03,0.010645839385688305,0.05,-0.01723372397515961
0.04,0.00345027819275856,0.05,-0.01723372397515961
0.04,-0.008293085731565952,0.05,-0.01723372397515961
0.03,0.004237332381308079,0.05,-0.01723372397515961
0.03,0.003016919828951359,0.05,-0.01723372397515961
0.04,-0.013938709162175655,0.05,-0.01723372397515961
0.06,-0.02492513135075569,0.05,-0.01723372397515961
0.03,0.0019735752139240503,0.05,-0.01723372397515961
0.03,0.0023680543527007103,0.05,-0.01723372397515961
0.03,0.010520337149500847,0.05,-0.01723372397515961
0.1,-0.0715978592634201,0.05,-0.01723372397515961
0.02,0.0607486292719841,0.05,-0.01723372397515961
0.04,-0.02816876210272312,0.05,-0.01723372397515961
0.03,0.007987476885318756,0.05,-0.01723372397515961
0.03,0.010401202365756035,0.05,-0.01723372397515961
0.03,0.0029364358633756638,0.05,-0.01723372397515961
0.1,-0.06701231747865677,0.05,-0.01723372397515961
0.03,-0.007868927903473377,0.05,-0.01723372397515961
0.04,-0.01472676545381546,0.05,-0.01723372397515961
0.03,0.0027869557961821556,0.05,-0.01723372397515961
0.03,0.02266455441713333,0.05,-0.01723372397515961
0.02,0.0512874610722065,0.05,-0.01723372397515961
0.03,-0.0015325983986258507,0.05,-0.01723372397515961
0.03,0.0014868834987282753,0.05,-0.01723372397515961
0.03,0.0010238224640488625,0.05,-0.01723372397515961
0.03,0.00023901788517832756,0.05,-0.01723372397515961
0.02,0.0594002939760685,0.05,-0.01723372397515961
0.03,0.007303166203200817,0.05,-0.01723372397515961
0.1,-0.06779058277606964,0.06,-0.02519685015340961
0.03,0.00904063694179058,0.06,-0.02519685015340961
0.03,0.0022569489665329456,0.06,-0.02519685015340961
0.03,0.00030889688059687614,0.06,-0.02519685015340961
0.03,0.004688785877078772,0.06,-0.02519685015340961
0.02,0.07049258053302765,0.06,-0.02519685015340961
0.03,0.003071793355047703,0.06,-0.02519685015340961
0.03,-0.0005744285881519318,0.06,-0.02519685015340961
0.03,0.015896189957857132,0.06,-0.02519685015340961
0.02,0.0477844700217247,0.06,-0.02519685015340961
0.04,-0.01432390883564949,0.06,-0.02519685015340961
0.05,-0.017745181918144226,0.06,-0.02519685015340961
0.03,0.0005959374830126762,0.06,-0.02519685015340961
0.03,0.004028504714369774,0.06,-0.02519685015340961
0.04,-0.014397673308849335,0.06,-0.02519685015340961
0.04,-0.0198382455855608,0.06,-0.02519685015340961
0.03,0.00022390484809875488,0.06,-0.02519685015340961
0.03,0.000670168548822403,0.06,-0.02519685015340961
0.03,0.0014464673586189747,0.06,-0.02519685015340961
0.03,-0.00035163480788469315,0.06,-0.02519685015340961
0.03,0.006717889569699764,0.06,-0.02519685015340961
0.05,-0.0023798858746886253,0.06,-0.02519685015340961
0.04,-0.003908197861164808,0.06,-0.02519685015340961
0.03,0.0076001170091331005,0.06,-0.02519685015340961
0.1,-0.04562801122665405,0.06,-0.02519685015340961
0.045,-0.002103247679769993,0.06,-0.02519685015340961
0.03,-0.006341949570924044,0.06,-0.02519685015340961
0.08,-0.06764005124568939,0.06,-0.02519685015340961
0.1,-0.05443949997425079,0.06,-0.02519685015340961
0.01,0.04842906445264816,0.06,-0.02519685015340961
0.04,-0.015833718702197075,0.06,-0.02519685015340961
0.04,-0.009921014308929443,0.06,-0.02519685015340961
0.06,-0.02584291249513626,0.06,-0.02519685015340961
0.01,0.046250276267528534,0.06,-0.02519685015340961
0.03,0.0014872639440000057,0.06,-0.02519685015340961
0.03,0.002987690269947052,0.06,-0.02519685015340961
0.03,-0.0034095728769898415,0.06,-0.02519685015340961
0.03,0.012401418760418892,0.06,-0.02519685015340961
0.03,-4.427472595125437e-05,0.06,-0.02519685015340961
0.03,0.000609817449003458,0.06,-0.02519685015340961
0.02,0.05769561231136322,0.06,-0.02519685015340961
0.03,0.0020853537134826183,0.06,-0.02519685015340961
0.06,-0.02405615523457527,0.06,-0.02519685015340961
0.03,0.0018132240511476994,0.06,-0.02519685015340961
0.05,-0.03438189625740051,0.06,-0.02519685015340961
0.03,0.0014398428611457348,0.06,-0.02519685015340961
0.03,0.009844723157584667,0.06,-0.02519685015340961
0.03,-4.2535364627838135e-05,0.06,-0.02519685015340961
0.04,-0.003481329185888171,0.06,-0.02519685015340961
0.04,-0.0106990160420537,0.06,-0.02519685015340961
0.01,0.05958215519785881,0.06,-0.02519685015340961
0.03,0.0030437149107456207,0.06,-0.02519685015340961
0.02,0.0645027756690979,0.06,-0.02519685015340961
0.08,-0.080306276679039,0.06,-0.02519685015340961
0.03,-0.0015910696238279343,0.06,-0.02519685015340961
0.03,0.011136122047901154,0.06,-0.02519685015340961
0.06,-0.028832633048295975,0.06,-0.02519685015340961
0.03,0.0018317047506570816,0.06,-0.02519685015340961
0.04,-0.019999874755740166,0.06,-0.02519685015340961
0.03,0.0005998818669468164,0.06,-0.02519685015340961
0.03,8.036475628614426e-05,0.06,-0.02519685015340961
0.03,0.007774582598358393,0.06,-0.02519685015340961
0.03,0.0018230550922453403,0.06,-0.02519685015340961
0.02,0.08720432221889496,0.06,-0.02519685015340961
0.03,0.01340560708194971,0.06,-0.02519685015340961
0.06,-0.0400284007191658,0.06,-0.02519685015340961
0.05,-0.019338611513376236,0.06,-0.02519685015340961
0.05,-0.008726147003471851,0.06,-0.02519685015340961
0.03,0.0037242108955979347,0.06,-0.02519685015340961
0.05,-0.01196331437677145,0.06,-0.02519685015340961
0.04,-0.011810719035565853,0.06,-0.02519685015340961
0.04,-0.014325974509119987,0.06,-0.02519685015340961
0.03,0.0021113939583301544,0.06,-0.02519685015340961
0.05,-0.009486990980803967,0.06,-0.02519685015340961
0.03,0.006475626956671476,0.06,-0.02519685015340961
0.02,0.07992779463529587,0.06,-0.02519685015340961
0.03,0.004968259483575821,0.06,-0.02519685015340961
0.03,0.0009625796228647232,0.06,-0.02519685015340961
0.03,0.004766530357301235,0.06,-0.02519685015340961
0.06,-0.04198811948299408,0.06,-0.02519685015340961
0.04,-0.014147472567856312,0.06,-0.02519685015340961
0.03,-0.028230996802449226,0.06,-0.02519685015340961
0.1,-0.07244136929512024,0.06,-0.02519685015340961
0.03,0.009498624131083488,0.06,-0.02519685015340961
0.04,-0.013907215557992458,0.06,-0.02519685015340961
0.06,-0.011279884725809097,0.06,-0.02519685015340961
0.03,-0.006421324331313372,0.06,-0.02519685015340961
0.03,-0.006950045935809612,0.06,-0.02519685015340961
0.03,0.001196698285639286,0.06,-0.02519685015340961
0.03,-0.001485728658735752,0.06,-0.02519685015340961
0.06,-0.028727129101753235,0.06,-0.02519685015340961
0.03,0.00526816863566637,0.06,-0.02519685015340961
0.03,-0.0014738328754901886,0.06,-0.02519685015340961
0.04,-0.019541345536708832,0.06,-0.02519685015340961
0.03,0.0024244114756584167,0.06,-0.02519685015340961
0.01,0.04310447722673416,0.06,-0.02519685015340961
0.04,-0.016153298318386078,0.06,-0.02519685015340961
0.1,-0.07041019946336746,0.06,-0.02519685015340961
0.06,-0.049440667033195496,0.06,-0.02519685015340961
0.03,0.008089419454336166,0.06,-0.02519685015340961
0.03,0.008874950930476189,0.06,-0.02519685015340961
0.03,0.0068720122799277306,0.06,-0.02519685015340961
0.04,-0.014020456932485104,0.06,-0.02519685015340961
0.03,0.003162108827382326,0.06,-0.02519685015340961
0.03,0.004007808864116669,0.06,-0.02519685015340961
0.03,0.01032981090247631,0.06,-0.02519685015340961
0.03,0.009673332795500755,0.06,-0.02519685015340961
0.02,0.04320666193962097,0.06,-0.02519685015340961
0.045,0.0020238831639289856,0.06,-0.02519685015340961
0.06,-0.00395627785474062,0.06,-0.02519685015340961
0.03,0.0010353242978453636,0.06,-0.02519685015340961
0.03,0.008944137953221798,0.06,-0.02519685015340961
0.03,0.0031845620833337307,0.06,-0.02519685015340961
0.03,0.010344026610255241,0.06,-0.02519685015340961
0.06,-0.03325615078210831,0.06,-0.02519685015340961
0.03,0.004592727869749069,0.06,-0.02519685015340961
0.02,0.07924795150756836,0.06,-0.02519685015340961
0.08,-0.039668671786785126,0.06,-0.02519685015340961
0.06,-0.01491468120366335,0.06,-0.02519685015340961
0.02,0.031988732516765594,0.06,-0.02519685015340961
0.09,-0.07951609790325165,0.06,-0.02519685015340961
0.03,0.006654010619968176,0.06,-0.02519685015340961
0.04,-0.02513483725488186,0.06,-0.02519685015340961
0.06,-0.022038035094738007,0.06,-0.02519685015340961
0.03,0.002995343878865242,0.06,-0.02519685015340961
0.03,0.0005153282545506954,0.06,-0.02519685015340961
0.037,-0.01697157323360443,0.06,-0.02519685015340961
0.1,-0.06953251361846924,0.06,-0.02519685015340961
0.02,0.08092088252305984,0.06,-0.02519685015340961
0.03,-0.004871939308941364,0.06,-0.02519685015340961
0.04,0.008210631087422371,0.06,-0.02519685015340961
0.03,0.006183246150612831,0.06,-0.02519685015340961
0.05,-0.009140800684690475,0.06,-0.02519685015340961
0.03,0.000584753230214119,0.06,-0.02519685015340961
0.03,0.002043694257736206,0.06,-0.02519685015340961
0.03,0.008072801865637302,0.06,-0.02519685015340961
0.03,0.01829676888883114,0.06,-0.02519685015340961
0.03,0.002747866790741682,0.06,-0.02519685015340961
0.025,0.003350519575178623,0.075,-0.04135444719467655
0.09,-0.07059259712696075,0.075,-0.04135444719467655
0.05,-0.00895906426012516,0.075,-0.04135444719467655
0.01,0.055795446038246155,0.08,-0.04642534771614433
0.03,0.004603561945259571,0.08,-0.04642534771614433
0.1,-0.07107328623533249,0.08,-0.04642534771614433
0.04,-0.02390054054558277,0.08,-0.04642534771614433
0.04,0.007184881716966629,0.08,-0.04642534771614433
0.08,-0.039744894951581955,0.08,-0.04642534771614433
0.03,-0.0002626320347189903,0.08,-0.04642534771614433
0.03,0.003392974380403757,0.08,-0.04642534771614433
0.03,0.0024503441527485847,0.08,-0.04642534771614433
0.1,-0.07156303524971008,0.08,-0.04642534771614433
0.03,0.0025341701693832874,0.08,-0.04642534771614433
0.03,0.0013476465828716755,0.08,-0.04642534771614433
0.03,0.010342857800424099,0.08,-0.04642534771614433
0.03,0.003930219449102879,0.08,-0.04642534771614433
0.06,-0.008583725430071354,0.08,-0.04642534771614433
0.03,0.003001755103468895,0.08,-0.04642534771614433
0.03,0.006266897544264793,0.08,-0.04642534771614433
0.025,0.008041208609938622,0.08,-0.04642534771614433
0.06,-0.034289225935935974,0.08,-0.04642534771614433
0.03,0.003857831470668316,0.08,-0.04642534771614433
0.03,0.003941044211387634,0.08,-0.04642534771614433
0.025,0.0027315523475408554,0.08,-0.04642534771614433
0.02,0.06808174401521683,0.08,-0.04642534771614433
0.06,-0.006578126922249794,0.08,-0.04642534771614433
0.03,0.007611265406012535,0.08,-0.04642534771614433
0.03,0.0009790458716452122,0.08,-0.04642534771614433
0.03,0.0061299167573452,0.08,-0.04642534771614433
0.1,-0.06244036182761192,0.08,-0.04642534771614433
0.1,-0.07143816351890564,0.08,-0.04642534771614433
0.03,0.01455962099134922,0.08,-0.04642534771614433
0.05,-0.017075808718800545,0.08,-0.04642534771614433
0.02,0.030397098511457443,0.08,-0.04642534771614433
0.03,0.004121746402233839,0.09,-0.05656984621072755
0.04,-0.016004014760255814,0.09,-0.05656984621072755
0.03,0.0018509714864194393,0.09,-0.05656984621072755
0.03,0.002955349162220955,0.09,-0.05656984621072755
0.03,0.008999690413475037,0.09,-0.05656984621072755
0.06,-0.011725315824151039,0.09,-0.05656984621072755
0.02,0.04362666606903076,0.09,-0.05656984621072755
0.09,-0.0762067586183548,0.09,-0.05656984621072755
0.01,0.05488801747560501,0.09,-0.05656984621072755
0.03,0.0021021002903580666,0.09,-0.05656984621072755
0.03,0.00403006374835968,0.09,-0.05656984621072755
0.03,0.003846367821097374,0.1,-0.0667528687519897
0.03,0.00413123145699501,0.1,-0.0667528687519897
0.03,0.0085077453404665,0.1,-0.0667528687519897
0.03,-0.002392144873738289,0.1,-0.0667528687519897
0.05,-0.011278007179498672,0.1,-0.0667528687519897
0.03,-0.0001441342756152153,0.1,-0.0667528687519897
0.03,0.001165943220257759,0.1,-0.0667528687519897
0.03,0.0017819562926888466,0.1,-0.0667528687519897
0.03,0.002836155705153942,0.1,-0.0667528687519897
0.1,-0.05659622699022293,0.1,-0.0667528687519897
0.03,-0.0003812285140156746,0.1,-0.0667528687519897
0.08,-0.05211595818400383,0.1,-0.0667528687519897
0.03,0.000606113113462925,0.1,-0.0667528687519897
0.03,0.0018143272027373314,0.1,-0.0667528687519897
0.05,0.007052306085824966,0.1,-0.0667528687519897
0.1,-0.07190043479204178,0.1,-0.0667528687519897
0.025,0.01341264694929123,0.1,-0.0667528687519897
0.03,0.0009544901549816132,0.1,-0.0667528687519897
0.02,0.05804145336151123,0.1,-0.0667528687519897
0.06,-0.011878116056323051,0.1,-0.0667528687519897
0.03,0.0005660597234964371,0.1,-0.0667528687519897
0.05,-0.018801482394337654,0.1,-0.0667528687519897
0.04,-0.013602054677903652,0.1,-0.0667528687519897
0.03,0.0018916018307209015,0.1,-0.0667528687519897
0.03,0.002668824978172779,0.1,-0.0667528687519897
0.03,-0.0003640763461589813,0.1,-0.0667528687519897
0.03,0.0005904841236770153,0.1,-0.0667528687519897
0.05,-0.004082096740603447,0.1,-0.0667528687519897
0.03,0.0068072183057665825,0.1,-0.0667528687519897
0.03,0.0009847376495599747,0.1,-0.0667528687519897
0.1,-0.07938908040523529,0.1,-0.0667528687519897
0.05,-0.005364630371332169,0.1,-0.0667528687519897
0.03,0.006907279137521982,0.1,-0.0667528687519897
0.03,0.000947476364672184,0.1,-0.0667528687519897
0.03,0.004837658256292343,0.1,-0.0667528687519897
0.03,0.0060860347002744675,0.1,-0.0667528687519897
0.03,0.008461106568574905,0.1,-0.0667528687519897
0.03,0.0007381681352853775,0.1,-0.0667528687519897
0.04,-0.01720363460481167,0.1,-0.0667528687519897
0.05,-0.008367519825696945,0.1,-0.0667528687519897
0.03,0.00448639877140522,0.1,-0.0667528687519897
0.03,0.018161050975322723,0.1,-0.0667528687519897
0.01,0.06021466851234436,0.1,-0.0667528687519897
0.03,0.008559007197618484,0.1,-0.0667528687519897
0.02,0.04685257375240326,0.1,-0.0667528687519897
0.04,-0.013118828646838665,0.1,-0.0667528687519897
0.1,-0.08356837928295135,0.1,-0.0667528687519897
0.03,0.0016311476938426495,0.1,-0.0667528687519897
0.045,-0.01708204299211502,0.1,-0.0667528687519897
0.06,-0.03806576505303383,0.1,-0.0667528687519897
0.03,0.0005552354268729687,0.1,-0.0667528687519897
0.05,-0.01736622303724289,0.1,-0.0667528687519897
0.03,0.002101014368236065,0.1,-0.0667528687519897
0.03,0.010040981695055962,0.1,-0.0667528687519897
0.04,-0.01545142661780119,0.1,-0.0667528687519897
0.03,0.011007998138666153,0.1,-0.0667528687519897
0.08,-0.04280245676636696,0.1,-0.0667528687519897
0.03,0.0014089187607169151,0.1,-0.0667528687519897
0.025,0.007924477569758892,0.1,-0.0667528687519897
0.02,0.03201699256896973,0.1,-0.0667528687519897
0.03,-0.0014401762746274471,0.1,-0.0667528687519897
0.03,0.00334075465798378,0.1,-0.0667528687519897
0.03,0.0037342007271945477,0.1,-0.0667528687519897
0.03,0.0003025289624929428,0.1,-0.0667528687519897
0.1,-0.05251641944050789,0.1,-0.0667528687519897
0.03,0.0018615680746734142,0.1,-0.0667528687519897
0.03,-0.010931125842034817,0.1,-0.0667528687519897
0.03,0.001841916237026453,0.1,-0.0667528687519897
0.04,-0.009361473843455315,0.1,-0.0667528687519897
0.05,-0.016656314954161644,0.1,-0.0667528687519897
0.03,0.002312538679689169,0.1,-0.0667528687519897
0.1,-0.08194955438375473,0.1,-0.0667528687519897
0.02,0.047553375363349915,0.1,-0.0667528687519897
0.03,0.0048591624945402145,0.1,-0.0667528687519897
0.05,-0.013858024962246418,0.1,-0.0667528687519897
0.045,-0.021526997908949852,0.1,-0.0667528687519897
0.03,-0.0037874458357691765,0.1,-0.0667528687519897
0.04,-0.012243550270795822,0.1,-0.0667528687519897
