0.34298953732649995,0.40461776
0.7908406347869364,0.7598616
0.11920292202211755,0.12517501
0.8415758211550444,0.8268759
0.8021838885585827,0.79784095
0.8220063142137537,0.82188404
0.509998666879967,0.49431488
0.7521291114395701,0.7012778
0.8320183851339237,0.8275285
0.8115326747861796,0.7795666
0.5349429451582146,0.47505546
0.5621765008857981,0.5432741
0.5719961329315202,0.61118853
0.7908406347869364,0.75945354
0.04742587317756678,0.05180748
0.8388910504234155,0.7911357
0.6433651456944025,0.6604214
0.26697985076114145,0.3259748
0.24973989440488345,0.27709332
0.16798161486607632,0.18611643
2.0558321874959803e-08,0.00057307136
0.8605661270383491,0.8502111
0.5646362918030304,0.5698426
0.002423780608973972,0.006292825
4.1613973924924555e-10,-0.0038152782
0.858148935099512,0.8607233
0.8084546514385321,0.7089191
0.8320183851339237,0.8329539
0.8807970779778823,0.8284141
0.6248064744684304,0.5877416
0.00012715202246260887,0.023363918
0.23325893577145765,0.22587079
0.06598900949121843,0.09814436
0.7720635494267836,0.74755293
0.713000162752281,0.7116559
0.7290879223493054,0.62561387
0.004541256245830871,0.005417602
0.36123682485115965,0.37072358
0.18392172741950502,0.18589087
0.06978478287657987,0.08287914
0.8556968659094814,0.8528819
0.8455347349164657,0.8382221
0.6615031592029529,0.6770495
0.08866866325473344,0.06714817
0.8442241598762522,0.7598479
0.03805224707099196,0.029245978
0.0263393196252834,0.10904141
0.7426905453026863,0.74718714
0.7790261077798131,0.7800584
0.8687555305614768,0.8641855
2.7487850079102147e-43,0.004478318
0.6681877721681667,0.65325606
0.0250869621534799,0.03641783
0.7190996574163834,0.74388105
0.0013585199504289665,0.046662018
0.7613327148429098,0.74380416
0.6341355910108,0.60648495
0.877611113176951,0.8750805
0.8807970779778823,0.89008915
0.477515175208199,0.42927894
0.4551211076264183,0.45455945
0.30789049569821136,0.36581913
0.8698915256370028,0.8469739
1.0055247579353813e-06,0.00785369
5.786367798928662e-06,0.010726712
0.8698915256370028,0.86416477
0.8455347349164657,0.83640134
0.6835208937363147,0.69421136
0.000417837513443384,-0.006661722
0.8320183851339237,0.8077324
0.685680113938254,0.6689306
0.8807970779778823,0.865814
0.7539887164489489,0.74766654
0.5448788923735818,0.6096831
0.27091207765069447,0.28161275
0.024127021417669134,0.028994588
0.8021838885585827,0.749656
0.023430667673670226,0.021194052
1.120310869584174e-13,0.016636146
0.5621765008857981,0.57888603
0.5249791874789386,0.5112314
0.026596993576866002,0.04268368
0.7150421057009901,0.72008055
0.0060598014915841485,0.0036812827
0.013386917827664815,0.022980886
0.7957596977159082,0.7857272
0.8754466418125839,0.86932
0.7483817216070648,0.7396815
7.263434786073415e-05,-0.01896769
0.0001185567790778756,-0.032939553
0.2297010509533992,0.23723501
0.8698915256370028,0.85209024
0.3589325936651833,0.38840362
0.33181222783183323,0.32698444
0.8145725807070183,0.8073045
0.8263533529809953,0.83271676
0.1736466470190047,0.2274285
0.2911098274338799,0.36406365
0.10156092789763603,0.107781224
0.785834983042558,0.7865072
0.7738185742694544,0.792203
0.19154534856146785,0.21769504
0.8455347349164657,0.8377223
0.00025859210404929076,0.024520682
0.6748052725823144,0.70196265
0.38698582386066604,0.3820348
0.8519528019683106,0.84677744
0.09885607317816994,0.18040869
0.5274723043445936,0.49276745
0.24973989440488345,0.24441488
0.877611113176951,0.8530994
0.87324941987786,0.87234086
0.5423979407743514,0.55677456
0.19000156601531254,0.19371705
0.48001065984441865,0.5043758
0.13705129257545925,0.1888541
0.8786811621082635,0.88308483
0.8710191478537639,0.8385999
0.008326093098433775,0.039027322
0.7807427479121276,0.76386195
0.4750208125210614,0.44416013
0.1256478565153459,0.1260183
0.03229546469845033,0.070360236
0.713000162752281,0.698668
2.2378337456888566e-06,-0.002127506
0.5719961329315202,0.550236
7.4683991273872e-08,-0.00398689
0.8037659436342204,0.70578146
0.8263533529809953,0.82826364
0.0003287119357478293,-0.007957241
0.04565117078444345,0.216419
0.6271477663131947,0.6037852
0.8160782725804949,0.76968235
0.012248834737596501,0.01647
0.3822521252307501,0.38013244
0.00022935732860324826,-0.0043272898
8.358390031511983e-09,0.008656762
0.8593618742658662,0.85384715
0.5719961329315202,0.5448721
0.19000156601531254,0.19531612
0.00016490105762968215,0.058465134
2.7487850079102147e-43,0.01526373
3.67991136090268e-05,0.01599037
0.06913842034334719,0.10110071
0.7407748991821534,0.73127556
0.03696920929667686,0.036431875
0.16798161486607632,0.1605415
0.7790261077798131,0.7759102
0.7026606543447314,0.69337475
0.024127021417669134,0.029811697
0.24973989440488345,0.25771976
2.332339977631847e-22,0.003285197
0.7720635494267836,0.777724
0.0035757435024223036,0.015315721
0.5646362918030304,0.57212913
6.42811076693896e-08,0.0072256075
6.364150000199772e-08,-0.00031602322
0.053151136398063945,0.09312326
0.015673288066048556,0.01839526
0.31002551887238816,0.38356176
0.7068222210935666,0.7059128
0.8569272765199198,0.7843422
0.7755640142690725,0.76365113
0.8629487074245408,0.8680027
0.24232036099629506,0.24508813
0.010150800885992739,0.056550886
0.6681877721681667,0.70338684
0.03017798148587597,0.033184938
0.3520591979193499,0.3877341
0.8687555305614768,0.8544967
0.022753943462803877,0.026026027
0.8807970779778823,0.8982628
0.8021838885585827,0.7864859
0.4013123398875466,0.48017612
0.8641271029909051,0.72939193
0.0060598014915841485,0.009254477
0.877611113176951,0.87766945
0.8306161030659818,0.7869598
0.8593618742658662,0.8367455
0.08706577244027171,0.10626847
0.015519756578408804,0.018329972
1.12535162055095e-07,0.06188099
0.8442241598762522,0.8186853
0.30576365989197096,0.34374994
0.004496273160941155,0.029843276
0.8786811621082635,0.8755615
0.8455347349164657,0.8315173
0.7685247834990181,0.7650403
0.8455347349164657,0.85206205
0.7875131558774613,0.7753442
0.2911098274338799,0.36333713
0.5719961329315202,0.5351636
0.43290709503454666,0.41956505
0.6153837563911818,0.6777871
0.8306161030659818,0.8318464
5.423170945750395e-08,0.000544098
0.00032544226177500955,0.02648626
0.8084546514385321,0.76175964
0.020432187314052927,0.05475069
0.01926523263159155,0.021201871
0.858148935099512,0.8307458
0.0019460609850855686,0.062377274
0.4013123398875466,0.41678134
0.8160782725804949,0.7876423
0.8721384336809189,0.86957425
0.8786811621082635,0.86877006
0.49000133312003297,0.50814885
0.877611113176951,0.8632248
4.667766525784546e-08,0.06401873
0.8220063142137537,0.8197297
0.7539887164489489,0.7438101
0.8807970779778823,0.8599387
0.02583123852466417,0.079681
0.8320183851339237,0.77385974
6.238131394782146e-08,0.0083776945
0.8160782725804949,0.84161466
0.7841471891774864,0.808571
0.7875131558774613,0.7246623
0.007539734558373427,0.02005589
0.3036450701761662,0.34658033
1.8505977728634466e-06,0.0015504892
0.5299640517645728,0.43675187
0.8641271029909051,0.85770816
0.37989356765691107,0.4006398
9.141587385216175e-05,0.033168808
0.7445969158274747,0.7035212
0.8797431375322486,0.8702046
0.6456563062257942,0.6130046
0.8544576710630342,0.8523578
0.6387631751488403,0.6050689
1.1861120010657661e-08,0.0055294014
0.45016600268752144,0.46931243
0.6921095043017887,0.72264665
0.8629487074245408,0.8716591
0.877611113176951,0.8713032
0.8160782725804949,0.80857885
0.000274578156101332,0.0015560851
0.11920292202211755,0.10155774
0.5149955016194107,0.47193846
0.6878313305828417,0.69705445
0.34298953732649995,0.38672164
0.05166143546608501,0.107789464
0.8629487074245408,0.861155
0.7483817216070648,0.7580346
0.7891817065222517,0.800756
0.15446526508353434,0.16832419
0.462570154656249,0.49683973
0.08317269649392194,0.107394174
7.733045928445965e-06,0.01170969
0.834795129809386,0.8448815
0.8569272765199198,0.85941017
0.8721384336809189,0.8615847
0.8652969480479719,0.8625072
0.38936076605077735,0.41965842
0.785834983042558,0.78166616
0.15187116365665942,0.17259872
0.5,0.48081627
0.3917409692534861,0.38829175
0.6224593312018546,0.6183979
0.4061268970658584,0.4051618
0.7369158958334204,0.74652666
0.21416501695744186,0.16058123
0.7631450157268558,0.74489045
0.05896701346479198,0.08120473
0.122388886823049,0.11482907
0.8721384336809189,0.8239744
0.019077197315258202,0.026470484
0.7685247834990181,0.7619182
1.5078438686896543e-08,0.119198784
0.08241331812791305,0.13982031
0.7407748991821534,0.7386474
0.7685247834990181,0.7340805
0.7649478037637659,0.7623388
0.001814733992491594,0.00764012
7.175559029980918e-08,0.008450696
0.7109495026250051,0.7002762
0.8220063142137537,0.82740045
0.8786811621082635,0.8768649
0.2931777789064334,0.36744896
0.022096322153370054,0.06878599
0.02145728971760366,0.019619558
0.8698915256370028,0.85565364
0.17799368578624633,0.20385255
0.7483817216070648,0.7416535
0.7369158958334204,0.7397987
0.8037659436342204,0.81713694
0.2124868441225388,0.20977536
0.8402380030563305,0.8228568
0.31647910626368525,0.33226115
0.7989910002494699,0.8062758
1.4127090106796843e-06,0.00884956
0.7109495026250051,0.68974525
0.8277836082661212,0.7949922
0.8797431375322486,0.8802457
0.5572478545985566,0.56498665
0.0006421797005859894,0.020013139
0.31647910626368525,0.30449378
0.6681877721681667,0.6694804
0.858148935099512,0.8285904
0.7649478037637659,0.7290962
0.12455335818741611,0.13889858
0.7595109169491121,0.7581201
0.858148935099512,0.8579097
0.00016002827476199294,0.020625392
0.0024726231566347743,0.011022572
0.20751005855963506,0.25794506
0.4725276956554064,0.48236483
0.7576796390037049,0.75527394
0.5890404340586649,0.6026394
0.636452540281567,0.577538
0.0772722021366596,0.09967665
0.007246239595831415,0.012532828
0.6410674063348167,0.64394444
0.8556968659094814,0.8415846
0.19781611144141736,0.2250793
0.25540308417252533,0.23036914
0.7941296281990518,0.77988786
0.7957596977159082,0.75573987
0.8005922431513316,0.7846037
0.867611126457934,0.86716104
0.8069013157667847,0.79682684
0.004966801650056974,0.038758595
0.14185106490048813,0.17417724
0.5448788923735818,0.54490405
0.8807970779778823,0.85632056
0.6433651456944025,0.6935041
0.7502601055951165,0.77150613
0.7973801535688703,0.7501417
0.5695462239392294,0.62809855
0.019455084568192997,0.021270141
0.7026606543447314,0.6733115
0.42555748318834175,0.3865441
0.8388910504234155,0.8209526
5.773426958546437e-09,0.011864954
0.8361696387766404,0.82569873
0.713000162752281,0.71282655
0.6726070170677602,0.6931957
8.009919121619252e-08,-0.0033240302
0.8455347349164657,0.83413255
0.00010727582017544021,0.016912714
0.8765329524347752,0.86785275
0.7251194977898229,0.7138552
0.7290879223493054,0.733179
0.7908406347869364,0.78158796
0.30576365989197096,0.29199898
0.8429045311145481,0.83396626
0.0007312672757192538,0.056955304
0.7109495026250051,0.7246472
0.10340045145824989,0.111556694
0.8641271029909051,0.8362333
0.636452540281567,0.6275364
0.0037583867585008067,0.026569072
0.8698915256370028,0.8613704
0.7310585786300049,0.7226664
3.0431556900565167e-05,-0.009998697
0.0009110511944006454,0.015816564
0.7068222210935666,0.6471037
1.3709572068578448e-06,0.0017870918
0.7407748991821534,0.7515296
0.0004220350780000814,0.0014542445
0.6769958562385219,0.6753759
0.5174928576663881,0.53463084
0.6524894621927435,0.67752963
0.8593618742658662,0.83781856
0.6592603884513847,0.6221566
0.01378898850614161,0.063663654
0.509998666879967,0.5605267
0.7720635494267836,0.77264446
0.2244359857309274,0.22544214
0.7576796390037049,0.77188694
3.716893710288933e-05,0.0014831774
0.6318124177361031,0.6231035
0.8743521434846541,0.8604828
0.20751005855963506,0.19925298
0.009103059208236904,0.025318773
0.7483817216070648,0.6745053
0.5349429451582146,0.49458927
0.36123682485115965,0.3334289
0.5498339973124786,0.5068295
0.717075285492974,0.7016274
0.7875131558774613,0.7356478
0.8455347349164657,0.79056793
0.02738481095012587,0.065081514
0.21416501695744186,0.20611203
0.6456563062257942,0.6008194
0.785834983042558,0.77954495
0.08017291217281249,0.09951378
0.03557118927263627,0.05835228
0.6769958562385219,0.68628025
2.3230993798759553e-05,0.009942384
0.45016600268752144,0.41829678
0.6294831119673951,0.6666448
0.00012339457598623172,0.030531948
0.20424030228409187,0.26384035
0.009285245701665557,0.045571066
0.001372154568407949,0.007255568
0.7957596977159082,0.778096
0.482507142333612,0.4586862
0.8115326747861796,0.81190217
0.3520591979193499,0.35286424
0.295254302001908,0.29407197
0.7521291114395701,0.7505252
0.09796880429755403,0.12150367
3.21586164440229e-07,0.030285576
0.5124973964842097,0.48504576
0.7388500060842501,0.71737105
0.8641271029909051,0.8536347
0.8765329524347752,0.87014353
0.7330201492388586,0.7366791
0.04697614567828331,0.13358341
0.8569272765199198,0.8343463
0.7005671424739718,0.7049053
0.7908406347869364,0.7759041
0.785834983042558,0.78892463
0.8494124202541565,0.8330772
0.8084546514385321,0.8071744
6.589674592210301e-06,0.0074011893
0.3775406687981454,0.35249835
0.6963549298238337,0.6496484
0.13354172253321195,0.12661254
0.87324941987786,0.8703554
0.7539887164489489,0.7577196
0.5695462239392294,0.52623427
0.7649478037637659,0.7550962
0.0013859258386380825,0.022083668
0.5199893401555813,0.50605047
0.7150421057009901,0.70954275
0.3340330732481802,0.33254024
0.8807970779778823,0.87093306
0.7388500060842501,0.72860026
0.6704011598088672,0.5921903
0.5349429451582146,0.46155757
0.8652969480479719,0.8625416
0.009103059208236904,0.01871989
0.8687555305614768,0.8201718
0.0009110511944006454,0.010059326
0.5744425168116583,0.5766561
0.016142905374705217,0.02320911
4.449897067489765e-05,0.0213591
0.17946151940732738,0.24207537
0.35663485430559744,0.3491101
3.0431556900565167e-05,0.009949282
0.4576020592256486,0.5153882
0.8652969480479719,0.86179554
0.7891817065222517,0.776272
0.8807970779778823,0.83505857
0.792489941440365,0.7854005
0.02931223075135632,0.037130978
0.00015529945898084868,0.009209571
0.320821300824607,0.30148685
0.18093879315214126,0.24078996
0.858148935099512,0.84624434
0.8629487074245408,0.8270086
0.0060598014915841485,0.011586595
0.6479408020806501,0.66439664
0.6456563062257942,0.6405791
1.4487204657841465e-08,-0.0031698877
0.8807970779778823,0.8755964
0.6813537337890266,0.6974035
0.7310585786300049,0.7407468
0.6984652160025395,0.6781026
0.7290879223493054,0.6335974
0.8145725807070183,0.80825144
0.8021838885585827,0.80789065
0.06297335605699632,0.041786887
0.013653659097350874,0.0279352
0.4231147388679531,0.42451727
0.5349429451582146,0.56336886
0.867611126457934,0.8649842
0.320821300824607,0.33365715
0.866458277466788,0.8629461
0.08317269649392194,0.11304532
0.8175744761936437,0.81404847
0.01816369102843261,0.022054445
1.8005559366349283e-07,0.0069576656
0.87324941987786,0.8705077
0.0020052085239804186,0.047905475
0.8130573860319534,0.8228414
0.8160782725804949,0.80741334
0.40371730070321205,0.41253993
0.30789049569821136,0.3126849
0.6224593312018546,0.66738796
6.3949215209872284e-06,0.006045021
0.5423979407743514,0.52496403
0.5423979407743514,0.57549566
0.8145725807070183,0.8053844
0.7502601055951165,0.74866563
0.6271477663131947,0.6648705
0.713000162752281,0.7291837
0.8429045311145481,0.8418138
0.23866728515709024,0.23106478
0.6659669267518198,0.6784339
0.7631450157268558,0.7495667
0.16798161486607632,0.18007262
1.6626887532919606e-11,0.00831078
0.6248064744684304,0.63276947
0.6248064744684304,0.59524244
0.7973801535688703,0.7555282
2.9466847194872995e-08,0.036005877
0.39412633156823773,0.43598172
0.8556968659094814,0.84008145
0.29733934565526865,0.3094014
0.39651675013527327,0.41152254
0.6748052725823144,0.6597484
0.0263393196252834,0.05214676
0.8797431375322486,0.85844594
0.009853755523231271,0.005164141
0.0007312672757192538,0.062040236
0.713000162752281,0.7346037
0.8375349374193041,0.8332514
0.8320183851339237,0.8089526
0.867611126457934,0.8545048
1.7299551407354955e-07,0.003022155
0.8175744761936437,0.796575
0.8084546514385321,0.81147194
0.3775406687981454,0.45258924
0.48001065984441865,0.513861
0.0002534729352164506,-0.008292006
0.877611113176951,0.88123465
0.009103059208236904,0.0026851466
0.6769958562385219,0.689677
0.8292045179776253,0.8252309
0.5793242521487478,0.5820111
0.8334113864245403,0.804898
0.34751053780725655,0.4102069
0.866458277466788,0.86536324
0.08627419449591674,0.0741788
0.6813537337890266,0.67904466
0.8145725807070183,0.8184529
0.19309868423321538,0.31120348
0.7824497764231128,0.7695898
0.013653659097350874,0.0184897
0.5349429451582146,0.5374993
0.8402380030563305,0.7762352
0.7957596977159082,0.75462633
0.881843022190731,0.8728586
0.009377688862676887,0.024226908
0.6341355910108,0.6249449
0.7807427479121276,0.7960176
0.3036450701761662,0.3284645
0.8084546514385321,0.7826296
0.8629487074245408,0.81622183
0.8721384336809189,0.87104046
0.3340330732481802,0.3666604
0.8306161030659818,0.78055805
0.029598104179139335,0.034325123
0.5866175789173287,0.5447927
0.18694261396804654,0.29184723
0.8069013157667847,0.81234086
0.0008162282193602189,0.119829535
0.01299641655785338,0.024199257
0.6106392339492227,0.62908435
0.8544576710630342,0.8544138
0.010251772273372033,0.016660288
0.7310585786300049,0.7355912
0.048799722998800046,0.042257234
0.7558388990947962,0.6570733
0.5473576181430887,0.55515623
0.34751053780725655,0.34756666
0.3658644089891999,0.36317155
0.8388910504234155,0.82426304
0.07175754226375118,0.090203136
0.30153478399746053,0.30722103
0.7667410642285424,0.7671527
0.15187116365665942,0.23825127
0.4476920904256762,0.4782577
0.2788848219771363,0.254091
0.8306161030659818,0.8309522
0.7388500060842501,0.71878207
0.877611113176951,0.87269056
0.7667410642285424,0.75888944
0.2809003425836166,0.29156664
0.8786811621082635,0.8846227
0.8710191478537639,0.8515016
0.07446794516602834,0.11896857
0.7989910002494699,0.80684894
0.8249137318359597,0.81499916
0.8617617268275057,0.84027994
0.3251947274176856,0.3494403
0.8641271029909051,0.8337393
0.4280038670684798,0.4885411
0.014920297792294238,0.0198263
0.6963549298238337,0.70734566
0.12898085214623609,0.14586447
0.834795129809386,0.8387342
0.008243930064601512,0.03336819
0.6748052725823144,0.68055797
0.8652969480479719,0.8720715
0.018342890697743214,0.02704837
0.7649478037637659,0.6986811
0.30576365989197096,0.32546887
0.8175744761936437,0.82061315
0.8361696387766404,0.8396169
0.8375349374193041,0.7650007
0.8361696387766404,0.83576775
0.7908406347869364,0.79035926
0.18846732521382042,0.20383114
0.8334113864245403,0.80667335
0.5349429451582146,0.49307072
0.5744425168116583,0.61985815
0.0009110511944006454,0.00473369
7.562984061066385e-09,0.0021458236
0.8145725807070183,0.8158623
0.8807970779778823,0.85750103
0.462570154656249,0.5209827
0.009756665624551313,0.041628696
0.29733934565526865,0.3504136
0.10340045145824989,0.15263598
0.09363821223773604,0.08748618
0.39891212115163105,0.39298612
0.7772998611746911,0.7475346
0.5597136492671917,0.52552545
0.2788848219771363,0.32908654
0.3340330732481802,0.32718077
0.0090132986528478,0.031615257
0.87324941987786,0.863736
0.8099984339846875,0.8164136
0.40854102156721883,0.38568646
0.5572478545985566,0.5745061
0.867611126457934,0.86189014
0.43782349911420193,0.40480107
0.3751935255315695,0.40254936
0.8175744761936437,0.77261865
0.8506870654691556,0.82119906
0.7576796390037049,0.7091394
0.19154534856146785,0.2577891
0.6748052725823144,0.6829789
3.059022269256247e-07,0.0020725103
2.4283509797707088e-26,0.0051741106
2.0772005877198075e-12,-0.0068286182
0.0678622935769942,0.09415332
0.8556968659094814,0.8355198
0.1665886135754597,0.17731707
0.8698915256370028,0.8414935
0.12025686246775137,0.13027738
0.7720635494267836,0.75540787
0.8629487074245408,0.8576252
0.7068222210935666,0.72221655
0.30153478399746053,0.32145667
0.8099984339846875,0.6945487
0.8175744761936437,0.8034942
0.20587037180094828,0.19544762
0.7595109169491121,0.73101664
0.6224593312018546,0.5868997
1.8928723961182231e-07,0.0034576068
0.6726070170677602,0.6627773
0.8099984339846875,0.8311956
0.834795129809386,0.81739515
2.707026850967921e-10,0.006790407
0.0004095671649860515,0.036014788
0.01325548142709875,0.0113270115
0.8084546514385321,0.7823706
0.6681877721681667,0.65869814
0.7558388990947962,0.7693584
0.41095956594133504,0.3841397
7.355903602396267e-06,0.0045026857
0.713000162752281,0.66439337
0.8481288363433406,0.8004437
0.8754466418125839,0.8068303
6.932297597586092e-14,0.0013095173
0.8053384164084224,0.8043696
0.10716807048652774,0.24301231
0.31216866941715826,0.36228564
0.8442241598762522,0.8162733
0.0044076334083628,0.012693117
0.8190612068478588,0.81044084
0.007174655609074687,0.020454524
0.0031726828424851893,0.08938772
0.7613327148429098,0.7534517
0.016302499371441032,0.07338316
0.6615031592029529,0.6262568
0.21081829347774825,0.30036595
0.8175744761936437,0.79056275
0.7502601055951165,0.7474261
0.7068222210935666,0.6894187
0.8556968659094814,0.86097664
0.8190612068478588,0.82295924
0.8797431375322486,0.8674141
0.8754466418125839,0.8531419
0.5986876601124533,0.5737184
0.8084546514385321,0.7999556
0.5744425168116583,0.59044296
0.3775406687981454,0.39722908
0.2748805022101771,0.30959547
0.007391541344281932,0.014266504
0.03076885935714793,0.03929751
0.7271082163411303,0.6417637
0.5866175789173287,0.537013
0.30153478399746053,0.3169385
0.006895273132646151,0.012602964
0.8402380030563305,0.8397973
0.3362613025956458,0.35722834
0.8069013157667847,0.8038107
0.42555748318834175,0.37302378
6.790358698095087e-06,0.0036231682
0.44028635073280836,0.47921887
0.8807970779778823,0.87794256
0.8175744761936437,0.8191274
0.014485723997466907,0.021270141
0.8175744761936437,0.812744
0.0005103006832734655,0.013703063
0.8652969480479719,0.8362883
0.8754466418125839,0.8507085
0.00019350764710127108,-0.0018226778
0.694236340108029,0.70691264
0.0066928509242848554,0.017082965
0.8605661270383491,0.85080683
2.7487850079102147e-43,0.007355204
0.016626356107881653,0.014394214
0.858148935099512,0.8398352
0.8652969480479719,0.83189666
0.8797431375322486,0.8583846
0.8710191478537639,0.86262804
8.918205588417912e-07,0.0053701987
0.8205384805926726,0.82977104
0.7973801535688703,0.6987462
0.7957596977159082,0.7476654
0.8099984339846875,0.8058528
0.6248064744684304,0.6035525
0.509998666879967,0.49237534
0.8320183851339237,0.735945
0.13354172253321195,0.12661257
0.8710191478537639,0.8687714
0.3589325936651833,0.36699447
0.320821300824607,0.2876763
0.8698915256370028,0.8696731
5.993530778811499e-08,-0.003392179
0.6479408020806501,0.6739375
0.5249791874789386,0.5420645
0.8084546514385321,0.77887565
0.8234647252208842,0.80046
5.617298921261915e-10,-0.0067910855
0.8160782725804949,0.7882844
0.8617617268275057,0.84589434
0.004632570717858166,0.025968706
0.4452207648927855,0.48619613
7.619270786119724e-08,0.0019995505
0.1707954820223747,0.2291611
0.5744425168116583,0.58863354
0.8145725807070183,0.77123064
0.6433651456944025,0.6633575
0.8069013157667847,0.81321764
0.6681877721681667,0.64389503
0.4013123398875466,0.39894322
7.602187409029446e-11,0.003833123
0.8494124202541565,0.8611417
0.7271082163411303,0.73956007
0.867611126457934,0.8983788
5.080986709915296e-06,-0.008891024
0.6769958562385219,0.67897666
0.7989910002494699,0.79806393
0.8807970779778823,0.8464633
0.8442241598762522,0.8380066
0.7369158958334204,0.73552173
0.8306161030659818,0.80727345
0.6984652160025395,0.6560857
0.6410674063348167,0.65781724
0.08627419449591674,0.097169735
7.247674591927873e-08,0.0026343649
0.8160782725804949,0.8107879
0.6248064744684304,0.6269947
0.8786811621082635,0.86685836
0.7891817065222517,0.7678917
0.6224593312018546,0.5953876
0.22793645057321646,0.2658752
6.0066392358547654e-05,-0.00015791168
0.6082590307465139,0.56942147
0.8629487074245408,0.8022027
1.7918808728782032e-09,0.03237844
0.8249137318359597,0.7934533
0.8710191478537639,0.8817244
0.05265011843530288,0.106317095
0.8807970779778823,0.8664885
0.014774031693273017,0.040660765
0.3497814514261719,0.3543577
0.5986876601124533,0.5906418
0.8277836082661212,0.83161914
0.3340330732481802,0.32986826
0.4850044983805893,0.5059875
0.07798823512936645,0.03487991
0.07656219735181252,0.086467326
0.26697985076114145,0.2464605
0.734972599466518,0.7173506
0.8617617268275057,0.88170826
0.5768852611320469,0.5391338
0.6248064744684304,0.7174446
0.00840906806596301,0.012628802
0.016626356107881653,0.037316438
0.8797431375322486,0.85410804
0.5498339973124786,0.53943354
0.00028578070084188015,0.0059898435
0.8765329524347752,0.8480424
0.7369158958334204,0.7349712
0.00874924607264703,0.015148274
0.36818758226389686,0.35565838
0.23866728515709024,0.31159398
0.03489140853173707,0.076319404
0.8786811621082635,0.8750632
0.7989910002494699,0.79853505
0.734972599466518,0.7198212
0.11304583007207875,0.17188741
1.4232048039505793e-05,-0.010559479
2.0732486369167116e-19,0.0055814977
0.8084546514385321,0.8030983
0.7824497764231128,0.7555058
0.0006048046844641001,-0.020331949
0.8807970779778823,0.8799295
0.7558388990947962,0.74050623
0.8593618742658662,0.82805276
0.734972599466518,0.7324362
0.8698915256370028,0.8681805
0.8220063142137537,0.82119596
9.764724929507811e-15,-0.016532863
0.8807970779778823,0.8385569
0.5793242521487478,0.610033
0.8234647252208842,0.78640306
0.694236340108029,0.6684902
0.007391541344281932,0.004388247
0.5399148845555648,0.5132412
0.2244359857309274,0.26015425
0.8743521434846541,0.85401344
0.05365665200717165,0.062404953
0.8249137318359597,0.78409183
0.22270013882530884,0.29580867
0.8641271029909051,0.86650664
0.7891817065222517,0.75059104
0.6082590307465139,0.5969397
0.00849286285164431,0.09023644
0.3775406687981454,0.3414043
0.8115326747861796,0.70649964
0.7150421057009901,0.6783463
0.8320183851339237,0.83188814
0.5448788923735818,0.56142753
9.16600371985338e-06,-0.005402589
0.3273929829322398,0.3188979
0.6726070170677602,0.7181725
0.4452207648927855,0.46754324
0.8721384336809189,0.8505836
0.38936076605077735,0.39356002
0.8306161030659818,0.83164537
5.71370872165826e-05,0.00021081678
0.2931777789064334,0.30199552
0.8593618742658662,0.8585005
5.600576045067067e-05,0.011278839
0.162465062580696,0.24451244
0.6479408020806501,0.62982064
8.37710325264209e-06,-0.003128275
0.4476920904256762,0.4405924
0.2809003425836166,0.2740928
0.24232036099629506,0.24409832
2.2603242979035746e-06,0.001647659
0.7231218051243886,0.72433484
0.3384968407970472,0.3428127
5.903259492308595e-06,0.014526049
0.8519528019683106,0.8164904
0.0005258334807966413,0.001939727
0.8361696387766404,0.8389633
0.8263533529809953,0.82751507
0.5049998333399986,0.44689825
0.0023289641515467346,0.09526018
0.7502601055951165,0.7420043
0.42555748318834175,0.41796866
5.235724982018507e-06,-0.00010501508
0.8334113864245403,0.7119924
0.3143198860617459,0.3401256
0.7330201492388586,0.7434241
0.8429045311145481,0.8476878
4.1399375473943306e-08,0.00743195
0.48001065984441865,0.37308496
0.8652969480479719,0.80722636
0.5938731029341416,0.5567986
0.6224593312018546,0.6207224
0.7720635494267836,0.77667654
0.7388500060842501,0.6882211
0.0573241758988689,0.09162981
0.8277836082661212,0.83278763
0.8698915256370028,0.87918794
0.39651675013527327,0.41233727
0.6963549298238337,0.6858604
0.7483817216070648,0.7659927
0.0678622935769942,0.07443122
0.8687555305614768,0.8651498
0.0008000787489264989,0.01173142
0.6248064744684304,0.55931836
0.02931223075135632,0.25867552
0.601087878848369,0.5957532
0.8754466418125839,0.8770908
0.8069013157667847,0.81214243
0.8569272765199198,0.8468724
0.8710191478537639,0.8762666
0.25350601666233813,0.2778772
0.12455335818741611,0.1515256
0.7558388990947962,0.7527224
0.5523079095743237,0.43837783
0.01798620996209156,0.050867405
0.43290709503454666,0.3811282
0.7772998611746911,0.7359174
0.8442241598762522,0.8021421
0.6341355910108,0.6632662
2.6534241279387533e-10,0.012365658
0.8786811621082635,0.8404374
0.5817593768418359,0.57522225
0.3497814514261719,0.32701597
0.834795129809386,0.80764174
0.43045377606077073,0.47116068
0.40371730070321205,0.4365424
0.7908406347869364,0.7895187
0.6681877721681667,0.61429965
0.8807970779778823,0.83491886
1.0284939503787774e-07,0.0011583206
0.1994077568486684,0.25530252
0.38936076605077735,0.4317422
0.0016754443764743453,0.028271407
0.8506870654691556,0.8136126
0.0090132986528478,0.010422118
0.8710191478537639,0.8037215
1.2073598371617014e-11,0.011174511
0.4427521454014434,0.4845845
0.482507142333612,0.4777645
0.6899744811276118,0.70613587
0.8205384805926726,0.7997232
0.7941296281990518,0.7891292
0.0029294699719347576,0.011151588
0.7190996574163834,0.7145656
0.8175744761936437,0.77354914
2.7487850079102147e-43,0.0030709156
0.8698915256370028,0.8633882
0.00548629889945039,0.010961983
0.4600851154444352,0.4892123
0.07378164660246521,0.08582798
4.6314924009268016e-05,0.019205397
0.7824497764231128,0.7563817
0.858148935099512,0.8659845
0.8263533529809953,0.8250444
0.7330201492388586,0.6866318
0.7576796390037049,0.7593502
0.8084546514385321,0.78201526
0.7026606543447314,0.69402266
0.846836284234913,0.82918257
0.8721384336809189,0.85292476
0.7426905453026863,0.72933054
2.319522830243569e-16,-0.006324024
0.8334113864245403,0.8340905
0.026596993576866002,0.030041503
0.04310725494108635,0.046386484
0.5914589784327812,0.6141988
0.25922510081784655,0.24939239
0.7369158958334204,0.7545634
0.5,0.53725266
0.8361696387766404,0.82554036
0.7150421057009901,0.69955736
3.5805161909745736e-06,0.023778602
0.7407748991821534,0.7388978
0.877611113176951,0.8679474
0.004632570717858166,0.13986719
0.6681877721681667,0.70560044
0.01816369102843261,0.021685945
0.7558388990947962,0.75599414
0.7720635494267836,0.7480397
2.7487850079102147e-43,0.0708811
0.7026606543447314,0.68574387
0.7790261077798131,0.76583225
0.685680113938254,0.70968866
9.424058434759187e-09,-0.0061764363
0.2728917836588697,0.19362244
9.796667059457981e-24,-0.0031644593
0.8455347349164657,0.850466
0.6456563062257942,0.643836
0.6681877721681667,0.6914826
0.8743521434846541,0.86618453
0.7790261077798131,0.75938624
0.0011463789579035386,0.004903901
0.0927929531171569,0.13943176
0.7702989490466008,0.76316255
0.009285245701665557,0.06499302
0.19781611144141736,0.24421851
1.5151418164850388e-06,0.021742497
0.7464939833376619,0.6795873
0.7595109169491121,0.7894291
0.7464939833376619,0.7411778
0.7109495026250051,0.6821621
0.636452540281567,0.6326742
0.6224593312018546,0.62788
0.7908406347869364,0.7890541
0.0023289641515467346,0.020327808
0.6153837563911818,0.632393
0.5399148845555648,0.48754063
0.7649478037637659,0.7693167
0.13587289700909494,0.14414114
0.6271477663131947,0.69898725
0.858148935099512,0.8214233
0.846836284234913,0.8383921
0.8797431375322486,0.8543228
0.6224593312018546,0.6047643
0.6659669267518198,0.6008187
0.8807970779778823,0.8024776
3.244210573627843e-22,-0.006186853
0.834795129809386,0.8149667
0.8743521434846541,0.88975626
3.248181580750011e-07,-0.007742946
0.7005671424739718,0.70683986
0.7068222210935666,0.74165106
0.8234647252208842,0.8243848
0.613014176139334,0.6616843
0.5024999791668763,0.52461505
8.549313002072001e-10,0.0051082885
0.8786811621082635,0.8727563
1.522997951276035e-08,0.017532809
0.7576796390037049,0.7503635
0.6748052725823144,0.66392666
0.7841471891774864,0.7948257
0.6058736684317623,0.611818
9.830607445426703e-06,0.0038924776
0.49250056244937934,0.52794284
0.05572439792866552,0.060334213
0.020432187314052927,0.02116707
1.3403249192620134e-05,0.033780064
0.00024353653973175403,0.011130458
0.7251194977898229,0.7161934
0.18242552380635635,0.23338147
0.04697614567828331,0.13036022
0.6082590307465139,0.5799848
0.4975000208331237,0.5256538
0.18242552380635635,0.21128415
0.8481288363433406,0.81463104
0.03455623028627657,0.07793252
2.5200706903975777e-21,0.0025499978
0.007318532535646248,0.05422663
0.18242552380635635,0.17608644
0.877611113176951,0.86923236
0.7631450157268558,0.7755814
0.8205384805926726,0.8262644
0.8205384805926726,0.8232906
0.000417837513443384,0.016566198
0.4206757478512522,0.4376976
0.34298953732649995,0.4159948
2.7822663632748573e-09,-0.0061537875
0.49500016666000124,0.5280163
0.49000133312003297,0.54333556
0.7539887164489489,0.7711032
0.8828810091242192,0.8779718
0.2689414213699951,0.29651016
0.8084546514385321,0.8324399
0.00020753562274238022,0.024052205
0.8429045311145481,0.795556
0.0003353501304664781,0.017328111
0.8021838885585827,0.7975122
0.4551211076264183,0.47988155
0.8765329524347752,0.86960375
6.114608124631666e-08,-0.0024445928
0.8544576710630342,0.8594309
0.19000156601531254,0.24625511
0.7521291114395701,0.76846755
0.7558388990947962,0.79260117
0.7790261077798131,0.7748115
0.7667410642285424,0.76600885
0.7068222210935666,0.70229757
0.08317269649392194,0.14476967
0.09708864098649857,0.14573313
2.5674156016646554e-05,-0.00506379
0.36818758226389686,0.4114292
0.7941296281990518,0.7955034
0.7790261077798131,0.7695503
0.8021838885585827,0.7559904
0.014063627043245475,0.024588142
0.5349429451582146,0.54278404
0.6878313305828417,0.68255067
0.7685247834990181,0.79410064
1.0365013235523833e-10,0.028179342
0.8190612068478588,0.72126913
0.0927929531171569,0.09325119
0.03992533395281352,0.10408921
5.532726259987382e-08,0.00059434754
0.8786811621082635,0.875862
0.6921095043017887,0.6705567
0.6248064744684304,0.61717093
0.7807427479121276,0.78155166
0.39412633156823773,0.39227232
0.8145725807070183,0.8011272
0.7989910002494699,0.820928
0.39651675013527327,0.3269033
0.8249137318359597,0.8207153
0.6748052725823144,0.66010714
0.0090132986528478,0.08562902
0.5349429451582146,0.51926327
0.3543436937742059,0.3677476
0.7539887164489489,0.72444266
0.7502601055951165,0.724943
0.30153478399746053,0.32255858
0.8069013157667847,0.8151172
0.8005922431513316,0.7905304
0.41580947706459176,0.42960417
0.02931223075135632,0.037101284
0.5890404340586649,0.5173721
0.6878313305828417,0.7268751
0.8698915256370028,0.84785944
0.8743521434846541,0.8534124
0.8687555305614768,0.86508876
9.856140533296506e-07,0.0040055984
0.014774031693273017,0.0007781448
0.08317269649392194,0.072091915
0.785834983042558,0.7816245
3.917707417532781e-06,-0.0055069188
0.8190612068478588,0.8115338
0.05572439792866552,0.07516265
0.19000156601531254,0.29942748
0.00034212233476475876,-0.009086457
0.8593618742658662,0.84795356
0.6637386974043542,0.64953023
0.08317269649392194,0.109771125
0.8145725807070183,0.7840179
0.8205384805926726,0.81729764
2.0764936440483024e-08,0.035213705
0.8320183851339237,0.786636
0.6570104626735,0.64263594
0.34298953732649995,0.35419765
0.8220063142137537,0.80615497
0.8145725807070183,0.800429
0.3822521252307501,0.54620385
0.8234647252208842,0.8279023
0.8005922431513316,0.74260795
0.6547534606063193,0.63075274
0.05215356307841745,0.048085205
0.8721384336809189,0.8660988
0.8629487074245408,0.8591832
0.11304583007207875,0.12829638
0.679178699175393,0.7511322
0.122388886823049,0.13954559
0.8652969480479719,0.8197678
4.5753385601085397e-08,0.004285807
0.8263533529809953,0.8159676
0.8402380030563305,0.8442288
0.8569272765199198,0.8246973
0.7231218051243886,0.7174335
0.015673288066048556,0.07155285
0.8698915256370028,0.86321324
0.7790261077798131,0.7969466
0.8205384805926726,0.8382943
0.7576796390037049,0.7495876
0.8641271029909051,0.87141824
0.8617617268275057,0.7640258
0.877611113176951,0.8722298
0.8292045179776253,0.8287123
0.15187116365665942,0.21131231
3.1838632965886813e-07,0.002736565
0.06238585137999476,0.15177123
0.8220063142137537,0.8195578
0.7005671424739718,0.68457294
0.7891817065222517,0.76773274
8.67704173968597e-08,0.0015057513
0.8506870654691556,0.8064823
0.7521291114395701,0.73568714
0.734972599466518,0.74250793
0.6963549298238337,0.70163727
0.8698915256370028,0.8558525
0.8175744761936437,0.81066185
0.01098694263059318,0.037384342
4.5397868702434395e-05,0.004750228
0.8629487074245408,0.8395633
0.8629487074245408,0.7892111
0.8455347349164657,0.844684
0.4576020592256486,0.5344647
0.011206406321842827,0.026475819
0.3497814514261719,0.35034138
0.30153478399746053,0.27834627
0.7211151780228636,0.72535527
0.7720635494267836,0.76971626
0.0011237046415417005,-0.010085925
9.034233791084303e-12,0.0034835536
0.8754466418125839,0.8578554
0.7772998611746911,0.76055306
0.06723245058785032,0.066452205
0.8205384805926726,0.8229075
0.877611113176951,0.8475424
0.7824497764231128,0.74061143
0.4675456936126824,0.4256053
0.15446526508353434,0.15238425
0.8698915256370028,0.85426885
0.2911098274338799,0.30861
0.5224848247918009,0.50693905
0.6748052725823144,0.6605595
0.28699983724771905,0.32566395
0.07378164660246521,0.116382726
0.6899744811276118,0.59648633
0.06723245058785032,0.07939097
0.7150421057009901,0.6755861
0.8021838885585827,0.80834234
0.5914589784327812,0.57064444
0.32959884019113284,0.4048431
0.8807970779778823,0.86198914
0.45016600268752144,0.45387676
0.03522971920592141,0.03385345
3.7738483887358556e-07,-0.0012683158
0.6456563062257942,0.63828367
0.7330201492388586,0.68413556
0.5074994375506207,0.5204886
0.7891817065222517,0.7605238
0.09975048911968488,0.12181626
0.5024999791668763,0.5153925
0.6878313305828417,0.6692013
0.11920292202211755,0.09916967
0.023660578155461236,0.11043399
0.5768852611320469,0.4865342
0.8544576710630342,0.839141
0.8532096601986183,0.85500216
0.8402380030563305,0.8298614
0.0022378485212763456,0.028710786
0.6271477663131947,0.5609214
0.7973801535688703,0.75164396
0.0002248167702332941,-0.0006251498
0.8652969480479719,0.80191946
0.7790261077798131,0.77419233
2.41254141235564e-08,0.006050195
2.3412400397907074e-08,0.006086617
0.7539887164489489,0.74161243
0.8115326747861796,0.7964639
0.7445969158274747,0.72433937
0.7026606543447314,0.63923913
0.6524894621927435,0.6173813
0.019646769947688766,0.021348013
5.926638203594764e-23,0.008801476
0.017293156569905318,0.028629353
0.4427521454014434,0.3689314
0.7068222210935666,0.6983405
0.5817593768418359,0.59523565
0.8130573860319534,0.8019496
0.8442241598762522,0.8187674
0.08706577244027171,0.15761004
0.7613327148429098,0.74816114
0.027922573784073097,0.047485597
0.49250056244937934,0.44162288
5.544852472279511e-05,0.0024656034
0.0313709322481937,0.034451537
0.7369158958334204,0.7433317
8.354847530638588e-05,0.09959938
0.8743521434846541,0.8459841
1.354274430939477e-09,-0.0037672066
0.877611113176951,0.8743209
0.8743521434846541,0.85852027
0.6637386974043542,0.6022434
0.3497814514261719,0.39378402
0.8145725807070183,0.7754137
3.927862002670442e-07,0.0026982455
0.87324941987786,0.85685647
0.601087878848369,0.631998
0.019646769947688766,0.032117292
0.7539887164489489,0.7667768
0.8807970779778823,0.8725538
0.7685247834990181,0.7769754
0.8361696387766404,0.8285609
0.7426905453026863,0.7390385
0.026596993576866002,0.034884784
0.10247703344409721,0.13649562
0.7841471891774864,0.7727568
0.7631450157268558,0.76588964
0.5349429451582146,0.5753656
0.7841471891774864,0.78092206
0.4231147388679531,0.41959152
0.70889017256612,0.69707495
0.5572478545985566,0.54662925
0.6570104626735,0.67985594
1.916845229049157e-08,0.0010780814
0.06537533342557283,0.12717943
0.8593618742658662,0.86021113
0.49250056244937934,0.49173456
0.8629487074245408,0.81452864
0.7738185742694544,0.7753491
0.7649478037637659,0.76939094
0.8532096601986183,0.8358074
0.09534946489910949,0.103546545
0.7407748991821534,0.7466979
0.6813537337890266,0.69347924
0.43045377606077073,0.39706773
0.8698915256370028,0.8634526
0.4013123398875466,0.5158897
0.37989356765691107,0.39639488
0.7109495026250051,0.706149
0.866458277466788,0.8457922
0.8569272765199198,0.85658133
0.8021838885585827,0.809047
0.19000156601531254,0.19729336
0.8021838885585827,0.79980713
0.6681877721681667,0.67387354
0.0034019457029172404,-0.0007208764
0.7407748991821534,0.71893764
0.27687819487561144,0.32514673
0.3543436937742059,0.31843913
0.013386917827664815,0.042796202
0.033246308839473965,0.08969207
0.7941296281990518,0.7894035
0.6433651456944025,0.64163065
0.5274723043445936,0.48619923
6.482568251076496e-19,-0.0012173569
0.636452540281567,0.66617596
0.16110894957658448,0.2101753
0.8797431375322486,0.88190985
0.6921095043017887,0.66627276
0.87324941987786,0.8555586
0.734972599466518,0.74131554
6.208075405549582e-10,0.0019497748
0.846836284234913,0.8416684
0.2994328575260283,0.30445457
0.6502185485738281,0.6664002
0.33181222783183323,0.3766734
0.2994328575260283,0.30569467
0.867611126457934,0.80942124
0.2441611009052038,0.26555595
0.5249791874789386,0.45837566
0.8234647252208842,0.80096644
0.8053384164084224,0.7631301
7.263434786073415e-05,-0.0069306404
0.87324941987786,0.87425566
0.8021838885585827,0.80852675
0.8442241598762522,0.8140599
0.8005922431513316,0.7782315
0.3230041437614781,0.28651106
0.7685247834990181,0.7803094
0.8320183851339237,0.83567744
0.0008081131760561683,0.0009269393
0.7330201492388586,0.7083254
0.7521291114395701,0.68995684
0.8099984339846875,0.7872533
5.465392954465425e-11,0.040782154
0.0313709322481937,0.05427909
0.027652422322823073,0.03305996
0.0010373997487693888,0.018306134
0.03489140853173707,0.04406349
0.07516010948212626,0.12365088
0.5,0.5158503
0.5914589784327812,0.5641424
0.006368515506815564,0.015647337
0.4725276956554064,0.5155423
0.36123682485115965,0.39569288
0.14554232893696575,0.13915151
0.6433651456944025,0.62881315
0.7109495026250051,0.6862945
0.4850044983805893,0.5122265
0.8053384164084224,0.77890915
0.7464939833376619,0.73572767
0.1493129345308444,0.17276588
0.8605661270383491,0.8634363
0.866458277466788,0.84976345
0.8021838885585827,0.80426985
0.8190612068478588,0.7922282
0.7150421057009901,0.74076664
0.7941296281990518,0.8030025
0.6769958562385219,0.6812376
0.6748052725823144,0.6070625
0.16110894957658448,0.18052955
0.679178699175393,0.682198
0.6984652160025395,0.6818485
0.1707954820223747,0.18394144
4.0881610263874635e-07,-0.0006218855
0.785834983042558,0.79134226
0.8306161030659818,0.8354431
0.7026606543447314,0.6503439
0.5744425168116583,0.5241687
0.2026198464311297,0.22387215
0.5199893401555813,0.5118112
0.13823827317249424,0.17362805
0.8292045179776253,0.79583603
0.8115326747861796,0.7806247
0.877611113176951,0.8676023
0.320821300824607,0.34961057
0.5124973964842097,0.52365714
0.19781611144141736,0.23295465
0.1443031340905186,0.18045531
0.6659669267518198,0.6796336
0.717075285492974,0.68915606
0.36354745971843316,0.37128156
0.5199893401555813,0.5259268
0.7790261077798131,0.75848466
0.2788848219771363,0.27190992
0.8320183851339237,0.8236368
0.41095956594133504,0.44388944
3.1068402375424913e-13,0.0017262148
0.14804719803168948,0.1845396
0.165204870190614,0.19446944
0.0008495108269350696,-0.014135302
0.8277836082661212,0.7962463
0.8234647252208842,0.798103
0.8605661270383491,0.83569634
0.8175744761936437,0.8291287
0.8130573860319534,0.81936777
0.5448788923735818,0.53372014
0.060086650174007626,0.100776955
0.8175744761936437,0.8203276
5.544852472279511e-05,0.004316484
0.6524894621927435,0.65492415
0.8220063142137537,0.78293794
0.7310585786300049,0.67927265
0.7649478037637659,0.7664908
0.858148935099512,0.8546159
0.6637386974043542,0.67603505
0.5448788923735818,0.55848825
0.8175744761936437,0.7978203
0.7667410642285424,0.7578167
0.61774787476925,0.6692521
0.8754466418125839,0.81187254
0.35663485430559744,0.33720726
0.5572478545985566,0.5629624
2.7750831652298687e-08,0.0046053347
0.009853755523231271,0.042500854
4.749765155997546e-07,0.0012508585
0.23147521650098185,0.26212037
7.104161029762244e-08,0.0131785
0.8786811621082635,0.8783551
0.03017798148587597,0.08226891
0.08317269649392194,0.07127041
0.8234647252208842,0.82372564
0.3751935255315695,0.37466544
0.1765352747791158,0.18920533
0.8145725807070183,0.79167706
0.2441611009052038,0.25602952
0.3658644089891999,0.3597007
0.004152018563600628,0.01255938
0.6456563062257942,0.6085873
0.5744425168116583,0.59399396
0.09534946489910949,0.21118908
0.03557118927263627,0.033319265
0.3407396115486153,0.34438372
0.7807427479121276,0.7265246
0.03229546469845033,0.023419136
0.00013234050820171207,0.033241574
0.8306161030659818,0.78774595
1.4632803483104657e-08,0.019135479
0.8306161030659818,0.82390976
0.8145725807070183,0.8305964
0.8617617268275057,0.8556103
0.7068222210935666,0.69626576
0.29733934565526865,0.30161682
0.8099984339846875,0.7811623
0.03167622837905635,0.09149208
0.4725276956554064,0.5007405
0.8375349374193041,0.8382209
0.7973801535688703,0.78221965
0.8721384336809189,0.8538001
0.31002551887238816,0.3881583
0.08548913943480618,0.10098125
0.8053384164084224,0.76242876
0.7973801535688703,0.7763196
0.09112296101485638,0.084384225
0.23325893577145765,0.20268531
3.466917371199144e-09,0.0013308863
0.6748052725823144,0.6802889
0.734972599466518,0.7250257
0.7521291114395701,0.7524264
0.022313438699032212,0.09955446
0.2890504973749949,0.2597108
0.8786811621082635,0.8529304
0.18694261396804654,0.15980238
0.6835208937363147,0.68031895
0.6835208937363147,0.7066479
0.6410674063348167,0.58147657
0.7720635494267836,0.78347814
0.03455623028627657,0.051841207
0.7755640142690725,0.7700773
0.017636340339722747,0.05502473
0.7957596977159082,0.7529038
0.0036842398994360085,0.012188586
0.6963549298238337,0.6890184
0.8807970779778823,0.8837727
0.7973801535688703,0.7983228
0.61774787476925,0.6260352
0.7595109169491121,0.7063722
0.7957596977159082,0.8005223
0.033895164159178336,0.021170652
0.19309868423321538,0.19705555
0.8220063142137537,0.8067891
0.2748805022101771,0.28799513
0.40371730070321205,0.3196693
0.7047456979980921,0.72407395
0.0007610881457851551,0.024229003
0.7957596977159082,0.8011623
0.8786811621082635,0.87053776
0.45016600268752144,0.49827722
0.8320183851339237,0.82817
0.8402380030563305,0.8124805
2.659386308324929e-07,0.0046874927
0.08091346721546484,0.14650732
0.055200537782934114,0.11077273
0.877611113176951,0.8758051
0.5049998333399986,0.41769707
1.6177254443133118e-12,0.0036634272
0.8532096601986183,0.86717945
0.8544576710630342,0.8175451
0.7369158958334204,0.75631136
0.6153837563911818,0.52613807
0.0001185567790778756,0.0072229872
0.8320183851339237,0.8315876
0.5349429451582146,0.5485149
0.8807970779778823,0.86501324
0.8687555305614768,0.85471714
0.7941296281990518,0.7705712
0.8710191478537639,0.83815235
0.018706509954354716,0.013538454
0.8605661270383491,0.863105
0.6479408020806501,0.6686643
0.867611126457934,0.85237664
0.8099984339846875,0.8149039
0.00183293894249281,0.031468
0.7483817216070648,0.7456999
0.5074994375506207,0.41737926
0.7957596977159082,0.77019525
0.4850044983805893,0.4760273
0.27091207765069447,0.32343465
0.8721384336809189,0.8634275
0.7464939833376619,0.72866523
0.34524653939368066,0.38023832
7.1225501599122865e-09,0.0065462
0.6034832498647267,0.560513
0.7807427479121276,0.78110576
0.8306161030659818,0.7993099
0.07109430408428762,0.09480926
0.36354745971843316,0.30286554
0.4427521454014434,0.47502992
0.8532096601986183,0.8621809
0.18242552380635635,0.21411727
0.320821300824607,0.35911843
0.8797431375322486,0.86365825
0.5670929049654533,0.5368126
0.4551211076264183,0.45691147
0.015673288066048556,0.11578056
0.8786811621082635,0.8217257
0.8807970779778823,0.86778015
1.198848470195356e-16,-0.0014664322
0.4675456936126824,0.46813256
0.012370414740162481,-4.784963e-05
0.19466158359157762,0.26951772
0.0439398153961414,0.058854803
0.8544576710630342,0.83622515
2.8330715824749864e-16,0.0067505008
0.7426905453026863,0.7416594
0.8160782725804949,0.8089561
0.8556968659094814,0.83359915
0.7702989490466008,0.7763891
0.8710191478537639,0.8553501
0.7720635494267836,0.7606139
0.792489941440365,0.7985277
0.018342890697743214,0.032135922
9.610241549947396e-05,0.018784335
0.24232036099629506,0.28084427
0.06849760372432612,0.059046995
0.8037659436342204,0.8066064
0.8053384164084224,0.7273495
0.8786811621082635,0.87073696
0.8037659436342204,0.782624
0.7426905453026863,0.7559206
0.18093879315214126,0.18460342
0.867611126457934,0.86782694
0.011891131644386972,0.019685853
0.8130573860319534,0.80327797
0.7483817216070648,0.7419248
0.34524653939368066,0.3396325
0.048799722998800046,0.0683175
0.8021838885585827,0.79145914
0.8220063142137537,0.79233426
0.39412633156823773,0.3752874
0.877611113176951,0.87590665
0.8629487074245408,0.79327023
0.6835208937363147,0.6611958
0.8442241598762522,0.8327327
0.6921095043017887,0.6286132
0.38698582386066604,0.4049138
0.5866175789173287,0.68715954
0.6153837563911818,0.6069182
0.7464939833376619,0.7846522
0.792489941440365,0.7765436
1.2911189775612255e-06,0.049810413
0.8617617268275057,0.80435795
0.09112296101485638,0.11482907
0.7502601055951165,0.6622907
0.8556968659094814,0.7741422
0.20587037180094828,0.35853222
0.4600851154444352,0.3598382
0.734972599466518,0.36777648
0.8687555305614768,0.8549509
0.7875131558774613,0.7461505
0.7558388990947962,0.72911686
0.2890504973749949,0.6847197
0.8205384805926726,0.7657597
0.45264238185691125,0.31499824
0.8205384805926726,0.8153742
0.8605661270383491,0.7195914
0.07378164660246521,0.25313693
0.3036450701761662,0.68608093
0.37989356765691107,0.09625183
0.8388910504234155,0.83542883
0.0066928509242848554,0.008670804
0.08091346721546484,0.110200636
0.8519528019683106,0.84851736
0.6106392339492227,0.4800639
0.8429045311145481,0.7833106
0.7251194977898229,0.6014081
0.006368515506815564,0.20483531
0.8442241598762522,0.6581977
0.7445969158274747,0.7769186
0.18846732521382042,0.26967144
0.8593618742658662,0.755901
0.61774787476925,0.55298
0.7026606543447314,0.20885296
0.048799722998800046,0.09102235
0.867611126457934,0.80252063
0.792489941440365,0.7986708
0.31216866941715826,0.36208746
0.0004220350780000814,0.0061742757
0.7026606543447314,0.7122983
0.7841471891774864,0.7789669
0.6294831119673951,0.6779303
0.6921095043017887,0.6209725
0.858148935099512,0.83936346
0.8593618742658662,0.73850375
0.08317269649392194,0.05818837
1.12535162055095e-07,0.029074483
0.8494124202541565,0.7642555
0.8698915256370028,0.88022566
0.462570154656249,0.45025858
0.8698915256370028,0.8419284
0.8021838885585827,0.24102543
0.867611126457934,0.5482268
0.8084546514385321,0.830433
0.15446526508353434,0.08149531
0.15058757974584341,0.3203992
0.8641271029909051,0.40355307
0.6921095043017887,0.6304763
0.8130573860319534,0.85107315
0.26697985076114145,0.49088272
0.027652422322823073,0.21933241
0.3751935255315695,0.6436573
0.4206757478512522,0.535472
0.8249137318359597,0.8247066
0.3407396115486153,0.36426547
0.6387631751488403,0.6656793
0.19000156601531254,0.13957581
0.15187116365665942,0.628341
0.785834983042558,0.41329756
0.6769958562385219,0.6954723
0.8455347349164657,0.8341453
0.014485723997466907,0.022822862
0.010771730045141661,0.5245194
0.7685247834990181,0.7423551
0.7720635494267836,0.73362905
0.7685247834990181,0.71526796
0.70889017256612,0.71388346
0.8388910504234155,0.7314857
5.559482333634526e-06,-0.00055852707
0.6341355910108,0.68106985
0.6433651456944025,0.74981177
0.8544576710630342,0.8225032
0.7369158958334204,0.75062454
0.055200537782934114,0.2074605
2.097362751682481e-08,-0.05576682
0.0772722021366596,0.31188175
0.4013123398875466,0.6064474
0.11608892206899474,0.28831944
5.056531092650458e-08,-0.010544492
2.2720459411519428e-08,0.09958118
0.49500016666000124,0.40689465
5.395175685985469e-06,0.39903742
0.7576796390037049,0.72561985
0.785834983042558,0.7020878
0.28699983724771905,0.56686306
0.5719961329315202,0.57193786
0.5423979407743514,0.30907452
0.8388910504234155,0.80441445
0.717075285492974,0.7656314
0.734972599466518,0.6584542
0.7426905453026863,0.79127693
0.8220063142137537,0.81350416
0.7807427479121276,0.73927957
0.5249791874789386,0.6050738
0.0020868718589551975,0.005574728
0.019840305734077395,0.1557089
0.7310585786300049,0.5865504
0.030472033264644347,0.30829522
0.7231218051243886,0.7145622
0.4013123398875466,0.69408184
0.02145728971760366,0.48332807
0.8263533529809953,0.887422
0.8334113864245403,0.81524736
0.0003222051005313416,0.08778873
0.8710191478537639,0.7493066
0.14804719803168948,0.15274942
0.636452540281567,0.75151074
0.6387631751488403,0.65190744
0.12455335818741611,0.3482711
0.006305547287335847,0.10362096
0.0772722021366596,0.25515464
0.877611113176951,0.8680229
6.378045372581022e-05,0.010810544
0.053151136398063945,0.25064522
0.8160782725804949,0.6411459
0.8375349374193041,0.817858
1.7171753916912094e-08,0.00092429103
0.717075285492974,0.6184851
0.8797431375322486,0.8367874
0.8544576710630342,0.56016725
0.834795129809386,0.8241232
0.8743521434846541,0.88903284
0.6899744811276118,0.68119407
0.019840305734077395,0.15518819
0.87324941987786,0.45584357
0.8160782725804949,0.49399975
0.118156977809269,0.6618718
0.0011463789579035386,-0.049210325
0.8175744761936437,0.83926463
0.8084546514385321,0.7885109
0.858148935099512,0.75871843
0.5986876601124533,0.54640627
0.5523079095743237,0.5184311
0.014485723997466907,0.022329787
0.8698915256370028,0.87088
0.8021838885585827,0.81569827
0.8442241598762522,0.7964657
0.7772998611746911,0.66202104
0.7824497764231128,0.60720587
0.7539887164489489,0.73296076
1.832184051097442e-06,0.012026329
0.8797431375322486,0.78761315
0.8053384164084224,0.74502075
0.0243635943152779,0.11300802
0.7271082163411303,0.6833252
0.858148935099512,0.6878152
0.8710191478537639,0.7302299
0.2404890830508879,0.07612266
0.785834983042558,0.69089794
0.866458277466788,0.72698706
0.7702989490466008,0.75938624
0.09621554171069328,0.50301653
0.8021838885585827,0.7231845
0.06913842034334719,0.054949205
0.029029035836340623,0.034511186
0.20587037180094828,0.27674562
0.3543436937742059,0.32084382
0.601087878848369,0.5935616
7.930219101023881e-08,0.06803074
0.43782349911420193,0.39020965
0.7738185742694544,0.76810527
0.7109495026250051,0.49571013
0.6813537337890266,0.7450231
0.8710191478537639,0.7855686
0.8234647252208842,0.34652165
0.19000156601531254,0.441199
0.8130573860319534,0.77755004
0.07378164660246521,0.20273407
0.018706509954354716,0.12738346
7.413226944007619e-09,0.0026758455
0.4061268970658584,0.31348953
4.894416969413445e-07,0.00021160739
0.18694261396804654,0.344704
0.8481288363433406,0.85678107
0.004541256245830871,0.013561874
0.0016588010801744124,0.04203004
0.834795129809386,0.7468238
0.7738185742694544,0.744556
0.5695462239392294,0.5044529
0.6835208937363147,0.5827255
0.0031100548970305294,0.09941101
0.6034832498647267,0.5264717
0.8084546514385321,0.82371867
0.41580947706459176,0.53298134
0.007845023030455606,0.027666267
0.7738185742694544,0.5049221
0.7558388990947962,0.74349874
0.87324941987786,0.8507066
0.003436018347753847,0.64671046
0.25350601666233813,0.69927305
0.43290709503454666,0.30047163
0.35663485430559744,0.30631697
0.002731960763011045,0.055617668
0.33181222783183323,0.31281367
0.8084546514385321,0.8025963
0.8130573860319534,0.22609748
0.8084546514385321,0.79630053
0.8519528019683106,0.82355803
0.13823827317249424,0.34272143
3.571157427955269e-05,0.018037673
0.00013912480715655865,0.07898856
0.7667410642285424,0.80359274
0.4576020592256486,0.56087255
0.18242552380635635,0.7179293
0.6547534606063193,0.5527521
0.8190612068478588,0.74273187
0.7613327148429098,0.67642564
0.2728917836588697,0.4132269
0.2441611009052038,0.25138584
0.7841471891774864,0.5464244
0.3775406687981454,0.3331757
0.13354172253321195,0.26848182
0.39651675013527327,0.39985478
0.0018513261812060258,0.07457608
0.7807427479121276,0.4326467
0.06065390331565241,0.20414327
0.7576796390037049,0.87874717
0.7790261077798131,0.7258464
0.7290879223493054,0.4054355
0.0002664653075673985,0.122359246
0.8402380030563305,0.8136257
0.7667410642285424,0.56450176
3.5369537476117243e-09,-0.000591152
0.867611126457934,0.75329834
0.6748052725823144,0.7993727
0.717075285492974,0.79950285
0.713000162752281,0.7412
0.5547792351072145,0.42356944
0.7251194977898229,0.7352772
0.2010089997505301,0.20995
2.0248761396565054e-06,0.004594685
0.7445969158274747,0.6891999
0.19781611144141736,0.1536368
0.7502601055951165,0.6747427
0.713000162752281,0.7414565
0.023430667673670226,0.23214641
0.7407748991821534,0.7742137
0.7330201492388586,0.47332022
0.6106392339492227,0.50669086
0.21081829347774825,0.14174397
0.7738185742694544,0.7716189
0.016956535510200734,0.0064736805
0.35663485430559744,0.62540656
0.26502740053348195,0.07039464
0.5744425168116583,0.67952335
0.38936076605077735,0.7958819
0.613014176139334,0.5444322
0.3384968407970472,0.3448245
0.8687555305614768,0.83937657
0.4551211076264183,0.37078717
0.1765352747791158,0.2187784
0.012248834737596501,0.38180834
0.01816369102843261,0.18602356
0.8698915256370028,0.8404451
0.8698915256370028,0.8301696
0.5324543063873176,0.6944636
0.39651675013527327,0.5096934
0.0573241758988689,0.20523448
2.4000946110957212e-06,0.09597494
0.8021838885585827,0.823366
0.003141213284829411,0.014293524
0.6318124177361031,0.6801027
0.6899744811276118,0.5768473
0.8506870654691556,0.84350824
0.7891817065222517,0.61899763
0.7271082163411303,0.5279086
0.44028635073280836,0.37570077
0.061226162819907774,0.10478462
0.40854102156721883,0.5942227
0.5744425168116583,0.32551932
0.785834983042558,0.80317086
0.7941296281990518,0.70904344
2.0611536181902037e-09,0.03679898
0.4476920904256762,0.4501606
0.7685247834990181,0.65168417
0.8721384336809189,0.7899414
0.03916572279676425,0.38646206
0.4850044983805893,0.36630857
3.097764471049786e-08,0.06814338
0.05896701346479198,0.25856692
0.834795129809386,0.7866983
0.0031100548970305294,0.17738637
0.7720635494267836,0.765964
1.1596236757143962e-07,-0.0007102291
0.19000156601531254,0.3243838
0.8099984339846875,0.7715015
0.7576796390037049,0.5319245
0.7521291114395701,0.7282406
0.877611113176951,0.88041615
0.8190612068478588,0.8179264
0.866458277466788,0.8476655
0.6570104626735,0.6370436
0.04436182758915666,0.047085453
0.7941296281990518,0.8238137
0.0010583344344660206,0.4463723
0.8629487074245408,0.7144399
0.8361696387766404,0.8354727
0.8743521434846541,0.7728469
0.867611126457934,0.86024594
0.03696920929667686,0.2871319
0.6659669267518198,0.633682
0.0225326394564474,0.09954372
0.6637386974043542,0.71964
0.20587037180094828,0.2553107
0.07378164660246521,0.22493057
0.7957596977159082,0.8157112
0.4427521454014434,0.578264
1.5190657368128522e-07,0.005243568
0.6615031592029529,0.6836404
0.601087878848369,0.24146143
0.636452540281567,0.75897306
0.8160782725804949,0.80424416
0.7702989490466008,0.6454798
0.6201064323430889,0.45606712
0.8415758211550444,0.7778504
0.7807427479121276,0.7513647
0.054166700481236105,0.0902089
0.8442241598762522,0.5889061
0.877611113176951,0.5513076
0.8334113864245403,0.8099921
0.5374298453437509,0.32509834
0.8698915256370028,0.7534482
0.0016260080266778131,0.008186713
0.09975048911968488,0.4623249
0.23147521650098185,0.544113
0.6921095043017887,0.77694666
0.17946151940732738,0.39144683
0.7720635494267836,0.7806158
0.38698582386066604,0.32924452
1.522997951276035e-08,0.0022521508
0.8249137318359597,0.39714503
0.048799722998800046,0.23706938
0.7824497764231128,0.7776318
2.4629541116989553e-16,0.0013838926
0.36123682485115965,0.35297537
0.7150421057009901,0.74629277
0.8429045311145481,0.66422224
0.8021838885585827,0.8085335
0.7667410642285424,0.7568054
0.8053384164084224,0.72158
0.6637386974043542,0.3181504
0.8320183851339237,0.7626753
0.14185106490048813,0.40118465
0.792489941440365,0.805139
0.4650570548417854,0.46257433
0.8388910504234155,0.34129977
0.3497814514261719,0.43376875
0.003647714820774928,0.01238973
0.5274723043445936,0.59089524
0.717075285492974,0.7076723
0.8175744761936437,0.77594227
0.6058736684317623,0.49134248
0.00011277534880925952,0.057072747
0.18242552380635635,0.46340618
0.6224593312018546,0.63824457
0.0057089207770233625,0.28139052
0.8429045311145481,0.76381487
0.041091278200464786,0.0910776
0.5124973964842097,0.66693246
0.8519528019683106,0.80296975
6.364150000199772e-08,0.0012296614
0.87324941987786,0.85910636
0.25540308417252533,0.25079116
0.8743521434846541,0.7620979
0.61774787476925,0.7538737
0.12131883789173645,0.21714365
0.6748052725823144,0.15509176
0.8005922431513316,0.84007496
0.09449036895015886,0.09691818
0.8721384336809189,0.84316903
0.7576796390037049,0.75697285
3.8281536216509693e-28,-0.008196115
0.8069013157667847,0.74140346
0.295254302001908,0.30174217
5.839395754846057e-25,0.6107009
0.8115326747861796,0.8103658
1.2848997902992846e-08,0.049810126
0.14554232893696575,0.7199558
0.7047456979980921,0.7388832
0.30576365989197096,0.18663341
8.467127406078666e-14,0.19525336
0.6547534606063193,0.6719169
0.33181222783183323,0.33632553
0.7649478037637659,0.7418078
0.858148935099512,0.8708432
0.7649478037637659,0.7425024
0.8220063142137537,0.8337213
0.7875131558774613,0.36562422
0.37989356765691107,0.5827604
0.033895164159178336,0.37898937
0.6835208937363147,0.5883462
0.8652969480479719,0.80871004
0.8786811621082635,0.76581943
0.33181222783183323,0.33280498
0.8786811621082635,0.8731575
0.29733934565526865,0.31223625
4.5753385601085397e-08,0.043870088
0.001778863773785977,0.3756748
0.8190612068478588,0.79446733
0.3543436937742059,0.43124253
0.16798161486607632,0.33024263
0.45264238185691125,0.47560543
0.06978478287657987,0.0863685
0.019840305734077395,0.5275411
0.8698915256370028,0.7975904
0.5866175789173287,0.2502993
0.8786811621082635,0.86516285
0.8005922431513316,0.74677914
0.09112296101485638,0.118753515
0.5124973964842097,0.38180196
0.8053384164084224,0.7185499
3.7362979838924896e-07,0.39853674
0.026596993576866002,0.032117292
0.016790648086813936,0.8283478
0.10156092789763603,0.079953074
0.10433122311900077,0.24735558
0.001399835126878408,0.025244756
0.7685247834990181,0.7535558
0.016142905374705217,0.013683504
0.2890504973749949,0.06777492
0.08948005933356198,0.377108
0.23147521650098185,0.36652383
0.008924415208431376,0.030396217
0.8807970779778823,0.72274786
0.8069013157667847,0.7340636
2.666270600823518e-08,-0.0062492033
0.5224848247918009,0.4263069
0.11007257436250269,0.28716543
0.7464939833376619,0.69871056
1.0368541797113971e-14,0.039312206
0.4231147388679531,0.4205229
0.5274723043445936,0.6381286
7.13850534806851e-06,0.0015042751
4.834853987872276e-10,0.06697864
0.5695462239392294,0.64334106
0.07175754226375118,0.14626333
0.8190612068478588,0.7689964
0.834795129809386,0.54333025
0.8005922431513316,0.7971495
0.858148935099512,0.8437262
0.5938731029341416,0.47671235
0.0008081131760561683,0.062443763
0.509998666879967,0.6959394
3.2819443056998384e-11,0.24620661
0.26502740053348195,0.4364453
0.6615031592029529,0.6957734
0.022753943462803877,0.06558044
0.36354745971843316,0.42796445
0.7772998611746911,0.755469
0.8115326747861796,0.4535459
0.5,0.31999758
0.8320183851339237,0.82833165
0.877611113176951,0.74962544
0.014920297792294238,0.44795147
0.7755640142690725,0.81609344
0.295254302001908,0.37834796
1.0570790602109305e-06,0.02143603
4.244000395554109e-06,0.00067667314
0.19466158359157762,0.18420418
0.0006421797005859894,0.19917211
0.8292045179776253,0.8295185
0.4975000208331237,0.56406504
0.8698915256370028,0.6199105
0.6637386974043542,0.46045426
0.1570954688854518,0.38685107
0.713000162752281,0.7201058
0.8263533529809953,0.819838
0.8402380030563305,0.69905275
0.6681877721681667,0.7930324
0.7891817065222517,0.7640619
0.8786811621082635,0.88019854
0.8807970779778823,0.78004265
0.6615031592029529,0.689672
0.5572478545985566,0.48715773
0.8084546514385321,0.75501376
0.7908406347869364,0.74949765
0.7047456979980921,0.34853378
0.6082590307465139,0.7370172
0.49250056244937934,0.47821185
0.8021838885585827,0.73796296
0.38461624360881813,0.39307106
0.2994328575260283,0.30633104
0.30153478399746053,0.32734695
2.060409729131574e-05,0.014014838
0.118156977809269,0.2701652
0.05021127319026664,0.08169201
0.8765329524347752,0.85597736
0.0225326394564474,0.19266723
0.7595109169491121,0.8166695
0.7755640142690725,0.6504978
0.5399148845555648,0.54400516
0.29733934565526865,0.6865047
0.7539887164489489,0.67439264
0.33181222783183323,0.3539233
0.6271477663131947,0.36700743
0.8807970779778823,0.68024135
0.010878810017073868,0.08718794
0.7231218051243886,0.65943056
1.0625596201524036e-08,0.09664096
0.8375349374193041,0.82699245
0.867611126457934,0.69428945
0.7231218051243886,0.41449052
0.5914589784327812,0.637472
0.8429045311145481,0.7173732
0.12025686246775137,0.015272286
0.8556968659094814,0.87864375
0.295254302001908,0.5057802
0.8721384336809189,0.6819359
0.6984652160025395,0.71060646
0.004070137715896128,0.12968253
0.7539887164489489,0.75829405
0.38461624360881813,0.6226431
0.44028635073280836,0.4951567
0.30576365989197096,0.33358565
0.8765329524347752,0.846267
0.8388910504234155,0.81717896
0.4975000208331237,0.35959473
0.8220063142137537,0.8152137
0.8641271029909051,0.84064984
0.7426905453026863,0.5479971
0.0074652730028476845,0.063541256
0.5597136492671917,0.63211745
0.45264238185691125,0.49672222
0.15446526508353434,0.13922112
0.6502185485738281,0.66775936
0.028470587690097214,-0.013655015
0.8544576710630342,0.70048213
0.8069013157667847,0.4971427
0.3497814514261719,0.42045376
0.013653659097350874,0.019786462
0.877611113176951,0.8763081
0.8021838885585827,0.49928778
0.02583123852466417,0.36860904
0.0010373997487693888,0.012690377
0.24973989440488345,0.21491694
2.619279478728399e-05,0.052840378
0.8415758211550444,0.82709706
0.3728522336868053,0.39372572
0.7685247834990181,0.7685189
0.8754466418125839,0.8421879
0.8754466418125839,0.8534999
0.8754466418125839,0.7417461
1.1112766023555672e-06,-0.0076042186
0.5646362918030304,0.3460386
0.0012923497762873312,0.011207744
0.8005922431513316,0.80822664
0.8306161030659818,0.79931295
0.8698915256370028,0.68996614
0.834795129809386,0.7956708
0.8402380030563305,0.7016663
0.6271477663131947,0.7004742
0.866458277466788,0.66326874
0.5349429451582146,0.55609363
0.4600851154444352,0.7339934
0.87324941987786,0.8669193
0.7807427479121276,0.46581283
0.058414555542396183,0.2770592
1.8005559366349283e-07,0.024950763
0.8786811621082635,0.6875143
0.10247703344409721,0.38976046
0.785834983042558,0.84793067
0.3036450701761662,0.4721763
0.165204870190614,0.41726223
0.8698915256370028,0.8115273
0.7150421057009901,0.62994
1.4595023260012372e-07,0.024795655
0.613014176139334,0.5698979
0.8021838885585827,0.8248385
0.8021838885585827,0.824195
0.5547792351072145,0.53692317
0.8292045179776253,0.77700335
0.050690324931250336,0.44559678
0.038419985501565425,0.16591212
0.8556968659094814,0.70885795
0.00019545205117464315,0.048826184
0.09975048911968488,0.15947777
0.877611113176951,0.84541625
0.7790261077798131,0.8682928
0.8797431375322486,0.79440445
0.5049998333399986,0.13849278
0.8786811621082635,0.82686424
0.866458277466788,0.85528207
0.7957596977159082,0.7088955
0.004586687291704039,0.23995528
0.23147521650098185,0.42481825
0.6456563062257942,0.6098914
0.8786811621082635,0.83682287
0.8721384336809189,0.8796435
0.8320183851339237,0.76775706
3.2638021727162145e-05,0.06725778
